amount,payment_method,bank,gateway,bank_status,gateway_status,auth_status,capture_status,merchant_order_status,merchant_fulfillment_status,webhook_status,webhook_http_code,webhook_attempt_count,settlement_status,refund_status,bank_reversal_status,bank_latency_ms,gateway_latency_ms,transaction_age_seconds,time_of_day_hour,retry_count,amount_deviation_score,historical_merchant_failure_rate,is_amount_matched,is_duplicate_candidate,target_incident_class
389.77,DEBIT_CARD,PNB,STRIPE,SUCCESS,SUCCESS,AUTHORIZED,CAPTURED,CANCELLED,CANCELLED,DELIVERED,200,1,ON_HOLD,PROCESSED,NONE,293012,294789,36609,1,0,-0.6457,0.0428,1,0,ORDER_PAYMENT_CONFLICT
5599.69,CREDIT_CARD,HDFC,BILLDESK,SUCCESS,SUCCESS,AUTHORIZED,CAPTURED,PAID,DELIVERED,DELIVERED,200,1,ON_HOLD,NONE,AWAITING_ACK,350,519,156864,20,1,1.9472,0.0411,1,1,DUPLICATE_PAYMENT
1778.38,CREDIT_CARD,ICICI,RAZORPAY,SUCCESS,SUCCESS,AUTHORIZED,CAPTURED,PAID,DELIVERED,DELIVERED,200,1,SETTLED,NONE,NONE,249,480,156051,0,0,-0.6295,0.0603,1,0,NORMAL
8488.29,UPI,SBI,BILLDESK,SUCCESS,SUCCESS,AUTHORIZED,CAPTURED,PAID,DELIVERED,DELIVERED,200,1,SETTLED,NONE,NONE,642,801,173517,6,0,1.4252,0.0443,1,0,NORMAL
2029.97,NET_BANKING,AXIS,CASHFREE,SUCCESS,SUCCESS,AUTHORIZED,CAPTURED,PAID,DELIVERED,DELIVERED,200,3,SETTLED,NONE,NONE,614,913,247019,17,0,1.8194,0.0327,1,0,NORMAL
904.08,CREDIT_CARD,SBI,PAYU,SUCCESS,SUCCESS,AUTHORIZED,CAPTURED,PAID,PROCESSING,DELIVERED,200,1,PENDING,NONE,NONE,407,577,23439,20,0,-0.5242,0.0545,1,0,NORMAL
1736.05,UPI,AXIS,PAYU,SUCCESS,SUCCESS,AUTHORIZED,CAPTURED,PAID,DELIVERED,DELIVERED,200,1,DISCREPANCY,NONE,NONE,550,738,55707,20,0,0.6268,0.0475,1,0,SETTLEMENT_MISMATCH
1284.55,UPI,HDFC,BILLDESK,SUCCESS,SUCCESS,AUTHORIZED,CAPTURED,PAID,DELIVERED,DELIVERED,200,1,SETTLED,NONE,NONE,1594,2471,221380,6,0,0.7841,0.0266,1,0,NORMAL
462.17,WALLET,PNB,RAZORPAY,SUCCESS,TIMED_OUT,TIMEOUT,FAILED,CANCELLED,CANCELLED,NONE,504,1,ON_HOLD,INITIATED,NOT_INITIATED,467,69409,245526,16,0,0.1004,0.0385,1,0,BANK_DEBIT_GATEWAY_FAILURE
1454.47,NET_BANKING,ICICI,PAYU,SUCCESS,SUCCESS,AUTHORIZED,CAPTURED,PENDING_PAYMENT,UNFULFILLED,DROPPED,404,3,ON_HOLD,NONE,NONE,428,428,29731,13,0,-0.4805,0.0237,1,0,MISSING_WEBHOOK
2110.54,CREDIT_CARD,ICICI,RAZORPAY,SUCCESS,SUCCESS,AUTHORIZED,CAPTURED,PAID,PROCESSING,DELIVERED,200,1,PENDING,NONE,NONE,617,798,3020,5,0,-0.2462,0.0285,1,0,NORMAL
257.2,UPI,PNB,BILLDESK,SUCCESS,SUCCESS,AUTHORIZED,CAPTURED,PAID,PROCESSING,DELIVERED,200,1,PENDING,NONE,NONE,324,464,75873,19,0,-0.4642,0.0492,1,0,NORMAL
925.8,DEBIT_CARD,ICICI,RAZORPAY,SUCCESS,SUCCESS,AUTHORIZED,CAPTURED,PAID,PROCESSING,DELIVERED,200,1,PENDING,NONE,NONE,4409,5260,49947,22,0,0.2858,0.0352,1,0,NORMAL
205.74,CREDIT_CARD,ICICI,PAYU,SUCCESS,SUCCESS,AUTHORIZED,CAPTURED,PAID,DELIVERED,DELIVERED,200,1,SETTLED,NONE,NONE,365,636,255759,18,0,-0.5101,0.0446,1,0,NORMAL
922.67,UPI,HDFC,CASHFREE,SUCCESS,SUCCESS,AUTHORIZED,CAPTURED,EXPIRED,UNFULFILLED,TIMED_OUT,0,5,ON_HOLD,NONE,NONE,399,690,172705,5,0,1.1968,0.0323,1,0,MISSING_WEBHOOK
11234.37,UPI,ICICI,CASHFREE,SUCCESS,SUCCESS,AUTHORIZED,CAPTURED,PENDING_PAYMENT,UNFULFILLED,TIMED_OUT,504,3,ON_HOLD,NONE,NONE,335,445,28147,21,0,-0.1013,0.0679,1,0,MISSING_WEBHOOK
3273.87,CREDIT_CARD,YES_BANK,CASHFREE,SUCCESS,SUCCESS,AUTHORIZED,CAPTURED,PAID,PROCESSING,DELIVERED,200,1,PENDING,NONE,NONE,369,485,5707,20,0,-0.3179,0.0672,1,0,NORMAL
2597.8,DEBIT_CARD,SBI,CASHFREE,REVERSED,SUCCESS,NONE,PENDING,FAILED,RETURNED,DROPPED,500,1,ON_HOLD,PENDING,REJECTED_BY_BANK,113685,59802,68223,2,3,-0.4588,0.0679,1,0,UNRESOLVED
697.82,CREDIT_CARD,ICICI,STRIPE,SUCCESS,SUCCESS,AUTHORIZED,CAPTURED,PAID,DELIVERED,DELIVERED,200,1,SETTLED,NONE,NONE,327,410,92207,18,0,-0.6327,0.0537,1,0,NORMAL
313.1,UPI,INDUSIND,STRIPE,SUCCESS,SUCCESS,AUTHORIZED,CAPTURED,PAID,DELIVERED,DELIVERED,200,1,DISCREPANCY,NONE,NONE,200,409,160576,9,0,-0.4874,0.0308,1,0,SETTLEMENT_MISMATCH
825.93,WALLET,PNB,STRIPE,SUCCESS,SUCCESS,AUTHORIZED,CAPTURED,CANCELLED,CANCELLED,DELIVERED,200,1,ON_HOLD,INITIATED,NONE,294081,296270,17718,10,0,0.2707,0.0293,1,0,ORDER_PAYMENT_CONFLICT
715.04,WALLET,KOTAK,BILLDESK,DEBITED,SUCCESS,NONE,AUTO_REFUNDED,CANCELLED,CANCELLED,DELIVERED,500,1,FAILED,NONE,AWAITING_ACK,34689,57622,215655,7,0,-0.0069,0.0328,1,0,UNRESOLVED
746.15,DEBIT_CARD,KOTAK,CASHFREE,SUCCESS,FAILED,TIMEOUT,FAILED,CANCELLED,CANCELLED,NONE,504,1,ON_HOLD,PROCESSED,CREDITED_TO_CUSTOMER,1178,74664,178559,0,0,0.7765,0.039,1,0,BANK_DEBIT_GATEWAY_FAILURE
603.86,UPI,YES_BANK,RAZORPAY,SUCCESS,SUCCESS,AUTHORIZED,CAPTURED,PAID,PROCESSING,DELIVERED,200,1,PENDING,NONE,NONE,263,380,33757,18,0,-0.071,0.0302,1,0,NORMAL
943.18,UPI,HDFC,PAYU,SUCCESS,SUCCESS,AUTHORIZED,CAPTURED,EXPIRED,UNFULFILLED,FAILED,0,4,PENDING,NONE,NONE,246,475,20279,8,0,-0.1426,0.0535,1,0,MISSING_WEBHOOK
1371.66,UPI,KOTAK,BILLDESK,SUCCESS,PENDING,AUTHORIZED,CAPTURED,PAID,PROCESSING,DELIVERED,200,2,PENDING,NONE,NONE,35712,38556,63250,16,0,2.2659,0.0398,1,0,DELAYED_CONFIRMATION
319.92,CREDIT_CARD,SBI,BILLDESK,SUCCESS,SUCCESS,AUTHORIZED,CAPTURED,EXPIRED,UNFULFILLED,DROPPED,404,2,PENDING,NONE,NONE,379,558,176494,17,0,-0.2383,0.0437,1,0,MISSING_WEBHOOK
1981.26,CREDIT_CARD,KOTAK,BILLDESK,SUCCESS,SUCCESS,AUTHORIZED,CAPTURED,PAID,DELIVERED,DELIVERED,200,1,SETTLED,NONE,NONE,537,734,223268,12,0,0.0428,0.0543,1,0,NORMAL
2991.3,UPI,AXIS,RAZORPAY,SUCCESS,SUCCESS,AUTHORIZED,CAPTURED,PAID,DELIVERED,DELIVERED,200,1,DISCREPANCY,NONE,NONE,341,569,114565,9,0,-0.0755,0.0467,1,0,SETTLEMENT_MISMATCH
3840.29,UPI,HDFC,BILLDESK,SUCCESS,SUCCESS,AUTHORIZED,CAPTURED,CANCELLED,CANCELLED,DELIVERED,200,1,ON_HOLD,NONE,NONE,308948,310360,130844,9,0,-0.1999,0.0628,1,0,ORDER_PAYMENT_CONFLICT
2622.7,CREDIT_CARD,ICICI,STRIPE,SUCCESS,SUCCESS,AUTHORIZED,CAPTURED,PAID,DELIVERED,DELIVERED,200,1,DISCREPANCY,NONE,NONE,402,657,120922,21,0,0.0016,0.0106,1,0,SETTLEMENT_MISMATCH
3699.85,CREDIT_CARD,AXIS,STRIPE,SUCCESS,SUCCESS,AUTHORIZED,CAPTURED,PAID,DELIVERED,DELIVERED,200,1,DISCREPANCY,NONE,NONE,738,952,246195,13,0,-0.2074,0.0572,1,0,SETTLEMENT_MISMATCH
1152.93,CREDIT_CARD,YES_BANK,PAYU,SUCCESS,SUCCESS,AUTHORIZED,CAPTURED,PAID,DELIVERED,DELIVERED,200,1,SETTLED,NONE,NONE,242,345,169110,15,0,0.7737,0.032,1,0,NORMAL
416.81,UPI,SBI,BILLDESK,SUCCESS,SUCCESS,AUTHORIZED,CAPTURED,CANCELLED,CANCELLED,DELIVERED,200,1,ON_HOLD,PROCESSED,NONE,319659,321674,98961,7,0,-0.1316,0.0308,1,0,ORDER_PAYMENT_CONFLICT
900.39,UPI,AXIS,CASHFREE,PENDING,SUCCESS,AUTHORIZED,FAILED,PAID,CANCELLED,RETRYING,0,1,ON_HOLD,FAILED,REJECTED_BY_BANK,40644,97652,2208,22,1,0.8758,0.0326,1,0,UNRESOLVED
1113.87,UPI,PNB,CASHFREE,SUCCESS,SUCCESS,AUTHORIZED,CAPTURED,PAID,DELIVERED,DELIVERED,200,1,SETTLED,NONE,NONE,650,931,196612,14,1,0.0126,0.0543,1,0,NORMAL
387.34,WALLET,KOTAK,STRIPE,SUCCESS,SUCCESS,AUTHORIZED,CAPTURED,PAID,DELIVERED,DELIVERED,200,1,SETTLED,NONE,NONE,160,669,207394,6,0,-0.4041,0.0398,1,0,NORMAL
496.05,EMI,PNB,PAYU,SUCCESS,FAILED,FAILED,AUTO_REFUNDED,EXPIRED,CANCELLED,DELIVERED,200,1,ON_HOLD,NONE,NOT_INITIATED,769,87926,117967,19,0,0.1811,0.0352,1,0,BANK_DEBIT_GATEWAY_FAILURE
5701.84,UPI,YES_BANK,BILLDESK,SUCCESS,FAILED,TIMEOUT,AUTO_REFUNDED,CANCELLED,CANCELLED,DELIVERED,200,1,ON_HOLD,PROCESSED,CREDITED_TO_CUSTOMER,1345,77985,133093,14,0,0.1879,0.06,1,0,BANK_DEBIT_GATEWAY_FAILURE
343.64,UPI,YES_BANK,STRIPE,SUCCESS,SUCCESS,AUTHORIZED,CAPTURED,PAID,PROCESSING,DELIVERED,200,1,PENDING,NONE,NONE,446,706,68653,3,0,-0.4713,0.0205,1,0,NORMAL
968.01,UPI,SBI,STRIPE,SUCCESS,SUCCESS,AUTHORIZED,CAPTURED,PAID,DELIVERED,DELIVERED,200,1,SETTLED,NONE,NONE,4215,4861,207753,0,0,0.3445,0.025,1,0,NORMAL
884.89,UPI,ICICI,PAYU,SUCCESS,SUCCESS,AUTHORIZED,CAPTURED,PAID,DELIVERED,DELIVERED,200,1,ON_HOLD,INITIATED,AWAITING_ACK,558,864,178521,13,2,-0.5343,0.0495,1,1,DUPLICATE_PAYMENT
947.61,DEBIT_CARD,ICICI,CASHFREE,SUCCESS,SUCCESS,AUTHORIZED,CAPTURED,PAID,DELIVERED,DELIVERED,200,1,SETTLED,NONE,NONE,726,936,198771,15,0,-0.1385,0.0594,1,0,NORMAL
2071.74,UPI,HDFC,PAYU,SUCCESS,SUCCESS,AUTHORIZED,CAPTURED,PAID,DELIVERED,DELIVERED,200,1,SETTLED,NONE,NONE,539,649,146977,8,0,-0.2601,0.0238,1,0,NORMAL
97.42,NET_BANKING,SBI,CASHFREE,SUCCESS,SUCCESS,AUTHORIZED,CAPTURED,PAID,DELIVERED,DELIVERED,200,1,DISCREPANCY,NONE,NONE,373,570,229354,16,0,-0.7479,0.0305,1,0,SETTLEMENT_MISMATCH
1128.35,UPI,YES_BANK,STRIPE,SUCCESS,SUCCESS,AUTHORIZED,CAPTURED,PAID,DELIVERED,DELIVERED,200,1,SETTLED,NONE,NONE,474,597,237166,9,0,0.7359,0.0341,1,0,NORMAL
4334.1,NET_BANKING,PNB,PAYU,SUCCESS,SUCCESS,AUTHORIZED,CAPTURED,PENDING_PAYMENT,UNFULFILLED,DROPPED,0,3,ON_HOLD,NONE,NONE,365,446,75223,15,0,0.2383,0.045,1,0,MISSING_WEBHOOK
1636.15,UPI,HDFC,PAYU,SUCCESS,SUCCESS,AUTHORIZED,CAPTURED,PAID,DELIVERED,DELIVERED,200,1,DISCREPANCY,NONE,NONE,429,429,258862,11,0,1.2965,0.0317,1,0,SETTLEMENT_MISMATCH
686.93,UPI,YES_BANK,CASHFREE,SUCCESS,SUCCESS,AUTHORIZED,CAPTURED,PAID,DELIVERED,DELIVERED,200,1,SETTLED,NONE,NONE,597,853,92077,18,0,0.4311,0.041,1,0,NORMAL
1303.84,CREDIT_CARD,HDFC,BILLDESK,SUCCESS,SUCCESS,AUTHORIZED,CAPTURED,PAID,PROCESSING,DELIVERED,200,1,PENDING,NONE,NONE,2956,3509,75911,15,0,1.7163,0.0386,1,0,NORMAL
2445.44,CREDIT_CARD,INDUSIND,STRIPE,SUCCESS,SUCCESS,AUTHORIZED,CAPTURED,PENDING_PAYMENT,UNFULFILLED,TIMED_OUT,504,3,PENDING,NONE,NONE,298,525,216943,13,0,-0.1266,0.0103,1,0,MISSING_WEBHOOK
763.77,UPI,ICICI,CASHFREE,SUCCESS,SUCCESS,AUTHORIZED,CAPTURED,PAID,DELIVERED,DELIVERED,200,1,ON_HOLD,INITIATED,AWAITING_ACK,575,785,173808,15,2,-0.3057,0.0599,1,1,DUPLICATE_PAYMENT
1125.16,UPI,SBI,RAZORPAY,SUCCESS,SUCCESS,AUTHORIZED,CAPTURED,PAID,DELIVERED,DELIVERED,200,1,DISCREPANCY,NONE,NONE,389,599,84244,8,0,0.0525,0.0444,1,0,SETTLEMENT_MISMATCH
3558.04,DEBIT_CARD,YES_BANK,PAYU,SUCCESS,SUCCESS,AUTHORIZED,CAPTURED,REFUNDED,RETURNED,DELIVERED,200,1,REVERSED,PENDING,AWAITING_ACK,193,303,215930,1,0,0.2707,0.0238,1,0,REFUND_UNCERTAINTY
494.89,UPI,INDUSIND,CASHFREE,SUCCESS,SUCCESS,AUTHORIZED,CAPTURED,PAID,PROCESSING,DELIVERED,200,1,PENDING,NONE,NONE,423,625,78264,10,0,-0.5501,0.0401,1,0,NORMAL
19952.17,DEBIT_CARD,AXIS,STRIPE,SUCCESS,SUCCESS,AUTHORIZED,CAPTURED,PAID,PROCESSING,DELIVERED,200,1,PENDING,NONE,NONE,92366,97820,51762,0,0,0.5962,0.0709,1,0,DELAYED_CONFIRMATION
1292.77,DEBIT_CARD,HDFC,STRIPE,SUCCESS,SUCCESS,AUTHORIZED,CAPTURED,PAID,DELIVERED,DELIVERED,200,1,SETTLED,NONE,NONE,461,687,101374,4,0,0.1752,0.0523,1,0,NORMAL
6124.62,UPI,KOTAK,STRIPE,SUCCESS,SUCCESS,AUTHORIZED,CAPTURED,PAID,DELIVERED,DELIVERED,200,1,SETTLED,NONE,NONE,414,528,163941,4,0,0.7499,0.0336,1,0,NORMAL
5524.23,DEBIT_CARD,PNB,PAYU,SUCCESS,SUCCESS,AUTHORIZED,CAPTURED,PAID,DELIVERED,DELIVERED,200,1,SETTLED,NONE,NONE,188,395,254170,3,0,0.1509,0.0613,1,0,NORMAL
15248.58,UPI,INDUSIND,BILLDESK,SUCCESS,SUCCESS,AUTHORIZED,CAPTURED,PAID,DELIVERED,DELIVERED,200,2,SETTLED,NONE,NONE,619,777,225517,9,0,0.2199,0.0645,1,0,NORMAL
276.89,CREDIT_CARD,HDFC,CASHFREE,SUCCESS,SUCCESS,AUTHORIZED,CAPTURED,CANCELLED,CANCELLED,DELIVERED,200,1,ON_HOLD,NONE,NONE,242901,245009,131390,6,0,-0.574,0.0382,1,0,ORDER_PAYMENT_CONFLICT
1585.7,UPI,AXIS,CASHFREE,SUCCESS,SUCCESS,AUTHORIZED,CAPTURED,PAID,DELIVERED,DELIVERED,200,1,ON_HOLD,INITIATED,AWAITING_ACK,462,637,57489,4,3,0.4415,0.0589,1,1,DUPLICATE_PAYMENT
2229.11,UPI,HDFC,CASHFREE,SUCCESS,SUCCESS,AUTHORIZED,CAPTURED,CANCELLED,CANCELLED,DELIVERED,200,1,ON_HOLD,INITIATED,NONE,283526,284638,118111,5,0,-0.5356,0.0536,1,0,ORDER_PAYMENT_CONFLICT
1346.07,UPI,ICICI,STRIPE,SUCCESS,SUCCESS,AUTHORIZED,CAPTURED,PAID,PROCESSING,DELIVERED,200,1,PENDING,NONE,NONE,586,811,64566,17,0,-0.5193,0.0264,1,0,NORMAL
408.99,UPI,ICICI,CASHFREE,DEBITED,SUCCESS,FAILED,PENDING,FAILED,RETURNED,DROPPED,200,1,FAILED,PENDING,NOT_INITIATED,4957,21571,230332,18,2,-0.0262,0.0336,1,0,UNRESOLVED
1091.13,NET_BANKING,AXIS,PAYU,SUCCESS,SUCCESS,AUTHORIZED,CAPTURED,PAID,DELIVERED,DELIVERED,200,1,SETTLED,NONE,NONE,626,706,185833,1,0,-0.0081,0.0423,1,0,NORMAL
3527.04,UPI,INDUSIND,STRIPE,SUCCESS,SUCCESS,AUTHORIZED,CAPTURED,PENDING_PAYMENT,UNFULFILLED,DROPPED,502,5,ON_HOLD,NONE,NONE,327,427,92743,15,0,0.0077,0.0307,1,0,MISSING_WEBHOOK
2547.02,UPI,INDUSIND,PAYU,SUCCESS,SUCCESS,AUTHORIZED,CAPTURED,PAID,DELIVERED,DELIVERED,200,1,SETTLED,NONE,NONE,1577,2448,87521,18,0,1.3155,0.0575,1,0,NORMAL
7740.06,UPI,INDUSIND,RAZORPAY,SUCCESS,SUCCESS,AUTHORIZED,CAPTURED,REFUNDED,RETURNED,DELIVERED,200,1,REVERSED,PENDING,AWAITING_ACK,264,506,19884,11,0,1.2114,0.0481,1,0,REFUND_UNCERTAINTY
7458.83,UPI,INDUSIND,RAZORPAY,DEBITED,FAILED,TIMEOUT,FAILED,EXPIRED,CANCELLED,DELIVERED,200,1,ON_HOLD,PROCESSED,CREDITED_TO_CUSTOMER,1057,62416,112383,11,0,0.5539,0.0594,1,0,BANK_DEBIT_GATEWAY_FAILURE
672.99,UPI,SBI,STRIPE,SUCCESS,SUCCESS,AUTHORIZED,CAPTURED,PAID,PROCESSING,DELIVERED,200,1,PENDING,NONE,NONE,1465,2115,46006,15,0,0.6024,0.0473,1,0,NORMAL
4478.75,DEBIT_CARD,INDUSIND,STRIPE,DEBITED,FAILED,TIMEOUT,FAILED,CANCELLED,CANCELLED,FAILED,500,1,ON_HOLD,INITIATED,NOT_INITIATED,1031,77618,90835,15,0,0.5996,0.0189,1,0,BANK_DEBIT_GATEWAY_FAILURE
3470.52,UPI,INDUSIND,RAZORPAY,SUCCESS,SUCCESS,AUTHORIZED,CAPTURED,PAID,DELIVERED,DELIVERED,200,1,ON_HOLD,INITIATED,AWAITING_ACK,352,450,115171,21,3,-0.0084,0.0452,1,1,DUPLICATE_PAYMENT
444.91,CREDIT_CARD,YES_BANK,CASHFREE,SUCCESS,SUCCESS,AUTHORIZED,CAPTURED,PENDING_PAYMENT,UNFULFILLED,TIMED_OUT,0,4,ON_HOLD,NONE,NONE,470,601,81608,7,0,-0.3821,0.0256,1,0,MISSING_WEBHOOK
689.18,NET_BANKING,KOTAK,BILLDESK,SUCCESS,SUCCESS,AUTHORIZED,CAPTURED,PAID,DELIVERED,DELIVERED,200,2,SETTLED,NONE,NONE,289,375,137060,0,0,0.6409,0.0435,1,0,NORMAL
2527.1,UPI,INDUSIND,BILLDESK,SUCCESS,SUCCESS,AUTHORIZED,CAPTURED,PAID,DELIVERED,DELIVERED,200,1,ON_HOLD,INITIATED,AWAITING_ACK,240,516,129212,16,1,0.3301,0.0424,1,1,DUPLICATE_PAYMENT
263.77,UPI,INDUSIND,CASHFREE,SUCCESS,SUCCESS,AUTHORIZED,CAPTURED,PAID,DELIVERED,DELIVERED,200,1,SETTLED,NONE,NONE,561,810,212232,11,0,-0.5942,0.0268,1,0,NORMAL
858.26,UPI,SBI,RAZORPAY,SUCCESS,SUCCESS,AUTHORIZED,CAPTURED,PAID,PROCESSING,DELIVERED,200,1,PENDING,NONE,NONE,515,625,19385,22,0,-0.2198,0.0448,1,0,NORMAL
234.01,CREDIT_CARD,AXIS,PAYU,SUCCESS,SUCCESS,AUTHORIZED,CAPTURED,PAID,DELIVERED,DELIVERED,200,1,ON_HOLD,NONE,AWAITING_ACK,425,591,189505,17,1,-0.4428,0.0313,1,1,DUPLICATE_PAYMENT
19482.84,CREDIT_CARD,ICICI,BILLDESK,REVERSED,SUCCESS,AUTHORIZED,CAPTURED,REFUNDED,RETURNED,DELIVERED,200,1,REVERSED,FAILED,AWAITING_ACK,203,429,91525,17,0,0.5586,0.0744,1,0,REFUND_UNCERTAINTY
634.06,WALLET,PNB,RAZORPAY,SUCCESS,SUCCESS,AUTHORIZED,CAPTURED,REFUNDED,RETURNED,DELIVERED,200,1,REVERSED,PENDING,AWAITING_ACK,404,487,233260,10,0,-0.4236,0.0447,1,0,REFUND_UNCERTAINTY
1913.32,UPI,YES_BANK,RAZORPAY,SUCCESS,SUCCESS,AUTHORIZED,CAPTURED,PAID,DELIVERED,DELIVERED,200,1,SETTLED,NONE,NONE,410,684,216312,4,0,-0.4533,0.0391,1,0,NORMAL
2194.65,UPI,SBI,BILLDESK,SUCCESS,SUCCESS,AUTHORIZED,CAPTURED,PAID,DELIVERED,DELIVERED,200,1,DISCREPANCY,NONE,NONE,717,820,69938,19,0,-0.7908,0.064,1,0,SETTLEMENT_MISMATCH
1743.51,UPI,ICICI,STRIPE,SUCCESS,SUCCESS,AUTHORIZED,CAPTURED,PAID,DELIVERED,DELIVERED,200,1,ON_HOLD,NONE,AWAITING_ACK,357,648,100762,13,2,-0.0824,0.0572,1,1,DUPLICATE_PAYMENT
628.98,UPI,KOTAK,STRIPE,PENDING,SUCCESS,FAILED,AUTO_REFUNDED,PENDING_PAYMENT,CANCELLED,DELIVERED,504,1,FAILED,PENDING,REJECTED_BY_BANK,73505,97273,1259,16,3,-0.1264,0.0352,1,0,UNRESOLVED
708.06,UPI,INDUSIND,RAZORPAY,SUCCESS,SUCCESS,AUTHORIZED,CAPTURED,PAID,DELIVERED,DELIVERED,200,1,ON_HOLD,PROCESSED,CREDITED_TO_CUSTOMER,387,539,67722,6,1,-0.3563,0.0468,1,1,DUPLICATE_PAYMENT
10680.28,UPI,ICICI,STRIPE,SUCCESS,SUCCESS,AUTHORIZED,CAPTURED,PAID,DELIVERED,DELIVERED,200,2,SETTLED,NONE,NONE,605,790,99003,23,0,2.8144,0.0183,1,0,NORMAL
755.35,DEBIT_CARD,PNB,RAZORPAY,REVERSED,SUCCESS,AUTHORIZED,CAPTURED,REFUNDED,RETURNED,DELIVERED,200,1,REVERSED,PENDING,NOT_INITIATED,734,1006,238563,2,0,0.5736,0.0411,1,0,REFUND_UNCERTAINTY
10808.1,CREDIT_CARD,HDFC,PAYU,SUCCESS,SUCCESS,AUTHORIZED,CAPTURED,CANCELLED,CANCELLED,DELIVERED,200,1,ON_HOLD,INITIATED,NONE,297519,298534,70156,6,0,1.2517,0.0586,1,0,ORDER_PAYMENT_CONFLICT
1344.09,UPI,HDFC,CASHFREE,SUCCESS,SUCCESS,AUTHORIZED,CAPTURED,PAID,DELIVERED,DELIVERED,200,1,SETTLED,NONE,NONE,207,482,91485,11,0,-0.2926,0.0464,1,0,NORMAL
2163.92,UPI,AXIS,PAYU,SUCCESS,SUCCESS,AUTHORIZED,CAPTURED,EXPIRED,CANCELLED,DELIVERED,200,1,ON_HOLD,NONE,NONE,350729,351700,31542,8,0,0.9672,0.0461,1,0,ORDER_PAYMENT_CONFLICT
282.07,UPI,AXIS,BILLDESK,SUCCESS,SUCCESS,AUTHORIZED,CAPTURED,CANCELLED,CANCELLED,DELIVERED,200,1,ON_HOLD,NONE,NONE,318711,319966,36587,23,0,-0.4124,0.0331,1,0,ORDER_PAYMENT_CONFLICT
284.94,NET_BANKING,HDFC,RAZORPAY,SUCCESS,SUCCESS,AUTHORIZED,CAPTURED,EXPIRED,UNFULFILLED,FAILED,502,4,ON_HOLD,NONE,NONE,722,836,185521,22,0,-0.6042,0.0356,1,0,MISSING_WEBHOOK
452.02,CREDIT_CARD,YES_BANK,BILLDESK,SUCCESS,SUCCESS,AUTHORIZED,CAPTURED,REFUNDED,RETURNED,DELIVERED,200,1,REVERSED,PENDING,AWAITING_ACK,488,637,141422,3,0,-0.3722,0.0245,1,0,REFUND_UNCERTAINTY
13318.86,UPI,PNB,STRIPE,SUCCESS,SUCCESS,AUTHORIZED,CAPTURED,PAID,PROCESSING,DELIVERED,200,1,PENDING,NONE,NONE,462,622,17651,18,0,0.0655,0.0672,1,0,NORMAL
4940.45,CREDIT_CARD,ICICI,STRIPE,SUCCESS,SUCCESS,AUTHORIZED,CAPTURED,PAID,DELIVERED,DELIVERED,200,1,ON_HOLD,NONE,AWAITING_ACK,260,428,125025,11,4,1.6002,0.0411,1,1,DUPLICATE_PAYMENT
4689.72,NET_BANKING,ICICI,STRIPE,SUCCESS,SUCCESS,AUTHORIZED,CAPTURED,PAID,DELIVERED,DELIVERED,200,1,SETTLED,NONE,NONE,698,981,232776,3,0,0.6749,0.0238,1,0,NORMAL
766.43,UPI,YES_BANK,PAYU,SUCCESS,SUCCESS,AUTHORIZED,CAPTURED,PAID,DELIVERED,DELIVERED,200,2,SETTLED,NONE,NONE,315,614,123923,10,1,-0.3032,0.047,1,0,NORMAL
734.09,WALLET,AXIS,BILLDESK,SUCCESS,SUCCESS,AUTHORIZED,CAPTURED,PAID,PROCESSING,RETRYING,200,1,SETTLED,NONE,NONE,68506,69997,138537,14,0,-0.7903,0.0386,1,0,DELAYED_CONFIRMATION
3064.37,NET_BANKING,YES_BANK,RAZORPAY,SUCCESS,SUCCESS,AUTHORIZED,CAPTURED,EXPIRED,UNFULFILLED,DROPPED,502,5,ON_HOLD,NONE,NONE,609,964,228653,11,0,-0.1245,0.0385,1,0,MISSING_WEBHOOK
1695.87,DEBIT_CARD,SBI,CASHFREE,SUCCESS,SUCCESS,AUTHORIZED,CAPTURED,PAID,PROCESSING,DELIVERED,200,2,SETTLED,NONE,NONE,98706,101460,250527,7,0,0.5417,0.043,1,0,DELAYED_CONFIRMATION
1093.89,UPI,HDFC,CASHFREE,SUCCESS,SUCCESS,AUTHORIZED,CAPTURED,CANCELLED,UNFULFILLED,TIMED_OUT,502,4,ON_HOLD,NONE,NONE,702,864,128905,22,0,-0.0056,0.0514,1,0,MISSING_WEBHOOK
7179.02,UPI,PNB,RAZORPAY,SUCCESS,SUCCESS,AUTHORIZED,CAPTURED,PAID,DELIVERED,DELIVERED,200,1,ON_HOLD,PROCESSED,CREDITED_TO_CUSTOMER,199,325,203261,0,1,0.4956,0.057,1,1,DUPLICATE_PAYMENT
547.25,UPI,INDUSIND,BILLDESK,DEBITED,FAILED,TIMEOUT,FAILED,CANCELLED,CANCELLED,FAILED,0,1,ON_HOLD,INITIATED,NOT_INITIATED,1280,57184,169866,16,0,0.1401,0.0488,1,0,BANK_DEBIT_GATEWAY_FAILURE
4386.56,UPI,YES_BANK,STRIPE,SUCCESS,SUCCESS,AUTHORIZED,CAPTURED,PAID,DELIVERED,DELIVERED,200,1,ON_HOLD,PROCESSED,CREDITED_TO_CUSTOMER,556,640,36910,14,1,-0.0861,0.0563,1,1,DUPLICATE_PAYMENT
3639.68,WALLET,HDFC,BILLDESK,REVERSED,PENDING,FAILED,FAILED,CANCELLED,UNFULFILLED,DELIVERED,504,1,DISCREPANCY,FAILED,NOT_INITIATED,100192,53415,196027,15,2,0.2999,0.0285,1,0,UNRESOLVED
1028.31,UPI,ICICI,CASHFREE,SUCCESS,SUCCESS,AUTHORIZED,CAPTURED,PAID,DELIVERED,DELIVERED,200,1,SETTLED,NONE,NONE,337,631,244857,19,0,-0.0652,0.0572,1,0,NORMAL
3643.05,WALLET,KOTAK,RAZORPAY,SUCCESS,SUCCESS,AUTHORIZED,CAPTURED,PENDING_PAYMENT,UNFULFILLED,DROPPED,502,4,PENDING,NONE,NONE,495,669,144233,0,0,-0.241,0.0573,1,0,MISSING_WEBHOOK
27938.49,CREDIT_CARD,ICICI,CASHFREE,SUCCESS,SUCCESS,AUTHORIZED,CAPTURED,PAID,DELIVERED,DELIVERED,200,3,SETTLED,NONE,NONE,194,489,177501,15,0,1.2351,0.065,1,0,NORMAL
1428.85,NET_BANKING,YES_BANK,STRIPE,SUCCESS,SUCCESS,AUTHORIZED,CAPTURED,PAID,DELIVERED,DELIVERED,200,1,SETTLED,NONE,NONE,278,371,152219,23,0,1.9768,0.0394,1,0,NORMAL
1114.39,UPI,SBI,RAZORPAY,SUCCESS,SUCCESS,AUTHORIZED,CAPTURED,PAID,DELIVERED,DELIVERED,200,1,SETTLED,NONE,NONE,380,525,104457,11,0,-0.4135,0.0556,1,0,NORMAL
454.39,WALLET,YES_BANK,CASHFREE,SUCCESS,SUCCESS,AUTHORIZED,CAPTURED,PROCESSING,PROCESSING,RETRYING,200,3,PENDING,NONE,NONE,80232,83031,79075,16,0,-0.0534,0.0441,1,0,DELAYED_CONFIRMATION
6100.85,CREDIT_CARD,ICICI,RAZORPAY,SUCCESS,SUCCESS,AUTHORIZED,CAPTURED,PAID,DELIVERED,DELIVERED,200,1,SETTLED,NONE,NONE,744,861,176446,17,0,0.271,0.0559,1,0,NORMAL
1136.26,UPI,YES_BANK,STRIPE,SUCCESS,SUCCESS,AUTHORIZED,CAPTURED,PENDING_PAYMENT,UNFULFILLED,DROPPED,504,5,ON_HOLD,NONE,NONE,314,394,52303,14,0,-0.402,0.0556,1,0,MISSING_WEBHOOK
570.95,UPI,ICICI,CASHFREE,SUCCESS,SUCCESS,AUTHORIZED,CAPTURED,PAID,DELIVERED,DELIVERED,200,1,ON_HOLD,NONE,AWAITING_ACK,300,555,49807,6,4,0.1895,0.0429,1,1,DUPLICATE_PAYMENT
715.34,UPI,ICICI,BILLDESK,DEBITED,FAILED,FAILED,FAILED,EXPIRED,CANCELLED,NONE,0,1,ON_HOLD,NONE,NOT_INITIATED,1147,53879,189647,21,0,0.7032,0.0314,1,0,BANK_DEBIT_GATEWAY_FAILURE
3244.76,UPI,YES_BANK,PAYU,SUCCESS,SUCCESS,AUTHORIZED,CAPTURED,PAID,DELIVERED,DELIVERED,200,1,SETTLED,NONE,NONE,399,496,140890,22,0,-0.324,0.0672,1,0,NORMAL
10073.93,NET_BANKING,KOTAK,RAZORPAY,SUCCESS,SUCCESS,AUTHORIZED,CAPTURED,PAID,DELIVERED,DELIVERED,200,1,SETTLED,NONE,NONE,376,490,209501,5,0,-0.1941,0.0716,1,0,NORMAL
2638.51,UPI,SBI,CASHFREE,SUCCESS,SUCCESS,AUTHORIZED,CAPTURED,PAID,DELIVERED,DELIVERED,200,1,SETTLED,NONE,NONE,300,588,176756,10,0,0.3887,0.0539,1,0,NORMAL
2889.67,CREDIT_CARD,HDFC,STRIPE,SUCCESS,SUCCESS,AUTHORIZED,CAPTURED,CANCELLED,CANCELLED,DELIVERED,200,1,ON_HOLD,NONE,NONE,243164,244576,83758,14,0,0.5209,0.048,1,0,ORDER_PAYMENT_CONFLICT
10001.72,UPI,YES_BANK,BILLDESK,SUCCESS,SUCCESS,AUTHORIZED,CAPTURED,PAID,DELIVERED,DELIVERED,200,1,SETTLED,NONE,NONE,733,915,201547,4,0,1.0837,0.0691,1,0,NORMAL
435.99,WALLET,YES_BANK,RAZORPAY,SUCCESS,SUCCESS,AUTHORIZED,CAPTURED,CANCELLED,UNFULFILLED,TIMED_OUT,504,2,ON_HOLD,NONE,NONE,342,487,245217,5,0,-0.3945,0.0363,1,0,MISSING_WEBHOOK
1941.36,CREDIT_CARD,PNB,BILLDESK,SUCCESS,SUCCESS,AUTHORIZED,CAPTURED,PAID,DELIVERED,DELIVERED,200,1,SETTLED,NONE,NONE,426,724,180424,6,0,-0.4453,0.035,1,0,NORMAL
30215.33,UPI,INDUSIND,RAZORPAY,SUCCESS,SUCCESS,AUTHORIZED,CAPTURED,PENDING_PAYMENT,UNFULFILLED,FAILED,502,3,PENDING,NONE,NONE,438,612,257719,4,0,1.4172,0.069,1,0,MISSING_WEBHOOK
418.5,CREDIT_CARD,AXIS,STRIPE,SUCCESS,SUCCESS,AUTHORIZED,CAPTURED,PENDING_PAYMENT,UNFULFILLED,TIMED_OUT,0,5,ON_HOLD,NONE,NONE,187,354,62831,21,0,-0.0036,0.0413,1,0,MISSING_WEBHOOK
3583.28,CREDIT_CARD,ICICI,PAYU,SUCCESS,SUCCESS,AUTHORIZED,CAPTURED,PAID,DELIVERED,DELIVERED,200,1,SETTLED,NONE,NONE,638,782,106395,5,0,-0.2535,0.0564,1,0,NORMAL
430.54,CREDIT_CARD,HDFC,BILLDESK,SUCCESS,SUCCESS,AUTHORIZED,CAPTURED,PAID,DELIVERED,DELIVERED,200,1,SETTLED,NONE,NONE,311,425,119162,1,0,-0.103,0.0441,1,0,NORMAL
1080.71,WALLET,YES_BANK,PAYU,SUCCESS,SUCCESS,AUTHORIZED,CAPTURED,EXPIRED,UNFULFILLED,FAILED,0,5,PENDING,NONE,NONE,378,619,161423,12,0,-0.4312,0.0492,1,0,MISSING_WEBHOOK
387.82,CREDIT_CARD,HDFC,BILLDESK,SUCCESS,SUCCESS,AUTHORIZED,CAPTURED,PAID,DELIVERED,DELIVERED,200,1,DISCREPANCY,NONE,NONE,216,463,256600,11,0,-0.3802,0.0321,1,0,SETTLEMENT_MISMATCH
459.85,CREDIT_CARD,YES_BANK,RAZORPAY,SUCCESS,SUCCESS,AUTHORIZED,CAPTURED,PAID,DELIVERED,DELIVERED,200,1,SETTLED,NONE,NONE,459,645,107367,0,0,-0.2925,0.0387,1,0,NORMAL
1171.57,UPI,INDUSIND,CASHFREE,REVERSED,SUCCESS,AUTHORIZED,FAILED,PENDING_PAYMENT,DELIVERED,RETRYING,200,1,DISCREPANCY,MANUAL_INTERVENTION_REQUIRED,REJECTED_BY_BANK,39190,75252,112571,21,0,-0.7559,0.0505,1,0,UNRESOLVED
5774.38,UPI,HDFC,STRIPE,SUCCESS,SUCCESS,AUTHORIZED,CAPTURED,PAID,DELIVERED,DELIVERED,200,1,SETTLED,NONE,NONE,457,645,89609,23,0,-0.538,0.0649,1,0,NORMAL
2670.27,UPI,KOTAK,STRIPE,SUCCESS,FAILED,TIMEOUT,NOT_REQUESTED,EXPIRED,CANCELLED,DELIVERED,200,1,ON_HOLD,NONE,NOT_INITIATED,903,65779,87264,12,0,-0.0463,0.0147,1,0,BANK_DEBIT_GATEWAY_FAILURE
2340.72,UPI,YES_BANK,PAYU,SUCCESS,SUCCESS,AUTHORIZED,CAPTURED,PAID,DELIVERED,DELIVERED,200,3,SETTLED,NONE,NONE,320,568,130653,16,0,0.232,0.0473,1,0,NORMAL
11367.35,CREDIT_CARD,INDUSIND,PAYU,SUCCESS,SUCCESS,AUTHORIZED,CAPTURED,PAID,DELIVERED,DELIVERED,200,1,ON_HOLD,NONE,AWAITING_ACK,232,404,150410,19,3,-0.0906,0.0707,1,1,DUPLICATE_PAYMENT
321.29,UPI,KOTAK,BILLDESK,SUCCESS,SUCCESS,AUTHORIZED,CAPTURED,PAID,PROCESSING,DELIVERED,200,1,PENDING,NONE,NONE,544,765,59835,15,0,-0.235,0.0494,1,0,NORMAL
310.18,UPI,INDUSIND,CASHFREE,REVERSED,FAILED,TIMEOUT,CAPTURED,FAILED,DELIVERED,DROPPED,504,1,DISCREPANCY,PENDING,NOT_INITIATED,102380,82899,24607,15,3,-0.718,0.0448,1,0,UNRESOLVED
24679.94,DEBIT_CARD,YES_BANK,PAYU,SUCCESS,SUCCESS,AUTHORIZED,CAPTURED,PAID,DELIVERED,DELIVERED,200,3,SETTLED,NONE,NONE,674,674,167685,3,0,0.9744,0.0626,1,0,NORMAL
24059.13,UPI,HDFC,CASHFREE,SUCCESS,SUCCESS,AUTHORIZED,CAPTURED,PAID,PROCESSING,DELIVERED,200,1,PENDING,NONE,NONE,557,698,28594,23,0,0.9247,0.0792,1,0,NORMAL
215.16,DEBIT_CARD,HDFC,STRIPE,SUCCESS,SUCCESS,AUTHORIZED,CAPTURED,PAID,DELIVERED,DELIVERED,200,1,DISCREPANCY,NONE,NONE,498,625,109191,11,0,-0.4591,0.0408,1,0,SETTLEMENT_MISMATCH
966.9,UPI,AXIS,RAZORPAY,SUCCESS,FAILED,AUTHORIZED,AUTO_REFUNDED,PAID,UNFULFILLED,FAILED,500,1,DISCREPANCY,NONE,NOT_INITIATED,92075,105617,56365,13,1,-0.121,0.0448,1,0,UNRESOLVED
1963.4,DEBIT_CARD,PNB,RAZORPAY,SUCCESS,SUCCESS,AUTHORIZED,CAPTURED,PAID,PROCESSING,DELIVERED,200,1,PENDING,NONE,NONE,306,583,12219,13,0,-0.2988,0.0191,1,0,NORMAL
1669.44,UPI,PNB,PAYU,SUCCESS,TIMED_OUT,TIMEOUT,FAILED,CANCELLED,CANCELLED,FAILED,500,1,ON_HOLD,INITIATED,NOT_INITIATED,1132,70922,119081,3,0,-0.1213,0.0454,1,0,BANK_DEBIT_GATEWAY_FAILURE
17405.27,UPI,PNB,STRIPE,SUCCESS,SUCCESS,AUTHORIZED,CAPTURED,PAID,DELIVERED,DELIVERED,200,1,SETTLED,NONE,NONE,194,421,225426,9,0,0.3924,0.0731,1,0,NORMAL
2017.44,CREDIT_CARD,YES_BANK,PAYU,SUCCESS,SUCCESS,AUTHORIZED,CAPTURED,PAID,DELIVERED,DELIVERED,200,1,SETTLED,NONE,NONE,534,649,108539,14,0,2.1038,0.0249,1,0,NORMAL
2472.99,UPI,PNB,BILLDESK,SUCCESS,SUCCESS,AUTHORIZED,CAPTURED,CANCELLED,CANCELLED,DELIVERED,200,1,ON_HOLD,NONE,NONE,300999,302061,22309,5,0,-0.1168,0.0294,1,0,ORDER_PAYMENT_CONFLICT
3060.81,CREDIT_CARD,YES_BANK,STRIPE,DEBITED,PENDING,NONE,AUTO_REFUNDED,PAID,CANCELLED,FAILED,504,1,ON_HOLD,MANUAL_INTERVENTION_REQUIRED,AWAITING_ACK,36912,113176,77405,23,0,-0.1255,0.0463,1,0,UNRESOLVED
852.19,DEBIT_CARD,HDFC,RAZORPAY,SUCCESS,FAILED,TIMEOUT,FAILED,EXPIRED,CANCELLED,FAILED,0,1,ON_HOLD,NONE,NOT_INITIATED,717,81986,82890,4,0,0.7754,0.0423,1,0,BANK_DEBIT_GATEWAY_FAILURE
1040.03,UPI,SBI,BILLDESK,SUCCESS,SUCCESS,AUTHORIZED,CAPTURED,PAID,DELIVERED,DELIVERED,200,1,SETTLED,NONE,NONE,247,393,238959,9,0,0.6,0.035,1,0,NORMAL
818.52,UPI,ICICI,CASHFREE,SUCCESS,SUCCESS,AUTHORIZED,CAPTURED,PAID,DELIVERED,DELIVERED,200,1,ON_HOLD,PROCESSED,CREDITED_TO_CUSTOMER,196,398,240504,7,2,0.2593,0.0327,1,1,DUPLICATE_PAYMENT
3732.2,CREDIT_CARD,ICICI,STRIPE,SUCCESS,SUCCESS,AUTHORIZED,CAPTURED,REFUNDED,RETURNED,DELIVERED,200,1,REVERSED,PENDING,REJECTED_BY_BANK,215,497,49553,1,0,0.0663,0.0458,1,0,REFUND_UNCERTAINTY
2354.72,UPI,PNB,CASHFREE,SUCCESS,SUCCESS,AUTHORIZED,CAPTURED,PENDING_PAYMENT,UNFULFILLED,DROPPED,404,2,ON_HOLD,NONE,NONE,227,337,212398,12,0,-0.5094,0.0522,1,0,MISSING_WEBHOOK
1378.79,UPI,KOTAK,CASHFREE,SUCCESS,SUCCESS,AUTHORIZED,CAPTURED,PAID,DELIVERED,DELIVERED,200,1,SETTLED,NONE,NONE,460,560,257665,19,0,1.8725,0.0414,1,0,NORMAL
185.95,UPI,YES_BANK,RAZORPAY,SUCCESS,SUCCESS,AUTHORIZED,CAPTURED,PAID,DELIVERED,DELIVERED,200,1,DISCREPANCY,NONE,NONE,714,926,31400,7,0,-0.6813,0.0221,1,0,SETTLEMENT_MISMATCH
258.3,UPI,AXIS,CASHFREE,SUCCESS,SUCCESS,AUTHORIZED,CAPTURED,PAID,PROCESSING,DELIVERED,200,1,PENDING,NONE,NONE,245,336,80151,0,0,-0.385,0.0462,1,0,NORMAL
740.1,UPI,INDUSIND,BILLDESK,SUCCESS,SUCCESS,AUTHORIZED,CAPTURED,PAID,DELIVERED,DELIVERED,200,1,SETTLED,NONE,NONE,623,897,159779,16,0,0.5419,0.038,1,0,NORMAL
5895.9,WALLET,KOTAK,BILLDESK,SUCCESS,SUCCESS,AUTHORIZED,CAPTURED,PAID,DELIVERED,DELIVERED,200,1,SETTLED,NONE,NONE,413,546,195618,15,0,0.6845,0.0359,1,0,NORMAL
848.69,CREDIT_CARD,INDUSIND,BILLDESK,SUCCESS,SUCCESS,AUTHORIZED,CAPTURED,EXPIRED,CANCELLED,DELIVERED,200,1,ON_HOLD,PROCESSED,NONE,303969,304876,254584,10,0,-0.2285,0.0571,1,0,ORDER_PAYMENT_CONFLICT
978.45,DEBIT_CARD,YES_BANK,CASHFREE,SUCCESS,SUCCESS,AUTHORIZED,CAPTURED,PAID,DELIVERED,DELIVERED,200,1,SETTLED,NONE,NONE,356,577,117266,9,0,0.359,0.0271,1,0,NORMAL
17976.99,EMI,YES_BANK,CASHFREE,SUCCESS,SUCCESS,AUTHORIZED,CAPTURED,EXPIRED,UNFULFILLED,DROPPED,404,3,ON_HOLD,NONE,NONE,617,884,211480,20,0,0.4382,0.0679,1,0,MISSING_WEBHOOK
1306.19,UPI,KOTAK,BILLDESK,SUCCESS,SUCCESS,AUTHORIZED,CAPTURED,PAID,PROCESSING,DELIVERED,200,1,PENDING,NONE,NONE,606,840,70656,10,0,1.0095,0.0394,1,0,NORMAL
295.39,CREDIT_CARD,INDUSIND,BILLDESK,SUCCESS,SUCCESS,AUTHORIZED,CAPTURED,PAID,DELIVERED,DELIVERED,200,1,ON_HOLD,PROCESSED,CREDITED_TO_CUSTOMER,399,676,59365,17,4,-0.7315,0.0566,1,1,DUPLICATE_PAYMENT
1279.03,UPI,AXIS,BILLDESK,SUCCESS,SUCCESS,AUTHORIZED,CAPTURED,PENDING_PAYMENT,UNFULFILLED,FAILED,504,2,ON_HOLD,NONE,NONE,495,753,200328,18,0,0.1628,0.0567,1,0,MISSING_WEBHOOK
1435.71,CREDIT_CARD,AXIS,BILLDESK,SUCCESS,SUCCESS,AUTHORIZED,CAPTURED,REFUNDED,RETURNED,DELIVERED,200,1,REVERSED,MANUAL_INTERVENTION_REQUIRED,NOT_INITIATED,495,739,183706,0,0,0.994,0.024,1,0,REFUND_UNCERTAINTY
1075.2,UPI,ICICI,STRIPE,SUCCESS,SUCCESS,AUTHORIZED,CAPTURED,PAID,DELIVERED,DELIVERED,200,1,SETTLED,NONE,NONE,313,611,229785,0,0,-0.4341,0.0568,1,0,NORMAL
401.36,EMI,PNB,BILLDESK,SUCCESS,SUCCESS,AUTHORIZED,CAPTURED,PAID,PROCESSING,DELIVERED,200,1,PENDING,NONE,NONE,76954,78049,52619,8,0,-0.0444,0.0345,1,0,DELAYED_CONFIRMATION
1997.99,UPI,YES_BANK,CASHFREE,SUCCESS,SUCCESS,AUTHORIZED,CAPTURED,PAID,DELIVERED,DELIVERED,200,1,SETTLED,NONE,NONE,259,548,255879,23,0,-0.2864,0.018,1,0,NORMAL
29680.57,DEBIT_CARD,PNB,BILLDESK,SUCCESS,SUCCESS,AUTHORIZED,CAPTURED,PAID,DELIVERED,DELIVERED,200,3,SETTLED,NONE,NONE,677,903,100442,8,0,1.3744,0.0756,1,0,NORMAL
2268.22,UPI,KOTAK,BILLDESK,SUCCESS,SUCCESS,AUTHORIZED,CAPTURED,PAID,DELIVERED,DELIVERED,200,1,DISCREPANCY,NONE,NONE,233,480,209423,10,0,0.2282,0.0488,1,0,SETTLEMENT_MISMATCH
3841.1,UPI,YES_BANK,RAZORPAY,SUCCESS,SUCCESS,AUTHORIZED,CAPTURED,PAID,DELIVERED,DELIVERED,200,1,ON_HOLD,NONE,AWAITING_ACK,659,833,7542,17,2,0.3718,0.0101,1,1,DUPLICATE_PAYMENT
765.47,UPI,AXIS,STRIPE,SUCCESS,SUCCESS,AUTHORIZED,CAPTURED,PAID,PROCESSING,DELIVERED,200,1,PENDING,NONE,NONE,683,790,46807,12,0,-0.5971,0.0436,1,0,NORMAL
7540.35,UPI,PNB,STRIPE,REVERSED,SUCCESS,AUTHORIZED,CAPTURED,REFUNDED,RETURNED,DELIVERED,200,1,REVERSED,MANUAL_INTERVENTION_REQUIRED,AWAITING_ACK,404,536,197478,3,0,-0.3968,0.0664,1,0,REFUND_UNCERTAINTY
4274.04,WALLET,PNB,STRIPE,PENDING,SUCCESS,FAILED,FAILED,FAILED,DELIVERED,FAILED,0,1,FAILED,MANUAL_INTERVENTION_REQUIRED,REJECTED_BY_BANK,63916,70509,39907,1,2,-0.1096,0.0531,1,0,UNRESOLVED
421.72,CREDIT_CARD,AXIS,BILLDESK,SUCCESS,SUCCESS,AUTHORIZED,CAPTURED,PENDING_PAYMENT,UNFULFILLED,DROPPED,504,3,ON_HOLD,NONE,NONE,444,601,15725,2,0,-0.6166,0.0423,1,0,MISSING_WEBHOOK
812.13,DEBIT_CARD,YES_BANK,RAZORPAY,SUCCESS,SUCCESS,AUTHORIZED,CAPTURED,PAID,PROCESSING,DELIVERED,200,2,SETTLED,NONE,NONE,49533,50581,180335,2,0,0.6919,0.0308,1,0,DELAYED_CONFIRMATION
435.89,UPI,YES_BANK,PAYU,SUCCESS,SUCCESS,AUTHORIZED,CAPTURED,PENDING_PAYMENT,UNFULFILLED,DROPPED,504,2,ON_HOLD,NONE,NONE,324,552,254020,9,0,-0.6037,0.047,1,0,MISSING_WEBHOOK
7909.73,CREDIT_CARD,ICICI,CASHFREE,SUCCESS,SUCCESS,AUTHORIZED,CAPTURED,PAID,PROCESSING,DELIVERED,200,1,PENDING,NONE,NONE,523,766,2317,12,0,-0.3672,0.0681,1,0,NORMAL
3344.08,EMI,ICICI,PAYU,SUCCESS,SUCCESS,AUTHORIZED,CAPTURED,PAID,PROCESSING,DELIVERED,200,1,PENDING,NONE,NONE,445,557,49595,12,0,-0.0445,0.0446,1,0,NORMAL
1159.0,UPI,HDFC,BILLDESK,SUCCESS,SUCCESS,AUTHORIZED,CAPTURED,REFUNDED,RETURNED,DELIVERED,200,1,REVERSED,MANUAL_INTERVENTION_REQUIRED,AWAITING_ACK,328,448,77564,23,0,0.7831,0.0372,1,0,REFUND_UNCERTAINTY
1646.2,UPI,KOTAK,CASHFREE,SUCCESS,TIMED_OUT,FAILED,FAILED,CANCELLED,CANCELLED,DELIVERED,200,1,ON_HOLD,NONE,NOT_INITIATED,1330,50137,195747,2,0,-0.4121,0.0239,1,0,BANK_DEBIT_GATEWAY_FAILURE
552.09,UPI,YES_BANK,RAZORPAY,SUCCESS,SUCCESS,AUTHORIZED,CAPTURED,PAID,DELIVERED,DELIVERED,200,1,SETTLED,NONE,NONE,488,572,140177,23,0,0.1502,0.0346,1,0,NORMAL
292.21,UPI,HDFC,STRIPE,SUCCESS,SUCCESS,AUTHORIZED,CAPTURED,PAID,DELIVERED,DELIVERED,200,1,SETTLED,NONE,NONE,487,593,109210,13,0,-0.5942,0.0274,1,0,NORMAL
1036.9,UPI,INDUSIND,BILLDESK,SUCCESS,SUCCESS,AUTHORIZED,CAPTURED,PAID,DELIVERED,DELIVERED,200,1,SETTLED,NONE,NONE,453,627,98035,0,0,0.5952,0.0341,1,0,NORMAL
789.51,UPI,KOTAK,RAZORPAY,SUCCESS,SUCCESS,AUTHORIZED,CAPTURED,PAID,DELIVERED,DELIVERED,200,1,SETTLED,NONE,NONE,672,794,238676,5,0,0.2146,0.0283,1,0,NORMAL
26150.33,UPI,KOTAK,RAZORPAY,SUCCESS,FAILED,TIMEOUT,FAILED,CANCELLED,CANCELLED,DELIVERED,200,1,ON_HOLD,INITIATED,NOT_INITIATED,1020,84176,113447,10,0,1.092,0.0732,1,0,BANK_DEBIT_GATEWAY_FAILURE
1822.11,DEBIT_CARD,HDFC,PAYU,SUCCESS,SUCCESS,AUTHORIZED,CAPTURED,EXPIRED,UNFULFILLED,DROPPED,404,2,ON_HOLD,NONE,NONE,186,381,181560,8,0,-0.3492,0.0172,1,0,MISSING_WEBHOOK
323.12,CREDIT_CARD,YES_BANK,PAYU,SUCCESS,SUCCESS,AUTHORIZED,CAPTURED,PAID,DELIVERED,DELIVERED,200,1,SETTLED,NONE,NONE,449,649,244569,7,0,-0.7063,0.0596,1,0,NORMAL
2176.04,CREDIT_CARD,SBI,CASHFREE,SUCCESS,SUCCESS,AUTHORIZED,CAPTURED,PAID,DELIVERED,DELIVERED,200,1,SETTLED,NONE,NONE,631,701,235925,10,0,-0.2228,0.0134,1,0,NORMAL
305.87,CREDIT_CARD,PNB,RAZORPAY,SUCCESS,SUCCESS,AUTHORIZED,CAPTURED,EXPIRED,CANCELLED,DELIVERED,200,1,ON_HOLD,INITIATED,NONE,323944,326187,230788,10,0,-0.5752,0.0399,1,0,ORDER_PAYMENT_CONFLICT
716.31,CREDIT_CARD,INDUSIND,RAZORPAY,SUCCESS,SUCCESS,AUTHORIZED,CAPTURED,PAID,DELIVERED,DELIVERED,200,1,ON_HOLD,NONE,AWAITING_ACK,253,548,124698,3,3,-0.8508,0.0611,1,1,DUPLICATE_PAYMENT
1440.51,UPI,PNB,STRIPE,SUCCESS,SUCCESS,AUTHORIZED,CAPTURED,PROCESSING,PROCESSING,DELIVERED,200,1,SETTLED,NONE,NONE,85710,87285,240661,12,0,0.3096,0.0449,1,0,DELAYED_CONFIRMATION
570.15,UPI,YES_BANK,STRIPE,SUCCESS,SUCCESS,AUTHORIZED,CAPTURED,PAID,DELIVERED,DELIVERED,200,1,ON_HOLD,INITIATED,AWAITING_ACK,713,874,16308,0,2,-0.4817,0.0477,1,1,DUPLICATE_PAYMENT
26413.19,UPI,AXIS,BILLDESK,SUCCESS,SUCCESS,AUTHORIZED,CAPTURED,PAID,DELIVERED,DELIVERED,200,1,SETTLED,NONE,NONE,478,731,163090,13,0,1.1131,0.0766,1,0,NORMAL
2867.99,DEBIT_CARD,YES_BANK,RAZORPAY,SUCCESS,SUCCESS,AUTHORIZED,CAPTURED,PAID,PROCESSING,DELIVERED,200,1,PENDING,NONE,NONE,181,315,24981,22,0,0.5095,0.0545,1,0,NORMAL
543.74,DEBIT_CARD,YES_BANK,PAYU,SUCCESS,SUCCESS,AUTHORIZED,CAPTURED,PAID,PROCESSING,DELIVERED,200,3,SETTLED,NONE,NONE,86960,89402,236670,14,0,0.1328,0.0486,1,0,DELAYED_CONFIRMATION
230.56,UPI,PNB,RAZORPAY,SUCCESS,SUCCESS,AUTHORIZED,CAPTURED,PAID,DELIVERED,DELIVERED,200,1,SETTLED,NONE,NONE,614,882,101042,20,0,-0.5197,0.0402,1,0,NORMAL
13129.04,UPI,SBI,BILLDESK,SUCCESS,SUCCESS,AUTHORIZED,CAPTURED,PAID,DELIVERED,DELIVERED,200,1,SETTLED,NONE,NONE,547,766,200073,18,0,0.0503,0.0687,1,0,NORMAL
780.64,UPI,HDFC,RAZORPAY,SUCCESS,SUCCESS,AUTHORIZED,CAPTURED,PAID,DELIVERED,DELIVERED,200,1,ON_HOLD,INITIATED,AWAITING_ACK,200,496,217862,2,2,0.201,0.0223,1,1,DUPLICATE_PAYMENT
213.18,UPI,YES_BANK,CASHFREE,SUCCESS,SUCCESS,AUTHORIZED,CAPTURED,PAID,DELIVERED,DELIVERED,200,1,SETTLED,NONE,NONE,345,551,91126,1,0,-0.4924,0.0448,1,0,NORMAL
2009.48,DEBIT_CARD,YES_BANK,STRIPE,SUCCESS,SUCCESS,AUTHORIZED,CAPTURED,PAID,DELIVERED,DELIVERED,200,1,SETTLED,NONE,NONE,491,705,145112,15,0,0.0576,0.0512,1,0,NORMAL
2134.61,UPI,KOTAK,STRIPE,SUCCESS,TIMED_OUT,FAILED,FAILED,CANCELLED,CANCELLED,DELIVERED,200,1,ON_HOLD,INITIATED,NOT_INITIATED,910,72942,209882,4,0,0.1235,0.0547,1,0,BANK_DEBIT_GATEWAY_FAILURE
737.11,UPI,INDUSIND,RAZORPAY,SUCCESS,SUCCESS,AUTHORIZED,CAPTURED,CANCELLED,UNFULFILLED,DROPPED,0,5,ON_HOLD,NONE,NONE,252,350,175547,16,0,0.755,0.0338,1,0,MISSING_WEBHOOK
222.03,DEBIT_CARD,HDFC,CASHFREE,SUCCESS,SUCCESS,AUTHORIZED,CAPTURED,PAID,DELIVERED,DELIVERED,200,1,SETTLED,NONE,NONE,393,624,248309,9,0,-0.4714,0.0468,1,0,NORMAL
686.0,DEBIT_CARD,ICICI,BILLDESK,SUCCESS,SUCCESS,AUTHORIZED,CAPTURED,PAID,DELIVERED,DELIVERED,200,1,SETTLED,NONE,NONE,469,555,141649,8,0,0.4292,0.0376,1,0,NORMAL
643.81,UPI,ICICI,BILLDESK,SUCCESS,SUCCESS,AUTHORIZED,CAPTURED,PAID,DELIVERED,DELIVERED,200,1,SETTLED,NONE,NONE,307,485,241622,1,0,0.3413,0.0377,1,0,NORMAL
657.24,UPI,YES_BANK,CASHFREE,SUCCESS,SUCCESS,AUTHORIZED,CAPTURED,PAID,DELIVERED,DELIVERED,200,1,SETTLED,NONE,NONE,409,495,239149,0,0,-0.4025,0.0459,1,0,NORMAL
724.2,NET_BANKING,AXIS,CASHFREE,SUCCESS,SUCCESS,AUTHORIZED,CAPTURED,PAID,DELIVERED,DELIVERED,200,2,SETTLED,NONE,NONE,642,894,110880,6,0,-0.6188,0.0555,1,0,NORMAL
218.11,UPI,ICICI,PAYU,SUCCESS,SUCCESS,AUTHORIZED,CAPTURED,EXPIRED,UNFULFILLED,DROPPED,500,4,PENDING,NONE,NONE,621,864,333,1,0,-0.4807,0.0355,1,0,MISSING_WEBHOOK
685.41,CREDIT_CARD,PNB,CASHFREE,SUCCESS,SUCCESS,AUTHORIZED,CAPTURED,PAID,DELIVERED,DELIVERED,200,1,SETTLED,NONE,NONE,466,735,95122,6,0,0.0545,0.0383,1,0,NORMAL
2052.49,UPI,YES_BANK,RAZORPAY,SUCCESS,SUCCESS,AUTHORIZED,CAPTURED,PAID,PROCESSING,DELIVERED,200,1,PENDING,NONE,NONE,550,698,71928,19,0,-0.267,0.0254,1,0,NORMAL
5502.51,UPI,AXIS,STRIPE,SUCCESS,SUCCESS,AUTHORIZED,CAPTURED,PAID,DELIVERED,DELIVERED,200,1,SETTLED,NONE,NONE,4309,5183,229949,8,0,1.8961,0.0455,1,0,NORMAL
982.97,UPI,AXIS,BILLDESK,SUCCESS,SUCCESS,AUTHORIZED,CAPTURED,PAID,DELIVERED,DELIVERED,200,1,ON_HOLD,NONE,AWAITING_ACK,668,756,10663,19,2,0.3652,0.0259,1,1,DUPLICATE_PAYMENT
1448.04,UPI,YES_BANK,PAYU,SUCCESS,SUCCESS,AUTHORIZED,CAPTURED,PAID,PROCESSING,DELIVERED,200,3,SETTLED,NONE,NONE,45450,51102,168473,19,0,0.3164,0.0437,1,0,DELAYED_CONFIRMATION
1123.21,CREDIT_CARD,HDFC,CASHFREE,SUCCESS,SUCCESS,AUTHORIZED,CAPTURED,EXPIRED,CANCELLED,DELIVERED,200,1,ON_HOLD,INITIATED,NONE,336000,336558,22913,22,0,0.0211,0.0522,1,0,ORDER_PAYMENT_CONFLICT
691.77,DEBIT_CARD,PNB,PAYU,SUCCESS,SUCCESS,AUTHORIZED,CAPTURED,PAID,DELIVERED,DELIVERED,200,1,SETTLED,NONE,NONE,679,957,133839,21,0,-0.3711,0.0435,1,0,NORMAL
611.66,CREDIT_CARD,HDFC,BILLDESK,SUCCESS,SUCCESS,AUTHORIZED,CAPTURED,REFUNDED,RETURNED,DELIVERED,200,1,REVERSED,PENDING,REJECTED_BY_BANK,500,720,149679,13,0,0.4563,0.034,1,0,REFUND_UNCERTAINTY
1710.31,UPI,HDFC,RAZORPAY,SUCCESS,SUCCESS,AUTHORIZED,CAPTURED,REFUNDED,RETURNED,DELIVERED,200,1,REVERSED,MANUAL_INTERVENTION_REQUIRED,AWAITING_ACK,412,548,177225,10,0,-0.0998,0.0458,1,0,REFUND_UNCERTAINTY
8888.45,UPI,ICICI,PAYU,SUCCESS,SUCCESS,AUTHORIZED,CAPTURED,REFUNDED,RETURNED,DELIVERED,200,1,REVERSED,FAILED,REJECTED_BY_BANK,425,621,220574,20,0,0.8518,0.0525,1,0,REFUND_UNCERTAINTY
7026.44,UPI,INDUSIND,BILLDESK,SUCCESS,SUCCESS,AUTHORIZED,CAPTURED,PAID,DELIVERED,DELIVERED,200,1,SETTLED,NONE,NONE,423,521,111590,11,0,1.5094,0.0203,1,0,NORMAL
2141.39,CREDIT_CARD,HDFC,CASHFREE,SUCCESS,SUCCESS,AUTHORIZED,CAPTURED,PAID,DELIVERED,DELIVERED,200,1,SETTLED,NONE,NONE,1578,2299,120106,9,0,2.2944,0.0218,1,0,NORMAL
220.23,UPI,KOTAK,BILLDESK,SUCCESS,SUCCESS,AUTHORIZED,CAPTURED,PENDING_PAYMENT,UNFULFILLED,DROPPED,504,5,ON_HOLD,NONE,NONE,489,697,98001,23,0,-0.6612,0.0379,1,0,MISSING_WEBHOOK
905.78,UPI,ICICI,BILLDESK,SUCCESS,SUCCESS,AUTHORIZED,CAPTURED,PAID,DELIVERED,DELIVERED,200,1,SETTLED,NONE,NONE,653,779,132753,10,0,0.3935,0.0335,1,0,NORMAL
1677.31,UPI,INDUSIND,BILLDESK,SUCCESS,SUCCESS,AUTHORIZED,CAPTURED,CANCELLED,CANCELLED,DELIVERED,200,1,ON_HOLD,INITIATED,NONE,325942,326979,75198,20,0,0.5248,0.041,1,0,ORDER_PAYMENT_CONFLICT
470.55,CREDIT_CARD,YES_BANK,RAZORPAY,SUCCESS,SUCCESS,AUTHORIZED,CAPTURED,PAID,DELIVERED,DELIVERED,200,1,SETTLED,NONE,NONE,577,841,145072,3,0,-0.0197,0.0445,1,0,NORMAL
1042.34,UPI,PNB,BILLDESK,SUCCESS,SUCCESS,AUTHORIZED,CAPTURED,PAID,DELIVERED,DELIVERED,200,1,SETTLED,NONE,NONE,210,329,122550,21,0,-0.0524,0.0474,1,0,NORMAL
642.86,UPI,INDUSIND,BILLDESK,SUCCESS,SUCCESS,AUTHORIZED,CAPTURED,PAID,PROCESSING,DELIVERED,200,1,PENDING,NONE,NONE,327,529,54260,21,0,0.5306,0.0386,1,0,NORMAL
777.76,CREDIT_CARD,AXIS,PAYU,SUCCESS,FAILED,TIMEOUT,FAILED,PAID,UNFULFILLED,RETRYING,200,1,FAILED,MANUAL_INTERVENTION_REQUIRED,REJECTED_BY_BANK,62921,111842,118725,14,2,0.1966,0.0201,1,0,UNRESOLVED
4849.38,CREDIT_CARD,YES_BANK,BILLDESK,SUCCESS,SUCCESS,AUTHORIZED,CAPTURED,PAID,DELIVERED,DELIVERED,200,1,SETTLED,NONE,NONE,413,601,196273,1,0,0.3855,0.0325,1,0,NORMAL
1251.24,UPI,INDUSIND,CASHFREE,SUCCESS,SUCCESS,AUTHORIZED,CAPTURED,PAID,DELIVERED,DELIVERED,200,1,SETTLED,NONE,NONE,355,593,250984,14,0,0.1375,0.0495,1,0,NORMAL
255.89,UPI,YES_BANK,STRIPE,PENDING,SUCCESS,TIMEOUT,CAPTURED,PAID,UNFULFILLED,RETRYING,200,1,FAILED,MANUAL_INTERVENTION_REQUIRED,REJECTED_BY_BANK,5101,67478,80209,0,1,-0.3907,0.0344,1,0,UNRESOLVED
258.57,WALLET,ICICI,CASHFREE,SUCCESS,SUCCESS,AUTHORIZED,CAPTURED,PAID,PROCESSING,DELIVERED,200,3,PENDING,NONE,NONE,515,751,6590,15,0,-0.3844,0.0464,1,0,NORMAL
2712.97,UPI,AXIS,RAZORPAY,REVERSED,FAILED,TIMEOUT,PENDING,PAID,CANCELLED,RETRYING,504,1,ON_HOLD,NONE,AWAITING_ACK,114302,30169,133995,4,2,-0.4348,0.0625,1,0,UNRESOLVED
1270.98,DEBIT_CARD,PNB,CASHFREE,SUCCESS,FAILED,TIMEOUT,FAILED,EXPIRED,CANCELLED,DELIVERED,200,1,ON_HOLD,NONE,NOT_INITIATED,979,46935,46757,2,0,-0.3311,0.0512,1,0,BANK_DEBIT_GATEWAY_FAILURE
191.12,UPI,HDFC,BILLDESK,SUCCESS,SUCCESS,AUTHORIZED,CAPTURED,PAID,PROCESSING,DELIVERED,200,1,PENDING,NONE,NONE,644,807,65709,4,0,-0.545,0.0494,1,0,NORMAL
480.31,DEBIT_CARD,YES_BANK,PAYU,SUCCESS,SUCCESS,AUTHORIZED,CAPTURED,PAID,DELIVERED,DELIVERED,200,1,SETTLED,NONE,NONE,248,484,229056,3,0,-0.5634,0.0433,1,0,NORMAL
3488.27,UPI,AXIS,BILLDESK,SUCCESS,SUCCESS,AUTHORIZED,CAPTURED,PAID,PROCESSING,DELIVERED,200,1,PENDING,NONE,NONE,323,524,85589,2,0,-0.0034,0.0417,1,0,NORMAL
1836.66,UPI,KOTAK,STRIPE,SUCCESS,SUCCESS,AUTHORIZED,CAPTURED,CANCELLED,CANCELLED,DELIVERED,200,1,ON_HOLD,INITIATED,NONE,315608,316197,255928,21,0,0.6697,0.0551,1,0,ORDER_PAYMENT_CONFLICT
2114.74,UPI,KOTAK,BILLDESK,SUCCESS,SUCCESS,AUTHORIZED,CAPTURED,PAID,DELIVERED,DELIVERED,200,3,SETTLED,NONE,NONE,4274,4723,121582,11,0,-0.3958,0.0399,1,0,NORMAL
7114.36,UPI,ICICI,RAZORPAY,SUCCESS,SUCCESS,AUTHORIZED,CAPTURED,PAID,DELIVERED,DELIVERED,200,1,SETTLED,NONE,NONE,546,653,151572,14,0,1.5408,0.0285,1,0,NORMAL
10263.13,UPI,INDUSIND,STRIPE,SUCCESS,SUCCESS,AUTHORIZED,CAPTURED,PAID,PROCESSING,DELIVERED,200,1,PENDING,NONE,NONE,503,624,14940,19,0,-0.1789,0.0695,1,0,NORMAL
163.9,UPI,HDFC,BILLDESK,SUCCESS,SUCCESS,AUTHORIZED,CAPTURED,PAID,DELIVERED,DELIVERED,200,1,SETTLED,NONE,NONE,297,549,179158,4,0,-0.7478,0.0336,1,0,NORMAL
610.38,UPI,YES_BANK,STRIPE,DEBITED,SUCCESS,AUTHORIZED,CAPTURED,PENDING_PAYMENT,PROCESSING,RETRYING,200,1,SETTLED,NONE,NONE,48455,52424,204155,8,0,0.2716,0.043,1,0,DELAYED_CONFIRMATION
1113.09,DEBIT_CARD,KOTAK,PAYU,SUCCESS,SUCCESS,AUTHORIZED,CAPTURED,PAID,PROCESSING,DELIVERED,200,1,PENDING,NONE,NONE,2309,3114,75163,14,0,-0.4142,0.0546,1,0,NORMAL
12620.77,UPI,PNB,CASHFREE,SUCCESS,SUCCESS,AUTHORIZED,CAPTURED,PAID,DELIVERED,DELIVERED,200,1,ON_HOLD,INITIATED,AWAITING_ACK,694,945,233456,7,4,0.0097,0.0637,1,1,DUPLICATE_PAYMENT
878.66,UPI,KOTAK,CASHFREE,PENDING,FAILED,FAILED,CAPTURED,FAILED,UNFULFILLED,FAILED,200,1,ON_HOLD,NONE,REJECTED_BY_BANK,9829,125906,161164,3,3,0.2204,0.0325,1,0,UNRESOLVED
969.28,EMI,ICICI,RAZORPAY,SUCCESS,SUCCESS,AUTHORIZED,CAPTURED,PAID,DELIVERED,DELIVERED,200,1,ON_HOLD,INITIATED,AWAITING_ACK,182,419,57889,11,1,-0.4899,0.0585,1,1,DUPLICATE_PAYMENT
1774.55,UPI,ICICI,PAYU,SUCCESS,PENDING,AUTHORIZED,CAPTURED,PAID,PROCESSING,DELIVERED,200,2,PENDING,NONE,NONE,94306,99281,2827,6,0,1.4647,0.0311,1,0,DELAYED_CONFIRMATION
500.37,UPI,AXIS,STRIPE,PENDING,SUCCESS,AUTHORIZED,CAPTURED,PAID,PROCESSING,DELIVERED,200,3,SETTLED,NONE,NONE,98373,102105,204866,14,0,-0.305,0.0307,1,0,DELAYED_CONFIRMATION
544.3,CREDIT_CARD,INDUSIND,STRIPE,SUCCESS,SUCCESS,AUTHORIZED,CAPTURED,PENDING_PAYMENT,UNFULFILLED,DROPPED,500,4,ON_HOLD,NONE,NONE,640,872,40132,22,0,0.134,0.0338,1,0,MISSING_WEBHOOK
1542.71,UPI,YES_BANK,PAYU,SUCCESS,SUCCESS,AUTHORIZED,CAPTURED,REFUNDED,RETURNED,DELIVERED,200,1,REVERSED,PENDING,AWAITING_ACK,304,477,107915,11,0,-0.188,0.0487,1,0,REFUND_UNCERTAINTY
16127.46,UPI,HDFC,PAYU,SUCCESS,SUCCESS,AUTHORIZED,CAPTURED,PAID,DELIVERED,DELIVERED,200,1,ON_HOLD,INITIATED,AWAITING_ACK,214,338,240375,3,2,4.7598,0.0199,1,1,DUPLICATE_PAYMENT
825.63,UPI,YES_BANK,RAZORPAY,SUCCESS,SUCCESS,AUTHORIZED,CAPTURED,PAID,DELIVERED,DELIVERED,200,1,SETTLED,NONE,NONE,485,599,193537,14,0,0.7201,0.0345,1,0,NORMAL
419.56,WALLET,HDFC,PAYU,DEBITED,FAILED,TIMEOUT,FAILED,CANCELLED,CANCELLED,DELIVERED,200,1,ON_HOLD,INITIATED,NOT_INITIATED,1370,65139,44767,8,0,-0.1259,0.0417,1,0,BANK_DEBIT_GATEWAY_FAILURE
967.6,EMI,KOTAK,RAZORPAY,SUCCESS,SUCCESS,AUTHORIZED,CAPTURED,PAID,PROCESSING,DELIVERED,200,1,PENDING,NONE,NONE,576,864,67579,20,0,-0.4907,0.0447,1,0,NORMAL
4630.73,UPI,HDFC,PAYU,SUCCESS,SUCCESS,AUTHORIZED,CAPTURED,PAID,DELIVERED,DELIVERED,200,1,SETTLED,NONE,NONE,532,716,235238,0,0,0.6538,0.028,1,0,NORMAL
316.79,WALLET,ICICI,CASHFREE,SUCCESS,SUCCESS,AUTHORIZED,CAPTURED,PAID,DELIVERED,DELIVERED,200,1,SETTLED,NONE,NONE,719,1018,191734,23,0,-0.5126,0.0316,1,0,NORMAL
251.31,NET_BANKING,SBI,BILLDESK,PENDING,PENDING,TIMEOUT,CAPTURED,FAILED,CANCELLED,RETRYING,404,1,DISCREPANCY,FAILED,AWAITING_ACK,680,29913,97195,6,1,-0.651,0.0316,1,0,UNRESOLVED
11410.66,UPI,YES_BANK,RAZORPAY,SUCCESS,SUCCESS,AUTHORIZED,CAPTURED,PAID,DELIVERED,DELIVERED,200,1,DISCREPANCY,NONE,NONE,270,466,179186,14,0,-0.0218,0.0698,1,0,SETTLEMENT_MISMATCH
17393.75,UPI,YES_BANK,BILLDESK,SUCCESS,SUCCESS,AUTHORIZED,CAPTURED,EXPIRED,CANCELLED,DELIVERED,200,1,ON_HOLD,NONE,NONE,318862,319868,199023,18,0,2.6237,0.0517,1,0,ORDER_PAYMENT_CONFLICT
2767.83,UPI,INDUSIND,CASHFREE,SUCCESS,SUCCESS,AUTHORIZED,CAPTURED,PAID,DELIVERED,DELIVERED,200,2,SETTLED,NONE,NONE,411,671,125550,3,0,-0.0115,0.0287,1,0,NORMAL
369.55,CREDIT_CARD,AXIS,BILLDESK,PENDING,SUCCESS,AUTHORIZED,CAPTURED,PROCESSING,PROCESSING,DELIVERED,200,1,PENDING,NONE,NONE,76978,78246,5651,19,0,-0.664,0.0432,1,0,DELAYED_CONFIRMATION
2874.68,CREDIT_CARD,PNB,CASHFREE,SUCCESS,SUCCESS,AUTHORIZED,CAPTURED,PAID,DELIVERED,DELIVERED,200,1,SETTLED,NONE,NONE,395,582,111164,15,0,0.513,0.0494,1,0,NORMAL
445.66,NET_BANKING,PNB,BILLDESK,SUCCESS,FAILED,FAILED,FAILED,CANCELLED,CANCELLED,FAILED,504,1,ON_HOLD,NONE,NOT_INITIATED,486,69120,133444,18,0,-0.0715,0.0417,1,0,BANK_DEBIT_GATEWAY_FAILURE
2646.49,CREDIT_CARD,PNB,PAYU,SUCCESS,SUCCESS,AUTHORIZED,CAPTURED,PAID,DELIVERED,DELIVERED,200,1,SETTLED,NONE,NONE,371,482,210117,13,0,0.3929,0.0471,1,0,NORMAL
5332.35,DEBIT_CARD,ICICI,RAZORPAY,REVERSED,PENDING,FAILED,FAILED,PAID,RETURNED,FAILED,200,1,DISCREPANCY,PENDING,NOT_INITIATED,59331,105794,166568,0,3,0.9044,0.017,1,0,UNRESOLVED
790.09,NET_BANKING,ICICI,PAYU,SUCCESS,SUCCESS,AUTHORIZED,CAPTURED,PAID,DELIVERED,DELIVERED,200,1,SETTLED,NONE,NONE,585,666,108278,14,0,0.8812,0.0323,1,0,NORMAL
360.34,UPI,SBI,PAYU,SUCCESS,SUCCESS,AUTHORIZED,CAPTURED,PENDING_PAYMENT,UNFULFILLED,DROPPED,0,4,PENDING,NONE,NONE,490,575,74421,0,0,-0.4995,0.0211,1,0,MISSING_WEBHOOK
855.36,NET_BANKING,ICICI,BILLDESK,SUCCESS,SUCCESS,AUTHORIZED,CAPTURED,PAID,DELIVERED,DELIVERED,200,1,SETTLED,NONE,NONE,188,427,219554,8,0,0.188,0.0346,1,0,NORMAL
2080.68,UPI,AXIS,CASHFREE,SUCCESS,SUCCESS,AUTHORIZED,CAPTURED,PAID,DELIVERED,DELIVERED,200,1,DISCREPANCY,NONE,NONE,528,661,167626,9,0,0.1612,0.0512,1,0,SETTLEMENT_MISMATCH
8370.57,UPI,AXIS,BILLDESK,SUCCESS,SUCCESS,AUTHORIZED,CAPTURED,PENDING_PAYMENT,UNFULFILLED,DROPPED,0,5,PENDING,NONE,NONE,341,615,126360,15,0,-0.3304,0.0699,1,0,MISSING_WEBHOOK
1262.26,UPI,SBI,STRIPE,SUCCESS,SUCCESS,AUTHORIZED,CAPTURED,PAID,DELIVERED,DELIVERED,200,1,SETTLED,NONE,NONE,389,529,217929,17,0,0.7531,0.0388,1,0,NORMAL
211.55,CREDIT_CARD,KOTAK,STRIPE,DEBITED,FAILED,FAILED,NOT_REQUESTED,CANCELLED,CANCELLED,NONE,0,1,ON_HOLD,INITIATED,NOT_INITIATED,557,70901,68195,10,0,-0.4963,0.0498,1,0,BANK_DEBIT_GATEWAY_FAILURE
528.37,CREDIT_CARD,PNB,PAYU,SUCCESS,SUCCESS,AUTHORIZED,CAPTURED,PAID,PROCESSING,DELIVERED,200,1,PENDING,NONE,NONE,199,283,23983,10,1,0.1008,0.0313,1,0,NORMAL
564.64,CREDIT_CARD,INDUSIND,RAZORPAY,SUCCESS,SUCCESS,AUTHORIZED,CAPTURED,PAID,DELIVERED,DELIVERED,200,1,SETTLED,NONE,NONE,652,919,188917,8,0,-0.4867,0.0529,1,0,NORMAL
419.05,UPI,ICICI,CASHFREE,SUCCESS,FAILED,TIMEOUT,NOT_REQUESTED,CANCELLED,CANCELLED,FAILED,504,1,ON_HOLD,NONE,NOT_INITIATED,1291,73191,136677,22,0,-0.3553,0.0227,1,0,BANK_DEBIT_GATEWAY_FAILURE
3364.24,CREDIT_CARD,SBI,PAYU,SUCCESS,SUCCESS,AUTHORIZED,CAPTURED,PAID,PROCESSING,DELIVERED,200,1,PENDING,NONE,NONE,3112,3684,12798,1,0,-0.2991,0.0659,1,0,NORMAL
7932.03,UPI,YES_BANK,CASHFREE,SUCCESS,SUCCESS,AUTHORIZED,CAPTURED,PAID,DELIVERED,DELIVERED,200,1,DISCREPANCY,NONE,NONE,240,338,236220,23,0,0.6988,0.0627,1,0,SETTLEMENT_MISMATCH
271.49,UPI,ICICI,BILLDESK,SUCCESS,SUCCESS,AUTHORIZED,CAPTURED,PAID,DELIVERED,DELIVERED,200,1,DISCREPANCY,NONE,NONE,567,771,175112,11,0,-0.5901,0.0309,1,0,SETTLEMENT_MISMATCH
2668.71,UPI,AXIS,CASHFREE,SUCCESS,FAILED,TIMEOUT,NOT_REQUESTED,CANCELLED,CANCELLED,NONE,504,1,ON_HOLD,NONE,NOT_INITIATED,1046,81206,116153,16,0,-0.2375,0.0341,1,0,BANK_DEBIT_GATEWAY_FAILURE
1069.49,DEBIT_CARD,HDFC,CASHFREE,SUCCESS,SUCCESS,AUTHORIZED,CAPTURED,REFUNDED,RETURNED,DELIVERED,200,1,REVERSED,FAILED,REJECTED_BY_BANK,506,602,207939,11,0,-0.6944,0.0453,1,0,REFUND_UNCERTAINTY
348.83,UPI,INDUSIND,BILLDESK,SUCCESS,SUCCESS,AUTHORIZED,CAPTURED,CANCELLED,CANCELLED,DELIVERED,200,1,ON_HOLD,INITIATED,NONE,247606,250042,164267,18,0,-0.5155,0.0389,1,0,ORDER_PAYMENT_CONFLICT
1249.64,EMI,KOTAK,PAYU,SUCCESS,SUCCESS,AUTHORIZED,CAPTURED,PENDING_PAYMENT,PROCESSING,RETRYING,200,1,PENDING,NONE,NONE,61005,66054,54928,8,0,0.136,0.053,1,0,DELAYED_CONFIRMATION
1837.59,UPI,KOTAK,RAZORPAY,DEBITED,TIMED_OUT,TIMEOUT,FAILED,CANCELLED,CANCELLED,DELIVERED,200,1,ON_HOLD,PROCESSED,CREDITED_TO_CUSTOMER,1009,61022,232982,20,0,-0.6172,0.0648,1,0,BANK_DEBIT_GATEWAY_FAILURE
3340.99,CREDIT_CARD,AXIS,BILLDESK,REVERSED,SUCCESS,AUTHORIZED,AUTO_REFUNDED,PENDING_PAYMENT,RETURNED,DELIVERED,0,1,ON_HOLD,MANUAL_INTERVENTION_REQUIRED,AWAITING_ACK,15206,72588,158572,14,2,-0.0454,0.0396,1,0,UNRESOLVED
1040.15,CREDIT_CARD,HDFC,CASHFREE,SUCCESS,SUCCESS,AUTHORIZED,CAPTURED,PAID,DELIVERED,DELIVERED,200,1,SETTLED,NONE,NONE,405,653,224494,13,1,-0.4526,0.0537,1,0,NORMAL
2141.04,CREDIT_CARD,KOTAK,RAZORPAY,SUCCESS,SUCCESS,AUTHORIZED,CAPTURED,PAID,PROCESSING,DELIVERED,200,1,PENDING,NONE,NONE,346,644,13045,12,0,0.1269,0.055,1,0,NORMAL
644.62,UPI,AXIS,PAYU,SUCCESS,SUCCESS,AUTHORIZED,CAPTURED,CANCELLED,CANCELLED,DELIVERED,200,1,ON_HOLD,INITIATED,NONE,329077,330704,183910,13,0,0.343,0.0383,1,0,ORDER_PAYMENT_CONFLICT
914.13,CREDIT_CARD,HDFC,BILLDESK,SUCCESS,SUCCESS,AUTHORIZED,CAPTURED,PAID,DELIVERED,DELIVERED,200,1,SETTLED,NONE,NONE,408,564,120024,20,0,-0.169,0.0481,1,0,NORMAL
535.3,EMI,AXIS,RAZORPAY,SUCCESS,SUCCESS,AUTHORIZED,CAPTURED,PAID,DELIVERED,DELIVERED,200,1,SETTLED,NONE,NONE,532,779,160454,12,0,0.2745,0.0413,1,0,NORMAL
6093.01,UPI,ICICI,STRIPE,SUCCESS,SUCCESS,AUTHORIZED,CAPTURED,PAID,PROCESSING,DELIVERED,200,3,PENDING,NONE,NONE,552,639,10395,19,0,1.1761,0.027,1,0,NORMAL
4065.46,UPI,AXIS,RAZORPAY,SUCCESS,SUCCESS,AUTHORIZED,CAPTURED,PAID,DELIVERED,DELIVERED,200,1,SETTLED,NONE,NONE,733,1004,225958,2,0,-0.153,0.0636,1,0,NORMAL
3946.95,DEBIT_CARD,SBI,CASHFREE,SUCCESS,SUCCESS,AUTHORIZED,CAPTURED,CANCELLED,CANCELLED,DELIVERED,200,1,ON_HOLD,INITIATED,NONE,249345,250855,252317,15,0,1.0773,0.0455,1,0,ORDER_PAYMENT_CONFLICT
20536.83,CREDIT_CARD,KOTAK,RAZORPAY,SUCCESS,SUCCESS,AUTHORIZED,CAPTURED,PAID,DELIVERED,DELIVERED,200,1,SETTLED,NONE,NONE,267,451,158511,22,1,4.8677,0.0496,1,0,NORMAL
2285.46,DEBIT_CARD,INDUSIND,PAYU,SUCCESS,SUCCESS,AUTHORIZED,CAPTURED,PAID,PROCESSING,DELIVERED,200,1,PENDING,NONE,NONE,452,748,4239,1,0,1.0777,0.0419,1,0,NORMAL
907.37,CREDIT_CARD,ICICI,CASHFREE,SUCCESS,SUCCESS,AUTHORIZED,CAPTURED,PENDING_PAYMENT,UNFULFILLED,FAILED,0,5,ON_HOLD,NONE,NONE,749,956,27633,3,0,1.1604,0.0366,1,0,MISSING_WEBHOOK
509.02,DEBIT_CARD,ICICI,PAYU,SUCCESS,SUCCESS,AUTHORIZED,CAPTURED,PAID,DELIVERED,DELIVERED,200,1,ON_HOLD,PROCESSED,CREDITED_TO_CUSTOMER,203,298,77823,8,3,0.0605,0.0395,1,1,DUPLICATE_PAYMENT
1012.97,UPI,INDUSIND,BILLDESK,SUCCESS,SUCCESS,AUTHORIZED,CAPTURED,PAID,DELIVERED,DELIVERED,200,1,SETTLED,NONE,NONE,744,954,258633,7,0,0.4069,0.0203,1,0,NORMAL
311.0,UPI,KOTAK,STRIPE,SUCCESS,SUCCESS,AUTHORIZED,CAPTURED,PAID,DELIVERED,DELIVERED,200,1,DISCREPANCY,NONE,NONE,281,504,118952,5,0,-0.5012,0.0224,1,0,SETTLEMENT_MISMATCH
326.25,UPI,INDUSIND,CASHFREE,SUCCESS,SUCCESS,AUTHORIZED,CAPTURED,PAID,PROCESSING,DELIVERED,200,1,PENDING,NONE,NONE,515,799,45506,8,0,-0.2232,0.0459,1,0,NORMAL
671.5,UPI,SBI,RAZORPAY,SUCCESS,SUCCESS,AUTHORIZED,CAPTURED,PAID,DELIVERED,DELIVERED,200,1,SETTLED,NONE,NONE,541,783,240522,19,0,-0.0674,0.0265,1,0,NORMAL
2382.57,UPI,ICICI,STRIPE,SUCCESS,SUCCESS,AUTHORIZED,CAPTURED,PAID,DELIVERED,DELIVERED,200,1,SETTLED,NONE,NONE,350,592,250471,6,0,0.254,0.0568,1,0,NORMAL
421.32,UPI,INDUSIND,STRIPE,SUCCESS,SUCCESS,AUTHORIZED,CAPTURED,PAID,PROCESSING,DELIVERED,200,1,PENDING,NONE,NONE,741,923,12956,23,0,0.0031,0.033,1,0,NORMAL
352.95,UPI,YES_BANK,CASHFREE,SUCCESS,SUCCESS,AUTHORIZED,CAPTURED,PAID,DELIVERED,DELIVERED,200,1,ON_HOLD,NONE,AWAITING_ACK,210,334,190048,16,4,-0.457,0.0228,1,1,DUPLICATE_PAYMENT
435.33,UPI,INDUSIND,STRIPE,SUCCESS,SUCCESS,AUTHORIZED,CAPTURED,CANCELLED,CANCELLED,DELIVERED,200,1,ON_HOLD,INITIATED,NONE,316207,318343,186812,3,0,-0.6042,0.0439,1,0,ORDER_PAYMENT_CONFLICT
5938.47,UPI,AXIS,RAZORPAY,SUCCESS,SUCCESS,AUTHORIZED,CAPTURED,PENDING_PAYMENT,UNFULFILLED,TIMED_OUT,0,3,PENDING,NONE,NONE,494,662,195780,10,0,0.6967,0.0483,1,0,MISSING_WEBHOOK
380.85,UPI,INDUSIND,STRIPE,SUCCESS,SUCCESS,AUTHORIZED,CAPTURED,PAID,PROCESSING,DELIVERED,200,1,PENDING,NONE,NONE,285,490,67625,22,0,-0.0932,0.0376,1,0,NORMAL
1847.24,UPI,HDFC,PAYU,SUCCESS,SUCCESS,AUTHORIZED,CAPTURED,PAID,DELIVERED,DELIVERED,200,1,SETTLED,NONE,NONE,415,664,249433,1,0,-0.4722,0.0491,1,0,NORMAL
3345.2,UPI,INDUSIND,PAYU,SUCCESS,SUCCESS,AUTHORIZED,CAPTURED,EXPIRED,UNFULFILLED,FAILED,502,4,ON_HOLD,NONE,NONE,523,810,140845,8,0,0.7606,0.059,1,0,MISSING_WEBHOOK
1037.24,NET_BANKING,AXIS,BILLDESK,PENDING,SUCCESS,AUTHORIZED,CAPTURED,PAID,PROCESSING,DELIVERED,200,2,PENDING,NONE,NONE,59917,64008,81833,9,0,-0.0571,0.0595,1,0,DELAYED_CONFIRMATION
2000.75,UPI,AXIS,PAYU,SUCCESS,SUCCESS,AUTHORIZED,CAPTURED,PENDING_PAYMENT,UNFULFILLED,DROPPED,502,2,ON_HOLD,NONE,NONE,564,711,238625,17,0,0.053,0.0462,1,0,MISSING_WEBHOOK
681.66,UPI,HDFC,STRIPE,SUCCESS,SUCCESS,AUTHORIZED,CAPTURED,PAID,DELIVERED,DELIVERED,200,1,SETTLED,NONE,NONE,603,757,189672,19,0,0.623,0.0454,1,0,NORMAL
1489.67,DEBIT_CARD,ICICI,BILLDESK,SUCCESS,FAILED,TIMEOUT,FAILED,CANCELLED,CANCELLED,DELIVERED,200,1,ON_HOLD,PROCESSED,CREDITED_TO_CUSTOMER,968,58517,160708,4,0,-0.5744,0.0398,1,0,BANK_DEBIT_GATEWAY_FAILURE
539.93,UPI,HDFC,CASHFREE,SUCCESS,SUCCESS,AUTHORIZED,CAPTURED,PAID,DELIVERED,DELIVERED,200,1,SETTLED,NONE,NONE,491,592,212666,4,0,-0.1693,0.028,1,0,NORMAL
4038.14,UPI,INDUSIND,CASHFREE,SUCCESS,SUCCESS,AUTHORIZED,CAPTURED,PAID,PROCESSING,DELIVERED,200,1,PENDING,NONE,NONE,342,590,1212,0,0,0.1538,0.0478,1,0,NORMAL
3439.18,DEBIT_CARD,SBI,RAZORPAY,SUCCESS,SUCCESS,AUTHORIZED,CAPTURED,REFUNDED,RETURNED,DELIVERED,200,1,REVERSED,PENDING,AWAITING_ACK,322,587,226730,13,0,-0.0174,0.0424,1,0,REFUND_UNCERTAINTY
1787.94,UPI,INDUSIND,RAZORPAY,SUCCESS,SUCCESS,AUTHORIZED,CAPTURED,PAID,DELIVERED,DELIVERED,200,1,DISCREPANCY,NONE,NONE,470,609,243190,12,0,0.652,0.0436,1,0,SETTLEMENT_MISMATCH
6692.92,UPI,PNB,RAZORPAY,PENDING,SUCCESS,AUTHORIZED,CAPTURED,PROCESSING,PROCESSING,DELIVERED,200,2,PENDING,NONE,NONE,71568,74702,71026,8,0,0.3944,0.0648,1,0,DELAYED_CONFIRMATION
1964.6,CREDIT_CARD,KOTAK,STRIPE,SUCCESS,SUCCESS,AUTHORIZED,CAPTURED,PAID,PROCESSING,DELIVERED,200,1,PENDING,NONE,NONE,617,861,542,14,0,0.034,0.0438,1,0,NORMAL
363.96,UPI,YES_BANK,RAZORPAY,SUCCESS,SUCCESS,AUTHORIZED,CAPTURED,CANCELLED,CANCELLED,DELIVERED,200,1,ON_HOLD,PROCESSED,NONE,264086,265155,240794,19,0,-0.4945,0.0396,1,0,ORDER_PAYMENT_CONFLICT
9705.93,UPI,SBI,PAYU,SUCCESS,SUCCESS,AUTHORIZED,CAPTURED,PAID,PROCESSING,DELIVERED,200,1,PENDING,NONE,NONE,285,376,82402,0,0,1.7731,0.0444,1,0,NORMAL
19579.34,UPI,PNB,CASHFREE,SUCCESS,SUCCESS,AUTHORIZED,CAPTURED,PAID,PROCESSING,DELIVERED,200,1,PENDING,NONE,NONE,2519,3111,35160,2,0,0.5663,0.0692,1,0,NORMAL
3122.27,UPI,PNB,STRIPE,SUCCESS,SUCCESS,AUTHORIZED,CAPTURED,PAID,PROCESSING,DELIVERED,200,1,PENDING,NONE,NONE,616,888,77779,1,0,-0.1079,0.0472,1,0,NORMAL
12509.95,CREDIT_CARD,PNB,STRIPE,SUCCESS,SUCCESS,AUTHORIZED,CAPTURED,PENDING_PAYMENT,UNFULFILLED,FAILED,502,5,ON_HOLD,NONE,NONE,685,836,155982,3,0,0.0008,0.0709,1,0,MISSING_WEBHOOK
732.53,DEBIT_CARD,KOTAK,BILLDESK,SUCCESS,SUCCESS,AUTHORIZED,CAPTURED,PAID,DELIVERED,DELIVERED,200,1,SETTLED,NONE,NONE,581,814,208892,15,0,0.0174,0.0376,1,0,NORMAL
11193.56,UPI,PNB,CASHFREE,SUCCESS,SUCCESS,AUTHORIZED,CAPTURED,PAID,DELIVERED,DELIVERED,200,1,SETTLED,NONE,NONE,608,868,159597,21,0,-0.1045,0.0747,1,0,NORMAL
1129.92,UPI,ICICI,STRIPE,SUCCESS,SUCCESS,AUTHORIZED,CAPTURED,PAID,PROCESSING,DELIVERED,200,1,PENDING,NONE,NONE,206,440,43006,5,0,-0.4053,0.0449,1,0,NORMAL
19472.73,UPI,KOTAK,RAZORPAY,SUCCESS,SUCCESS,AUTHORIZED,CAPTURED,PAID,PROCESSING,DELIVERED,200,1,PENDING,NONE,NONE,509,694,50322,10,0,0.5578,0.0771,1,0,NORMAL
1305.73,DEBIT_CARD,ICICI,BILLDESK,SUCCESS,FAILED,TIMEOUT,NOT_REQUESTED,CANCELLED,CANCELLED,FAILED,504,1,ON_HOLD,INITIATED,NOT_INITIATED,1149,90070,209709,0,0,2.1089,0.0462,1,0,BANK_DEBIT_GATEWAY_FAILURE
618.54,UPI,HDFC,CASHFREE,SUCCESS,SUCCESS,AUTHORIZED,CAPTURED,PAID,PROCESSING,DELIVERED,200,1,PENDING,NONE,NONE,567,806,51964,3,0,-0.0484,0.0299,1,0,NORMAL
1211.78,CREDIT_CARD,AXIS,PAYU,SUCCESS,SUCCESS,AUTHORIZED,CAPTURED,PAID,DELIVERED,DELIVERED,200,1,DISCREPANCY,NONE,NONE,658,803,116642,15,0,0.1279,0.0462,1,0,SETTLEMENT_MISMATCH
956.8,UPI,PNB,BILLDESK,SUCCESS,SUCCESS,AUTHORIZED,CAPTURED,PENDING_PAYMENT,UNFULFILLED,FAILED,504,5,ON_HOLD,NONE,NONE,560,678,36640,8,0,0.9933,0.0431,1,0,MISSING_WEBHOOK
3520.73,DEBIT_CARD,AXIS,BILLDESK,SUCCESS,SUCCESS,AUTHORIZED,CAPTURED,PAID,PROCESSING,DELIVERED,200,1,PENDING,NONE,NONE,1439,1946,26370,4,0,2.2007,0.0485,1,0,NORMAL
5896.11,UPI,INDUSIND,PAYU,SUCCESS,SUCCESS,AUTHORIZED,CAPTURED,PAID,DELIVERED,DELIVERED,200,1,SETTLED,NONE,NONE,539,726,176613,9,0,-0.5283,0.0695,1,0,NORMAL
921.88,UPI,KOTAK,PAYU,SUCCESS,SUCCESS,AUTHORIZED,CAPTURED,REFUNDED,RETURNED,DELIVERED,200,1,REVERSED,MANUAL_INTERVENTION_REQUIRED,AWAITING_ACK,709,947,57199,7,0,0.9206,0.0475,1,0,REFUND_UNCERTAINTY
557.97,CREDIT_CARD,YES_BANK,CASHFREE,SUCCESS,SUCCESS,AUTHORIZED,CAPTURED,PAID,DELIVERED,DELIVERED,200,1,ON_HOLD,NONE,AWAITING_ACK,592,771,33797,19,2,0.3285,0.0437,1,1,DUPLICATE_PAYMENT
12439.3,UPI,ICICI,STRIPE,SUCCESS,SUCCESS,AUTHORIZED,CAPTURED,CANCELLED,UNFULFILLED,DROPPED,0,3,ON_HOLD,NONE,NONE,612,902,246836,17,0,-0.0049,0.0731,1,0,MISSING_WEBHOOK
1300.59,DEBIT_CARD,SBI,STRIPE,PENDING,SUCCESS,AUTHORIZED,FAILED,PAID,UNFULFILLED,DELIVERED,504,1,DISCREPANCY,FAILED,NOT_INITIATED,5925,69250,53924,11,3,1.0009,0.0307,1,0,UNRESOLVED
1082.89,UPI,AXIS,RAZORPAY,SUCCESS,SUCCESS,AUTHORIZED,CAPTURED,PENDING_PAYMENT,UNFULFILLED,DROPPED,504,3,ON_HOLD,NONE,NONE,256,519,40800,22,0,0.504,0.0361,1,0,MISSING_WEBHOOK
2596.49,UPI,AXIS,RAZORPAY,SUCCESS,SUCCESS,AUTHORIZED,CAPTURED,PAID,DELIVERED,DELIVERED,200,1,DISCREPANCY,NONE,NONE,711,869,247349,15,0,-0.2238,0.0448,1,0,SETTLEMENT_MISMATCH
3277.75,UPI,AXIS,RAZORPAY,SUCCESS,SUCCESS,AUTHORIZED,CAPTURED,PAID,DELIVERED,DELIVERED,200,3,SETTLED,NONE,NONE,115,407,147038,20,0,0.1706,0.027,1,0,NORMAL
13942.56,UPI,YES_BANK,PAYU,DEBITED,FAILED,TIMEOUT,FAILED,CANCELLED,CANCELLED,FAILED,0,1,ON_HOLD,NONE,NOT_INITIATED,935,81199,232187,16,0,2.9836,0.0318,1,0,BANK_DEBIT_GATEWAY_FAILURE
7367.04,EMI,AXIS,PAYU,SUCCESS,SUCCESS,AUTHORIZED,CAPTURED,PAID,DELIVERED,DELIVERED,200,1,SETTLED,NONE,NONE,262,509,217101,21,1,0.5348,0.0613,1,0,NORMAL
176.51,DEBIT_CARD,INDUSIND,BILLDESK,SUCCESS,SUCCESS,AUTHORIZED,CAPTURED,PAID,DELIVERED,DELIVERED,200,1,SETTLED,NONE,NONE,280,394,211627,10,0,-0.7284,0.0227,1,0,NORMAL
3959.92,NET_BANKING,ICICI,BILLDESK,SUCCESS,SUCCESS,AUTHORIZED,CAPTURED,REFUNDED,RETURNED,DELIVERED,200,1,REVERSED,PENDING,AWAITING_ACK,700,822,253059,7,0,1.0842,0.0576,1,0,REFUND_UNCERTAINTY
5342.54,DEBIT_CARD,INDUSIND,CASHFREE,DEBITED,FAILED,TIMEOUT,FAILED,EXPIRED,CANCELLED,NONE,504,1,ON_HOLD,NONE,NOT_INITIATED,1457,63155,3328,20,0,0.113,0.0642,1,0,BANK_DEBIT_GATEWAY_FAILURE
188.78,UPI,INDUSIND,RAZORPAY,SUCCESS,FAILED,TIMEOUT,FAILED,CANCELLED,CANCELLED,FAILED,0,1,ON_HOLD,INITIATED,NOT_INITIATED,1312,90389,215559,2,0,-0.5505,0.0384,1,0,BANK_DEBIT_GATEWAY_FAILURE
3738.76,UPI,AXIS,PAYU,SUCCESS,SUCCESS,AUTHORIZED,CAPTURED,CANCELLED,CANCELLED,DELIVERED,200,1,ON_HOLD,PROCESSED,NONE,313891,314827,169870,19,0,-0.2211,0.0519,1,0,ORDER_PAYMENT_CONFLICT
1531.43,CREDIT_CARD,PNB,BILLDESK,SUCCESS,SUCCESS,AUTHORIZED,CAPTURED,PAID,DELIVERED,DELIVERED,200,1,SETTLED,NONE,NONE,4174,4759,247390,23,0,0.3922,0.0575,1,0,NORMAL
12632.8,UPI,YES_BANK,CASHFREE,SUCCESS,FAILED,TIMEOUT,FAILED,CANCELLED,CANCELLED,DELIVERED,200,1,ON_HOLD,NONE,NOT_INITIATED,1050,61101,19360,10,0,0.0106,0.0792,1,0,BANK_DEBIT_GATEWAY_FAILURE
442.04,UPI,KOTAK,BILLDESK,DEBITED,FAILED,FAILED,NOT_REQUESTED,CANCELLED,CANCELLED,NONE,504,1,ON_HOLD,PROCESSED,CREDITED_TO_CUSTOMER,707,92954,116340,5,0,-0.0791,0.0445,1,0,BANK_DEBIT_GATEWAY_FAILURE
9565.66,UPI,AXIS,BILLDESK,SUCCESS,SUCCESS,AUTHORIZED,CAPTURED,PAID,DELIVERED,DELIVERED,200,1,SETTLED,NONE,NONE,611,825,152326,2,0,0.9928,0.0608,1,0,NORMAL
517.05,DEBIT_CARD,INDUSIND,RAZORPAY,SUCCESS,SUCCESS,AUTHORIZED,CAPTURED,PAID,DELIVERED,DELIVERED,200,1,SETTLED,NONE,NONE,270,431,176846,23,0,0.2311,0.0316,1,0,NORMAL
1277.97,UPI,AXIS,BILLDESK,SUCCESS,SUCCESS,AUTHORIZED,CAPTURED,PAID,DELIVERED,DELIVERED,200,1,SETTLED,NONE,NONE,3953,4713,107805,12,0,-0.7338,0.0551,1,0,NORMAL
682.75,UPI,AXIS,PAYU,SUCCESS,FAILED,FAILED,FAILED,FAILED,RETURNED,RETRYING,500,1,FAILED,PENDING,REJECTED_BY_BANK,16754,61590,200671,4,2,-0.0517,0.021,1,0,UNRESOLVED
562.84,UPI,KOTAK,CASHFREE,SUCCESS,SUCCESS,AUTHORIZED,CAPTURED,PAID,DELIVERED,DELIVERED,200,1,SETTLED,NONE,NONE,598,875,202703,5,0,0.1726,0.0405,1,0,NORMAL
3483.89,UPI,INDUSIND,PAYU,SUCCESS,SUCCESS,AUTHORIZED,CAPTURED,CANCELLED,CANCELLED,DELIVERED,200,1,ON_HOLD,NONE,NONE,270723,271973,168261,11,0,-0.0046,0.0315,1,0,ORDER_PAYMENT_CONFLICT
3542.48,UPI,SBI,STRIPE,SUCCESS,SUCCESS,AUTHORIZED,CAPTURED,PAID,DELIVERED,DELIVERED,200,1,DISCREPANCY,NONE,NONE,626,826,200790,19,0,0.0409,0.0375,1,0,SETTLEMENT_MISMATCH
605.92,UPI,ICICI,CASHFREE,SUCCESS,FAILED,TIMEOUT,FAILED,FAILED,CANCELLED,FAILED,0,1,ON_HOLD,NONE,NOT_INITIATED,684,65392,31876,9,0,-0.4492,0.0539,1,0,BANK_DEBIT_GATEWAY_FAILURE
1373.13,NET_BANKING,PNB,STRIPE,SUCCESS,SUCCESS,AUTHORIZED,CAPTURED,PAID,DELIVERED,DELIVERED,200,1,SETTLED,NONE,NONE,643,903,95988,15,0,0.2483,0.0532,1,0,NORMAL
2003.96,UPI,YES_BANK,CASHFREE,SUCCESS,SUCCESS,AUTHORIZED,CAPTURED,PAID,DELIVERED,DELIVERED,200,1,SETTLED,NONE,NONE,577,706,174849,19,0,-0.2843,0.0199,1,0,NORMAL
3457.37,NET_BANKING,KOTAK,CASHFREE,SUCCESS,FAILED,FAILED,FAILED,CANCELLED,CANCELLED,DELIVERED,200,1,ON_HOLD,NONE,NOT_INITIATED,701,67546,109157,7,0,0.2348,0.0124,1,0,BANK_DEBIT_GATEWAY_FAILURE
267.94,UPI,PNB,BILLDESK,SUCCESS,SUCCESS,AUTHORIZED,CAPTURED,REFUNDED,RETURNED,DELIVERED,200,1,REVERSED,MANUAL_INTERVENTION_REQUIRED,AWAITING_ACK,675,791,184386,22,0,-0.362,0.0316,1,0,REFUND_UNCERTAINTY
830.31,UPI,ICICI,STRIPE,SUCCESS,FAILED,TIMEOUT,FAILED,CANCELLED,CANCELLED,FAILED,500,1,ON_HOLD,PROCESSED,CREDITED_TO_CUSTOMER,751,72369,193971,5,0,0.2774,0.0308,1,0,BANK_DEBIT_GATEWAY_FAILURE
2454.68,UPI,KOTAK,STRIPE,SUCCESS,SUCCESS,AUTHORIZED,CAPTURED,PAID,DELIVERED,DELIVERED,200,1,DISCREPANCY,NONE,NONE,272,503,40345,8,0,-0.2285,0.0362,1,0,SETTLEMENT_MISMATCH
306.35,NET_BANKING,HDFC,STRIPE,SUCCESS,SUCCESS,AUTHORIZED,CAPTURED,PAID,PROCESSING,DELIVERED,200,1,PENDING,NONE,NONE,395,607,81110,20,0,-0.7215,0.0444,1,0,NORMAL
3481.33,UPI,HDFC,CASHFREE,SUCCESS,SUCCESS,AUTHORIZED,CAPTURED,PAID,PROCESSING,DELIVERED,200,1,PENDING,NONE,NONE,294,399,57765,2,0,-0.2747,0.0577,1,0,NORMAL
2375.66,UPI,ICICI,PAYU,SUCCESS,TIMED_OUT,TIMEOUT,FAILED,EXPIRED,CANCELLED,DELIVERED,200,1,ON_HOLD,PROCESSED,CREDITED_TO_CUSTOMER,936,94066,119812,21,0,-0.5051,0.0628,1,0,BANK_DEBIT_GATEWAY_FAILURE
584.87,DEBIT_CARD,SBI,STRIPE,DEBITED,PENDING,FAILED,NOT_REQUESTED,EXPIRED,CANCELLED,FAILED,0,1,ON_HOLD,PROCESSED,CREDITED_TO_CUSTOMER,875,52305,232508,17,0,-0.1877,0.0288,1,0,BANK_DEBIT_GATEWAY_FAILURE
491.51,CREDIT_CARD,SBI,PAYU,SUCCESS,SUCCESS,AUTHORIZED,CAPTURED,PAID,PROCESSING,DELIVERED,200,1,PENDING,NONE,NONE,200,341,13598,22,0,-0.2438,0.0208,1,0,NORMAL
192.78,UPI,SBI,CASHFREE,SUCCESS,FAILED,TIMEOUT,FAILED,CANCELLED,CANCELLED,DELIVERED,200,1,ON_HOLD,INITIATED,NOT_INITIATED,1155,81404,88700,18,0,-0.7323,0.0236,1,0,BANK_DEBIT_GATEWAY_FAILURE
800.51,CREDIT_CARD,KOTAK,RAZORPAY,SUCCESS,SUCCESS,AUTHORIZED,CAPTURED,PAID,DELIVERED,DELIVERED,200,2,SETTLED,NONE,NONE,423,610,138917,6,0,0.6677,0.03,1,0,NORMAL
938.57,UPI,INDUSIND,PAYU,SUCCESS,SUCCESS,AUTHORIZED,CAPTURED,PAID,DELIVERED,DELIVERED,200,1,SETTLED,NONE,NONE,3818,4130,132592,11,0,-0.1468,0.0529,1,0,NORMAL
445.03,UPI,YES_BANK,PAYU,SUCCESS,SUCCESS,AUTHORIZED,CAPTURED,CANCELLED,CANCELLED,DELIVERED,200,1,ON_HOLD,PROCESSED,NONE,265345,266312,71191,23,0,-0.3153,0.0391,1,0,ORDER_PAYMENT_CONFLICT
5401.8,DEBIT_CARD,KOTAK,STRIPE,SUCCESS,SUCCESS,AUTHORIZED,CAPTURED,PAID,DELIVERED,DELIVERED,200,1,SETTLED,NONE,NONE,424,574,164328,15,0,0.1254,0.059,1,0,NORMAL
887.78,UPI,YES_BANK,PAYU,SUCCESS,SUCCESS,AUTHORIZED,CAPTURED,PAID,DELIVERED,DELIVERED,200,1,DISCREPANCY,NONE,NONE,664,898,133915,17,0,-0.4535,0.0505,1,0,SETTLEMENT_MISMATCH
12167.8,CREDIT_CARD,HDFC,STRIPE,DEBITED,FAILED,FAILED,FAILED,CANCELLED,CANCELLED,DELIVERED,200,1,ON_HOLD,INITIATED,NOT_INITIATED,1278,72797,206221,8,0,-0.0266,0.0684,1,0,BANK_DEBIT_GATEWAY_FAILURE
920.14,WALLET,AXIS,RAZORPAY,SUCCESS,SUCCESS,AUTHORIZED,CAPTURED,PAID,PROCESSING,DELIVERED,200,1,PENDING,NONE,NONE,482,592,8182,0,0,-0.1635,0.0528,1,0,NORMAL
263.58,CREDIT_CARD,KOTAK,BILLDESK,SUCCESS,SUCCESS,AUTHORIZED,CAPTURED,PENDING_PAYMENT,UNFULFILLED,FAILED,404,2,PENDING,NONE,NONE,481,696,50932,17,0,-0.3724,0.0466,1,0,MISSING_WEBHOOK
2146.65,UPI,PNB,CASHFREE,SUCCESS,SUCCESS,AUTHORIZED,CAPTURED,PAID,DELIVERED,DELIVERED,200,1,DISCREPANCY,NONE,NONE,454,536,37111,3,0,-0.3643,0.0331,1,0,SETTLEMENT_MISMATCH
544.89,UPI,ICICI,PAYU,SUCCESS,SUCCESS,AUTHORIZED,CAPTURED,PAID,DELIVERED,DELIVERED,200,1,SETTLED,NONE,NONE,530,631,248746,0,0,-0.1617,0.0303,1,0,NORMAL
347.86,UPI,KOTAK,BILLDESK,SUCCESS,SUCCESS,AUTHORIZED,CAPTURED,PAID,DELIVERED,DELIVERED,200,1,SETTLED,NONE,NONE,526,779,203051,13,0,-0.6838,0.0522,1,0,NORMAL
2676.44,UPI,KOTAK,BILLDESK,SUCCESS,SUCCESS,AUTHORIZED,CAPTURED,PENDING_PAYMENT,UNFULFILLED,DROPPED,500,5,PENDING,NONE,NONE,476,573,165402,14,0,1.4331,0.0441,1,0,MISSING_WEBHOOK
752.18,UPI,PNB,PAYU,DEBITED,FAILED,FAILED,NOT_REQUESTED,CANCELLED,CANCELLED,NONE,500,1,ON_HOLD,PROCESSED,CREDITED_TO_CUSTOMER,1103,57183,38304,7,0,0.0447,0.0237,1,0,BANK_DEBIT_GATEWAY_FAILURE
5874.53,CREDIT_CARD,INDUSIND,STRIPE,SUCCESS,SUCCESS,AUTHORIZED,CAPTURED,PAID,DELIVERED,DELIVERED,200,2,SETTLED,NONE,NONE,396,496,177690,6,0,-0.53,0.0608,1,0,NORMAL
2608.51,UPI,ICICI,BILLDESK,SUCCESS,SUCCESS,AUTHORIZED,CAPTURED,PAID,DELIVERED,DELIVERED,200,1,SETTLED,NONE,NONE,487,751,214553,19,0,-0.0684,0.0285,1,0,NORMAL
7311.74,CREDIT_CARD,ICICI,CASHFREE,SUCCESS,SUCCESS,AUTHORIZED,CAPTURED,PAID,DELIVERED,DELIVERED,200,1,DISCREPANCY,NONE,NONE,725,897,207341,17,0,-0.3605,0.0611,1,0,SETTLEMENT_MISMATCH
330.74,EMI,YES_BANK,STRIPE,SUCCESS,SUCCESS,AUTHORIZED,CAPTURED,EXPIRED,UNFULFILLED,DROPPED,504,2,ON_HOLD,NONE,NONE,264,473,246987,15,0,-0.4912,0.0333,1,0,MISSING_WEBHOOK
363.4,DEBIT_CARD,KOTAK,BILLDESK,SUCCESS,SUCCESS,AUTHORIZED,CAPTURED,PAID,DELIVERED,DELIVERED,200,1,SETTLED,NONE,NONE,200,379,123803,21,0,-0.1348,0.041,1,0,NORMAL
877.76,CREDIT_CARD,PNB,BILLDESK,SUCCESS,SUCCESS,AUTHORIZED,CAPTURED,PAID,PROCESSING,DELIVERED,200,1,PENDING,NONE,NONE,269,524,63320,12,0,0.3504,0.0341,1,0,NORMAL
347.61,UPI,ICICI,STRIPE,REVERSED,PENDING,TIMEOUT,CAPTURED,PAID,RETURNED,RETRYING,504,1,ON_HOLD,FAILED,AWAITING_ACK,61780,47303,28612,1,3,-0.1724,0.0374,1,0,UNRESOLVED
506.25,CREDIT_CARD,HDFC,PAYU,SUCCESS,SUCCESS,AUTHORIZED,CAPTURED,PAID,DELIVERED,DELIVERED,200,1,SETTLED,NONE,NONE,406,603,124474,0,0,0.2054,0.0361,1,0,NORMAL
306.4,UPI,ICICI,RAZORPAY,SUCCESS,SUCCESS,AUTHORIZED,CAPTURED,PAID,DELIVERED,DELIVERED,200,1,SETTLED,NONE,NONE,378,600,227606,23,0,-0.5744,0.0369,1,0,NORMAL
15158.22,CREDIT_CARD,SBI,CASHFREE,SUCCESS,SUCCESS,AUTHORIZED,CAPTURED,PAID,DELIVERED,DELIVERED,200,1,SETTLED,NONE,NONE,2971,3747,104242,2,0,0.2127,0.0696,1,0,NORMAL
373.05,CREDIT_CARD,AXIS,CASHFREE,SUCCESS,SUCCESS,AUTHORIZED,CAPTURED,PAID,PROCESSING,DELIVERED,200,1,PENDING,NONE,NONE,736,922,34376,11,1,-0.4261,0.0263,1,0,NORMAL
2173.9,CREDIT_CARD,YES_BANK,PAYU,SUCCESS,SUCCESS,AUTHORIZED,CAPTURED,PAID,DELIVERED,DELIVERED,200,1,SETTLED,NONE,NONE,370,643,130366,19,0,0.1442,0.042,1,0,NORMAL
4928.66,UPI,INDUSIND,BILLDESK,SUCCESS,FAILED,TIMEOUT,NOT_REQUESTED,CANCELLED,CANCELLED,FAILED,504,1,ON_HOLD,INITIATED,NOT_INITIATED,309,63299,194264,22,0,0.4082,0.0324,1,0,BANK_DEBIT_GATEWAY_FAILURE
332.45,UPI,KOTAK,BILLDESK,SUCCESS,SUCCESS,AUTHORIZED,CAPTURED,PAID,PROCESSING,RETRYING,200,2,SETTLED,NONE,NONE,87563,93342,129615,6,0,-0.3074,0.0492,1,0,DELAYED_CONFIRMATION
414.62,UPI,AXIS,CASHFREE,SUCCESS,SUCCESS,AUTHORIZED,CAPTURED,CANCELLED,UNFULFILLED,TIMED_OUT,502,3,ON_HOLD,NONE,NONE,196,341,153697,14,0,-0.3621,0.0297,1,0,MISSING_WEBHOOK
632.49,CREDIT_CARD,AXIS,BILLDESK,SUCCESS,SUCCESS,AUTHORIZED,CAPTURED,PAID,DELIVERED,DELIVERED,200,1,SETTLED,NONE,NONE,433,674,157963,15,1,-0.0269,0.0361,1,0,NORMAL
705.07,DEBIT_CARD,KOTAK,STRIPE,SUCCESS,SUCCESS,AUTHORIZED,CAPTURED,PAID,DELIVERED,DELIVERED,200,1,SETTLED,NONE,NONE,4362,4731,214282,16,0,0.4689,0.0415,1,0,NORMAL
1044.0,UPI,AXIS,CASHFREE,SUCCESS,SUCCESS,AUTHORIZED,CAPTURED,CANCELLED,CANCELLED,DELIVERED,200,1,ON_HOLD,INITIATED,NONE,264571,265303,210139,22,0,-0.0509,0.0553,1,0,ORDER_PAYMENT_CONFLICT
310.82,CREDIT_CARD,HDFC,STRIPE,SUCCESS,SUCCESS,AUTHORIZED,CAPTURED,PAID,DELIVERED,DELIVERED,200,1,ON_HOLD,NONE,AWAITING_ACK,304,497,10638,9,4,-0.5683,0.0335,1,1,DUPLICATE_PAYMENT
1744.92,CREDIT_CARD,ICICI,CASHFREE,SUCCESS,SUCCESS,AUTHORIZED,CAPTURED,PAID,DELIVERED,DELIVERED,200,1,SETTLED,NONE,NONE,2108,2787,242739,15,1,1.4235,0.0278,1,0,NORMAL
1272.31,WALLET,KOTAK,BILLDESK,SUCCESS,SUCCESS,AUTHORIZED,CAPTURED,PAID,PROCESSING,DELIVERED,200,1,PENDING,NONE,NONE,690,848,67825,0,0,1.6506,0.0347,1,0,NORMAL
596.22,UPI,ICICI,PAYU,SUCCESS,SUCCESS,AUTHORIZED,CAPTURED,PAID,DELIVERED,DELIVERED,200,1,SETTLED,NONE,NONE,415,609,126948,20,0,0.4196,0.0372,1,0,NORMAL
419.98,UPI,ICICI,BILLDESK,SUCCESS,SUCCESS,AUTHORIZED,CAPTURED,PAID,PROCESSING,DELIVERED,200,1,PENDING,NONE,NONE,212,438,25917,6,0,-0.4167,0.0236,1,0,NORMAL
3115.74,UPI,ICICI,PAYU,SUCCESS,SUCCESS,AUTHORIZED,CAPTURED,PAID,DELIVERED,DELIVERED,200,1,SETTLED,NONE,NONE,2074,2712,100945,12,0,-0.1098,0.0356,1,0,NORMAL
2560.8,NET_BANKING,HDFC,PAYU,SUCCESS,SUCCESS,AUTHORIZED,CAPTURED,PAID,DELIVERED,DELIVERED,200,1,DISCREPANCY,NONE,NONE,110,390,169725,1,0,-0.4442,0.0659,1,0,SETTLEMENT_MISMATCH
3471.64,UPI,HDFC,RAZORPAY,SUCCESS,SUCCESS,AUTHORIZED,CAPTURED,PAID,DELIVERED,DELIVERED,200,1,DISCREPANCY,NONE,NONE,312,611,168026,13,0,0.2864,0.0256,1,0,SETTLEMENT_MISMATCH
476.56,UPI,AXIS,RAZORPAY,SUCCESS,SUCCESS,AUTHORIZED,CAPTURED,PAID,PROCESSING,DELIVERED,200,1,PENDING,NONE,NONE,659,948,56688,21,0,-0.2668,0.0215,1,0,NORMAL
853.9,CREDIT_CARD,AXIS,CASHFREE,SUCCESS,SUCCESS,AUTHORIZED,CAPTURED,PAID,DELIVERED,DELIVERED,200,1,SETTLED,NONE,NONE,196,412,235347,3,0,0.3137,0.0218,1,0,NORMAL
422.3,NET_BANKING,INDUSIND,BILLDESK,SUCCESS,SUCCESS,AUTHORIZED,CAPTURED,PROCESSING,PROCESSING,DELIVERED,200,1,SETTLED,NONE,NONE,85560,88601,178422,7,0,-0.1202,0.0392,1,0,DELAYED_CONFIRMATION
5970.3,WALLET,KOTAK,PAYU,REVERSED,SUCCESS,TIMEOUT,FAILED,CANCELLED,RETURNED,DELIVERED,200,1,FAILED,FAILED,NOT_INITIATED,11740,79120,196967,18,1,0.7058,0.0387,1,0,UNRESOLVED
1831.02,UPI,AXIS,STRIPE,SUCCESS,SUCCESS,AUTHORIZED,CAPTURED,PAID,DELIVERED,DELIVERED,200,1,ON_HOLD,INITIATED,AWAITING_ACK,494,713,179574,23,3,-0.3461,0.0132,1,1,DUPLICATE_PAYMENT
1613.08,UPI,KOTAK,BILLDESK,SUCCESS,SUCCESS,AUTHORIZED,CAPTURED,EXPIRED,CANCELLED,DELIVERED,200,1,ON_HOLD,INITIATED,NONE,348127,350412,194324,8,0,-0.151,0.0554,1,0,ORDER_PAYMENT_CONFLICT
1203.81,EMI,HDFC,CASHFREE,SUCCESS,SUCCESS,AUTHORIZED,CAPTURED,PAID,PROCESSING,DELIVERED,200,1,PENDING,NONE,NONE,711,991,12132,9,0,0.0944,0.0434,1,0,NORMAL
203.19,UPI,YES_BANK,STRIPE,SUCCESS,SUCCESS,AUTHORIZED,CAPTURED,CANCELLED,CANCELLED,DELIVERED,200,1,ON_HOLD,INITIATED,NONE,298945,300965,189642,3,0,-0.5162,0.046,1,0,ORDER_PAYMENT_CONFLICT
1239.46,UPI,HDFC,BILLDESK,SUCCESS,SUCCESS,AUTHORIZED,CAPTURED,PAID,DELIVERED,DELIVERED,200,1,SETTLED,NONE,NONE,351,504,253480,17,0,0.1268,0.0519,1,0,NORMAL
8976.53,UPI,ICICI,RAZORPAY,SUCCESS,SUCCESS,AUTHORIZED,CAPTURED,PAID,PROCESSING,DELIVERED,200,1,PENDING,NONE,NONE,271,457,42470,20,0,-0.2819,0.0707,1,0,NORMAL
3100.96,NET_BANKING,INDUSIND,CASHFREE,SUCCESS,SUCCESS,AUTHORIZED,CAPTURED,PAID,DELIVERED,DELIVERED,200,1,ON_HOLD,INITIATED,AWAITING_ACK,677,972,245090,3,2,-0.354,0.0621,1,1,DUPLICATE_PAYMENT
915.89,CREDIT_CARD,ICICI,BILLDESK,SUCCESS,SUCCESS,AUTHORIZED,CAPTURED,EXPIRED,UNFULFILLED,TIMED_OUT,504,4,ON_HOLD,NONE,NONE,384,536,125041,21,0,0.9081,0.0395,1,0,MISSING_WEBHOOK
847.66,UPI,YES_BANK,PAYU,SUCCESS,SUCCESS,AUTHORIZED,CAPTURED,CANCELLED,CANCELLED,DELIVERED,200,1,ON_HOLD,INITIATED,NONE,264784,266864,248101,0,0,-0.5539,0.0552,1,0,ORDER_PAYMENT_CONFLICT
6816.66,CREDIT_CARD,INDUSIND,STRIPE,SUCCESS,SUCCESS,AUTHORIZED,CAPTURED,PAID,PROCESSING,RETRYING,200,1,SETTLED,NONE,NONE,40633,43386,141570,9,0,-0.4547,0.0717,1,0,DELAYED_CONFIRMATION
5802.62,CREDIT_CARD,PNB,BILLDESK,SUCCESS,SUCCESS,AUTHORIZED,CAPTURED,PAID,DELIVERED,DELIVERED,200,1,SETTLED,NONE,NONE,182,275,101053,16,0,0.2089,0.0633,1,0,NORMAL
427.19,NET_BANKING,INDUSIND,CASHFREE,SUCCESS,SUCCESS,AUTHORIZED,CAPTURED,PAID,DELIVERED,DELIVERED,200,1,SETTLED,NONE,NONE,542,638,178814,2,0,-0.6116,0.053,1,0,NORMAL
15193.02,CREDIT_CARD,ICICI,RAZORPAY,SUCCESS,FAILED,FAILED,FAILED,CANCELLED,CANCELLED,DELIVERED,200,1,ON_HOLD,NONE,NOT_INITIATED,383,58046,114181,15,0,2.1652,0.0588,1,0,BANK_DEBIT_GATEWAY_FAILURE
1478.85,NET_BANKING,YES_BANK,STRIPE,SUCCESS,SUCCESS,AUTHORIZED,CAPTURED,CANCELLED,UNFULFILLED,FAILED,404,5,ON_HOLD,NONE,NONE,691,823,204134,9,0,2.5211,0.0343,1,0,MISSING_WEBHOOK
776.7,UPI,ICICI,CASHFREE,SUCCESS,SUCCESS,AUTHORIZED,CAPTURED,EXPIRED,UNFULFILLED,DROPPED,0,2,ON_HOLD,NONE,NONE,661,754,72957,5,0,-0.2939,0.0532,1,0,MISSING_WEBHOOK
340.84,EMI,ICICI,PAYU,SUCCESS,SUCCESS,AUTHORIZED,CAPTURED,PENDING_PAYMENT,UNFULFILLED,DROPPED,404,5,ON_HOLD,NONE,NONE,220,470,71878,18,0,-0.2899,0.0323,1,0,MISSING_WEBHOOK
1845.09,UPI,ICICI,RAZORPAY,SUCCESS,SUCCESS,AUTHORIZED,CAPTURED,PAID,DELIVERED,DELIVERED,200,1,SETTLED,NONE,NONE,186,300,91836,0,0,1.8386,0.0233,1,0,NORMAL
845.4,UPI,INDUSIND,CASHFREE,SUCCESS,SUCCESS,AUTHORIZED,CAPTURED,PAID,DELIVERED,DELIVERED,200,1,DISCREPANCY,NONE,NONE,546,830,147171,11,0,1.0656,0.0322,1,0,SETTLEMENT_MISMATCH
445.48,CREDIT_CARD,SBI,RAZORPAY,SUCCESS,SUCCESS,AUTHORIZED,CAPTURED,CANCELLED,CANCELLED,DELIVERED,200,1,ON_HOLD,PROCESSED,NONE,260746,262306,119494,9,0,-0.595,0.0521,1,0,ORDER_PAYMENT_CONFLICT
1012.28,UPI,INDUSIND,PAYU,SUCCESS,SUCCESS,AUTHORIZED,CAPTURED,PAID,DELIVERED,DELIVERED,200,1,ON_HOLD,NONE,AWAITING_ACK,220,476,113631,0,3,-0.0797,0.0537,1,1,DUPLICATE_PAYMENT
1340.69,DEBIT_CARD,YES_BANK,BILLDESK,SUCCESS,SUCCESS,AUTHORIZED,CAPTURED,CANCELLED,UNFULFILLED,FAILED,502,3,ON_HOLD,NONE,NONE,593,763,48046,13,0,1.0626,0.0295,1,0,MISSING_WEBHOOK
4630.3,UPI,YES_BANK,PAYU,PENDING,PENDING,NONE,AUTO_REFUNDED,FAILED,CANCELLED,FAILED,500,1,FAILED,FAILED,REJECTED_BY_BANK,94573,32959,146853,11,1,0.3229,0.039,1,0,UNRESOLVED
177.19,CREDIT_CARD,KOTAK,CASHFREE,SUCCESS,SUCCESS,AUTHORIZED,CAPTURED,CANCELLED,CANCELLED,DELIVERED,200,1,ON_HOLD,PROCESSED,NONE,297096,298419,46185,16,0,-0.5781,0.0437,1,0,ORDER_PAYMENT_CONFLICT
2667.07,UPI,PNB,CASHFREE,DEBITED,FAILED,TIMEOUT,FAILED,PAID,DELIVERED,RETRYING,404,1,ON_HOLD,FAILED,REJECTED_BY_BANK,2227,56667,113468,23,3,-0.0475,0.0247,1,0,UNRESOLVED
105.05,UPI,HDFC,BILLDESK,SUCCESS,SUCCESS,AUTHORIZED,CAPTURED,PAID,PROCESSING,DELIVERED,200,1,SETTLED,NONE,NONE,97850,101763,101339,9,0,-0.7811,0.0387,1,0,DELAYED_CONFIRMATION
686.79,CREDIT_CARD,ICICI,BILLDESK,SUCCESS,SUCCESS,AUTHORIZED,CAPTURED,PAID,PROCESSING,DELIVERED,200,1,PENDING,NONE,NONE,519,618,80357,13,0,0.0566,0.0297,1,0,NORMAL
12208.64,UPI,INDUSIND,PAYU,SUCCESS,SUCCESS,AUTHORIZED,CAPTURED,PAID,DELIVERED,DELIVERED,200,2,SETTLED,NONE,NONE,596,768,218103,18,0,-0.0233,0.0616,1,0,NORMAL
1567.63,UPI,SBI,BILLDESK,SUCCESS,TIMED_OUT,TIMEOUT,NOT_REQUESTED,EXPIRED,CANCELLED,DELIVERED,200,1,ON_HOLD,INITIATED,NOT_INITIATED,585,54308,208831,5,0,0.4251,0.0467,1,0,BANK_DEBIT_GATEWAY_FAILURE
703.98,CREDIT_CARD,AXIS,PAYU,SUCCESS,SUCCESS,AUTHORIZED,CAPTURED,PAID,PROCESSING,DELIVERED,200,1,PENDING,NONE,NONE,377,527,3733,20,0,0.083,0.027,1,0,NORMAL
456.46,UPI,KOTAK,STRIPE,SUCCESS,SUCCESS,AUTHORIZED,CAPTURED,EXPIRED,UNFULFILLED,TIMED_OUT,404,5,PENDING,NONE,NONE,244,349,229328,3,0,-0.2978,0.0331,1,0,MISSING_WEBHOOK
2548.41,UPI,SBI,STRIPE,SUCCESS,SUCCESS,AUTHORIZED,CAPTURED,PAID,DELIVERED,DELIVERED,200,1,ON_HOLD,NONE,AWAITING_ACK,678,888,187716,21,2,2.9206,0.0259,1,1,DUPLICATE_PAYMENT
434.09,UPI,KOTAK,PAYU,SUCCESS,PENDING,TIMEOUT,FAILED,FAILED,CANCELLED,DROPPED,404,1,FAILED,MANUAL_INTERVENTION_REQUIRED,AWAITING_ACK,118145,7526,241579,23,1,0.0335,0.0464,1,0,UNRESOLVED
1794.55,UPI,SBI,STRIPE,SUCCESS,SUCCESS,AUTHORIZED,CAPTURED,PAID,DELIVERED,DELIVERED,200,1,SETTLED,NONE,NONE,356,568,257823,6,0,0.6314,0.05,1,0,NORMAL
495.85,UPI,KOTAK,CASHFREE,SUCCESS,SUCCESS,AUTHORIZED,CAPTURED,PAID,DELIVERED,DELIVERED,200,1,SETTLED,NONE,NONE,439,686,141997,21,0,-0.2372,0.024,1,0,NORMAL
1303.54,UPI,HDFC,CASHFREE,SUCCESS,SUCCESS,AUTHORIZED,CAPTURED,PAID,DELIVERED,DELIVERED,200,1,ON_HOLD,PROCESSED,CREDITED_TO_CUSTOMER,346,496,233,7,4,-0.5344,0.0105,1,1,DUPLICATE_PAYMENT
1508.51,UPI,YES_BANK,CASHFREE,SUCCESS,SUCCESS,AUTHORIZED,CAPTURED,PAID,DELIVERED,DELIVERED,200,1,SETTLED,NONE,NONE,578,782,187652,9,0,-0.206,0.0577,1,0,NORMAL
4817.01,CREDIT_CARD,KOTAK,BILLDESK,SUCCESS,SUCCESS,AUTHORIZED,CAPTURED,PAID,PROCESSING,DELIVERED,200,1,PENDING,NONE,NONE,481,564,16968,9,0,1.5353,0.0525,1,0,NORMAL
278.05,NET_BANKING,PNB,CASHFREE,DEBITED,TIMED_OUT,TIMEOUT,AUTO_REFUNDED,CANCELLED,CANCELLED,NONE,500,1,ON_HOLD,NONE,NOT_INITIATED,1146,92864,248685,12,0,-0.5722,0.0251,1,0,BANK_DEBIT_GATEWAY_FAILURE
1362.74,UPI,AXIS,PAYU,SUCCESS,SUCCESS,AUTHORIZED,CAPTURED,PAID,DELIVERED,DELIVERED,200,1,ON_HOLD,NONE,AWAITING_ACK,242,539,80085,20,3,0.2389,0.0549,1,1,DUPLICATE_PAYMENT
1418.62,UPI,ICICI,CASHFREE,PENDING,FAILED,NONE,PENDING,PAID,DELIVERED,FAILED,504,1,ON_HOLD,MANUAL_INTERVENTION_REQUIRED,REJECTED_BY_BANK,27778,44162,191519,17,0,1.9555,0.0359,1,0,UNRESOLVED
7863.8,CREDIT_CARD,AXIS,STRIPE,DEBITED,SUCCESS,NONE,FAILED,CANCELLED,DELIVERED,DROPPED,200,1,ON_HOLD,PENDING,AWAITING_ACK,108998,19616,183533,21,3,1.2468,0.0357,1,0,UNRESOLVED
683.74,UPI,HDFC,PAYU,SUCCESS,SUCCESS,AUTHORIZED,CAPTURED,PAID,PROCESSING,DELIVERED,200,1,PENDING,NONE,NONE,688,828,22783,13,0,-0.6401,0.0541,1,0,NORMAL
1162.76,UPI,PNB,PAYU,SUCCESS,SUCCESS,AUTHORIZED,CAPTURED,PAID,DELIVERED,DELIVERED,200,1,SETTLED,NONE,NONE,332,601,217094,11,0,-0.388,0.0545,1,0,NORMAL
1855.46,UPI,YES_BANK,RAZORPAY,SUCCESS,SUCCESS,AUTHORIZED,CAPTURED,PAID,PROCESSING,DELIVERED,200,3,PENDING,NONE,NONE,432,577,31859,9,0,-0.6134,0.059,1,0,NORMAL
321.4,CREDIT_CARD,SBI,PAYU,SUCCESS,FAILED,TIMEOUT,NOT_REQUESTED,CANCELLED,CANCELLED,NONE,500,1,ON_HOLD,NONE,NOT_INITIATED,924,67997,214469,7,0,-0.2348,0.0485,1,0,BANK_DEBIT_GATEWAY_FAILURE
518.69,NET_BANKING,SBI,PAYU,SUCCESS,SUCCESS,AUTHORIZED,CAPTURED,CANCELLED,CANCELLED,DELIVERED,200,1,ON_HOLD,PROCESSED,NONE,316857,319158,129617,6,0,0.0806,0.0314,1,0,ORDER_PAYMENT_CONFLICT
1077.45,NET_BANKING,HDFC,PAYU,SUCCESS,SUCCESS,AUTHORIZED,CAPTURED,REFUNDED,RETURNED,DELIVERED,200,1,REVERSED,MANUAL_INTERVENTION_REQUIRED,AWAITING_ACK,395,569,139719,22,0,0.6576,0.0271,1,0,REFUND_UNCERTAINTY
176.16,DEBIT_CARD,ICICI,BILLDESK,SUCCESS,SUCCESS,AUTHORIZED,CAPTURED,PAID,PROCESSING,DELIVERED,200,1,PENDING,NONE,NONE,668,944,66750,4,0,-0.5806,0.037,1,0,NORMAL
357.85,UPI,PNB,BILLDESK,SUCCESS,SUCCESS,AUTHORIZED,CAPTURED,PAID,DELIVERED,DELIVERED,200,1,SETTLED,NONE,NONE,211,332,163061,9,0,-0.2545,0.0367,1,0,NORMAL
9182.6,UPI,SBI,CASHFREE,SUCCESS,SUCCESS,AUTHORIZED,CAPTURED,PAID,DELIVERED,DELIVERED,200,1,ON_HOLD,PROCESSED,CREDITED_TO_CUSTOMER,182,314,63500,13,1,1.6236,0.0471,1,1,DUPLICATE_PAYMENT
456.9,UPI,PNB,STRIPE,SUCCESS,SUCCESS,AUTHORIZED,CAPTURED,PAID,PROCESSING,DELIVERED,200,1,SETTLED,NONE,NONE,51155,54247,254556,12,0,0.0879,0.0341,1,0,DELAYED_CONFIRMATION
1450.87,UPI,YES_BANK,PAYU,SUCCESS,SUCCESS,AUTHORIZED,CAPTURED,PAID,PROCESSING,DELIVERED,200,1,PENDING,NONE,NONE,682,898,14690,18,0,1.0151,0.0243,1,0,NORMAL
1652.38,WALLET,SBI,RAZORPAY,SUCCESS,SUCCESS,AUTHORIZED,CAPTURED,PROCESSING,PROCESSING,DELIVERED,200,1,PENDING,NONE,NONE,47993,52530,43911,14,0,1.295,0.0249,1,0,DELAYED_CONFIRMATION
254.59,UPI,KOTAK,RAZORPAY,DEBITED,FAILED,NONE,FAILED,CANCELLED,CANCELLED,DELIVERED,200,1,ON_HOLD,INITIATED,NOT_INITIATED,892,69222,233930,10,0,-0.3938,0.0414,1,0,BANK_DEBIT_GATEWAY_FAILURE
614.06,CREDIT_CARD,YES_BANK,RAZORPAY,SUCCESS,SUCCESS,AUTHORIZED,CAPTURED,PAID,DELIVERED,DELIVERED,200,1,SETTLED,NONE,NONE,244,346,218401,19,0,-0.4418,0.0489,1,0,NORMAL
715.02,UPI,INDUSIND,STRIPE,SUCCESS,SUCCESS,AUTHORIZED,CAPTURED,PAID,PROCESSING,DELIVERED,200,1,PENDING,NONE,NONE,693,889,52385,17,0,-0.35,0.0442,1,0,NORMAL
759.34,UPI,HDFC,STRIPE,SUCCESS,SUCCESS,AUTHORIZED,CAPTURED,PAID,DELIVERED,DELIVERED,200,1,SETTLED,NONE,NONE,408,623,130029,11,0,0.0546,0.0361,1,0,NORMAL
402.2,UPI,YES_BANK,RAZORPAY,SUCCESS,SUCCESS,AUTHORIZED,CAPTURED,PAID,DELIVERED,DELIVERED,200,1,SETTLED,NONE,NONE,415,568,160624,10,0,-0.3812,0.0303,1,0,NORMAL
2773.3,CREDIT_CARD,AXIS,BILLDESK,SUCCESS,SUCCESS,AUTHORIZED,CAPTURED,CANCELLED,CANCELLED,DELIVERED,200,1,ON_HOLD,PROCESSED,NONE,269677,272043,44703,7,0,-0.2076,0.0316,1,0,ORDER_PAYMENT_CONFLICT
340.31,UPI,AXIS,BILLDESK,SUCCESS,SUCCESS,AUTHORIZED,CAPTURED,REFUNDED,RETURNED,DELIVERED,200,1,REVERSED,MANUAL_INTERVENTION_REQUIRED,AWAITING_ACK,196,424,194801,22,0,-0.4764,0.0245,1,0,REFUND_UNCERTAINTY
9080.48,UPI,YES_BANK,CASHFREE,REVERSED,SUCCESS,AUTHORIZED,CAPTURED,REFUNDED,RETURNED,DELIVERED,200,1,REVERSED,PENDING,REJECTED_BY_BANK,467,556,128087,11,0,1.5944,0.0369,1,0,REFUND_UNCERTAINTY
310.82,UPI,HDFC,PAYU,SUCCESS,SUCCESS,AUTHORIZED,CAPTURED,PAID,PROCESSING,DELIVERED,200,1,PENDING,NONE,NONE,279,419,30470,15,0,-0.26,0.0323,1,0,NORMAL
222.29,UPI,ICICI,CASHFREE,SUCCESS,SUCCESS,AUTHORIZED,CAPTURED,PAID,DELIVERED,DELIVERED,200,1,SETTLED,NONE,NONE,2787,3667,99962,0,0,-0.5369,0.0374,1,0,NORMAL
288.15,WALLET,ICICI,CASHFREE,SUCCESS,SUCCESS,AUTHORIZED,CAPTURED,PAID,DELIVERED,DELIVERED,200,1,SETTLED,NONE,NONE,264,514,234116,0,0,-0.3997,0.0464,1,0,NORMAL
751.91,UPI,ICICI,BILLDESK,DEBITED,TIMED_OUT,FAILED,AUTO_REFUNDED,EXPIRED,CANCELLED,DELIVERED,200,1,ON_HOLD,PROCESSED,CREDITED_TO_CUSTOMER,1398,91982,5503,19,0,0.0443,0.0391,1,0,BANK_DEBIT_GATEWAY_FAILURE
608.1,DEBIT_CARD,ICICI,CASHFREE,SUCCESS,PENDING,AUTHORIZED,CAPTURED,PAID,PROCESSING,DELIVERED,200,3,PENDING,NONE,NONE,57298,60340,36581,6,0,-0.4472,0.0566,1,0,DELAYED_CONFIRMATION
751.26,DEBIT_CARD,PNB,PAYU,SUCCESS,SUCCESS,AUTHORIZED,CAPTURED,PAID,DELIVERED,DELIVERED,200,1,ON_HOLD,INITIATED,AWAITING_ACK,721,859,206871,7,3,0.5651,0.0492,1,1,DUPLICATE_PAYMENT
975.47,UPI,SBI,BILLDESK,SUCCESS,FAILED,FAILED,AUTO_REFUNDED,EXPIRED,CANCELLED,FAILED,504,1,ON_HOLD,PROCESSED,CREDITED_TO_CUSTOMER,1168,73409,72473,2,0,1.0322,0.0318,1,0,BANK_DEBIT_GATEWAY_FAILURE
431.65,CREDIT_CARD,INDUSIND,PAYU,SUCCESS,SUCCESS,AUTHORIZED,CAPTURED,PAID,PROCESSING,DELIVERED,200,1,PENDING,NONE,NONE,320,615,53390,2,0,-0.1007,0.048,1,0,NORMAL
753.74,UPI,YES_BANK,STRIPE,SUCCESS,SUCCESS,AUTHORIZED,CAPTURED,PENDING_PAYMENT,UNFULFILLED,DROPPED,0,2,ON_HOLD,NONE,NONE,707,867,122459,16,0,-0.3148,0.0591,1,0,MISSING_WEBHOOK
2623.74,UPI,HDFC,PAYU,SUCCESS,SUCCESS,AUTHORIZED,CAPTURED,CANCELLED,CANCELLED,DELIVERED,200,1,ON_HOLD,NONE,NONE,312245,313030,186978,15,0,1.3852,0.0561,1,0,ORDER_PAYMENT_CONFLICT
2253.76,UPI,KOTAK,RAZORPAY,SUCCESS,SUCCESS,AUTHORIZED,CAPTURED,PENDING_PAYMENT,UNFULFILLED,DROPPED,404,3,ON_HOLD,NONE,NONE,657,884,98035,9,0,1.0489,0.0405,1,0,MISSING_WEBHOOK
5244.93,EMI,HDFC,CASHFREE,REVERSED,PENDING,NONE,FAILED,FAILED,UNFULFILLED,FAILED,404,1,DISCREPANCY,NONE,AWAITING_ACK,15003,62418,118038,2,0,1.7605,0.0571,1,0,UNRESOLVED
850.37,UPI,AXIS,CASHFREE,SUCCESS,SUCCESS,AUTHORIZED,CAPTURED,PAID,DELIVERED,DELIVERED,200,1,SETTLED,NONE,NONE,701,822,172031,18,0,0.1811,0.0309,1,0,NORMAL
276.34,DEBIT_CARD,ICICI,BILLDESK,SUCCESS,SUCCESS,AUTHORIZED,CAPTURED,PAID,DELIVERED,DELIVERED,200,1,DISCREPANCY,NONE,NONE,202,360,57997,5,0,-0.2717,0.0351,1,0,SETTLEMENT_MISMATCH
3481.37,CREDIT_CARD,YES_BANK,RAZORPAY,DEBITED,SUCCESS,AUTHORIZED,CAPTURED,PAID,PROCESSING,DELIVERED,200,2,PENDING,NONE,NONE,80163,83046,24006,22,0,-0.2747,0.053,1,0,DELAYED_CONFIRMATION
431.93,NET_BANKING,SBI,BILLDESK,SUCCESS,SUCCESS,AUTHORIZED,CAPTURED,PAID,DELIVERED,DELIVERED,200,1,SETTLED,NONE,NONE,430,610,101774,4,1,-0.1001,0.0392,1,0,NORMAL
16295.57,EMI,HDFC,STRIPE,SUCCESS,SUCCESS,AUTHORIZED,CAPTURED,PAID,PROCESSING,DELIVERED,200,1,PENDING,NONE,NONE,300,533,10784,5,0,0.3036,0.0712,1,0,NORMAL
1230.73,WALLET,AXIS,RAZORPAY,SUCCESS,SUCCESS,AUTHORIZED,CAPTURED,CANCELLED,CANCELLED,DELIVERED,200,1,ON_HOLD,NONE,NONE,312129,312775,92191,7,0,-0.5605,0.0115,1,0,ORDER_PAYMENT_CONFLICT
35604.75,UPI,SBI,PAYU,REVERSED,PENDING,TIMEOUT,AUTO_REFUNDED,FAILED,DELIVERED,RETRYING,200,1,DISCREPANCY,NONE,AWAITING_ACK,73719,48552,117913,10,0,1.8484,0.0641,1,0,UNRESOLVED
523.89,UPI,SBI,CASHFREE,SUCCESS,SUCCESS,AUTHORIZED,CAPTURED,PENDING_PAYMENT,UNFULFILLED,FAILED,0,5,ON_HOLD,NONE,NONE,682,973,229588,1,0,0.0914,0.0415,1,0,MISSING_WEBHOOK
714.81,UPI,INDUSIND,CASHFREE,SUCCESS,SUCCESS,AUTHORIZED,CAPTURED,PAID,PROCESSING,DELIVERED,200,1,PENDING,NONE,NONE,620,712,619,12,0,-0.3502,0.0446,1,0,NORMAL
291.36,EMI,KOTAK,RAZORPAY,SUCCESS,SUCCESS,AUTHORIZED,CAPTURED,PAID,PROCESSING,DELIVERED,200,3,PENDING,NONE,NONE,93763,96652,61259,21,0,-0.393,0.0437,1,0,DELAYED_CONFIRMATION
1722.02,UPI,AXIS,RAZORPAY,SUCCESS,SUCCESS,AUTHORIZED,CAPTURED,REFUNDED,RETURNED,DELIVERED,200,1,REVERSED,PENDING,NOT_INITIATED,580,809,118380,19,0,0.5655,0.0537,1,0,REFUND_UNCERTAINTY
2154.5,CREDIT_CARD,AXIS,PAYU,SUCCESS,SUCCESS,AUTHORIZED,CAPTURED,PAID,DELIVERED,DELIVERED,200,2,SETTLED,NONE,NONE,724,806,245657,22,0,-0.2305,0.011,1,0,NORMAL
1001.22,UPI,KOTAK,BILLDESK,SUCCESS,SUCCESS,AUTHORIZED,CAPTURED,PAID,DELIVERED,DELIVERED,200,1,ON_HOLD,INITIATED,AWAITING_ACK,366,518,241679,22,1,-0.7139,0.0495,1,1,DUPLICATE_PAYMENT
12045.25,DEBIT_CARD,HDFC,CASHFREE,SUCCESS,SUCCESS,AUTHORIZED,CAPTURED,PAID,DELIVERED,DELIVERED,200,1,SETTLED,NONE,NONE,289,458,166145,20,0,-0.0364,0.0731,1,0,NORMAL
6567.44,UPI,AXIS,RAZORPAY,SUCCESS,SUCCESS,AUTHORIZED,CAPTURED,PAID,DELIVERED,DELIVERED,200,1,SETTLED,NONE,NONE,415,603,258441,5,0,0.3682,0.0546,1,0,NORMAL
6278.15,UPI,INDUSIND,PAYU,PENDING,PENDING,FAILED,PENDING,PENDING_PAYMENT,DELIVERED,DROPPED,200,1,FAILED,PENDING,AWAITING_ACK,100706,53130,92933,16,0,2.3043,0.0419,1,0,UNRESOLVED
295.73,CREDIT_CARD,ICICI,STRIPE,SUCCESS,SUCCESS,AUTHORIZED,CAPTURED,REFUNDED,RETURNED,DELIVERED,200,1,REVERSED,MANUAL_INTERVENTION_REQUIRED,AWAITING_ACK,501,782,92894,0,0,-0.5893,0.0233,1,0,REFUND_UNCERTAINTY
2511.44,CREDIT_CARD,YES_BANK,RAZORPAY,REVERSED,SUCCESS,AUTHORIZED,CAPTURED,REFUNDED,RETURNED,DELIVERED,200,1,REVERSED,MANUAL_INTERVENTION_REQUIRED,AWAITING_ACK,451,725,236809,7,0,-0.2824,0.0458,1,0,REFUND_UNCERTAINTY
271.8,CREDIT_CARD,KOTAK,STRIPE,DEBITED,PENDING,TIMEOUT,FAILED,CANCELLED,CANCELLED,FAILED,500,1,ON_HOLD,PROCESSED,CREDITED_TO_CUSTOMER,915,63105,194565,17,0,-0.4337,0.0493,1,0,BANK_DEBIT_GATEWAY_FAILURE
4968.8,UPI,SBI,STRIPE,DEBITED,TIMED_OUT,FAILED,FAILED,CANCELLED,CANCELLED,DELIVERED,200,1,ON_HOLD,NONE,NOT_INITIATED,731,60481,147992,21,0,-0.6025,0.079,1,0,BANK_DEBIT_GATEWAY_FAILURE
481.22,UPI,INDUSIND,STRIPE,SUCCESS,SUCCESS,AUTHORIZED,CAPTURED,EXPIRED,UNFULFILLED,DROPPED,504,5,ON_HOLD,NONE,NONE,263,452,220004,16,0,0.0025,0.0339,1,0,MISSING_WEBHOOK
5161.61,NET_BANKING,ICICI,CASHFREE,SUCCESS,TIMED_OUT,TIMEOUT,FAILED,CANCELLED,CANCELLED,DELIVERED,200,1,ON_HOLD,INITIATED,NOT_INITIATED,1405,50119,238768,2,0,-0.5871,0.0747,1,0,BANK_DEBIT_GATEWAY_FAILURE
962.4,UPI,HDFC,STRIPE,DEBITED,FAILED,TIMEOUT,FAILED,CANCELLED,CANCELLED,NONE,504,1,ON_HOLD,PROCESSED,CREDITED_TO_CUSTOMER,731,68324,215754,4,0,-0.1251,0.0431,1,0,BANK_DEBIT_GATEWAY_FAILURE
404.2,CREDIT_CARD,KOTAK,PAYU,SUCCESS,SUCCESS,AUTHORIZED,CAPTURED,PAID,PROCESSING,DELIVERED,200,1,PENDING,NONE,NONE,283,545,3418,2,0,-0.6325,0.0466,1,0,NORMAL
647.84,CREDIT_CARD,AXIS,CASHFREE,SUCCESS,SUCCESS,AUTHORIZED,CAPTURED,EXPIRED,UNFULFILLED,TIMED_OUT,404,2,ON_HOLD,NONE,NONE,202,345,191795,12,0,-0.0033,0.0375,1,0,MISSING_WEBHOOK
379.65,UPI,KOTAK,STRIPE,SUCCESS,SUCCESS,AUTHORIZED,CAPTURED,PAID,DELIVERED,DELIVERED,200,1,SETTLED,NONE,NONE,2476,2941,186251,20,1,-0.6549,0.0418,1,0,NORMAL
181.74,WALLET,KOTAK,CASHFREE,SUCCESS,SUCCESS,AUTHORIZED,CAPTURED,PAID,DELIVERED,DELIVERED,200,1,DISCREPANCY,NONE,NONE,706,814,142165,21,0,-0.6787,0.035,1,0,SETTLEMENT_MISMATCH
352.23,UPI,AXIS,BILLDESK,SUCCESS,SUCCESS,AUTHORIZED,CAPTURED,PAID,PROCESSING,DELIVERED,200,1,SETTLED,NONE,NONE,91958,95310,110312,8,0,-0.4581,0.0242,1,0,DELAYED_CONFIRMATION
663.4,UPI,ICICI,CASHFREE,SUCCESS,SUCCESS,AUTHORIZED,CAPTURED,PAID,DELIVERED,DELIVERED,200,1,ON_HOLD,INITIATED,AWAITING_ACK,303,584,148944,6,4,0.0206,0.0322,1,1,DUPLICATE_PAYMENT
2704.39,CREDIT_CARD,HDFC,STRIPE,SUCCESS,SUCCESS,AUTHORIZED,CAPTURED,PAID,DELIVERED,DELIVERED,200,1,ON_HOLD,PROCESSED,CREDITED_TO_CUSTOMER,339,453,66503,12,3,-0.0341,0.0193,1,1,DUPLICATE_PAYMENT
1274.22,DEBIT_CARD,ICICI,CASHFREE,PENDING,SUCCESS,AUTHORIZED,CAPTURED,PAID,PROCESSING,DELIVERED,200,1,PENDING,NONE,NONE,65590,70895,42927,16,0,0.9603,0.0263,1,0,DELAYED_CONFIRMATION
358.99,UPI,ICICI,PAYU,SUCCESS,SUCCESS,AUTHORIZED,CAPTURED,EXPIRED,UNFULFILLED,DROPPED,504,3,ON_HOLD,NONE,NONE,640,739,143555,19,0,-0.2521,0.0335,1,0,MISSING_WEBHOOK
2925.22,DEBIT_CARD,YES_BANK,STRIPE,SUCCESS,SUCCESS,AUTHORIZED,CAPTURED,PAID,DELIVERED,DELIVERED,200,3,SETTLED,NONE,NONE,556,804,140297,7,0,-0.3906,0.0649,1,0,NORMAL
638.06,DEBIT_CARD,ICICI,RAZORPAY,SUCCESS,SUCCESS,AUTHORIZED,CAPTURED,PAID,DELIVERED,DELIVERED,200,1,SETTLED,NONE,NONE,628,823,167505,18,0,0.5192,0.0464,1,0,NORMAL
966.92,NET_BANKING,SBI,RAZORPAY,SUCCESS,SUCCESS,AUTHORIZED,CAPTURED,CANCELLED,CANCELLED,DELIVERED,200,1,ON_HOLD,NONE,NONE,251859,252673,111070,20,0,1.3022,0.0311,1,0,ORDER_PAYMENT_CONFLICT
730.07,CREDIT_CARD,ICICI,STRIPE,SUCCESS,SUCCESS,AUTHORIZED,CAPTURED,REFUNDED,RETURNED,DELIVERED,200,1,REVERSED,FAILED,AWAITING_ACK,600,697,149288,0,0,0.521,0.0426,1,0,REFUND_UNCERTAINTY
247.61,CREDIT_CARD,SBI,STRIPE,SUCCESS,SUCCESS,AUTHORIZED,CAPTURED,PAID,DELIVERED,DELIVERED,200,1,SETTLED,NONE,NONE,694,905,251778,14,0,-0.4841,0.0348,1,0,NORMAL
3809.81,UPI,HDFC,PAYU,SUCCESS,SUCCESS,AUTHORIZED,CAPTURED,PAID,DELIVERED,DELIVERED,200,1,SETTLED,NONE,NONE,170,614,258904,4,0,0.3606,0.0166,1,0,NORMAL
1142.08,UPI,SBI,STRIPE,PENDING,PENDING,TIMEOUT,FAILED,PAID,CANCELLED,DROPPED,504,1,DISCREPANCY,NONE,NOT_INITIATED,91881,71643,100838,11,0,1.7192,0.0475,1,0,UNRESOLVED
932.18,CREDIT_CARD,SBI,CASHFREE,REVERSED,FAILED,TIMEOUT,FAILED,PAID,UNFULFILLED,DROPPED,200,1,FAILED,FAILED,NOT_INITIATED,66597,43117,247324,22,3,0.942,0.0433,1,0,UNRESOLVED
4682.78,CREDIT_CARD,ICICI,BILLDESK,SUCCESS,SUCCESS,AUTHORIZED,CAPTURED,PAID,PROCESSING,DELIVERED,200,1,PENDING,NONE,NONE,647,727,51095,20,0,1.4646,0.0514,1,0,NORMAL
532.58,UPI,HDFC,BILLDESK,SUCCESS,SUCCESS,AUTHORIZED,CAPTURED,PENDING_PAYMENT,UNFULFILLED,DROPPED,500,4,ON_HOLD,NONE,NONE,676,788,229203,13,0,0.268,0.0437,1,0,MISSING_WEBHOOK
583.55,UPI,SBI,BILLDESK,SUCCESS,SUCCESS,AUTHORIZED,CAPTURED,PAID,DELIVERED,DELIVERED,200,1,SETTLED,NONE,NONE,373,621,158163,11,0,-0.4695,0.0499,1,0,NORMAL
1247.08,DEBIT_CARD,PNB,BILLDESK,SUCCESS,SUCCESS,AUTHORIZED,CAPTURED,PAID,DELIVERED,DELIVERED,200,1,SETTLED,NONE,NONE,1873,2231,159085,13,0,0.9186,0.0352,1,0,NORMAL
652.8,CREDIT_CARD,YES_BANK,CASHFREE,SUCCESS,SUCCESS,AUTHORIZED,CAPTURED,PAID,PROCESSING,DELIVERED,200,1,PENDING,NONE,NONE,670,756,68693,13,0,-0.4065,0.0445,1,0,NORMAL
9063.43,UPI,SBI,PAYU,SUCCESS,SUCCESS,AUTHORIZED,CAPTURED,PAID,DELIVERED,DELIVERED,200,1,SETTLED,NONE,NONE,1463,2253,118372,23,0,-0.2749,0.0663,1,0,NORMAL
375.45,EMI,PNB,CASHFREE,SUCCESS,SUCCESS,AUTHORIZED,CAPTURED,PAID,DELIVERED,DELIVERED,200,1,SETTLED,NONE,NONE,509,778,184744,16,0,-0.1061,0.0314,1,0,NORMAL
2758.8,UPI,AXIS,STRIPE,SUCCESS,SUCCESS,AUTHORIZED,CAPTURED,PAID,DELIVERED,DELIVERED,200,1,SETTLED,NONE,NONE,322,593,120618,3,0,0.452,0.0469,1,0,NORMAL
463.72,UPI,ICICI,PAYU,SUCCESS,SUCCESS,AUTHORIZED,CAPTURED,PENDING_PAYMENT,UNFULFILLED,TIMED_OUT,404,3,ON_HOLD,NONE,NONE,538,678,134644,21,0,-0.0339,0.041,1,0,MISSING_WEBHOOK
1773.47,UPI,KOTAK,STRIPE,SUCCESS,FAILED,AUTHORIZED,AUTO_REFUNDED,PENDING_PAYMENT,RETURNED,DROPPED,504,1,DISCREPANCY,PENDING,AWAITING_ACK,85692,88075,65601,13,0,1.7284,0.0215,1,0,UNRESOLVED
14136.69,CREDIT_CARD,KOTAK,BILLDESK,SUCCESS,SUCCESS,AUTHORIZED,CAPTURED,PAID,DELIVERED,DELIVERED,200,1,DISCREPANCY,NONE,NONE,593,775,29426,19,0,0.2083,0.0697,1,0,SETTLEMENT_MISMATCH
2688.19,UPI,SBI,PAYU,SUCCESS,SUCCESS,AUTHORIZED,CAPTURED,PENDING_PAYMENT,UNFULFILLED,TIMED_OUT,404,3,PENDING,NONE,NONE,431,643,76024,1,0,-0.44,0.059,1,0,MISSING_WEBHOOK
1478.13,UPI,AXIS,STRIPE,SUCCESS,SUCCESS,AUTHORIZED,CAPTURED,PAID,DELIVERED,DELIVERED,200,1,SETTLED,NONE,NONE,687,801,147367,4,0,0.3438,0.0548,1,0,NORMAL
600.77,UPI,PNB,RAZORPAY,SUCCESS,SUCCESS,AUTHORIZED,CAPTURED,PAID,DELIVERED,DELIVERED,200,1,SETTLED,NONE,NONE,467,738,130895,4,0,-0.4538,0.0487,1,0,NORMAL
481.93,NET_BANKING,INDUSIND,PAYU,SUCCESS,SUCCESS,AUTHORIZED,CAPTURED,PAID,DELIVERED,DELIVERED,200,2,SETTLED,NONE,NONE,583,774,233242,13,0,-0.3307,0.0365,1,0,NORMAL
412.69,UPI,HDFC,RAZORPAY,SUCCESS,SUCCESS,AUTHORIZED,CAPTURED,PAID,DELIVERED,DELIVERED,200,1,SETTLED,NONE,NONE,432,657,203472,12,1,-0.0174,0.0321,1,0,NORMAL
589.31,UPI,KOTAK,CASHFREE,SUCCESS,SUCCESS,AUTHORIZED,CAPTURED,CANCELLED,CANCELLED,DELIVERED,200,1,ON_HOLD,PROCESSED,NONE,263172,265080,18982,7,0,-0.4643,0.0474,1,0,ORDER_PAYMENT_CONFLICT
331.06,UPI,HDFC,BILLDESK,SUCCESS,SUCCESS,AUTHORIZED,CAPTURED,CANCELLED,CANCELLED,DELIVERED,200,1,ON_HOLD,INITIATED,NONE,333378,334639,86214,5,0,-0.3103,0.0422,1,0,ORDER_PAYMENT_CONFLICT
333.31,UPI,PNB,STRIPE,SUCCESS,SUCCESS,AUTHORIZED,CAPTURED,PAID,DELIVERED,DELIVERED,200,1,SETTLED,NONE,NONE,469,625,155683,20,0,-0.2064,0.0417,1,0,NORMAL
14313.25,CREDIT_CARD,SBI,PAYU,DEBITED,FAILED,TIMEOUT,FAILED,CANCELLED,CANCELLED,DELIVERED,200,1,ON_HOLD,NONE,NOT_INITIATED,1452,59179,126471,13,0,0.1451,0.0781,1,0,BANK_DEBIT_GATEWAY_FAILURE
2018.16,NET_BANKING,HDFC,CASHFREE,SUCCESS,SUCCESS,AUTHORIZED,CAPTURED,PAID,DELIVERED,DELIVERED,200,1,SETTLED,NONE,NONE,463,718,170691,18,0,0.8347,0.0486,1,0,NORMAL
1120.08,CREDIT_CARD,YES_BANK,BILLDESK,SUCCESS,FAILED,FAILED,FAILED,CANCELLED,CANCELLED,NONE,500,1,ON_HOLD,PROCESSED,CREDITED_TO_CUSTOMER,499,85306,122317,21,0,-0.4105,0.0496,1,0,BANK_DEBIT_GATEWAY_FAILURE
727.69,UPI,AXIS,PAYU,SUCCESS,SUCCESS,AUTHORIZED,CAPTURED,PAID,DELIVERED,DELIVERED,200,1,SETTLED,NONE,NONE,458,603,159289,14,0,0.516,0.0412,1,0,NORMAL
6943.71,UPI,SBI,BILLDESK,SUCCESS,SUCCESS,AUTHORIZED,CAPTURED,PAID,DELIVERED,DELIVERED,200,1,SETTLED,NONE,NONE,208,349,153828,2,0,0.4466,0.0642,1,0,NORMAL
5985.28,UPI,KOTAK,STRIPE,PENDING,FAILED,AUTHORIZED,FAILED,PAID,UNFULFILLED,DROPPED,504,1,ON_HOLD,MANUAL_INTERVENTION_REQUIRED,NOT_INITIATED,103495,87311,32867,22,3,0.7101,0.0338,1,0,UNRESOLVED
322.54,DEBIT_CARD,SBI,STRIPE,SUCCESS,SUCCESS,AUTHORIZED,CAPTURED,PAID,PROCESSING,DELIVERED,200,1,PENDING,NONE,NONE,248,350,83850,8,0,-0.232,0.034,1,0,NORMAL
1232.73,CREDIT_CARD,KOTAK,CASHFREE,SUCCESS,SUCCESS,AUTHORIZED,CAPTURED,PAID,DELIVERED,DELIVERED,200,1,SETTLED,NONE,NONE,423,536,122538,12,0,1.9351,0.0415,1,0,NORMAL
4610.66,CREDIT_CARD,INDUSIND,RAZORPAY,SUCCESS,SUCCESS,AUTHORIZED,CAPTURED,PAID,DELIVERED,DELIVERED,200,1,SETTLED,NONE,NONE,378,622,130373,3,0,1.4267,0.0453,1,0,NORMAL
496.4,UPI,YES_BANK,CASHFREE,SUCCESS,SUCCESS,AUTHORIZED,CAPTURED,REFUNDED,RETURNED,DELIVERED,200,1,REVERSED,PENDING,AWAITING_ACK,522,711,161837,4,0,-0.3106,0.02,1,0,REFUND_UNCERTAINTY
2946.21,UPI,SBI,STRIPE,SUCCESS,SUCCESS,AUTHORIZED,CAPTURED,PAID,DELIVERED,DELIVERED,200,1,SETTLED,NONE,NONE,249,451,225784,4,0,1.6784,0.0572,1,0,NORMAL
532.15,UPI,ICICI,RAZORPAY,SUCCESS,SUCCESS,AUTHORIZED,CAPTURED,PAID,PROCESSING,DELIVERED,200,1,PENDING,NONE,NONE,708,970,65462,5,0,0.267,0.034,1,0,NORMAL
1359.33,UPI,HDFC,PAYU,SUCCESS,SUCCESS,AUTHORIZED,CAPTURED,PAID,DELIVERED,DELIVERED,200,1,SETTLED,NONE,NONE,211,506,243858,20,0,1.8319,0.0305,1,0,NORMAL
2992.0,CREDIT_CARD,YES_BANK,PAYU,SUCCESS,SUCCESS,AUTHORIZED,CAPTURED,PENDING_PAYMENT,UNFULFILLED,TIMED_OUT,500,2,ON_HOLD,NONE,NONE,724,843,87758,3,0,0.0686,0.016,1,0,MISSING_WEBHOOK
6096.59,UPI,SBI,STRIPE,SUCCESS,SUCCESS,AUTHORIZED,CAPTURED,CANCELLED,CANCELLED,DELIVERED,200,1,ON_HOLD,PROCESSED,NONE,338089,338675,169911,9,0,-0.5123,0.0614,1,0,ORDER_PAYMENT_CONFLICT
3266.43,NET_BANKING,PNB,PAYU,SUCCESS,SUCCESS,AUTHORIZED,CAPTURED,PAID,DELIVERED,DELIVERED,200,1,ON_HOLD,NONE,AWAITING_ACK,340,428,119371,15,1,-0.0667,0.0424,1,1,DUPLICATE_PAYMENT
1167.94,CREDIT_CARD,KOTAK,CASHFREE,SUCCESS,SUCCESS,AUTHORIZED,CAPTURED,PENDING_PAYMENT,UNFULFILLED,TIMED_OUT,0,2,ON_HOLD,NONE,NONE,399,698,83014,18,0,0.0618,0.0453,1,0,MISSING_WEBHOOK
2641.98,UPI,PNB,CASHFREE,DEBITED,PENDING,TIMEOUT,FAILED,EXPIRED,CANCELLED,NONE,500,1,ON_HOLD,NONE,NOT_INITIATED,687,80787,198,3,0,-0.4496,0.0688,1,0,BANK_DEBIT_GATEWAY_FAILURE
353.46,UPI,AXIS,BILLDESK,SUCCESS,SUCCESS,AUTHORIZED,CAPTURED,PAID,DELIVERED,DELIVERED,200,1,SETTLED,NONE,NONE,186,328,201676,13,0,-0.2636,0.0367,1,0,NORMAL
337.09,NET_BANKING,YES_BANK,BILLDESK,SUCCESS,SUCCESS,AUTHORIZED,CAPTURED,PAID,DELIVERED,DELIVERED,200,1,SETTLED,NONE,NONE,214,407,253956,8,0,-0.1974,0.0457,1,0,NORMAL
4841.9,UPI,AXIS,PAYU,SUCCESS,SUCCESS,AUTHORIZED,CAPTURED,EXPIRED,UNFULFILLED,TIMED_OUT,502,4,PENDING,NONE,NONE,388,509,171453,17,0,0.3834,0.0454,1,0,MISSING_WEBHOOK
368.46,UPI,HDFC,STRIPE,SUCCESS,SUCCESS,AUTHORIZED,CAPTURED,PAID,DELIVERED,DELIVERED,200,1,SETTLED,NONE,NONE,3281,3730,94793,1,0,-0.4883,0.0241,1,0,NORMAL
374.91,UPI,SBI,PAYU,PENDING,SUCCESS,AUTHORIZED,CAPTURED,PAID,PROCESSING,DELIVERED,200,3,SETTLED,NONE,NONE,70315,72389,198790,1,0,-0.2189,0.044,1,0,DELAYED_CONFIRMATION
1955.33,CREDIT_CARD,AXIS,BILLDESK,SUCCESS,SUCCESS,AUTHORIZED,CAPTURED,EXPIRED,UNFULFILLED,DROPPED,504,3,ON_HOLD,NONE,NONE,386,561,222025,9,0,-0.3017,0.0195,1,0,MISSING_WEBHOOK
5549.39,UPI,SBI,PAYU,SUCCESS,SUCCESS,AUTHORIZED,CAPTURED,PAID,DELIVERED,DELIVERED,200,1,SETTLED,NONE,NONE,349,575,112011,20,0,0.5855,0.0406,1,0,NORMAL
560.84,DEBIT_CARD,ICICI,CASHFREE,SUCCESS,SUCCESS,AUTHORIZED,CAPTURED,PAID,DELIVERED,DELIVERED,200,1,SETTLED,NONE,NONE,489,770,237754,19,0,-0.4901,0.0405,1,0,NORMAL
399.58,UPI,ICICI,CASHFREE,DEBITED,TIMED_OUT,TIMEOUT,FAILED,CANCELLED,CANCELLED,FAILED,500,1,ON_HOLD,NONE,NOT_INITIATED,1184,75474,58159,10,0,-0.1675,0.0366,1,0,BANK_DEBIT_GATEWAY_FAILURE
12050.74,UPI,KOTAK,RAZORPAY,SUCCESS,SUCCESS,AUTHORIZED,CAPTURED,PAID,PROCESSING,SCHEDULED,200,3,SETTLED,NONE,NONE,77134,80832,182098,4,0,-0.0359,0.0724,1,0,DELAYED_CONFIRMATION
2464.75,UPI,KOTAK,RAZORPAY,SUCCESS,SUCCESS,AUTHORIZED,CAPTURED,PENDING_PAYMENT,UNFULFILLED,DROPPED,404,5,PENDING,NONE,NONE,478,582,179596,9,0,-0.2958,0.0357,1,0,MISSING_WEBHOOK
369.39,WALLET,ICICI,PAYU,SUCCESS,SUCCESS,AUTHORIZED,CAPTURED,PAID,DELIVERED,DELIVERED,200,1,SETTLED,NONE,NONE,498,622,156540,9,0,-0.1205,0.0385,1,0,NORMAL
790.98,UPI,SBI,CASHFREE,SUCCESS,SUCCESS,AUTHORIZED,CAPTURED,PROCESSING,PROCESSING,RETRYING,200,1,SETTLED,NONE,NONE,82448,84492,166370,8,0,0.0986,0.0328,1,0,DELAYED_CONFIRMATION
1823.66,DEBIT_CARD,ICICI,CASHFREE,SUCCESS,SUCCESS,AUTHORIZED,CAPTURED,PAID,PROCESSING,DELIVERED,200,1,PENDING,NONE,NONE,3625,4237,21940,16,0,1.8056,0.023,1,0,NORMAL
1399.81,CREDIT_CARD,HDFC,CASHFREE,SUCCESS,SUCCESS,AUTHORIZED,CAPTURED,PAID,DELIVERED,DELIVERED,200,1,SETTLED,NONE,NONE,283,446,152337,12,0,0.2726,0.0492,1,0,NORMAL
3649.78,UPI,YES_BANK,STRIPE,SUCCESS,SUCCESS,AUTHORIZED,CAPTURED,PAID,DELIVERED,DELIVERED,200,1,DISCREPANCY,NONE,NONE,650,740,15930,1,0,0.3432,0.0139,1,0,SETTLEMENT_MISMATCH
747.42,UPI,PNB,PAYU,REVERSED,SUCCESS,AUTHORIZED,CAPTURED,REFUNDED,RETURNED,DELIVERED,200,1,REVERSED,FAILED,REJECTED_BY_BANK,635,743,189764,18,0,-0.7331,0.019,1,0,REFUND_UNCERTAINTY
567.99,UPI,ICICI,BILLDESK,SUCCESS,SUCCESS,AUTHORIZED,CAPTURED,PAID,DELIVERED,DELIVERED,200,1,ON_HOLD,INITIATED,AWAITING_ACK,466,548,221316,16,3,0.3524,0.0398,1,1,DUPLICATE_PAYMENT
6871.45,UPI,ICICI,BILLDESK,SUCCESS,SUCCESS,AUTHORIZED,CAPTURED,PAID,DELIVERED,DELIVERED,200,2,SETTLED,NONE,NONE,550,637,193206,17,0,0.9633,0.031,1,0,NORMAL
2755.77,UPI,INDUSIND,CASHFREE,SUCCESS,SUCCESS,AUTHORIZED,CAPTURED,PAID,DELIVERED,DELIVERED,200,1,ON_HOLD,NONE,AWAITING_ACK,699,984,163388,0,1,0.4504,0.0534,1,1,DUPLICATE_PAYMENT
3449.56,CREDIT_CARD,AXIS,RAZORPAY,SUCCESS,SUCCESS,AUTHORIZED,CAPTURED,PAID,DELIVERED,DELIVERED,200,1,SETTLED,NONE,NONE,1723,2598,111826,8,0,-0.0144,0.0312,1,0,NORMAL
1062.1,DEBIT_CARD,INDUSIND,STRIPE,DEBITED,SUCCESS,TIMEOUT,AUTO_REFUNDED,CANCELLED,UNFULFILLED,FAILED,504,1,ON_HOLD,PENDING,REJECTED_BY_BANK,28925,71619,24633,1,2,-0.0345,0.0459,1,0,UNRESOLVED
454.18,UPI,SBI,CASHFREE,REVERSED,FAILED,TIMEOUT,PENDING,PENDING_PAYMENT,RETURNED,FAILED,404,1,FAILED,MANUAL_INTERVENTION_REQUIRED,NOT_INITIATED,118823,24979,127239,21,1,-0.3013,0.0375,1,0,UNRESOLVED
2016.73,UPI,SBI,RAZORPAY,SUCCESS,SUCCESS,AUTHORIZED,CAPTURED,PAID,DELIVERED,DELIVERED,200,1,DISCREPANCY,NONE,NONE,590,669,193707,15,0,0.8829,0.0478,1,0,SETTLEMENT_MISMATCH
402.91,UPI,PNB,CASHFREE,SUCCESS,SUCCESS,AUTHORIZED,CAPTURED,PAID,DELIVERED,DELIVERED,200,1,DISCREPANCY,NONE,NONE,238,424,20131,13,0,-0.3301,0.0366,1,0,SETTLEMENT_MISMATCH
7956.12,UPI,INDUSIND,PAYU,SUCCESS,SUCCESS,AUTHORIZED,CAPTURED,PAID,PROCESSING,DELIVERED,200,3,PENDING,NONE,NONE,300,413,47398,20,1,1.2732,0.0384,1,0,NORMAL
6644.51,DEBIT_CARD,PNB,BILLDESK,SUCCESS,TIMED_OUT,TIMEOUT,FAILED,CANCELLED,CANCELLED,FAILED,504,1,ON_HOLD,INITIATED,NOT_INITIATED,1103,87855,58415,10,0,0.8984,0.0424,1,0,BANK_DEBIT_GATEWAY_FAILURE
3803.61,UPI,HDFC,STRIPE,SUCCESS,SUCCESS,AUTHORIZED,CAPTURED,PAID,DELIVERED,DELIVERED,200,1,ON_HOLD,INITIATED,AWAITING_ACK,421,630,92995,18,4,0.0867,0.0327,1,1,DUPLICATE_PAYMENT
4271.08,CREDIT_CARD,KOTAK,STRIPE,SUCCESS,SUCCESS,AUTHORIZED,CAPTURED,PAID,DELIVERED,DELIVERED,200,1,SETTLED,NONE,NONE,568,679,172421,3,0,5.5709,0.0208,1,0,NORMAL
2069.85,WALLET,INDUSIND,PAYU,SUCCESS,SUCCESS,AUTHORIZED,CAPTURED,PAID,DELIVERED,DELIVERED,200,1,ON_HOLD,PROCESSED,CREDITED_TO_CUSTOMER,440,572,35097,5,3,-0.2608,0.0216,1,1,DUPLICATE_PAYMENT
18065.27,UPI,INDUSIND,BILLDESK,SUCCESS,SUCCESS,AUTHORIZED,CAPTURED,REFUNDED,RETURNED,DELIVERED,200,1,REVERSED,FAILED,REJECTED_BY_BANK,360,612,12070,4,0,0.4452,0.0644,1,0,REFUND_UNCERTAINTY
13489.46,UPI,PNB,CASHFREE,SUCCESS,SUCCESS,AUTHORIZED,CAPTURED,PAID,DELIVERED,DELIVERED,200,1,DISCREPANCY,NONE,NONE,256,470,121289,9,0,1.8747,0.056,1,0,SETTLEMENT_MISMATCH
4609.02,CREDIT_CARD,KOTAK,PAYU,SUCCESS,SUCCESS,AUTHORIZED,CAPTURED,PAID,DELIVERED,DELIVERED,200,1,SETTLED,NONE,NONE,619,730,114620,16,0,1.4258,0.0566,1,0,NORMAL
20777.23,UPI,KOTAK,PAYU,SUCCESS,SUCCESS,AUTHORIZED,CAPTURED,EXPIRED,UNFULFILLED,TIMED_OUT,500,2,ON_HOLD,NONE,NONE,565,718,30436,10,0,0.6622,0.0604,1,0,MISSING_WEBHOOK
3297.23,UPI,INDUSIND,STRIPE,SUCCESS,SUCCESS,AUTHORIZED,CAPTURED,PROCESSING,PROCESSING,DELIVERED,200,2,SETTLED,NONE,NONE,103610,108522,130163,18,0,1.9975,0.0458,1,0,DELAYED_CONFIRMATION
5534.93,CREDIT_CARD,YES_BANK,STRIPE,SUCCESS,SUCCESS,AUTHORIZED,CAPTURED,PENDING_PAYMENT,UNFULFILLED,FAILED,502,2,PENDING,NONE,NONE,367,568,94557,12,0,0.5814,0.0472,1,0,MISSING_WEBHOOK
9381.97,UPI,HDFC,RAZORPAY,DEBITED,TIMED_OUT,TIMEOUT,FAILED,CANCELLED,CANCELLED,DELIVERED,200,1,ON_HOLD,INITIATED,NOT_INITIATED,645,46207,62629,7,0,1.6806,0.0458,1,0,BANK_DEBIT_GATEWAY_FAILURE
401.66,EMI,ICICI,CASHFREE,SUCCESS,SUCCESS,AUTHORIZED,CAPTURED,PAID,DELIVERED,DELIVERED,200,1,SETTLED,NONE,NONE,689,793,164601,18,0,-0.0437,0.0348,1,0,NORMAL
3773.1,UPI,ICICI,RAZORPAY,SUCCESS,SUCCESS,AUTHORIZED,CAPTURED,PAID,PROCESSING,DELIVERED,200,1,PENDING,NONE,NONE,1987,2461,21616,18,0,0.078,0.0333,1,0,NORMAL
3014.84,DEBIT_CARD,PNB,STRIPE,SUCCESS,SUCCESS,AUTHORIZED,CAPTURED,PAID,DELIVERED,DELIVERED,200,1,SETTLED,NONE,NONE,4022,4369,114727,12,0,-0.1386,0.0374,1,0,NORMAL
3754.15,UPI,PNB,STRIPE,SUCCESS,SUCCESS,AUTHORIZED,CAPTURED,CANCELLED,CANCELLED,DELIVERED,200,1,ON_HOLD,INITIATED,NONE,292065,292568,240304,16,0,0.0726,0.0332,1,0,ORDER_PAYMENT_CONFLICT
1308.44,CREDIT_CARD,PNB,PAYU,SUCCESS,SUCCESS,AUTHORIZED,CAPTURED,PAID,DELIVERED,DELIVERED,200,1,DISCREPANCY,NONE,NONE,210,379,15137,20,0,1.7907,0.0491,1,0,SETTLEMENT_MISMATCH
1848.68,CREDIT_CARD,INDUSIND,CASHFREE,SUCCESS,SUCCESS,AUTHORIZED,CAPTURED,PAID,DELIVERED,DELIVERED,200,1,SETTLED,NONE,NONE,311,472,101630,3,0,-0.3398,0.0283,1,0,NORMAL
669.53,DEBIT_CARD,ICICI,STRIPE,SUCCESS,SUCCESS,AUTHORIZED,CAPTURED,CANCELLED,CANCELLED,DELIVERED,200,1,ON_HOLD,NONE,NONE,305633,307856,10730,8,0,0.03,0.0307,1,0,ORDER_PAYMENT_CONFLICT
13411.67,CREDIT_CARD,PNB,BILLDESK,SUCCESS,SUCCESS,AUTHORIZED,CAPTURED,PAID,PROCESSING,DELIVERED,200,1,PENDING,NONE,NONE,407,487,25572,3,0,0.0729,0.072,1,0,NORMAL
2300.36,CREDIT_CARD,HDFC,BILLDESK,SUCCESS,SUCCESS,AUTHORIZED,CAPTURED,PENDING_PAYMENT,UNFULFILLED,DROPPED,502,4,ON_HOLD,NONE,NONE,574,664,3965,0,0,-0.3428,0.0394,1,0,MISSING_WEBHOOK
168.16,UPI,AXIS,PAYU,SUCCESS,SUCCESS,AUTHORIZED,CAPTURED,PAID,DELIVERED,DELIVERED,200,1,SETTLED,NONE,NONE,478,636,95115,18,0,-0.7664,0.023,1,0,NORMAL
316.16,NET_BANKING,KOTAK,BILLDESK,SUCCESS,SUCCESS,AUTHORIZED,CAPTURED,PAID,PROCESSING,DELIVERED,200,1,PENDING,NONE,NONE,286,479,4640,18,0,-0.5609,0.0373,1,0,NORMAL
390.79,CREDIT_CARD,YES_BANK,STRIPE,SUCCESS,SUCCESS,AUTHORIZED,CAPTURED,PAID,DELIVERED,DELIVERED,200,2,SETTLED,NONE,NONE,1846,2477,162289,10,1,-0.7943,0.0471,1,0,NORMAL
2400.22,UPI,YES_BANK,PAYU,SUCCESS,SUCCESS,AUTHORIZED,CAPTURED,CANCELLED,CANCELLED,DELIVERED,200,1,ON_HOLD,PROCESSED,NONE,301522,302174,187986,6,0,-0.3142,0.0321,1,0,ORDER_PAYMENT_CONFLICT
1868.89,UPI,KOTAK,RAZORPAY,SUCCESS,SUCCESS,AUTHORIZED,CAPTURED,PAID,DELIVERED,DELIVERED,200,1,SETTLED,NONE,NONE,304,485,160458,9,0,-0.0164,0.0549,1,0,NORMAL
5473.83,CREDIT_CARD,INDUSIND,BILLDESK,SUCCESS,SUCCESS,AUTHORIZED,CAPTURED,CANCELLED,CANCELLED,DELIVERED,200,1,ON_HOLD,NONE,NONE,283954,284984,198217,18,0,0.564,0.0447,1,0,ORDER_PAYMENT_CONFLICT
11907.89,UPI,HDFC,STRIPE,SUCCESS,SUCCESS,AUTHORIZED,CAPTURED,PENDING_PAYMENT,PROCESSING,DELIVERED,200,3,SETTLED,NONE,NONE,81332,86679,92069,21,0,-0.0474,0.0755,1,0,DELAYED_CONFIRMATION
3868.3,CREDIT_CARD,KOTAK,PAYU,PENDING,PENDING,AUTHORIZED,CAPTURED,PAID,PROCESSING,DELIVERED,200,1,SETTLED,NONE,NONE,85228,90039,219364,10,0,2.5166,0.0411,1,0,DELAYED_CONFIRMATION
2470.49,EMI,YES_BANK,RAZORPAY,SUCCESS,SUCCESS,AUTHORIZED,CAPTURED,REFUNDED,RETURNED,DELIVERED,200,1,REVERSED,FAILED,AWAITING_ACK,346,499,85790,6,0,-0.1177,0.026,1,0,REFUND_UNCERTAINTY
442.28,CREDIT_CARD,SBI,RAZORPAY,SUCCESS,SUCCESS,AUTHORIZED,CAPTURED,PAID,DELIVERED,DELIVERED,200,1,SETTLED,NONE,NONE,3879,4451,235659,20,0,0.053,0.0451,1,0,NORMAL
5523.5,CREDIT_CARD,YES_BANK,BILLDESK,SUCCESS,SUCCESS,AUTHORIZED,CAPTURED,PAID,DELIVERED,DELIVERED,200,1,SETTLED,NONE,NONE,354,522,235960,19,0,0.5781,0.0352,1,0,NORMAL
1092.7,UPI,PNB,STRIPE,SUCCESS,FAILED,TIMEOUT,NOT_REQUESTED,CANCELLED,CANCELLED,NONE,0,1,ON_HOLD,PROCESSED,CREDITED_TO_CUSTOMER,838,74422,248379,20,0,-0.0066,0.0544,1,0,BANK_DEBIT_GATEWAY_FAILURE
319.16,CREDIT_CARD,INDUSIND,STRIPE,SUCCESS,SUCCESS,AUTHORIZED,CAPTURED,CANCELLED,CANCELLED,DELIVERED,200,1,ON_HOLD,INITIATED,NONE,325795,327068,100036,1,0,-0.3351,0.0395,1,0,ORDER_PAYMENT_CONFLICT
1264.48,UPI,KOTAK,STRIPE,SUCCESS,SUCCESS,AUTHORIZED,CAPTURED,PAID,PROCESSING,DELIVERED,200,1,PENDING,NONE,NONE,432,583,50430,15,0,0.1495,0.0468,1,0,NORMAL
4299.83,NET_BANKING,YES_BANK,BILLDESK,SUCCESS,SUCCESS,AUTHORIZED,CAPTURED,PAID,DELIVERED,DELIVERED,200,1,SETTLED,NONE,NONE,314,532,249439,6,0,-0.656,0.0794,1,0,NORMAL
697.23,UPI,AXIS,RAZORPAY,SUCCESS,SUCCESS,AUTHORIZED,CAPTURED,PAID,DELIVERED,DELIVERED,200,1,SETTLED,NONE,NONE,715,826,101410,21,0,0.4526,0.0459,1,0,NORMAL
379.83,DEBIT_CARD,KOTAK,CASHFREE,SUCCESS,SUCCESS,AUTHORIZED,CAPTURED,CANCELLED,CANCELLED,DELIVERED,200,1,ON_HOLD,NONE,NONE,317674,319466,1590,4,0,-0.4156,0.0381,1,0,ORDER_PAYMENT_CONFLICT
293.79,UPI,INDUSIND,PAYU,SUCCESS,SUCCESS,AUTHORIZED,CAPTURED,PAID,DELIVERED,DELIVERED,200,2,SETTLED,NONE,NONE,694,871,101390,12,0,-0.3879,0.0493,1,0,NORMAL
1222.46,WALLET,INDUSIND,CASHFREE,DEBITED,PENDING,FAILED,CAPTURED,PAID,DELIVERED,RETRYING,500,1,FAILED,NONE,AWAITING_ACK,72247,62603,114706,0,2,0.6979,0.0264,1,0,UNRESOLVED
366.06,UPI,ICICI,STRIPE,SUCCESS,SUCCESS,AUTHORIZED,CAPTURED,PAID,DELIVERED,DELIVERED,200,1,SETTLED,NONE,NONE,703,930,208443,5,0,-0.2374,0.044,1,0,NORMAL
22141.49,UPI,ICICI,BILLDESK,SUCCESS,SUCCESS,AUTHORIZED,CAPTURED,PAID,DELIVERED,DELIVERED,200,1,SETTLED,NONE,NONE,220,304,169641,9,1,0.7713,0.0672,1,0,NORMAL
12182.92,NET_BANKING,ICICI,STRIPE,SUCCESS,SUCCESS,AUTHORIZED,CAPTURED,PAID,DELIVERED,DELIVERED,200,1,SETTLED,NONE,NONE,195,285,171247,3,0,-0.0254,0.0773,1,0,NORMAL
1684.63,DEBIT_CARD,YES_BANK,RAZORPAY,SUCCESS,SUCCESS,AUTHORIZED,CAPTURED,PAID,PROCESSING,DELIVERED,200,1,PENDING,NONE,NONE,426,651,42615,9,0,-0.3983,0.0217,1,0,NORMAL
12845.39,NET_BANKING,ICICI,RAZORPAY,SUCCESS,FAILED,TIMEOUT,FAILED,CANCELLED,CANCELLED,FAILED,500,1,ON_HOLD,NONE,NOT_INITIATED,963,92687,50218,15,0,1.6761,0.0665,1,0,BANK_DEBIT_GATEWAY_FAILURE
1339.15,UPI,SBI,STRIPE,SUCCESS,SUCCESS,AUTHORIZED,CAPTURED,PAID,DELIVERED,DELIVERED,200,1,SETTLED,NONE,NONE,547,847,186923,15,0,0.2174,0.044,1,0,NORMAL
750.82,UPI,PNB,PAYU,SUCCESS,SUCCESS,AUTHORIZED,CAPTURED,PAID,DELIVERED,DELIVERED,200,1,SETTLED,NONE,NONE,456,633,185962,10,0,0.7877,0.045,1,0,NORMAL
4556.9,UPI,PNB,STRIPE,DEBITED,SUCCESS,TIMEOUT,FAILED,PAID,CANCELLED,DROPPED,0,1,DISCREPANCY,PENDING,AWAITING_ACK,10678,53689,109960,23,0,0.6275,0.0119,1,0,UNRESOLVED
258.9,UPI,YES_BANK,PAYU,SUCCESS,SUCCESS,AUTHORIZED,CAPTURED,PAID,DELIVERED,DELIVERED,200,1,ON_HOLD,PROCESSED,CREDITED_TO_CUSTOMER,570,827,245927,11,4,-0.3836,0.0366,1,1,DUPLICATE_PAYMENT
1177.4,UPI,PNB,CASHFREE,SUCCESS,SUCCESS,AUTHORIZED,CAPTURED,PAID,DELIVERED,DELIVERED,200,1,SETTLED,NONE,NONE,219,474,232446,2,0,-0.5795,0.0229,1,0,NORMAL
4215.16,UPI,YES_BANK,CASHFREE,SUCCESS,SUCCESS,AUTHORIZED,CAPTURED,REFUNDED,RETURNED,DELIVERED,200,1,REVERSED,MANUAL_INTERVENTION_REQUIRED,AWAITING_ACK,601,811,162014,16,0,1.2185,0.0521,1,0,REFUND_UNCERTAINTY
1712.87,DEBIT_CARD,YES_BANK,CASHFREE,DEBITED,SUCCESS,AUTHORIZED,CAPTURED,PAID,PROCESSING,DELIVERED,200,2,SETTLED,NONE,NONE,64976,68003,164091,3,0,-0.0985,0.0496,1,0,DELAYED_CONFIRMATION
1910.25,UPI,ICICI,PAYU,SUCCESS,SUCCESS,AUTHORIZED,CAPTURED,PAID,DELIVERED,DELIVERED,200,1,SETTLED,NONE,NONE,279,405,245818,14,0,-0.3178,0.0168,1,0,NORMAL
1121.72,CREDIT_CARD,AXIS,BILLDESK,SUCCESS,SUCCESS,AUTHORIZED,CAPTURED,PAID,PROCESSING,DELIVERED,200,3,SETTLED,NONE,NONE,66534,71847,103465,4,0,-0.4096,0.0535,1,0,DELAYED_CONFIRMATION
2813.27,UPI,SBI,PAYU,SUCCESS,FAILED,TIMEOUT,FAILED,EXPIRED,CANCELLED,FAILED,500,1,ON_HOLD,NONE,NOT_INITIATED,995,77471,165699,18,0,0.0047,0.0173,1,0,BANK_DEBIT_GATEWAY_FAILURE
1802.69,NET_BANKING,INDUSIND,CASHFREE,SUCCESS,FAILED,TIMEOUT,FAILED,CANCELLED,CANCELLED,NONE,0,1,ON_HOLD,INITIATED,NOT_INITIATED,983,73775,60996,10,0,0.6388,0.0572,1,0,BANK_DEBIT_GATEWAY_FAILURE
329.24,UPI,HDFC,CASHFREE,SUCCESS,SUCCESS,AUTHORIZED,CAPTURED,PAID,DELIVERED,DELIVERED,200,1,SETTLED,NONE,NONE,565,739,102473,22,0,-0.8267,0.047,1,0,NORMAL
10176.86,UPI,AXIS,BILLDESK,SUCCESS,SUCCESS,AUTHORIZED,CAPTURED,PAID,DELIVERED,DELIVERED,200,1,SETTLED,NONE,NONE,691,797,201237,9,0,-0.1859,0.0674,1,0,NORMAL
216.84,UPI,YES_BANK,PAYU,SUCCESS,SUCCESS,AUTHORIZED,CAPTURED,EXPIRED,CANCELLED,DELIVERED,200,1,ON_HOLD,PROCESSED,NONE,258591,260784,102307,20,0,-0.6664,0.0324,1,0,ORDER_PAYMENT_CONFLICT
7769.57,UPI,HDFC,RAZORPAY,SUCCESS,SUCCESS,AUTHORIZED,CAPTURED,EXPIRED,UNFULFILLED,DROPPED,404,4,PENDING,NONE,NONE,194,280,42013,5,0,-0.3784,0.0694,1,0,MISSING_WEBHOOK
32818.66,CREDIT_CARD,KOTAK,PAYU,DEBITED,FAILED,FAILED,FAILED,CANCELLED,CANCELLED,FAILED,500,1,ON_HOLD,INITIATED,NOT_INITIATED,358,67592,4333,22,0,1.6255,0.0632,1,0,BANK_DEBIT_GATEWAY_FAILURE
5471.91,EMI,KOTAK,STRIPE,SUCCESS,FAILED,FAILED,AUTO_REFUNDED,CANCELLED,DELIVERED,RETRYING,0,1,ON_HOLD,PENDING,REJECTED_BY_BANK,77255,60247,7643,15,2,0.9543,0.0249,1,0,UNRESOLVED
749.01,CREDIT_CARD,HDFC,STRIPE,SUCCESS,SUCCESS,AUTHORIZED,CAPTURED,CANCELLED,CANCELLED,DELIVERED,200,1,ON_HOLD,INITIATED,NONE,356291,358604,49219,3,0,0.7834,0.0301,1,0,ORDER_PAYMENT_CONFLICT
1753.2,WALLET,PNB,CASHFREE,SUCCESS,SUCCESS,AUTHORIZED,CAPTURED,PAID,PROCESSING,DELIVERED,200,1,PENDING,NONE,NONE,582,787,758,0,0,-0.0773,0.0516,1,0,NORMAL
914.1,CREDIT_CARD,SBI,STRIPE,SUCCESS,SUCCESS,FAILED,AUTO_REFUNDED,PAID,DELIVERED,RETRYING,500,1,ON_HOLD,MANUAL_INTERVENTION_REQUIRED,AWAITING_ACK,17411,128700,99197,11,2,0.4063,0.0385,1,0,UNRESOLVED
468.73,NET_BANKING,YES_BANK,PAYU,SUCCESS,SUCCESS,AUTHORIZED,CAPTURED,PAID,DELIVERED,DELIVERED,200,1,SETTLED,NONE,NONE,1677,2061,171261,20,0,-0.2789,0.0356,1,0,NORMAL
744.54,CREDIT_CARD,KOTAK,CASHFREE,SUCCESS,SUCCESS,AUTHORIZED,CAPTURED,PENDING_PAYMENT,UNFULFILLED,FAILED,0,5,ON_HOLD,NONE,NONE,622,761,69011,19,0,0.0341,0.0293,1,0,MISSING_WEBHOOK
4081.16,UPI,INDUSIND,PAYU,SUCCESS,SUCCESS,AUTHORIZED,CAPTURED,PAID,DELIVERED,DELIVERED,200,1,SETTLED,NONE,NONE,680,900,110417,3,0,0.166,0.0332,1,0,NORMAL
8609.37,UPI,ICICI,BILLDESK,SUCCESS,SUCCESS,AUTHORIZED,CAPTURED,PAID,DELIVERED,DELIVERED,200,1,DISCREPANCY,NONE,NONE,558,848,173214,2,0,0.848,0.0507,1,0,SETTLEMENT_MISMATCH
1074.74,UPI,INDUSIND,BILLDESK,SUCCESS,SUCCESS,AUTHORIZED,CAPTURED,PAID,DELIVERED,DELIVERED,200,1,ON_HOLD,NONE,AWAITING_ACK,407,513,25368,1,1,-0.6162,0.0162,1,1,DUPLICATE_PAYMENT
471.88,NET_BANKING,KOTAK,BILLDESK,SUCCESS,SUCCESS,AUTHORIZED,CAPTURED,PAID,DELIVERED,DELIVERED,200,1,SETTLED,NONE,NONE,352,583,184495,13,0,0.1235,0.0326,1,0,NORMAL
3387.96,UPI,INDUSIND,STRIPE,DEBITED,FAILED,TIMEOUT,FAILED,CANCELLED,CANCELLED,DELIVERED,200,1,ON_HOLD,PROCESSED,CREDITED_TO_CUSTOMER,965,94964,245270,8,0,-0.2942,0.0683,1,0,BANK_DEBIT_GATEWAY_FAILURE
938.39,UPI,KOTAK,RAZORPAY,SUCCESS,SUCCESS,AUTHORIZED,CAPTURED,PAID,PROCESSING,DELIVERED,200,3,PENDING,NONE,NONE,270,600,70084,17,0,0.955,0.035,1,0,NORMAL
3548.15,UPI,PNB,CASHFREE,SUCCESS,SUCCESS,AUTHORIZED,CAPTURED,CANCELLED,CANCELLED,DELIVERED,200,1,ON_HOLD,PROCESSED,NONE,303703,304457,23953,1,0,0.8674,0.0476,1,0,ORDER_PAYMENT_CONFLICT
549.31,UPI,PNB,PAYU,PENDING,FAILED,FAILED,CAPTURED,PAID,UNFULFILLED,DROPPED,504,1,DISCREPANCY,MANUAL_INTERVENTION_REQUIRED,REJECTED_BY_BANK,42970,35591,151455,4,0,-0.1549,0.0229,1,0,UNRESOLVED
767.34,NET_BANKING,YES_BANK,PAYU,SUCCESS,SUCCESS,AUTHORIZED,CAPTURED,PENDING_PAYMENT,UNFULFILLED,FAILED,404,4,PENDING,NONE,NONE,739,956,152605,17,0,0.1805,0.0295,1,0,MISSING_WEBHOOK
328.99,UPI,ICICI,BILLDESK,SUCCESS,SUCCESS,AUTHORIZED,CAPTURED,PAID,PROCESSING,DELIVERED,200,1,PENDING,NONE,NONE,416,651,84676,1,0,-0.2167,0.0393,1,0,NORMAL
7696.38,UPI,SBI,RAZORPAY,SUCCESS,SUCCESS,AUTHORIZED,CAPTURED,PAID,PROCESSING,DELIVERED,200,1,PENDING,NONE,NONE,266,453,5831,17,0,-0.3843,0.0698,1,0,NORMAL
809.79,CREDIT_CARD,INDUSIND,BILLDESK,SUCCESS,SUCCESS,AUTHORIZED,CAPTURED,PAID,DELIVERED,DELIVERED,200,1,SETTLED,NONE,NONE,224,488,135625,11,0,0.9281,0.0355,1,0,NORMAL
3179.74,UPI,AXIS,STRIPE,SUCCESS,SUCCESS,AUTHORIZED,CAPTURED,PAID,DELIVERED,DELIVERED,200,2,SETTLED,NONE,NONE,216,388,176721,5,0,-0.0915,0.0457,1,0,NORMAL
1702.53,CREDIT_CARD,ICICI,STRIPE,SUCCESS,SUCCESS,AUTHORIZED,CAPTURED,PAID,DELIVERED,DELIVERED,200,1,SETTLED,NONE,NONE,422,505,109080,11,0,-0.1039,0.0567,1,0,NORMAL
1890.69,UPI,YES_BANK,PAYU,SUCCESS,SUCCESS,AUTHORIZED,CAPTURED,PROCESSING,PROCESSING,RETRYING,200,1,SETTLED,NONE,NONE,95825,97813,160149,21,0,-0.4598,0.0457,1,0,DELAYED_CONFIRMATION
564.43,DEBIT_CARD,SBI,CASHFREE,SUCCESS,SUCCESS,AUTHORIZED,CAPTURED,PAID,PROCESSING,DELIVERED,200,1,PENDING,NONE,NONE,373,620,65432,22,0,0.1759,0.0341,1,0,NORMAL
348.9,DEBIT_CARD,SBI,CASHFREE,SUCCESS,SUCCESS,AUTHORIZED,CAPTURED,PAID,DELIVERED,DELIVERED,200,1,SETTLED,NONE,NONE,3048,3629,157831,19,0,-0.1693,0.0339,1,0,NORMAL
1719.14,NET_BANKING,YES_BANK,BILLDESK,SUCCESS,SUCCESS,AUTHORIZED,CAPTURED,PAID,DELIVERED,DELIVERED,200,1,SETTLED,NONE,NONE,435,605,177463,12,0,0.5629,0.0554,1,0,NORMAL
6405.52,CREDIT_CARD,INDUSIND,RAZORPAY,DEBITED,FAILED,FAILED,FAILED,EXPIRED,CANCELLED,NONE,0,1,ON_HOLD,INITIATED,NOT_INITIATED,476,88637,17288,5,0,0.3345,0.0592,1,0,BANK_DEBIT_GATEWAY_FAILURE
184.8,CREDIT_CARD,AXIS,PAYU,SUCCESS,SUCCESS,AUTHORIZED,CAPTURED,PAID,PROCESSING,DELIVERED,200,1,PENDING,NONE,NONE,644,902,35631,21,0,-0.56,0.0492,1,0,NORMAL
1942.27,NET_BANKING,AXIS,RAZORPAY,SUCCESS,SUCCESS,AUTHORIZED,CAPTURED,PAID,PROCESSING,DELIVERED,200,1,PENDING,NONE,NONE,647,739,8699,7,0,-0.4451,0.0335,1,0,NORMAL
2588.28,CREDIT_CARD,PNB,CASHFREE,SUCCESS,SUCCESS,AUTHORIZED,CAPTURED,PAID,PROCESSING,DELIVERED,200,1,PENDING,NONE,NONE,369,606,82086,5,0,-0.4608,0.0617,1,0,NORMAL
2350.75,UPI,INDUSIND,RAZORPAY,SUCCESS,SUCCESS,AUTHORIZED,CAPTURED,PAID,DELIVERED,DELIVERED,200,1,SETTLED,NONE,NONE,428,698,254458,5,0,1.137,0.0591,1,0,NORMAL
1870.74,CREDIT_CARD,AXIS,RAZORPAY,SUCCESS,SUCCESS,AUTHORIZED,CAPTURED,CANCELLED,CANCELLED,DELIVERED,200,1,ON_HOLD,INITIATED,NONE,286744,288779,109009,11,0,1.5982,0.0348,1,0,ORDER_PAYMENT_CONFLICT
3078.13,UPI,SBI,BILLDESK,SUCCESS,SUCCESS,AUTHORIZED,CAPTURED,PAID,DELIVERED,DELIVERED,200,1,DISCREPANCY,NONE,NONE,315,501,24065,19,0,-0.3342,0.0577,1,0,SETTLEMENT_MISMATCH
1984.61,UPI,YES_BANK,BILLDESK,SUCCESS,SUCCESS,AUTHORIZED,CAPTURED,PAID,DELIVERED,DELIVERED,200,1,SETTLED,NONE,NONE,497,727,158288,5,0,-0.2912,0.0126,1,0,NORMAL
6604.95,UPI,SBI,CASHFREE,SUCCESS,SUCCESS,AUTHORIZED,PENDING,PAID,PROCESSING,DELIVERED,200,1,SETTLED,NONE,NONE,47237,52677,231484,6,0,0.376,0.0539,1,0,DELAYED_CONFIRMATION
1597.37,CREDIT_CARD,SBI,BILLDESK,SUCCESS,SUCCESS,AUTHORIZED,CAPTURED,PAID,PROCESSING,DELIVERED,200,1,PENDING,NONE,NONE,364,459,54095,23,0,-0.4295,0.0272,1,0,NORMAL
600.85,UPI,ICICI,PAYU,DEBITED,PENDING,FAILED,FAILED,PAID,CANCELLED,DROPPED,404,1,DISCREPANCY,FAILED,AWAITING_ACK,45551,73983,107400,2,2,-0.4538,0.0484,1,0,UNRESOLVED
1620.12,UPI,HDFC,PAYU,SUCCESS,FAILED,FAILED,AUTO_REFUNDED,CANCELLED,UNFULFILLED,FAILED,404,1,DISCREPANCY,NONE,NOT_INITIATED,27956,108453,672,2,1,-0.1473,0.0446,1,0,UNRESOLVED
750.94,UPI,YES_BANK,CASHFREE,DEBITED,PENDING,AUTHORIZED,FAILED,CANCELLED,DELIVERED,FAILED,504,1,ON_HOLD,MANUAL_INTERVENTION_REQUIRED,NOT_INITIATED,37815,7790,201051,11,0,-0.3173,0.0523,1,0,UNRESOLVED
53611.23,UPI,SBI,STRIPE,SUCCESS,SUCCESS,AUTHORIZED,CAPTURED,PAID,DELIVERED,DELIVERED,200,1,SETTLED,NONE,NONE,3361,4003,93975,18,0,3.2889,0.0736,1,0,NORMAL
588.97,DEBIT_CARD,HDFC,STRIPE,DEBITED,FAILED,TIMEOUT,FAILED,CANCELLED,CANCELLED,DELIVERED,200,1,ON_HOLD,PROCESSED,CREDITED_TO_CUSTOMER,1274,76549,37044,19,0,-0.0939,0.0286,1,0,BANK_DEBIT_GATEWAY_FAILURE
2198.41,UPI,HDFC,BILLDESK,SUCCESS,SUCCESS,AUTHORIZED,CAPTURED,PAID,DELIVERED,DELIVERED,200,1,DISCREPANCY,NONE,NONE,700,994,157646,15,0,0.2121,0.0459,1,0,SETTLEMENT_MISMATCH
864.43,NET_BANKING,HDFC,CASHFREE,SUCCESS,PENDING,AUTHORIZED,PENDING,PAID,PROCESSING,RETRYING,200,3,PENDING,NONE,NONE,54358,57465,8818,11,0,0.3299,0.0243,1,0,DELAYED_CONFIRMATION
8012.33,CREDIT_CARD,AXIS,STRIPE,SUCCESS,SUCCESS,AUTHORIZED,CAPTURED,PAID,DELIVERED,DELIVERED,200,3,SETTLED,NONE,NONE,509,635,136730,12,0,1.8615,0.026,1,0,NORMAL
2056.8,CREDIT_CARD,INDUSIND,STRIPE,SUCCESS,SUCCESS,AUTHORIZED,CAPTURED,EXPIRED,UNFULFILLED,FAILED,502,4,PENDING,NONE,NONE,508,806,229427,22,0,-0.8355,0.0784,1,0,MISSING_WEBHOOK
917.6,UPI,YES_BANK,BILLDESK,DEBITED,SUCCESS,AUTHORIZED,CAPTURED,PAID,PROCESSING,DELIVERED,200,1,PENDING,NONE,NONE,85067,88367,55672,4,0,-0.1658,0.0571,1,0,DELAYED_CONFIRMATION
2766.65,UPI,ICICI,CASHFREE,SUCCESS,SUCCESS,AUTHORIZED,CAPTURED,PAID,DELIVERED,DELIVERED,200,1,ON_HOLD,PROCESSED,CREDITED_TO_CUSTOMER,601,715,114434,9,3,-0.2095,0.0316,1,1,DUPLICATE_PAYMENT
833.02,UPI,HDFC,PAYU,SUCCESS,FAILED,TIMEOUT,FAILED,EXPIRED,CANCELLED,DELIVERED,200,1,ON_HOLD,INITIATED,NOT_INITIATED,731,88050,12632,18,0,0.157,0.0383,1,0,BANK_DEBIT_GATEWAY_FAILURE
8250.52,UPI,INDUSIND,BILLDESK,SUCCESS,SUCCESS,AUTHORIZED,CAPTURED,PAID,DELIVERED,DELIVERED,200,1,SETTLED,NONE,NONE,502,786,194512,0,1,-0.34,0.0774,1,0,NORMAL
527.97,WALLET,AXIS,CASHFREE,SUCCESS,SUCCESS,AUTHORIZED,CAPTURED,PENDING_PAYMENT,UNFULFILLED,TIMED_OUT,502,5,ON_HOLD,NONE,NONE,553,711,185110,14,0,0.2571,0.0357,1,0,MISSING_WEBHOOK
2393.66,UPI,YES_BANK,PAYU,SUCCESS,SUCCESS,AUTHORIZED,CAPTURED,REFUNDED,RETURNED,DELIVERED,200,1,REVERSED,PENDING,AWAITING_ACK,396,493,73383,10,0,-0.3161,0.0494,1,0,REFUND_UNCERTAINTY
484.87,CREDIT_CARD,ICICI,STRIPE,SUCCESS,SUCCESS,AUTHORIZED,CAPTURED,PAID,DELIVERED,DELIVERED,200,1,ON_HOLD,PROCESSED,CREDITED_TO_CUSTOMER,619,734,236762,20,2,-0.254,0.0272,1,1,DUPLICATE_PAYMENT
9094.95,CREDIT_CARD,PNB,PAYU,SUCCESS,FAILED,NONE,FAILED,CANCELLED,CANCELLED,DELIVERED,200,1,ON_HOLD,PROCESSED,CREDITED_TO_CUSTOMER,357,76463,33203,10,0,0.8948,0.0535,1,0,BANK_DEBIT_GATEWAY_FAILURE
710.06,UPI,AXIS,CASHFREE,REVERSED,SUCCESS,AUTHORIZED,FAILED,CANCELLED,DELIVERED,DELIVERED,500,1,FAILED,FAILED,NOT_INITIATED,90477,37804,145291,4,1,0.0924,0.0357,1,0,UNRESOLVED
486.09,UPI,KOTAK,CASHFREE,SUCCESS,SUCCESS,AUTHORIZED,CAPTURED,PAID,DELIVERED,DELIVERED,200,1,SETTLED,NONE,NONE,633,925,227793,19,0,0.0127,0.0493,1,0,NORMAL
973.13,DEBIT_CARD,PNB,CASHFREE,SUCCESS,SUCCESS,AUTHORIZED,CAPTURED,PAID,PROCESSING,DELIVERED,200,1,PENDING,NONE,NONE,2719,3481,84402,2,0,0.4971,0.0249,1,0,NORMAL
829.32,DEBIT_CARD,YES_BANK,CASHFREE,SUCCESS,SUCCESS,AUTHORIZED,CAPTURED,PAID,DELIVERED,DELIVERED,200,1,DISCREPANCY,NONE,NONE,208,425,239435,6,0,0.3007,0.0318,1,0,SETTLEMENT_MISMATCH
509.07,UPI,HDFC,BILLDESK,SUCCESS,SUCCESS,AUTHORIZED,CAPTURED,PAID,DELIVERED,DELIVERED,200,1,SETTLED,NONE,NONE,731,848,103130,3,0,0.0606,0.04,1,0,NORMAL
267.72,UPI,YES_BANK,RAZORPAY,SUCCESS,SUCCESS,AUTHORIZED,CAPTURED,PAID,DELIVERED,DELIVERED,200,1,SETTLED,NONE,NONE,181,467,192963,23,0,-0.4422,0.0499,1,0,NORMAL
249.63,UPI,SBI,STRIPE,SUCCESS,SUCCESS,AUTHORIZED,CAPTURED,PAID,DELIVERED,DELIVERED,200,1,SETTLED,NONE,NONE,2393,3287,157900,20,0,-0.4056,0.0498,1,0,NORMAL
17245.94,CREDIT_CARD,ICICI,CASHFREE,SUCCESS,SUCCESS,AUTHORIZED,CAPTURED,PAID,DELIVERED,DELIVERED,200,1,ON_HOLD,NONE,AWAITING_ACK,395,619,4987,0,1,0.3797,0.0748,1,1,DUPLICATE_PAYMENT
10916.36,CREDIT_CARD,ICICI,BILLDESK,SUCCESS,SUCCESS,AUTHORIZED,CAPTURED,PAID,DELIVERED,DELIVERED,200,1,SETTLED,NONE,NONE,715,875,153036,21,0,-0.1267,0.0649,1,0,NORMAL
1465.92,CREDIT_CARD,ICICI,RAZORPAY,DEBITED,SUCCESS,AUTHORIZED,PENDING,PAID,PROCESSING,DELIVERED,200,3,SETTLED,NONE,NONE,88273,93220,247422,18,0,1.2553,0.0379,1,0,DELAYED_CONFIRMATION
41185.83,UPI,PNB,BILLDESK,SUCCESS,SUCCESS,AUTHORIZED,CAPTURED,PAID,DELIVERED,DELIVERED,200,1,SETTLED,NONE,NONE,2137,2806,90437,5,0,2.2949,0.0656,1,0,NORMAL
12525.34,UPI,YES_BANK,STRIPE,SUCCESS,SUCCESS,AUTHORIZED,CAPTURED,PAID,PROCESSING,DELIVERED,200,1,PENDING,NONE,NONE,451,587,43388,20,0,0.002,0.0766,1,0,NORMAL
1606.4,NET_BANKING,KOTAK,STRIPE,SUCCESS,SUCCESS,AUTHORIZED,CAPTURED,PAID,DELIVERED,DELIVERED,200,1,SETTLED,NONE,NONE,671,933,193506,13,0,-0.1545,0.0483,1,0,NORMAL
846.2,UPI,INDUSIND,PAYU,SUCCESS,SUCCESS,FAILED,CAPTURED,PAID,RETURNED,DELIVERED,500,1,FAILED,FAILED,AWAITING_ACK,114783,68293,194044,6,1,0.1753,0.0229,1,0,UNRESOLVED
334.11,UPI,SBI,STRIPE,SUCCESS,SUCCESS,AUTHORIZED,CAPTURED,PAID,DELIVERED,DELIVERED,200,1,DISCREPANCY,NONE,NONE,311,462,58189,12,0,-0.2464,0.0494,1,0,SETTLEMENT_MISMATCH
819.06,WALLET,INDUSIND,STRIPE,SUCCESS,SUCCESS,AUTHORIZED,CAPTURED,PAID,PROCESSING,DELIVERED,200,3,PENDING,NONE,NONE,648,755,51291,19,0,0.2601,0.0272,1,0,NORMAL
7071.62,CREDIT_CARD,KOTAK,RAZORPAY,SUCCESS,SUCCESS,AUTHORIZED,CAPTURED,PAID,PROCESSING,DELIVERED,200,1,PENDING,NONE,NONE,361,650,42738,9,0,-0.4343,0.0698,1,0,NORMAL
565.96,EMI,AXIS,RAZORPAY,SUCCESS,SUCCESS,AUTHORIZED,CAPTURED,PAID,PROCESSING,DELIVERED,200,1,PENDING,NONE,NONE,421,643,70795,23,0,-0.2139,0.0314,1,0,NORMAL
652.57,UPI,HDFC,BILLDESK,SUCCESS,SUCCESS,AUTHORIZED,CAPTURED,PENDING_PAYMENT,UNFULFILLED,DROPPED,504,5,ON_HOLD,NONE,NONE,456,579,43282,13,0,-0.6565,0.0405,1,0,MISSING_WEBHOOK
1349.16,UPI,ICICI,CASHFREE,SUCCESS,SUCCESS,AUTHORIZED,CAPTURED,REFUNDED,RETURNED,DELIVERED,200,1,REVERSED,MANUAL_INTERVENTION_REQUIRED,AWAITING_ACK,625,798,89338,10,0,-0.5182,0.0187,1,0,REFUND_UNCERTAINTY
3201.38,DEBIT_CARD,SBI,BILLDESK,SUCCESS,SUCCESS,AUTHORIZED,CAPTURED,PENDING_PAYMENT,UNFULFILLED,DROPPED,0,3,ON_HOLD,NONE,NONE,683,814,255652,6,0,0.1434,0.0143,1,0,MISSING_WEBHOOK
3332.11,UPI,AXIS,RAZORPAY,SUCCESS,SUCCESS,AUTHORIZED,CAPTURED,PAID,DELIVERED,DELIVERED,200,1,ON_HOLD,PROCESSED,CREDITED_TO_CUSTOMER,383,597,82839,22,1,-0.3058,0.0593,1,1,DUPLICATE_PAYMENT
634.63,UPI,KOTAK,BILLDESK,SUCCESS,SUCCESS,AUTHORIZED,CAPTURED,PAID,DELIVERED,DELIVERED,200,1,ON_HOLD,INITIATED,AWAITING_ACK,367,565,34986,9,2,-0.0236,0.027,1,1,DUPLICATE_PAYMENT
3428.94,UPI,AXIS,STRIPE,DEBITED,SUCCESS,AUTHORIZED,PENDING,PROCESSING,PROCESSING,DELIVERED,200,3,PENDING,NONE,NONE,94224,99140,45470,20,0,-0.2856,0.0572,1,0,DELAYED_CONFIRMATION
1878.77,UPI,INDUSIND,BILLDESK,DEBITED,FAILED,TIMEOUT,AUTO_REFUNDED,CANCELLED,CANCELLED,DELIVERED,200,1,ON_HOLD,NONE,NOT_INITIATED,637,73157,67937,3,0,1.6094,0.0205,1,0,BANK_DEBIT_GATEWAY_FAILURE
902.36,UPI,PNB,STRIPE,SUCCESS,SUCCESS,AUTHORIZED,CAPTURED,PAID,DELIVERED,DELIVERED,200,1,ON_HOLD,INITIATED,AWAITING_ACK,242,413,202605,19,4,-0.1797,0.0585,1,1,DUPLICATE_PAYMENT
393.54,UPI,INDUSIND,BILLDESK,SUCCESS,SUCCESS,AUTHORIZED,CAPTURED,PAID,PROCESSING,DELIVERED,200,1,PENDING,NONE,NONE,215,367,81,12,0,-0.6422,0.0585,1,0,NORMAL
18192.94,CREDIT_CARD,YES_BANK,PAYU,SUCCESS,SUCCESS,AUTHORIZED,CAPTURED,PAID,PROCESSING,DELIVERED,200,1,PENDING,NONE,NONE,682,877,7414,13,0,0.4554,0.0667,1,0,NORMAL
520.82,UPI,ICICI,BILLDESK,SUCCESS,SUCCESS,AUTHORIZED,CAPTURED,PAID,DELIVERED,DELIVERED,200,1,SETTLED,NONE,NONE,374,666,161585,0,0,-0.2766,0.0296,1,0,NORMAL
301.74,WALLET,HDFC,STRIPE,SUCCESS,FAILED,FAILED,FAILED,CANCELLED,CANCELLED,DELIVERED,200,1,ON_HOLD,NONE,NOT_INITIATED,1297,75949,77602,10,0,-0.5358,0.0395,1,0,BANK_DEBIT_GATEWAY_FAILURE
3705.79,DEBIT_CARD,ICICI,STRIPE,SUCCESS,SUCCESS,AUTHORIZED,CAPTURED,PAID,PROCESSING,DELIVERED,200,1,PENDING,NONE,NONE,431,606,40468,6,0,2.3689,0.058,1,0,NORMAL
718.75,UPI,ICICI,PAYU,SUCCESS,SUCCESS,AUTHORIZED,CAPTURED,REFUNDED,RETURNED,DELIVERED,200,1,REVERSED,PENDING,AWAITING_ACK,265,414,179109,21,0,0.1058,0.0345,1,0,REFUND_UNCERTAINTY
333.58,NET_BANKING,PNB,BILLDESK,SUCCESS,SUCCESS,AUTHORIZED,CAPTURED,PAID,PROCESSING,DELIVERED,200,3,PENDING,NONE,NONE,314,396,82852,7,0,-0.2058,0.0327,1,0,NORMAL
26833.68,DEBIT_CARD,KOTAK,STRIPE,SUCCESS,PENDING,AUTHORIZED,CAPTURED,PAID,PROCESSING,DELIVERED,200,2,SETTLED,NONE,NONE,71969,77925,92044,14,0,4.5903,0.0577,1,0,DELAYED_CONFIRMATION
919.47,UPI,AXIS,PAYU,SUCCESS,SUCCESS,AUTHORIZED,CAPTURED,PAID,DELIVERED,DELIVERED,200,1,SETTLED,NONE,NONE,302,554,163392,20,0,-0.5161,0.0565,1,0,NORMAL
415.04,UPI,INDUSIND,BILLDESK,SUCCESS,FAILED,TIMEOUT,FAILED,CANCELLED,CANCELLED,DELIVERED,200,1,ON_HOLD,NONE,NOT_INITIATED,377,56801,113152,4,0,-0.4236,0.0225,1,0,BANK_DEBIT_GATEWAY_FAILURE
21988.4,UPI,KOTAK,RAZORPAY,SUCCESS,SUCCESS,AUTHORIZED,CAPTURED,PAID,DELIVERED,DELIVERED,200,1,SETTLED,NONE,NONE,270,355,229963,1,1,0.7591,0.0629,1,0,NORMAL
3444.79,UPI,INDUSIND,RAZORPAY,SUCCESS,FAILED,FAILED,FAILED,CANCELLED,CANCELLED,FAILED,500,1,ON_HOLD,NONE,NOT_INITIATED,1115,69767,134676,2,0,-0.2823,0.0594,1,0,BANK_DEBIT_GATEWAY_FAILURE
234.84,UPI,KOTAK,RAZORPAY,SUCCESS,SUCCESS,AUTHORIZED,CAPTURED,PAID,DELIVERED,DELIVERED,200,1,SETTLED,NONE,NONE,436,537,94515,20,0,-0.6738,0.0376,1,0,NORMAL
5813.86,NET_BANKING,KOTAK,RAZORPAY,SUCCESS,SUCCESS,AUTHORIZED,CAPTURED,PENDING_PAYMENT,UNFULFILLED,FAILED,502,2,ON_HOLD,NONE,NONE,198,380,96420,21,0,0.6611,0.0313,1,0,MISSING_WEBHOOK
2940.24,DEBIT_CARD,ICICI,BILLDESK,SUCCESS,SUCCESS,TIMEOUT,PENDING,PENDING_PAYMENT,RETURNED,RETRYING,404,1,ON_HOLD,FAILED,NOT_INITIATED,116945,77131,247563,15,0,-0.1599,0.0452,1,0,UNRESOLVED
290.55,EMI,PNB,BILLDESK,SUCCESS,SUCCESS,AUTHORIZED,CAPTURED,PAID,PROCESSING,DELIVERED,200,1,SETTLED,NONE,NONE,37189,39668,222054,10,0,-0.3082,0.0473,1,0,DELAYED_CONFIRMATION
1587.14,DEBIT_CARD,HDFC,STRIPE,SUCCESS,SUCCESS,AUTHORIZED,CAPTURED,PAID,DELIVERED,DELIVERED,200,1,SETTLED,NONE,NONE,480,655,227137,6,0,1.2044,0.0339,1,0,NORMAL
5156.7,UPI,SBI,STRIPE,SUCCESS,SUCCESS,AUTHORIZED,CAPTURED,PAID,DELIVERED,DELIVERED,200,1,DISCREPANCY,NONE,NONE,682,768,198082,10,0,0.5067,0.0306,1,0,SETTLEMENT_MISMATCH
12353.58,NET_BANKING,ICICI,PAYU,SUCCESS,SUCCESS,AUTHORIZED,CAPTURED,PAID,DELIVERED,DELIVERED,200,1,SETTLED,NONE,NONE,595,883,114226,1,0,-0.0117,0.0696,1,0,NORMAL
199.64,DEBIT_CARD,KOTAK,PAYU,SUCCESS,SUCCESS,AUTHORIZED,CAPTURED,REFUNDED,RETURNED,DELIVERED,200,1,REVERSED,MANUAL_INTERVENTION_REQUIRED,REJECTED_BY_BANK,557,654,223021,13,0,-0.5247,0.0493,1,0,REFUND_UNCERTAINTY
18028.45,NET_BANKING,INDUSIND,PAYU,SUCCESS,SUCCESS,AUTHORIZED,CAPTURED,PAID,DELIVERED,DELIVERED,200,1,SETTLED,NONE,NONE,689,959,257106,3,0,0.4423,0.069,1,0,NORMAL
10439.61,CREDIT_CARD,ICICI,BILLDESK,SUCCESS,SUCCESS,AUTHORIZED,CAPTURED,PENDING_PAYMENT,UNFULFILLED,DROPPED,0,5,ON_HOLD,NONE,NONE,613,775,17682,15,0,1.1749,0.0682,1,0,MISSING_WEBHOOK
2532.62,UPI,HDFC,BILLDESK,SUCCESS,SUCCESS,AUTHORIZED,CAPTURED,PAID,DELIVERED,DELIVERED,200,1,DISCREPANCY,NONE,NONE,712,904,240843,3,0,0.3562,0.0472,1,0,SETTLEMENT_MISMATCH
792.51,UPI,AXIS,CASHFREE,SUCCESS,SUCCESS,AUTHORIZED,CAPTURED,PAID,DELIVERED,DELIVERED,200,1,SETTLED,NONE,NONE,4018,4385,169921,7,0,0.6511,0.0382,1,0,NORMAL
5909.25,UPI,HDFC,BILLDESK,SUCCESS,SUCCESS,AUTHORIZED,CAPTURED,PAID,PROCESSING,DELIVERED,200,1,PENDING,NONE,NONE,249,390,21947,5,0,0.2311,0.0596,1,0,NORMAL
16321.61,UPI,PNB,PAYU,SUCCESS,SUCCESS,AUTHORIZED,CAPTURED,PAID,DELIVERED,DELIVERED,200,1,SETTLED,NONE,NONE,562,817,238398,7,0,0.3057,0.0723,1,0,NORMAL
11830.78,EMI,INDUSIND,STRIPE,SUCCESS,SUCCESS,AUTHORIZED,CAPTURED,PENDING_PAYMENT,UNFULFILLED,FAILED,504,3,PENDING,NONE,NONE,319,457,68498,23,0,-0.0535,0.0698,1,0,MISSING_WEBHOOK
946.97,UPI,YES_BANK,BILLDESK,SUCCESS,SUCCESS,AUTHORIZED,CAPTURED,REFUNDED,RETURNED,DELIVERED,200,1,REVERSED,MANUAL_INTERVENTION_REQUIRED,AWAITING_ACK,612,791,141121,7,0,0.3152,0.035,1,0,REFUND_UNCERTAINTY
17212.8,UPI,INDUSIND,CASHFREE,REVERSED,SUCCESS,AUTHORIZED,CAPTURED,REFUNDED,RETURNED,DELIVERED,200,1,REVERSED,MANUAL_INTERVENTION_REQUIRED,AWAITING_ACK,232,364,34422,0,0,0.377,0.0717,1,0,REFUND_UNCERTAINTY
5750.0,CREDIT_CARD,YES_BANK,BILLDESK,SUCCESS,SUCCESS,AUTHORIZED,CAPTURED,EXPIRED,CANCELLED,DELIVERED,200,1,ON_HOLD,PROCESSED,NONE,289777,290924,53789,6,0,1.0536,0.0134,1,0,ORDER_PAYMENT_CONFLICT
22556.88,UPI,AXIS,CASHFREE,SUCCESS,SUCCESS,AUTHORIZED,CAPTURED,EXPIRED,CANCELLED,DELIVERED,200,1,ON_HOLD,INITIATED,NONE,280526,281358,174478,1,0,0.8046,0.0641,1,0,ORDER_PAYMENT_CONFLICT
688.03,WALLET,INDUSIND,CASHFREE,SUCCESS,SUCCESS,AUTHORIZED,CAPTURED,PAID,PROCESSING,DELIVERED,200,1,PENDING,NONE,NONE,626,777,37158,9,0,-0.6379,0.0416,1,0,NORMAL
1869.98,UPI,YES_BANK,RAZORPAY,SUCCESS,SUCCESS,AUTHORIZED,PENDING,PAID,PROCESSING,DELIVERED,200,1,SETTLED,NONE,NONE,103626,108610,99225,0,0,1.8769,0.0376,1,0,DELAYED_CONFIRMATION
1030.15,UPI,INDUSIND,STRIPE,PENDING,SUCCESS,NONE,AUTO_REFUNDED,CANCELLED,RETURNED,DELIVERED,504,1,DISCREPANCY,PENDING,NOT_INITIATED,46485,88849,122666,9,1,0.5848,0.036,1,0,UNRESOLVED
1822.99,UPI,AXIS,PAYU,SUCCESS,SUCCESS,AUTHORIZED,CAPTURED,PAID,DELIVERED,DELIVERED,200,1,SETTLED,NONE,NONE,228,516,253988,2,0,-0.6202,0.052,1,0,NORMAL
1122.77,UPI,HDFC,BILLDESK,SUCCESS,SUCCESS,AUTHORIZED,CAPTURED,PAID,DELIVERED,DELIVERED,200,1,SETTLED,NONE,NONE,270,416,208597,1,0,0.0207,0.0443,1,0,NORMAL
3220.21,UPI,YES_BANK,RAZORPAY,SUCCESS,SUCCESS,AUTHORIZED,CAPTURED,CANCELLED,CANCELLED,DELIVERED,200,1,ON_HOLD,NONE,NONE,269717,271227,103667,18,0,0.1501,0.0126,1,0,ORDER_PAYMENT_CONFLICT
461.34,DEBIT_CARD,YES_BANK,RAZORPAY,SUCCESS,SUCCESS,AUTHORIZED,CAPTURED,PAID,DELIVERED,DELIVERED,200,1,SETTLED,NONE,NONE,614,879,219735,7,0,-0.0389,0.034,1,0,NORMAL
3921.05,EMI,YES_BANK,PAYU,SUCCESS,FAILED,FAILED,FAILED,CANCELLED,CANCELLED,FAILED,504,1,ON_HOLD,INITIATED,NOT_INITIATED,1471,82147,124054,14,0,0.1203,0.0398,1,0,BANK_DEBIT_GATEWAY_FAILURE
2297.93,UPI,YES_BANK,CASHFREE,SUCCESS,SUCCESS,AUTHORIZED,CAPTURED,PAID,DELIVERED,DELIVERED,200,1,DISCREPANCY,NONE,NONE,334,488,69652,5,0,-0.4459,0.0566,1,0,SETTLEMENT_MISMATCH
233.19,WALLET,HDFC,BILLDESK,SUCCESS,SUCCESS,AUTHORIZED,CAPTURED,PAID,DELIVERED,DELIVERED,200,1,SETTLED,NONE,NONE,603,799,185682,16,0,-0.5142,0.0353,1,0,NORMAL
155.61,EMI,KOTAK,RAZORPAY,SUCCESS,SUCCESS,AUTHORIZED,CAPTURED,PAID,PROCESSING,DELIVERED,200,1,PENDING,NONE,NONE,610,881,62817,18,0,-0.6295,0.0383,1,0,NORMAL
208.97,CREDIT_CARD,KOTAK,BILLDESK,SUCCESS,SUCCESS,AUTHORIZED,PENDING,PAID,PROCESSING,DELIVERED,200,1,PENDING,NONE,NONE,48834,50008,75415,23,0,-0.5646,0.0402,1,0,DELAYED_CONFIRMATION
1435.95,CREDIT_CARD,INDUSIND,BILLDESK,SUCCESS,SUCCESS,AUTHORIZED,CAPTURED,PAID,DELIVERED,DELIVERED,200,1,SETTLED,NONE,NONE,1417,2279,145205,21,0,-0.5897,0.0365,1,0,NORMAL
1247.94,UPI,YES_BANK,PAYU,SUCCESS,SUCCESS,AUTHORIZED,CAPTURED,REFUNDED,RETURNED,DELIVERED,200,1,REVERSED,PENDING,AWAITING_ACK,716,964,93077,23,0,0.1345,0.0514,1,0,REFUND_UNCERTAINTY
315.02,CREDIT_CARD,SBI,STRIPE,SUCCESS,SUCCESS,AUTHORIZED,CAPTURED,PAID,DELIVERED,DELIVERED,200,1,SETTLED,NONE,NONE,616,814,86796,5,0,-0.5625,0.0386,1,0,NORMAL
22798.8,CREDIT_CARD,KOTAK,CASHFREE,SUCCESS,FAILED,NONE,FAILED,EXPIRED,CANCELLED,FAILED,0,1,ON_HOLD,PROCESSED,CREDITED_TO_CUSTOMER,435,88329,4802,2,0,0.8239,0.0787,1,0,BANK_DEBIT_GATEWAY_FAILURE
858.84,DEBIT_CARD,YES_BANK,CASHFREE,SUCCESS,SUCCESS,AUTHORIZED,CAPTURED,REFUNDED,RETURNED,DELIVERED,200,1,REVERSED,FAILED,AWAITING_ACK,595,867,5175,3,0,-0.2192,0.0435,1,0,REFUND_UNCERTAINTY
8304.8,UPI,INDUSIND,CASHFREE,SUCCESS,SUCCESS,AUTHORIZED,CAPTURED,PAID,DELIVERED,DELIVERED,200,1,SETTLED,NONE,NONE,730,843,241510,12,0,1.3728,0.045,1,0,NORMAL
3404.19,CREDIT_CARD,AXIS,RAZORPAY,SUCCESS,SUCCESS,AUTHORIZED,CAPTURED,REFUNDED,RETURNED,DELIVERED,200,1,REVERSED,PENDING,REJECTED_BY_BANK,299,402,44607,11,0,-0.0274,0.0429,1,0,REFUND_UNCERTAINTY
1761.09,UPI,PNB,CASHFREE,SUCCESS,SUCCESS,AUTHORIZED,CAPTURED,PAID,DELIVERED,DELIVERED,200,1,SETTLED,NONE,NONE,706,920,221463,7,0,1.446,0.0352,1,0,NORMAL
297.68,WALLET,SBI,RAZORPAY,SUCCESS,SUCCESS,AUTHORIZED,CAPTURED,PAID,DELIVERED,DELIVERED,200,1,SETTLED,NONE,NONE,3454,4056,255643,7,0,-0.2912,0.0428,1,0,NORMAL
564.85,WALLET,PNB,CASHFREE,SUCCESS,SUCCESS,AUTHORIZED,CAPTURED,PAID,PROCESSING,DELIVERED,200,1,PENDING,NONE,NONE,680,900,31206,22,0,-0.131,0.027,1,0,NORMAL
8477.85,NET_BANKING,ICICI,CASHFREE,SUCCESS,FAILED,NONE,CAPTURED,PENDING_PAYMENT,UNFULFILLED,FAILED,504,1,FAILED,MANUAL_INTERVENTION_REQUIRED,AWAITING_ACK,36342,89824,130341,13,2,2.0278,0.0195,1,0,UNRESOLVED
2094.85,CREDIT_CARD,ICICI,CASHFREE,SUCCESS,SUCCESS,AUTHORIZED,CAPTURED,PAID,PROCESSING,DELIVERED,200,1,PENDING,NONE,NONE,52703,58292,85375,18,0,-0.2518,0.0244,1,0,DELAYED_CONFIRMATION
4860.13,UPI,PNB,RAZORPAY,SUCCESS,SUCCESS,AUTHORIZED,CAPTURED,PAID,DELIVERED,DELIVERED,200,1,SETTLED,NONE,NONE,376,654,221098,8,0,0.7358,0.0261,1,0,NORMAL
5260.0,NET_BANKING,YES_BANK,CASHFREE,SUCCESS,SUCCESS,AUTHORIZED,CAPTURED,PENDING_PAYMENT,PROCESSING,DELIVERED,200,3,PENDING,NONE,NONE,89410,93484,71803,9,0,0.5029,0.0456,1,0,DELAYED_CONFIRMATION
4320.1,UPI,HDFC,STRIPE,SUCCESS,SUCCESS,AUTHORIZED,CAPTURED,PAID,DELIVERED,DELIVERED,200,1,SETTLED,NONE,NONE,412,498,190366,20,0,-0.1,0.0622,1,0,NORMAL
6460.69,UPI,ICICI,BILLDESK,SUCCESS,SUCCESS,AUTHORIZED,CAPTURED,REFUNDED,RETURNED,DELIVERED,200,1,REVERSED,PENDING,NOT_INITIATED,344,567,178010,7,0,0.8459,0.0327,1,0,REFUND_UNCERTAINTY
3944.52,CREDIT_CARD,INDUSIND,BILLDESK,SUCCESS,SUCCESS,AUTHORIZED,CAPTURED,PENDING_PAYMENT,UNFULFILLED,TIMED_OUT,0,3,ON_HOLD,NONE,NONE,502,730,128900,6,0,0.4088,0.0239,1,0,MISSING_WEBHOOK
2260.05,CREDIT_CARD,AXIS,RAZORPAY,DEBITED,SUCCESS,FAILED,AUTO_REFUNDED,FAILED,RETURNED,RETRYING,404,1,ON_HOLD,PENDING,REJECTED_BY_BANK,4139,38415,6300,20,0,-0.3543,0.046,1,0,UNRESOLVED
10229.57,CREDIT_CARD,AXIS,STRIPE,SUCCESS,SUCCESS,AUTHORIZED,CAPTURED,PAID,PROCESSING,DELIVERED,200,1,PENDING,NONE,NONE,263,346,8621,5,0,-0.1816,0.0695,1,0,NORMAL
1130.84,UPI,PNB,STRIPE,SUCCESS,SUCCESS,AUTHORIZED,CAPTURED,PAID,DELIVERED,DELIVERED,200,1,ON_HOLD,PROCESSED,CREDITED_TO_CUSTOMER,186,330,121643,16,1,0.028,0.0453,1,1,DUPLICATE_PAYMENT
5239.99,UPI,PNB,PAYU,SUCCESS,SUCCESS,AUTHORIZED,CAPTURED,PAID,DELIVERED,DELIVERED,200,1,SETTLED,NONE,NONE,324,608,212557,7,0,3.7636,0.0515,1,0,NORMAL
1285.17,UPI,HDFC,PAYU,SUCCESS,SUCCESS,AUTHORIZED,CAPTURED,PAID,PROCESSING,DELIVERED,200,1,PENDING,NONE,NONE,716,812,71328,13,0,-0.3236,0.0547,1,0,NORMAL
448.12,UPI,PNB,BILLDESK,SUCCESS,SUCCESS,AUTHORIZED,CAPTURED,CANCELLED,CANCELLED,DELIVERED,200,1,ON_HOLD,INITIATED,NONE,247418,249408,78797,23,0,0.067,0.0373,1,0,ORDER_PAYMENT_CONFLICT
2629.6,UPI,INDUSIND,PAYU,SUCCESS,SUCCESS,AUTHORIZED,CAPTURED,CANCELLED,CANCELLED,DELIVERED,200,1,ON_HOLD,PROCESSED,NONE,336567,337875,64390,15,0,-0.2487,0.0459,1,0,ORDER_PAYMENT_CONFLICT
336.48,UPI,AXIS,BILLDESK,SUCCESS,FAILED,TIMEOUT,FAILED,CANCELLED,CANCELLED,DELIVERED,200,1,ON_HOLD,INITIATED,NOT_INITIATED,481,49508,234798,13,0,-0.4823,0.027,1,0,BANK_DEBIT_GATEWAY_FAILURE
1165.92,EMI,HDFC,RAZORPAY,SUCCESS,SUCCESS,AUTHORIZED,CAPTURED,PAID,DELIVERED,DELIVERED,200,1,SETTLED,NONE,NONE,636,777,90733,21,0,0.0599,0.0565,1,0,NORMAL
616.03,DEBIT_CARD,INDUSIND,PAYU,SUCCESS,SUCCESS,AUTHORIZED,CAPTURED,PAID,DELIVERED,DELIVERED,200,1,SETTLED,NONE,NONE,718,954,117522,21,0,0.4667,0.043,1,0,NORMAL
1439.63,DEBIT_CARD,AXIS,STRIPE,SUCCESS,SUCCESS,AUTHORIZED,CAPTURED,PAID,DELIVERED,DELIVERED,200,1,ON_HOLD,INITIATED,AWAITING_ACK,713,1116,182542,14,3,1.2148,0.0386,1,1,DUPLICATE_PAYMENT
1446.47,DEBIT_CARD,HDFC,PAYU,SUCCESS,SUCCESS,AUTHORIZED,CAPTURED,PAID,PROCESSING,DELIVERED,200,1,SETTLED,NONE,NONE,56614,59340,176390,8,0,-0.2387,0.0578,1,0,DELAYED_CONFIRMATION
695.82,UPI,PNB,PAYU,SUCCESS,SUCCESS,AUTHORIZED,CAPTURED,PAID,DELIVERED,DELIVERED,200,1,SETTLED,NONE,NONE,612,711,191160,4,0,-0.0336,0.032,1,0,NORMAL
308.81,UPI,AXIS,RAZORPAY,SUCCESS,SUCCESS,AUTHORIZED,CAPTURED,PAID,DELIVERED,DELIVERED,200,1,ON_HOLD,INITIATED,AWAITING_ACK,263,419,16709,4,3,-0.3566,0.0314,1,1,DUPLICATE_PAYMENT
489.16,UPI,ICICI,STRIPE,SUCCESS,SUCCESS,AUTHORIZED,CAPTURED,REFUNDED,RETURNED,DELIVERED,200,1,REVERSED,MANUAL_INTERVENTION_REQUIRED,AWAITING_ACK,421,721,88599,17,0,0.0191,0.0305,1,0,REFUND_UNCERTAINTY
1670.02,UPI,SBI,RAZORPAY,SUCCESS,SUCCESS,AUTHORIZED,CAPTURED,PAID,DELIVERED,DELIVERED,200,1,DISCREPANCY,NONE,NONE,387,559,110438,2,0,-0.3569,0.0183,1,0,SETTLEMENT_MISMATCH
568.44,UPI,AXIS,CASHFREE,SUCCESS,SUCCESS,AUTHORIZED,CAPTURED,PAID,DELIVERED,DELIVERED,200,1,SETTLED,NONE,NONE,438,726,138037,19,0,-0.1255,0.0384,1,0,NORMAL
2113.77,EMI,INDUSIND,CASHFREE,SUCCESS,SUCCESS,AUTHORIZED,CAPTURED,PAID,DELIVERED,DELIVERED,200,1,SETTLED,NONE,NONE,679,769,254750,3,0,0.1125,0.0597,1,0,NORMAL
5404.57,UPI,ICICI,RAZORPAY,SUCCESS,SUCCESS,AUTHORIZED,CAPTURED,REFUNDED,RETURNED,DELIVERED,200,1,REVERSED,MANUAL_INTERVENTION_REQUIRED,AWAITING_ACK,445,633,174131,23,0,0.5442,0.0427,1,0,REFUND_UNCERTAINTY
2445.29,NET_BANKING,ICICI,RAZORPAY,SUCCESS,SUCCESS,AUTHORIZED,CAPTURED,EXPIRED,UNFULFILLED,DROPPED,500,4,ON_HOLD,NONE,NONE,750,874,226949,11,0,-0.3013,0.0302,1,0,MISSING_WEBHOOK
238.92,NET_BANKING,SBI,CASHFREE,SUCCESS,SUCCESS,FAILED,PENDING,PAID,CANCELLED,DELIVERED,504,1,DISCREPANCY,NONE,AWAITING_ACK,50045,126253,138189,11,3,-0.6682,0.0225,1,0,UNRESOLVED
1911.39,NET_BANKING,ICICI,PAYU,SUCCESS,SUCCESS,AUTHORIZED,CAPTURED,PAID,DELIVERED,DELIVERED,200,1,SETTLED,NONE,NONE,335,453,108499,23,0,1.9406,0.0294,1,0,NORMAL
344.44,CREDIT_CARD,PNB,RAZORPAY,SUCCESS,SUCCESS,AUTHORIZED,CAPTURED,PENDING_PAYMENT,UNFULFILLED,TIMED_OUT,502,3,ON_HOLD,NONE,NONE,287,441,70875,10,0,-0.2824,0.0365,1,0,MISSING_WEBHOOK
1546.29,CREDIT_CARD,KOTAK,CASHFREE,SUCCESS,SUCCESS,AUTHORIZED,CAPTURED,PAID,DELIVERED,DELIVERED,200,3,SETTLED,NONE,NONE,3218,3732,256962,7,0,-0.4478,0.0118,1,0,NORMAL
1210.84,CREDIT_CARD,YES_BANK,RAZORPAY,SUCCESS,SUCCESS,AUTHORIZED,CAPTURED,PAID,PROCESSING,DELIVERED,200,1,PENDING,NONE,NONE,204,427,22578,10,0,-0.654,0.0317,1,0,NORMAL
1842.66,UPI,SBI,STRIPE,SUCCESS,SUCCESS,AUTHORIZED,CAPTURED,PAID,DELIVERED,DELIVERED,200,1,ON_HOLD,PROCESSED,CREDITED_TO_CUSTOMER,448,832,123663,12,4,-0.4735,0.0385,1,1,DUPLICATE_PAYMENT
384.71,UPI,SBI,CASHFREE,SUCCESS,SUCCESS,AUTHORIZED,AUTO_REFUNDED,CANCELLED,DELIVERED,DROPPED,500,1,ON_HOLD,PENDING,NOT_INITIATED,6976,128257,245196,11,1,-0.6503,0.0498,1,0,UNRESOLVED
350.4,UPI,PNB,BILLDESK,SUCCESS,SUCCESS,AUTHORIZED,CAPTURED,PAID,PROCESSING,DELIVERED,200,1,PENDING,NONE,NONE,486,632,12862,16,0,-0.5133,0.0218,1,0,NORMAL
436.09,UPI,YES_BANK,RAZORPAY,SUCCESS,SUCCESS,AUTHORIZED,CAPTURED,CANCELLED,CANCELLED,DELIVERED,200,1,ON_HOLD,INITIATED,NONE,257876,259692,156683,9,0,-0.3943,0.0391,1,0,ORDER_PAYMENT_CONFLICT
2412.55,CREDIT_CARD,HDFC,BILLDESK,SUCCESS,SUCCESS,AUTHORIZED,CAPTURED,PAID,DELIVERED,DELIVERED,200,1,DISCREPANCY,NONE,NONE,506,660,226348,10,0,0.3115,0.0519,1,0,SETTLEMENT_MISMATCH
355.41,DEBIT_CARD,ICICI,STRIPE,SUCCESS,SUCCESS,TIMEOUT,FAILED,CANCELLED,UNFULFILLED,FAILED,404,1,ON_HOLD,FAILED,REJECTED_BY_BANK,32386,52505,42012,14,1,-0.5064,0.0255,1,0,UNRESOLVED
1157.18,UPI,ICICI,RAZORPAY,SUCCESS,SUCCESS,AUTHORIZED,CAPTURED,PAID,DELIVERED,DELIVERED,200,1,ON_HOLD,INITIATED,AWAITING_ACK,247,496,47570,22,2,0.052,0.0505,1,1,DUPLICATE_PAYMENT
3451.75,UPI,YES_BANK,BILLDESK,SUCCESS,SUCCESS,AUTHORIZED,CAPTURED,PAID,PROCESSING,DELIVERED,200,1,PENDING,NONE,NONE,487,749,14142,15,0,-0.2809,0.0692,1,0,NORMAL
1482.6,CREDIT_CARD,ICICI,CASHFREE,REVERSED,PENDING,FAILED,PENDING,CANCELLED,CANCELLED,DROPPED,200,1,DISCREPANCY,FAILED,AWAITING_ACK,24428,61317,237709,23,1,-0.2197,0.0447,1,0,UNRESOLVED
885.36,DEBIT_CARD,SBI,PAYU,SUCCESS,SUCCESS,AUTHORIZED,CAPTURED,PAID,PROCESSING,DELIVERED,200,1,PENDING,NONE,NONE,648,757,51691,10,0,0.3621,0.0315,1,0,NORMAL
1116.28,DEBIT_CARD,SBI,STRIPE,SUCCESS,SUCCESS,AUTHORIZED,CAPTURED,PAID,PROCESSING,RETRYING,200,3,SETTLED,NONE,NONE,81822,86210,99158,15,0,1.6578,0.0499,1,0,DELAYED_CONFIRMATION
981.21,CREDIT_CARD,AXIS,CASHFREE,SUCCESS,SUCCESS,AUTHORIZED,CAPTURED,EXPIRED,UNFULFILLED,TIMED_OUT,404,3,PENDING,NONE,NONE,477,615,213795,6,0,0.5096,0.0339,1,0,MISSING_WEBHOOK
9322.18,UPI,PNB,BILLDESK,REVERSED,SUCCESS,AUTHORIZED,CAPTURED,REFUNDED,RETURNED,DELIVERED,200,1,REVERSED,MANUAL_INTERVENTION_REQUIRED,REJECTED_BY_BANK,268,422,111618,14,0,-0.2542,0.0642,1,0,REFUND_UNCERTAINTY
8657.16,UPI,YES_BANK,RAZORPAY,SUCCESS,SUCCESS,AUTHORIZED,CAPTURED,PAID,PROCESSING,DELIVERED,200,1,PENDING,NONE,NONE,3661,4384,60550,0,0,-0.3074,0.0671,1,0,NORMAL
251.15,WALLET,PNB,PAYU,PENDING,PENDING,NONE,CAPTURED,CANCELLED,RETURNED,FAILED,0,1,FAILED,NONE,REJECTED_BY_BANK,41128,116809,234237,11,2,-0.4768,0.0493,1,0,UNRESOLVED
1224.89,NET_BANKING,ICICI,CASHFREE,SUCCESS,SUCCESS,AUTHORIZED,CAPTURED,PAID,DELIVERED,DELIVERED,200,1,SETTLED,NONE,NONE,523,658,241223,2,0,0.8844,0.027,1,0,NORMAL
2149.88,DEBIT_CARD,SBI,BILLDESK,DEBITED,FAILED,TIMEOUT,FAILED,CANCELLED,CANCELLED,DELIVERED,200,1,ON_HOLD,NONE,NOT_INITIATED,1404,88752,229057,15,0,0.9544,0.0488,1,0,BANK_DEBIT_GATEWAY_FAILURE
6015.12,UPI,AXIS,BILLDESK,SUCCESS,SUCCESS,AUTHORIZED,CAPTURED,CANCELLED,CANCELLED,DELIVERED,200,1,ON_HOLD,NONE,NONE,266571,268569,122389,23,0,1.1483,0.0265,1,0,ORDER_PAYMENT_CONFLICT
9438.04,UPI,HDFC,CASHFREE,SUCCESS,SUCCESS,AUTHORIZED,CAPTURED,PAID,DELIVERED,DELIVERED,200,1,DISCREPANCY,NONE,NONE,271,437,107465,5,0,1.7222,0.049,1,0,SETTLEMENT_MISMATCH
989.96,UPI,HDFC,STRIPE,SUCCESS,SUCCESS,AUTHORIZED,CAPTURED,CANCELLED,CANCELLED,DELIVERED,200,1,ON_HOLD,NONE,NONE,335248,337334,75645,3,0,0.3749,0.0334,1,0,ORDER_PAYMENT_CONFLICT
518.08,NET_BANKING,SBI,BILLDESK,SUCCESS,SUCCESS,AUTHORIZED,CAPTURED,PAID,DELIVERED,DELIVERED,200,1,SETTLED,NONE,NONE,624,736,143248,9,0,0.2335,0.0414,1,0,NORMAL
366.3,WALLET,AXIS,CASHFREE,SUCCESS,SUCCESS,AUTHORIZED,CAPTURED,CANCELLED,CANCELLED,DELIVERED,200,1,ON_HOLD,PROCESSED,NONE,290395,291574,235338,16,0,-0.1279,0.0392,1,0,ORDER_PAYMENT_CONFLICT
1913.92,UPI,KOTAK,STRIPE,SUCCESS,SUCCESS,AUTHORIZED,CAPTURED,PAID,DELIVERED,DELIVERED,200,1,SETTLED,NONE,NONE,413,559,150752,2,0,-0.4532,0.0318,1,0,NORMAL
3441.66,UPI,AXIS,BILLDESK,SUCCESS,SUCCESS,AUTHORIZED,CAPTURED,PENDING_PAYMENT,UNFULFILLED,FAILED,404,5,ON_HOLD,NONE,NONE,485,592,27447,11,0,0.8114,0.0414,1,0,MISSING_WEBHOOK
729.76,CREDIT_CARD,SBI,CASHFREE,SUCCESS,SUCCESS,AUTHORIZED,CAPTURED,PAID,PROCESSING,DELIVERED,200,1,PENDING,NONE,NONE,3384,3724,54069,4,0,0.5203,0.0479,1,0,NORMAL
855.47,UPI,KOTAK,CASHFREE,DEBITED,FAILED,TIMEOUT,FAILED,CANCELLED,CANCELLED,FAILED,500,1,ON_HOLD,NONE,NOT_INITIATED,651,55152,203685,8,0,0.3161,0.0297,1,0,BANK_DEBIT_GATEWAY_FAILURE
1226.2,DEBIT_CARD,SBI,BILLDESK,SUCCESS,SUCCESS,AUTHORIZED,CAPTURED,PAID,PROCESSING,DELIVERED,200,1,PENDING,NONE,NONE,260,481,79387,0,0,0.1147,0.0515,1,0,NORMAL
17957.41,DEBIT_CARD,YES_BANK,PAYU,SUCCESS,SUCCESS,AUTHORIZED,CAPTURED,PAID,DELIVERED,DELIVERED,200,1,ON_HOLD,PROCESSED,CREDITED_TO_CUSTOMER,187,433,116661,20,3,0.4366,0.0689,1,1,DUPLICATE_PAYMENT
423.63,UPI,HDFC,CASHFREE,SUCCESS,SUCCESS,AUTHORIZED,CAPTURED,CANCELLED,CANCELLED,DELIVERED,200,1,ON_HOLD,PROCESSED,NONE,265679,266730,225840,3,0,-0.4116,0.0236,1,0,ORDER_PAYMENT_CONFLICT
182.97,UPI,PNB,STRIPE,SUCCESS,SUCCESS,AUTHORIZED,CAPTURED,PAID,PROCESSING,DELIVERED,200,1,PENDING,NONE,NONE,506,647,27865,17,0,-0.6188,0.0495,1,0,NORMAL
5130.97,CREDIT_CARD,YES_BANK,RAZORPAY,SUCCESS,SUCCESS,AUTHORIZED,CAPTURED,EXPIRED,UNFULFILLED,DROPPED,502,2,PENDING,NONE,NONE,562,748,45689,16,0,-0.5895,0.0731,1,0,MISSING_WEBHOOK
2721.86,UPI,YES_BANK,BILLDESK,SUCCESS,SUCCESS,AUTHORIZED,CAPTURED,CANCELLED,CANCELLED,DELIVERED,200,1,ON_HOLD,PROCESSED,NONE,288105,289717,253624,7,0,0.4326,0.0523,1,0,ORDER_PAYMENT_CONFLICT
184.45,UPI,PNB,RAZORPAY,SUCCESS,SUCCESS,AUTHORIZED,CAPTURED,PAID,DELIVERED,DELIVERED,200,1,ON_HOLD,INITIATED,AWAITING_ACK,564,667,204937,4,3,-0.7162,0.0327,1,1,DUPLICATE_PAYMENT
228.05,UPI,SBI,RAZORPAY,SUCCESS,SUCCESS,AUTHORIZED,CAPTURED,EXPIRED,UNFULFILLED,DROPPED,502,5,ON_HOLD,NONE,NONE,471,663,235743,2,0,-0.6492,0.0323,1,0,MISSING_WEBHOOK
365.67,UPI,SBI,CASHFREE,SUCCESS,SUCCESS,AUTHORIZED,CAPTURED,PAID,DELIVERED,DELIVERED,200,1,ON_HOLD,INITIATED,AWAITING_ACK,470,677,179279,18,4,-0.2382,0.0457,1,1,DUPLICATE_PAYMENT
3326.82,UPI,ICICI,STRIPE,SUCCESS,SUCCESS,AUTHORIZED,CAPTURED,PAID,DELIVERED,DELIVERED,200,1,SETTLED,NONE,NONE,208,319,142755,7,0,0.1882,0.0239,1,0,NORMAL
1530.11,UPI,PNB,STRIPE,SUCCESS,SUCCESS,AUTHORIZED,CAPTURED,PAID,DELIVERED,DELIVERED,200,1,SETTLED,NONE,NONE,514,666,90974,14,0,0.391,0.0474,1,0,NORMAL
312.65,CREDIT_CARD,INDUSIND,BILLDESK,SUCCESS,SUCCESS,AUTHORIZED,CAPTURED,REFUNDED,RETURNED,DELIVERED,200,1,REVERSED,MANUAL_INTERVENTION_REQUIRED,REJECTED_BY_BANK,396,694,152577,18,0,-0.2556,0.0324,1,0,REFUND_UNCERTAINTY
19829.04,DEBIT_CARD,KOTAK,RAZORPAY,DEBITED,PENDING,NONE,CAPTURED,PAID,UNFULFILLED,RETRYING,200,1,DISCREPANCY,PENDING,REJECTED_BY_BANK,74309,81597,123552,3,2,0.5863,0.0676,1,0,UNRESOLVED
214.43,CREDIT_CARD,HDFC,STRIPE,PENDING,SUCCESS,AUTHORIZED,FAILED,PENDING_PAYMENT,RETURNED,FAILED,404,1,DISCREPANCY,FAILED,NOT_INITIATED,102348,107470,167151,2,3,-0.4895,0.0478,1,0,UNRESOLVED
323.61,UPI,KOTAK,BILLDESK,SUCCESS,SUCCESS,AUTHORIZED,CAPTURED,PAID,DELIVERED,DELIVERED,200,1,SETTLED,NONE,NONE,504,650,222275,19,0,-0.7058,0.0597,1,0,NORMAL
1241.98,UPI,INDUSIND,CASHFREE,SUCCESS,SUCCESS,AUTHORIZED,CAPTURED,PAID,DELIVERED,DELIVERED,200,1,SETTLED,NONE,NONE,3737,4537,184793,9,0,0.1291,0.0596,1,0,NORMAL
18510.68,UPI,PNB,BILLDESK,SUCCESS,SUCCESS,AUTHORIZED,CAPTURED,PAID,DELIVERED,DELIVERED,200,1,SETTLED,NONE,NONE,315,590,218778,15,0,0.4809,0.0662,1,0,NORMAL
683.29,UPI,AXIS,STRIPE,SUCCESS,SUCCESS,AUTHORIZED,CAPTURED,PAID,DELIVERED,DELIVERED,200,1,SETTLED,NONE,NONE,275,543,231425,11,0,0.4235,0.0347,1,0,NORMAL
339.64,UPI,AXIS,STRIPE,SUCCESS,SUCCESS,AUTHORIZED,CAPTURED,PAID,DELIVERED,DELIVERED,200,1,SETTLED,NONE,NONE,242,526,242330,12,0,-0.2924,0.0433,1,0,NORMAL
10719.03,UPI,SBI,RAZORPAY,SUCCESS,SUCCESS,AUTHORIZED,CAPTURED,PAID,DELIVERED,DELIVERED,200,1,SETTLED,NONE,NONE,2679,3098,132852,8,0,-0.1425,0.0645,1,0,NORMAL
14304.0,UPI,KOTAK,PAYU,SUCCESS,SUCCESS,AUTHORIZED,CAPTURED,PAID,DELIVERED,DELIVERED,200,1,SETTLED,NONE,NONE,3304,3745,227107,9,0,0.1443,0.0696,1,0,NORMAL
46507.35,CREDIT_CARD,KOTAK,STRIPE,SUCCESS,SUCCESS,AUTHORIZED,CAPTURED,PAID,DELIVERED,DELIVERED,200,1,SETTLED,NONE,NONE,1759,2355,108270,8,0,2.7206,0.0762,1,0,NORMAL
730.51,UPI,ICICI,STRIPE,SUCCESS,SUCCESS,AUTHORIZED,CAPTURED,PAID,DELIVERED,DELIVERED,200,2,SETTLED,NONE,NONE,709,980,214064,11,0,0.1239,0.0274,1,0,NORMAL
2648.03,UPI,YES_BANK,RAZORPAY,SUCCESS,SUCCESS,AUTHORIZED,CAPTURED,PAID,DELIVERED,DELIVERED,200,1,SETTLED,NONE,NONE,257,514,183915,17,0,1.4073,0.0554,1,0,NORMAL
2551.88,UPI,YES_BANK,CASHFREE,REVERSED,PENDING,AUTHORIZED,CAPTURED,PENDING_PAYMENT,RETURNED,FAILED,504,1,FAILED,NONE,NOT_INITIATED,105958,63800,96142,18,3,-0.2709,0.0308,1,0,UNRESOLVED
2284.92,CREDIT_CARD,SBI,PAYU,SUCCESS,SUCCESS,AUTHORIZED,CAPTURED,EXPIRED,UNFULFILLED,FAILED,404,4,ON_HOLD,NONE,NONE,309,402,191289,20,0,-0.8172,0.0795,1,0,MISSING_WEBHOOK
20371.1,NET_BANKING,YES_BANK,BILLDESK,SUCCESS,SUCCESS,AUTHORIZED,CAPTURED,EXPIRED,UNFULFILLED,TIMED_OUT,0,4,PENDING,NONE,NONE,325,523,234268,2,0,0.6297,0.0743,1,0,MISSING_WEBHOOK
605.21,UPI,PNB,BILLDESK,SUCCESS,SUCCESS,AUTHORIZED,CAPTURED,PAID,DELIVERED,DELIVERED,200,1,SETTLED,NONE,NONE,354,494,201226,17,0,0.2609,0.0477,1,0,NORMAL
2492.92,CREDIT_CARD,SBI,BILLDESK,SUCCESS,SUCCESS,AUTHORIZED,CAPTURED,PAID,DELIVERED,DELIVERED,200,1,SETTLED,NONE,NONE,314,544,223364,8,0,-0.4806,0.0529,1,0,NORMAL
757.38,NET_BANKING,YES_BANK,CASHFREE,SUCCESS,SUCCESS,AUTHORIZED,CAPTURED,PAID,DELIVERED,DELIVERED,200,1,SETTLED,NONE,NONE,1837,2489,251079,3,0,0.8033,0.04,1,0,NORMAL
1455.24,UPI,SBI,RAZORPAY,SUCCESS,SUCCESS,AUTHORIZED,CAPTURED,PAID,PROCESSING,DELIVERED,200,1,PENDING,NONE,NONE,361,658,21973,20,0,0.3229,0.057,1,0,NORMAL
614.32,NET_BANKING,INDUSIND,CASHFREE,DEBITED,FAILED,AUTHORIZED,AUTO_REFUNDED,FAILED,CANCELLED,DROPPED,504,1,FAILED,NONE,NOT_INITIATED,11168,55467,42898,12,0,-0.1468,0.0295,1,0,UNRESOLVED
1764.68,UPI,SBI,CASHFREE,SUCCESS,SUCCESS,AUTHORIZED,CAPTURED,PAID,DELIVERED,DELIVERED,200,1,DISCREPANCY,NONE,NONE,498,709,120839,16,0,0.0006,0.0557,1,0,SETTLEMENT_MISMATCH
2109.82,UPI,ICICI,PAYU,SUCCESS,SUCCESS,AUTHORIZED,CAPTURED,PAID,DELIVERED,DELIVERED,200,1,SETTLED,NONE,NONE,218,312,118496,14,0,0.1104,0.0518,1,0,NORMAL
650.43,UPI,INDUSIND,CASHFREE,SUCCESS,SUCCESS,AUTHORIZED,CAPTURED,PAID,DELIVERED,DELIVERED,200,1,DISCREPANCY,NONE,NONE,659,802,246670,2,0,0.0466,0.0201,1,0,SETTLEMENT_MISMATCH
280.61,UPI,PNB,PAYU,SUCCESS,SUCCESS,AUTHORIZED,CAPTURED,PAID,DELIVERED,DELIVERED,200,1,SETTLED,NONE,NONE,602,779,158468,3,0,-0.6103,0.0361,1,0,NORMAL
709.04,NET_BANKING,SBI,PAYU,SUCCESS,SUCCESS,AUTHORIZED,CAPTURED,PAID,PROCESSING,DELIVERED,200,3,PENDING,NONE,NONE,658,877,42692,9,0,0.4772,0.0367,1,0,NORMAL
1922.43,UPI,SBI,STRIPE,SUCCESS,SUCCESS,AUTHORIZED,CAPTURED,PAID,DELIVERED,DELIVERED,200,1,SETTLED,NONE,NONE,478,649,177149,10,0,-0.3134,0.0299,1,0,NORMAL
817.23,UPI,YES_BANK,BILLDESK,SUCCESS,SUCCESS,AUTHORIZED,CAPTURED,PAID,DELIVERED,DELIVERED,200,1,SETTLED,NONE,NONE,366,612,154729,23,0,0.7026,0.0448,1,0,NORMAL
1049.47,WALLET,KOTAK,RAZORPAY,SUCCESS,TIMED_OUT,NONE,FAILED,CANCELLED,CANCELLED,FAILED,0,1,ON_HOLD,INITIATED,NOT_INITIATED,393,79766,111893,15,0,-0.7002,0.0333,1,0,BANK_DEBIT_GATEWAY_FAILURE
10332.75,UPI,INDUSIND,PAYU,SUCCESS,SUCCESS,AUTHORIZED,CAPTURED,EXPIRED,UNFULFILLED,FAILED,0,3,ON_HOLD,NONE,NONE,555,819,7105,11,0,-0.1734,0.0763,1,0,MISSING_WEBHOOK
595.74,EMI,PNB,RAZORPAY,DEBITED,FAILED,FAILED,FAILED,FAILED,CANCELLED,NONE,0,1,ON_HOLD,INITIATED,NOT_INITIATED,1102,79380,182446,15,0,0.4184,0.0402,1,0,BANK_DEBIT_GATEWAY_FAILURE
9974.17,UPI,ICICI,CASHFREE,SUCCESS,SUCCESS,AUTHORIZED,CAPTURED,PROCESSING,PROCESSING,DELIVERED,200,1,SETTLED,NONE,NONE,62917,67279,150934,14,0,1.078,0.0655,1,0,DELAYED_CONFIRMATION
6946.08,CREDIT_CARD,PNB,PAYU,SUCCESS,SUCCESS,AUTHORIZED,CAPTURED,PAID,DELIVERED,DELIVERED,200,1,SETTLED,NONE,NONE,531,691,233378,21,0,0.4471,0.0651,1,0,NORMAL
1855.88,UPI,AXIS,PAYU,DEBITED,SUCCESS,FAILED,FAILED,PAID,UNFULFILLED,RETRYING,0,1,ON_HOLD,FAILED,NOT_INITIATED,97755,97755,116501,21,1,-0.0232,0.0426,1,0,UNRESOLVED
713.71,UPI,ICICI,BILLDESK,SUCCESS,SUCCESS,AUTHORIZED,CAPTURED,CANCELLED,CANCELLED,DELIVERED,200,1,ON_HOLD,NONE,NONE,352813,354190,105099,22,0,-0.3512,0.0409,1,0,ORDER_PAYMENT_CONFLICT
2590.09,UPI,INDUSIND,CASHFREE,SUCCESS,SUCCESS,AUTHORIZED,CAPTURED,PAID,PROCESSING,DELIVERED,200,3,SETTLED,NONE,NONE,101280,104915,168032,18,0,-0.26,0.0431,1,0,DELAYED_CONFIRMATION
603.11,DEBIT_CARD,INDUSIND,PAYU,SUCCESS,SUCCESS,AUTHORIZED,CAPTURED,PAID,PROCESSING,DELIVERED,200,1,PENDING,NONE,NONE,428,549,19540,3,0,-0.4517,0.0548,1,0,NORMAL
3100.27,CREDIT_CARD,PNB,STRIPE,SUCCESS,SUCCESS,AUTHORIZED,CAPTURED,PAID,DELIVERED,DELIVERED,200,1,SETTLED,NONE,NONE,661,783,121599,23,0,1.8184,0.0416,1,0,NORMAL
584.87,UPI,PNB,BILLDESK,SUCCESS,SUCCESS,AUTHORIZED,CAPTURED,EXPIRED,UNFULFILLED,DROPPED,502,4,ON_HOLD,NONE,NONE,374,671,252564,14,0,0.3925,0.0473,1,0,MISSING_WEBHOOK
17266.87,CREDIT_CARD,HDFC,CASHFREE,SUCCESS,SUCCESS,AUTHORIZED,CAPTURED,PAID,DELIVERED,DELIVERED,200,1,ON_HOLD,INITIATED,AWAITING_ACK,650,905,123693,8,3,0.3813,0.0718,1,1,DUPLICATE_PAYMENT
321.2,UPI,KOTAK,CASHFREE,SUCCESS,SUCCESS,AUTHORIZED,CAPTURED,CANCELLED,CANCELLED,DELIVERED,200,1,ON_HOLD,NONE,NONE,288485,290148,238120,15,0,-0.5539,0.0328,1,0,ORDER_PAYMENT_CONFLICT
4322.85,CREDIT_CARD,PNB,BILLDESK,SUCCESS,SUCCESS,AUTHORIZED,CAPTURED,EXPIRED,CANCELLED,DELIVERED,200,1,ON_HOLD,PROCESSED,NONE,297740,299211,250342,5,0,1.2752,0.047,1,0,ORDER_PAYMENT_CONFLICT
267.55,UPI,YES_BANK,PAYU,SUCCESS,SUCCESS,AUTHORIZED,CAPTURED,PENDING_PAYMENT,UNFULFILLED,FAILED,502,2,PENDING,NONE,NONE,405,592,187838,13,0,-0.4426,0.0439,1,0,MISSING_WEBHOOK
5190.05,WALLET,HDFC,BILLDESK,PENDING,SUCCESS,TIMEOUT,CAPTURED,CANCELLED,UNFULFILLED,DELIVERED,0,1,ON_HOLD,FAILED,AWAITING_ACK,2574,66535,65471,16,1,-0.5848,0.079,1,0,UNRESOLVED
877.5,UPI,INDUSIND,RAZORPAY,SUCCESS,SUCCESS,AUTHORIZED,CAPTURED,PAID,DELIVERED,DELIVERED,200,1,DISCREPANCY,NONE,NONE,506,704,256212,1,0,1.1415,0.0437,1,0,SETTLEMENT_MISMATCH
555.67,UPI,AXIS,CASHFREE,SUCCESS,SUCCESS,AUTHORIZED,CAPTURED,PROCESSING,PROCESSING,DELIVERED,200,2,SETTLED,NONE,NONE,59672,63390,120404,14,0,0.323,0.0441,1,0,DELAYED_CONFIRMATION
513.0,DEBIT_CARD,PNB,BILLDESK,PENDING,FAILED,NONE,PENDING,PAID,DELIVERED,FAILED,404,1,ON_HOLD,MANUAL_INTERVENTION_REQUIRED,NOT_INITIATED,77912,64352,32507,3,2,0.2214,0.0484,1,0,UNRESOLVED
3847.98,UPI,INDUSIND,RAZORPAY,SUCCESS,SUCCESS,AUTHORIZED,CAPTURED,PAID,DELIVERED,DELIVERED,200,1,ON_HOLD,NONE,AWAITING_ACK,737,867,167021,13,2,0.0994,0.0467,1,1,DUPLICATE_PAYMENT
3343.42,UPI,HDFC,PAYU,SUCCESS,SUCCESS,AUTHORIZED,CAPTURED,PAID,DELIVERED,DELIVERED,200,1,SETTLED,NONE,NONE,261,527,155023,23,0,0.1941,0.015,1,0,NORMAL
1435.93,UPI,AXIS,BILLDESK,SUCCESS,SUCCESS,AUTHORIZED,CAPTURED,EXPIRED,CANCELLED,DELIVERED,200,1,ON_HOLD,NONE,NONE,315266,317446,16366,18,0,1.2091,0.0209,1,0,ORDER_PAYMENT_CONFLICT
839.75,UPI,YES_BANK,PAYU,SUCCESS,SUCCESS,AUTHORIZED,CAPTURED,PAID,DELIVERED,DELIVERED,200,1,SETTLED,NONE,NONE,408,612,120287,10,0,0.7495,0.0308,1,0,NORMAL
1403.05,UPI,SBI,STRIPE,SUCCESS,SUCCESS,AUTHORIZED,CAPTURED,PAID,PROCESSING,DELIVERED,200,1,PENDING,NONE,NONE,392,651,61795,0,1,-0.7077,0.0532,1,0,NORMAL
411.17,DEBIT_CARD,YES_BANK,RAZORPAY,SUCCESS,SUCCESS,AUTHORIZED,CAPTURED,PAID,PROCESSING,DELIVERED,200,1,PENDING,NONE,NONE,213,496,28293,6,0,-0.3674,0.0216,1,0,NORMAL
1388.19,UPI,INDUSIND,STRIPE,SUCCESS,SUCCESS,AUTHORIZED,CAPTURED,PAID,DELIVERED,DELIVERED,200,1,DISCREPANCY,NONE,NONE,688,868,235603,0,0,0.9732,0.0319,1,0,SETTLEMENT_MISMATCH
261.0,UPI,SBI,BILLDESK,SUCCESS,SUCCESS,AUTHORIZED,CAPTURED,PAID,PROCESSING,DELIVERED,200,1,PENDING,NONE,NONE,748,926,49372,4,0,-0.3786,0.0376,1,0,NORMAL
1403.94,UPI,AXIS,CASHFREE,SUCCESS,SUCCESS,AUTHORIZED,CAPTURED,REFUNDED,RETURNED,DELIVERED,200,1,REVERSED,MANUAL_INTERVENTION_REQUIRED,NOT_INITIATED,264,554,95321,10,0,0.2763,0.0436,1,0,REFUND_UNCERTAINTY
273.95,WALLET,ICICI,CASHFREE,SUCCESS,SUCCESS,AUTHORIZED,CAPTURED,PAID,DELIVERED,DELIVERED,200,1,SETTLED,NONE,NONE,435,516,127496,15,0,-0.5785,0.0337,1,0,NORMAL
1022.03,UPI,INDUSIND,PAYU,SUCCESS,SUCCESS,AUTHORIZED,CAPTURED,PAID,DELIVERED,DELIVERED,200,1,SETTLED,NONE,NONE,193,473,116405,7,0,0.5724,0.0257,1,0,NORMAL
365.75,NET_BANKING,YES_BANK,CASHFREE,SUCCESS,SUCCESS,AUTHORIZED,CAPTURED,PAID,DELIVERED,DELIVERED,200,1,SETTLED,NONE,NONE,388,674,258768,21,0,-0.1292,0.0491,1,0,NORMAL
3440.46,UPI,SBI,CASHFREE,REVERSED,SUCCESS,NONE,AUTO_REFUNDED,CANCELLED,UNFULFILLED,DROPPED,200,1,DISCREPANCY,MANUAL_INTERVENTION_REQUIRED,AWAITING_ACK,101905,87329,88917,16,0,-0.2832,0.057,1,0,UNRESOLVED
3166.02,DEBIT_CARD,KOTAK,RAZORPAY,SUCCESS,TIMED_OUT,TIMEOUT,FAILED,CANCELLED,CANCELLED,DELIVERED,200,1,ON_HOLD,INITIATED,NOT_INITIATED,539,81387,190,23,0,0.1307,0.0118,1,0,BANK_DEBIT_GATEWAY_FAILURE
270.29,NET_BANKING,KOTAK,RAZORPAY,SUCCESS,SUCCESS,AUTHORIZED,CAPTURED,PAID,DELIVERED,DELIVERED,200,1,SETTLED,NONE,NONE,312,447,114152,19,0,-0.3565,0.0356,1,0,NORMAL
4280.96,UPI,PNB,RAZORPAY,SUCCESS,SUCCESS,AUTHORIZED,CAPTURED,PAID,DELIVERED,DELIVERED,200,1,SETTLED,NONE,NONE,462,683,215600,22,0,1.2531,0.0597,1,0,NORMAL
781.74,UPI,PNB,CASHFREE,SUCCESS,SUCCESS,AUTHORIZED,CAPTURED,EXPIRED,UNFULFILLED,DROPPED,502,3,ON_HOLD,NONE,NONE,426,723,199568,20,0,0.8613,0.0341,1,0,MISSING_WEBHOOK
1416.86,NET_BANKING,ICICI,PAYU,SUCCESS,SUCCESS,AUTHORIZED,CAPTURED,PAID,DELIVERED,DELIVERED,200,1,DISCREPANCY,NONE,NONE,224,445,27165,2,0,1.0203,0.0228,1,0,SETTLEMENT_MISMATCH
4057.71,UPI,YES_BANK,CASHFREE,SUCCESS,FAILED,TIMEOUT,NOT_REQUESTED,CANCELLED,CANCELLED,FAILED,504,1,ON_HOLD,NONE,NOT_INITIATED,1468,65308,240071,15,0,-0.1546,0.0685,1,0,BANK_DEBIT_GATEWAY_FAILURE
899.59,UPI,KOTAK,BILLDESK,SUCCESS,SUCCESS,AUTHORIZED,CAPTURED,PAID,DELIVERED,DELIVERED,200,2,SETTLED,NONE,NONE,618,995,146784,15,0,0.2494,0.0238,1,0,NORMAL
1382.34,UPI,YES_BANK,STRIPE,SUCCESS,SUCCESS,AUTHORIZED,CAPTURED,PAID,DELIVERED,DELIVERED,200,1,DISCREPANCY,NONE,NONE,743,837,73326,3,0,0.2896,0.0528,1,0,SETTLEMENT_MISMATCH
11741.42,UPI,INDUSIND,BILLDESK,SUCCESS,FAILED,TIMEOUT,FAILED,CANCELLED,CANCELLED,FAILED,0,1,ON_HOLD,NONE,NOT_INITIATED,340,53281,25851,13,0,-0.0607,0.073,1,0,BANK_DEBIT_GATEWAY_FAILURE
3688.6,CREDIT_CARD,PNB,RAZORPAY,SUCCESS,SUCCESS,AUTHORIZED,CAPTURED,EXPIRED,CANCELLED,DELIVERED,200,1,ON_HOLD,PROCESSED,NONE,309127,310747,240392,1,0,0.0539,0.0478,1,0,ORDER_PAYMENT_CONFLICT
4099.4,DEBIT_CARD,PNB,BILLDESK,SUCCESS,SUCCESS,AUTHORIZED,CAPTURED,PAID,PROCESSING,DELIVERED,200,1,PENDING,NONE,NONE,693,918,20651,2,0,1.1576,0.0517,1,0,NORMAL
582.33,UPI,HDFC,RAZORPAY,DEBITED,FAILED,FAILED,FAILED,EXPIRED,CANCELLED,DELIVERED,200,1,ON_HOLD,NONE,NOT_INITIATED,1252,72255,6036,11,0,0.2132,0.0356,1,0,BANK_DEBIT_GATEWAY_FAILURE
699.52,UPI,KOTAK,STRIPE,SUCCESS,SUCCESS,AUTHORIZED,CAPTURED,PAID,PROCESSING,DELIVERED,200,2,PENDING,NONE,NONE,48663,54489,6368,15,0,-0.0284,0.0278,1,0,DELAYED_CONFIRMATION
2514.49,CREDIT_CARD,SBI,PAYU,SUCCESS,SUCCESS,AUTHORIZED,CAPTURED,REFUNDED,RETURNED,DELIVERED,200,1,REVERSED,PENDING,AWAITING_ACK,286,567,15242,21,0,-0.102,0.0259,1,0,REFUND_UNCERTAINTY
356.84,UPI,SBI,BILLDESK,SUCCESS,SUCCESS,AUTHORIZED,CAPTURED,PAID,DELIVERED,DELIVERED,200,1,SETTLED,NONE,NONE,391,580,176825,13,0,-0.5044,0.0274,1,0,NORMAL
440.04,UPI,SBI,STRIPE,SUCCESS,SUCCESS,AUTHORIZED,CAPTURED,PAID,DELIVERED,DELIVERED,200,1,DISCREPANCY,NONE,NONE,451,710,194919,15,0,-0.0485,0.0377,1,0,SETTLEMENT_MISMATCH
763.64,CREDIT_CARD,ICICI,STRIPE,SUCCESS,SUCCESS,AUTHORIZED,CAPTURED,PAID,PROCESSING,DELIVERED,200,2,PENDING,NONE,NONE,4277,4738,34223,7,0,0.0606,0.031,1,0,NORMAL
860.08,CREDIT_CARD,PNB,RAZORPAY,SUCCESS,SUCCESS,AUTHORIZED,CAPTURED,REFUNDED,RETURNED,DELIVERED,200,1,REVERSED,MANUAL_INTERVENTION_REQUIRED,AWAITING_ACK,511,781,24402,6,0,0.7918,0.0394,1,0,REFUND_UNCERTAINTY
924.38,CREDIT_CARD,HDFC,PAYU,SUCCESS,SUCCESS,AUTHORIZED,CAPTURED,PAID,PROCESSING,DELIVERED,200,2,SETTLED,NONE,NONE,39197,43805,226528,20,0,0.2839,0.029,1,0,DELAYED_CONFIRMATION
588.47,CREDIT_CARD,YES_BANK,PAYU,SUCCESS,FAILED,NONE,AUTO_REFUNDED,CANCELLED,CANCELLED,DELIVERED,200,1,ON_HOLD,INITIATED,NOT_INITIATED,604,90864,175887,15,0,-0.465,0.052,1,0,BANK_DEBIT_GATEWAY_FAILURE
174.42,UPI,KOTAK,RAZORPAY,SUCCESS,SUCCESS,AUTHORIZED,CAPTURED,PAID,DELIVERED,DELIVERED,200,1,SETTLED,NONE,NONE,1215,2081,150525,14,0,-0.7578,0.0353,1,0,NORMAL
2399.96,UPI,KOTAK,PAYU,SUCCESS,SUCCESS,AUTHORIZED,CAPTURED,REFUNDED,RETURNED,DELIVERED,200,1,REVERSED,PENDING,NOT_INITIATED,250,353,104822,9,0,-0.1429,0.0284,1,0,REFUND_UNCERTAINTY
1151.16,UPI,ICICI,RAZORPAY,SUCCESS,SUCCESS,AUTHORIZED,CAPTURED,PAID,DELIVERED,DELIVERED,200,1,SETTLED,NONE,NONE,597,769,161678,1,0,-0.3941,0.0402,1,0,NORMAL
28194.06,UPI,AXIS,STRIPE,SUCCESS,SUCCESS,AUTHORIZED,CAPTURED,PAID,DELIVERED,DELIVERED,200,1,SETTLED,NONE,NONE,726,1022,187370,18,0,1.2555,0.0747,1,0,NORMAL
396.34,CREDIT_CARD,SBI,PAYU,SUCCESS,SUCCESS,AUTHORIZED,CAPTURED,PAID,DELIVERED,DELIVERED,200,1,SETTLED,NONE,NONE,507,707,108780,4,0,-0.3902,0.0268,1,0,NORMAL
263.03,UPI,AXIS,BILLDESK,SUCCESS,SUCCESS,AUTHORIZED,CAPTURED,PAID,DELIVERED,DELIVERED,200,1,SETTLED,NONE,NONE,184,330,150738,12,0,-0.452,0.0493,1,0,NORMAL
3179.4,DEBIT_CARD,YES_BANK,CASHFREE,REVERSED,SUCCESS,NONE,FAILED,CANCELLED,RETURNED,DELIVERED,0,1,DISCREPANCY,NONE,AWAITING_ACK,61212,62224,124884,19,0,-0.3376,0.052,1,0,UNRESOLVED
618.7,UPI,SBI,BILLDESK,SUCCESS,SUCCESS,AUTHORIZED,CAPTURED,CANCELLED,CANCELLED,DELIVERED,200,1,ON_HOLD,NONE,NONE,322534,324832,2319,23,0,-0.0482,0.0216,1,0,ORDER_PAYMENT_CONFLICT
324.86,DEBIT_CARD,INDUSIND,STRIPE,SUCCESS,SUCCESS,AUTHORIZED,CAPTURED,PAID,DELIVERED,DELIVERED,200,1,SETTLED,NONE,NONE,722,1017,182708,21,0,-0.3232,0.0431,1,0,NORMAL
1344.73,UPI,KOTAK,BILLDESK,SUCCESS,SUCCESS,AUTHORIZED,CAPTURED,PAID,PROCESSING,DELIVERED,200,1,PENDING,NONE,NONE,405,532,56809,20,0,-0.7198,0.0631,1,0,NORMAL
1451.97,UPI,ICICI,STRIPE,SUCCESS,FAILED,TIMEOUT,FAILED,CANCELLED,CANCELLED,DELIVERED,200,1,ON_HOLD,INITIATED,NOT_INITIATED,1095,56405,210250,8,0,-0.2358,0.0572,1,0,BANK_DEBIT_GATEWAY_FAILURE
348.47,CREDIT_CARD,ICICI,STRIPE,PENDING,SUCCESS,AUTHORIZED,CAPTURED,PENDING_PAYMENT,PROCESSING,DELIVERED,200,2,SETTLED,NONE,NONE,41545,46529,219701,13,0,-0.516,0.039,1,0,DELAYED_CONFIRMATION
4998.74,UPI,AXIS,PAYU,SUCCESS,SUCCESS,AUTHORIZED,CAPTURED,PAID,PROCESSING,DELIVERED,200,1,PENDING,NONE,NONE,303,564,67565,15,0,1.6309,0.057,1,0,NORMAL
1905.13,CREDIT_CARD,SBI,BILLDESK,SUCCESS,SUCCESS,AUTHORIZED,CAPTURED,PAID,PROCESSING,DELIVERED,200,1,PENDING,NONE,NONE,681,918,25987,20,1,0.7319,0.0484,1,0,NORMAL
2576.08,CREDIT_CARD,HDFC,BILLDESK,SUCCESS,SUCCESS,AUTHORIZED,CAPTURED,PAID,DELIVERED,DELIVERED,200,1,SETTLED,NONE,NONE,321,581,202361,14,0,-0.4633,0.0672,1,0,NORMAL
1203.77,UPI,AXIS,BILLDESK,SUCCESS,SUCCESS,AUTHORIZED,CAPTURED,PAID,DELIVERED,DELIVERED,200,1,SETTLED,NONE,NONE,239,515,191293,12,0,1.8661,0.0489,1,0,NORMAL
16237.64,UPI,PNB,CASHFREE,SUCCESS,SUCCESS,AUTHORIZED,CAPTURED,PAID,DELIVERED,DELIVERED,200,1,ON_HOLD,PROCESSED,CREDITED_TO_CUSTOMER,266,374,127240,5,1,0.299,0.071,1,1,DUPLICATE_PAYMENT
413.4,UPI,AXIS,RAZORPAY,SUCCESS,SUCCESS,AUTHORIZED,CAPTURED,PAID,PROCESSING,DELIVERED,200,1,PENDING,NONE,NONE,182,360,50484,14,0,-0.0157,0.0468,1,0,NORMAL
840.99,UPI,HDFC,STRIPE,SUCCESS,FAILED,TIMEOUT,FAILED,CANCELLED,CANCELLED,NONE,500,1,ON_HOLD,INITIATED,NOT_INITIATED,845,84413,3768,11,0,0.2938,0.0258,1,0,BANK_DEBIT_GATEWAY_FAILURE
297.32,DEBIT_CARD,HDFC,CASHFREE,SUCCESS,SUCCESS,AUTHORIZED,CAPTURED,PAID,DELIVERED,DELIVERED,200,1,SETTLED,NONE,NONE,1338,1914,115446,22,0,-0.3806,0.0445,1,0,NORMAL
3843.27,UPI,AXIS,BILLDESK,SUCCESS,SUCCESS,AUTHORIZED,CAPTURED,EXPIRED,CANCELLED,DELIVERED,200,1,ON_HOLD,NONE,NONE,347925,349227,69856,2,0,0.3726,0.0145,1,0,ORDER_PAYMENT_CONFLICT
351.8,UPI,INDUSIND,PAYU,SUCCESS,SUCCESS,AUTHORIZED,CAPTURED,PAID,DELIVERED,DELIVERED,200,1,SETTLED,NONE,NONE,266,430,226002,10,0,-0.5114,0.0378,1,0,NORMAL
818.53,UPI,AXIS,BILLDESK,REVERSED,SUCCESS,TIMEOUT,CAPTURED,PAID,RETURNED,DELIVERED,0,1,DISCREPANCY,FAILED,AWAITING_ACK,16748,79459,209533,6,0,0.9489,0.046,1,0,UNRESOLVED
12273.22,UPI,AXIS,CASHFREE,REVERSED,SUCCESS,AUTHORIZED,PENDING,FAILED,CANCELLED,RETRYING,500,1,FAILED,NONE,REJECTED_BY_BANK,55907,86354,236119,16,2,2.5066,0.0461,1,0,UNRESOLVED
4773.32,UPI,SBI,STRIPE,SUCCESS,SUCCESS,AUTHORIZED,CAPTURED,PROCESSING,PROCESSING,DELIVERED,200,3,PENDING,NONE,NONE,39056,40793,699,9,0,0.7048,0.0188,1,0,DELAYED_CONFIRMATION
1124.63,NET_BANKING,INDUSIND,RAZORPAY,SUCCESS,SUCCESS,AUTHORIZED,CAPTURED,PAID,DELIVERED,DELIVERED,200,1,SETTLED,NONE,NONE,468,689,91492,16,1,0.562,0.0305,1,0,NORMAL
7810.56,UPI,KOTAK,RAZORPAY,SUCCESS,SUCCESS,AUTHORIZED,CAPTURED,PAID,PROCESSING,DELIVERED,200,1,PENDING,NONE,NONE,249,493,20022,14,0,-0.3752,0.0639,1,0,NORMAL
627.08,NET_BANKING,KOTAK,STRIPE,SUCCESS,SUCCESS,AUTHORIZED,CAPTURED,CANCELLED,UNFULFILLED,DROPPED,502,4,PENDING,NONE,NONE,474,613,193881,9,0,-0.0353,0.037,1,0,MISSING_WEBHOOK
4370.58,UPI,YES_BANK,RAZORPAY,SUCCESS,SUCCESS,AUTHORIZED,CAPTURED,PAID,DELIVERED,DELIVERED,200,1,SETTLED,NONE,NONE,615,863,216603,14,0,0.5609,0.0193,1,0,NORMAL
521.0,UPI,PNB,PAYU,SUCCESS,SUCCESS,AUTHORIZED,CAPTURED,PAID,DELIVERED,DELIVERED,200,1,DISCREPANCY,NONE,NONE,580,791,88277,5,0,0.1621,0.046,1,0,SETTLEMENT_MISMATCH
704.69,UPI,PNB,RAZORPAY,SUCCESS,SUCCESS,AUTHORIZED,CAPTURED,PAID,PROCESSING,DELIVERED,200,1,PENDING,NONE,NONE,1790,2509,26168,14,0,-0.0213,0.0299,1,0,NORMAL
3461.02,UPI,HDFC,CASHFREE,PENDING,SUCCESS,AUTHORIZED,CAPTURED,PENDING_PAYMENT,CANCELLED,FAILED,200,1,ON_HOLD,MANUAL_INTERVENTION_REQUIRED,AWAITING_ACK,37061,129749,190710,12,1,-0.279,0.0655,1,0,UNRESOLVED
1091.82,UPI,YES_BANK,RAZORPAY,SUCCESS,SUCCESS,AUTHORIZED,CAPTURED,PAID,DELIVERED,DELIVERED,200,1,DISCREPANCY,NONE,NONE,629,891,163026,22,0,0.5612,0.0355,1,0,SETTLEMENT_MISMATCH
16493.48,CREDIT_CARD,ICICI,PAYU,SUCCESS,SUCCESS,AUTHORIZED,CAPTURED,PAID,DELIVERED,DELIVERED,200,1,SETTLED,NONE,NONE,240,345,255500,20,0,0.3195,0.0646,1,0,NORMAL
2404.68,UPI,ICICI,RAZORPAY,DEBITED,FAILED,TIMEOUT,FAILED,EXPIRED,CANCELLED,FAILED,0,1,ON_HOLD,PROCESSED,CREDITED_TO_CUSTOMER,1292,72007,20375,14,0,1.1861,0.0578,1,0,BANK_DEBIT_GATEWAY_FAILURE
2863.27,DEBIT_CARD,YES_BANK,RAZORPAY,SUCCESS,SUCCESS,AUTHORIZED,CAPTURED,PAID,DELIVERED,DELIVERED,200,1,SETTLED,NONE,NONE,700,867,111181,18,0,-0.4035,0.0541,1,0,NORMAL
2682.65,NET_BANKING,SBI,CASHFREE,SUCCESS,SUCCESS,AUTHORIZED,CAPTURED,CANCELLED,CANCELLED,DELIVERED,200,1,ON_HOLD,PROCESSED,NONE,357960,359778,171010,14,0,-0.2335,0.0418,1,0,ORDER_PAYMENT_CONFLICT
11150.24,CREDIT_CARD,SBI,BILLDESK,SUCCESS,SUCCESS,AUTHORIZED,CAPTURED,PAID,DELIVERED,DELIVERED,200,1,DISCREPANCY,NONE,NONE,560,661,123687,2,0,-0.066,0.0635,1,0,SETTLEMENT_MISMATCH
750.6,UPI,PNB,STRIPE,SUCCESS,SUCCESS,AUTHORIZED,CAPTURED,PAID,DELIVERED,DELIVERED,200,1,ON_HOLD,NONE,AWAITING_ACK,523,657,60104,10,2,0.0425,0.0386,1,1,DUPLICATE_PAYMENT
4738.85,UPI,ICICI,CASHFREE,SUCCESS,SUCCESS,AUTHORIZED,CAPTURED,PAID,PROCESSING,DELIVERED,200,1,PENDING,NONE,NONE,221,506,83039,4,0,-0.0127,0.0626,1,0,NORMAL
1168.5,UPI,SBI,PAYU,REVERSED,FAILED,FAILED,AUTO_REFUNDED,PAID,UNFULFILLED,DROPPED,500,1,FAILED,MANUAL_INTERVENTION_REQUIRED,NOT_INITIATED,108080,117072,235740,14,3,0.6229,0.0362,1,0,UNRESOLVED
40632.32,UPI,ICICI,STRIPE,SUCCESS,SUCCESS,AUTHORIZED,CAPTURED,PAID,PROCESSING,DELIVERED,200,3,PENDING,NONE,NONE,234,401,81949,18,0,2.2506,0.0618,1,0,NORMAL
7491.05,DEBIT_CARD,HDFC,STRIPE,SUCCESS,SUCCESS,AUTHORIZED,CAPTURED,CANCELLED,CANCELLED,DELIVERED,200,1,ON_HOLD,PROCESSED,NONE,299707,300989,186382,6,0,0.5606,0.0661,1,0,ORDER_PAYMENT_CONFLICT
5224.56,CREDIT_CARD,HDFC,RAZORPAY,SUCCESS,SUCCESS,AUTHORIZED,CAPTURED,PAID,DELIVERED,DELIVERED,200,1,SETTLED,NONE,NONE,339,498,132617,14,0,0.0885,0.0581,1,0,NORMAL
10352.0,UPI,ICICI,BILLDESK,SUCCESS,SUCCESS,AUTHORIZED,CAPTURED,PAID,DELIVERED,DELIVERED,200,1,ON_HOLD,NONE,AWAITING_ACK,747,891,225406,10,1,1.1567,0.0666,1,1,DUPLICATE_PAYMENT
6101.24,CREDIT_CARD,HDFC,PAYU,SUCCESS,SUCCESS,AUTHORIZED,CAPTURED,PAID,PROCESSING,DELIVERED,200,1,PENDING,NONE,NONE,2059,2710,6101,10,0,0.7432,0.0435,1,0,NORMAL
657.33,DEBIT_CARD,PNB,RAZORPAY,SUCCESS,SUCCESS,AUTHORIZED,CAPTURED,PAID,DELIVERED,DELIVERED,200,1,DISCREPANCY,NONE,NONE,613,912,77666,21,0,-0.6117,0.049,1,0,SETTLEMENT_MISMATCH
5061.84,CREDIT_CARD,ICICI,BILLDESK,REVERSED,PENDING,AUTHORIZED,CAPTURED,CANCELLED,CANCELLED,DELIVERED,500,1,DISCREPANCY,PENDING,AWAITING_ACK,1445,71271,57196,20,3,0.4462,0.0397,1,0,UNRESOLVED
26133.4,CREDIT_CARD,INDUSIND,PAYU,SUCCESS,SUCCESS,AUTHORIZED,CAPTURED,PAID,DELIVERED,DELIVERED,200,1,DISCREPANCY,NONE,NONE,440,711,244145,17,0,4.5159,0.0651,1,0,SETTLEMENT_MISMATCH
112.88,CREDIT_CARD,HDFC,STRIPE,DEBITED,SUCCESS,AUTHORIZED,CAPTURED,PAID,PROCESSING,RETRYING,200,2,SETTLED,NONE,NONE,45227,49204,95753,23,0,-0.7312,0.0407,1,0,DELAYED_CONFIRMATION
10175.53,CREDIT_CARD,AXIS,BILLDESK,SUCCESS,SUCCESS,AUTHORIZED,CAPTURED,PAID,DELIVERED,DELIVERED,200,1,DISCREPANCY,NONE,NONE,306,539,144804,23,0,1.1614,0.0579,1,0,SETTLEMENT_MISMATCH
895.64,UPI,INDUSIND,PAYU,SUCCESS,SUCCESS,AUTHORIZED,CAPTURED,PAID,DELIVERED,DELIVERED,200,3,SETTLED,NONE,NONE,364,499,109597,15,0,-0.1858,0.0582,1,0,NORMAL
1321.69,UPI,INDUSIND,CASHFREE,SUCCESS,SUCCESS,AUTHORIZED,CAPTURED,CANCELLED,CANCELLED,DELIVERED,200,1,ON_HOLD,NONE,NONE,273205,274006,66057,6,0,-0.3044,0.0575,1,0,ORDER_PAYMENT_CONFLICT
485.4,UPI,HDFC,STRIPE,SUCCESS,SUCCESS,AUTHORIZED,CAPTURED,PAID,DELIVERED,DELIVERED,200,1,DISCREPANCY,NONE,NONE,565,850,26699,0,0,-0.2675,0.0295,1,0,SETTLEMENT_MISMATCH
1323.28,CREDIT_CARD,AXIS,RAZORPAY,SUCCESS,SUCCESS,AUTHORIZED,CAPTURED,PAID,DELIVERED,DELIVERED,200,1,DISCREPANCY,NONE,NONE,367,567,176651,0,0,0.2361,0.06,1,0,SETTLEMENT_MISMATCH
418.6,NET_BANKING,SBI,PAYU,SUCCESS,SUCCESS,AUTHORIZED,CAPTURED,PAID,DELIVERED,DELIVERED,200,1,SETTLED,NONE,NONE,721,911,190144,23,0,-0.4186,0.0204,1,0,NORMAL
3737.89,DEBIT_CARD,AXIS,CASHFREE,SUCCESS,SUCCESS,AUTHORIZED,CAPTURED,EXPIRED,UNFULFILLED,FAILED,404,2,ON_HOLD,NONE,NONE,292,581,6552,16,0,0.9673,0.0427,1,0,MISSING_WEBHOOK
3046.98,UPI,INDUSIND,CASHFREE,SUCCESS,SUCCESS,AUTHORIZED,CAPTURED,PAID,DELIVERED,DELIVERED,200,1,SETTLED,NONE,NONE,369,482,209192,2,0,0.0882,0.0115,1,0,NORMAL
3558.84,DEBIT_CARD,SBI,PAYU,SUCCESS,SUCCESS,AUTHORIZED,CAPTURED,PAID,DELIVERED,DELIVERED,200,1,DISCREPANCY,NONE,NONE,536,701,112240,15,0,-0.1873,0.0668,1,0,SETTLEMENT_MISMATCH
862.8,DEBIT_CARD,SBI,BILLDESK,SUCCESS,SUCCESS,AUTHORIZED,CAPTURED,PAID,DELIVERED,DELIVERED,200,1,SETTLED,NONE,NONE,553,806,107734,1,0,0.1983,0.0232,1,0,NORMAL
1772.33,CREDIT_CARD,PNB,PAYU,SUCCESS,SUCCESS,AUTHORIZED,CAPTURED,PAID,PROCESSING,DELIVERED,200,1,PENDING,NONE,NONE,1301,2187,14660,19,0,1.4616,0.022,1,0,NORMAL
1063.44,NET_BANKING,INDUSIND,PAYU,SUCCESS,SUCCESS,AUTHORIZED,CAPTURED,PAID,DELIVERED,DELIVERED,200,1,SETTLED,NONE,NONE,597,802,154420,6,0,1.2155,0.0381,1,0,NORMAL
4606.1,NET_BANKING,HDFC,RAZORPAY,SUCCESS,SUCCESS,AUTHORIZED,CAPTURED,EXPIRED,CANCELLED,DELIVERED,200,1,ON_HOLD,INITIATED,NONE,349171,349681,149739,14,0,1.4243,0.0415,1,0,ORDER_PAYMENT_CONFLICT
1120.58,UPI,ICICI,BILLDESK,DEBITED,FAILED,TIMEOUT,CAPTURED,FAILED,CANCELLED,DELIVERED,500,1,FAILED,PENDING,NOT_INITIATED,90466,46870,162509,12,2,-0.4102,0.0421,1,0,UNRESOLVED
1468.45,CREDIT_CARD,ICICI,STRIPE,SUCCESS,SUCCESS,AUTHORIZED,CAPTURED,PAID,PROCESSING,DELIVERED,200,1,PENDING,NONE,NONE,246,444,36367,9,0,-0.2271,0.0519,1,0,NORMAL
9228.88,UPI,SBI,BILLDESK,DEBITED,FAILED,AUTHORIZED,FAILED,CANCELLED,CANCELLED,FAILED,200,1,DISCREPANCY,NONE,AWAITING_ACK,20070,36583,93912,16,2,0.9227,0.0597,1,0,UNRESOLVED
2721.85,EMI,PNB,RAZORPAY,DEBITED,SUCCESS,AUTHORIZED,CAPTURED,PAID,PROCESSING,DELIVERED,200,1,SETTLED,NONE,NONE,50776,52495,94780,23,0,-0.4329,0.0634,1,0,DELAYED_CONFIRMATION
4573.4,UPI,YES_BANK,RAZORPAY,SUCCESS,SUCCESS,AUTHORIZED,CAPTURED,PAID,PROCESSING,DELIVERED,200,1,PENDING,NONE,NONE,560,655,34553,6,0,-0.0472,0.0559,1,0,NORMAL
523.41,DEBIT_CARD,ICICI,BILLDESK,SUCCESS,SUCCESS,AUTHORIZED,CAPTURED,PAID,DELIVERED,DELIVERED,200,1,DISCREPANCY,NONE,NONE,385,533,171628,12,0,-0.1358,0.031,1,0,SETTLEMENT_MISMATCH
3654.72,DEBIT_CARD,SBI,PAYU,REVERSED,FAILED,AUTHORIZED,CAPTURED,PAID,UNFULFILLED,DELIVERED,0,1,DISCREPANCY,NONE,AWAITING_ACK,81195,35948,246977,18,3,-0.7076,0.068,1,0,UNRESOLVED
1786.16,UPI,INDUSIND,CASHFREE,SUCCESS,SUCCESS,AUTHORIZED,CAPTURED,PAID,PROCESSING,DELIVERED,200,1,PENDING,NONE,NONE,212,435,72792,20,0,3.2528,0.0439,1,0,NORMAL
200.49,UPI,PNB,CASHFREE,SUCCESS,SUCCESS,AUTHORIZED,CAPTURED,CANCELLED,CANCELLED,DELIVERED,200,1,ON_HOLD,INITIATED,NONE,277817,279418,86152,2,0,-0.5823,0.0414,1,0,ORDER_PAYMENT_CONFLICT
2646.73,UPI,ICICI,PAYU,SUCCESS,SUCCESS,AUTHORIZED,CAPTURED,PAID,PROCESSING,DELIVERED,200,1,PENDING,NONE,NONE,239,380,62800,9,0,-0.2438,0.042,1,0,NORMAL
318.46,UPI,YES_BANK,BILLDESK,SUCCESS,SUCCESS,AUTHORIZED,CAPTURED,CANCELLED,CANCELLED,DELIVERED,200,1,ON_HOLD,INITIATED,NONE,340244,342164,21094,13,0,-0.2418,0.0443,1,0,ORDER_PAYMENT_CONFLICT
4174.71,CREDIT_CARD,SBI,PAYU,DEBITED,TIMED_OUT,TIMEOUT,FAILED,EXPIRED,CANCELLED,DELIVERED,200,1,ON_HOLD,INITIATED,NOT_INITIATED,227,66012,143892,0,0,1.1972,0.0464,1,0,BANK_DEBIT_GATEWAY_FAILURE
13341.3,UPI,PNB,CASHFREE,SUCCESS,SUCCESS,AUTHORIZED,CAPTURED,PAID,PROCESSING,DELIVERED,200,1,PENDING,NONE,NONE,3498,3921,23770,16,0,0.0673,0.0656,1,0,NORMAL
2350.44,DEBIT_CARD,ICICI,BILLDESK,SUCCESS,SUCCESS,AUTHORIZED,CAPTURED,PAID,DELIVERED,DELIVERED,200,1,SETTLED,NONE,NONE,661,797,225105,1,0,-0.1606,0.0153,1,0,NORMAL
808.79,CREDIT_CARD,KOTAK,CASHFREE,SUCCESS,SUCCESS,AUTHORIZED,CAPTURED,REFUNDED,RETURNED,DELIVERED,200,1,REVERSED,MANUAL_INTERVENTION_REQUIRED,REJECTED_BY_BANK,551,789,175005,7,0,-0.2647,0.0556,1,0,REFUND_UNCERTAINTY
16666.38,EMI,PNB,CASHFREE,SUCCESS,SUCCESS,AUTHORIZED,CAPTURED,PAID,DELIVERED,DELIVERED,200,1,SETTLED,NONE,NONE,323,411,102606,21,0,0.3333,0.0621,1,0,NORMAL
6008.78,UPI,INDUSIND,CASHFREE,SUCCESS,SUCCESS,AUTHORIZED,CAPTURED,PAID,DELIVERED,DELIVERED,200,1,SETTLED,NONE,NONE,3311,3954,124072,16,0,-0.5193,0.0731,1,0,NORMAL
763.14,DEBIT_CARD,SBI,CASHFREE,SUCCESS,SUCCESS,AUTHORIZED,CAPTURED,PAID,DELIVERED,DELIVERED,200,1,DISCREPANCY,NONE,NONE,340,511,111707,18,0,-0.5267,0.0464,1,0,SETTLEMENT_MISMATCH
1071.19,CREDIT_CARD,KOTAK,PAYU,SUCCESS,SUCCESS,AUTHORIZED,CAPTURED,PAID,DELIVERED,DELIVERED,200,1,SETTLED,NONE,NONE,4100,4985,106093,13,0,0.4878,0.0344,1,0,NORMAL
7554.95,WALLET,HDFC,PAYU,SUCCESS,SUCCESS,AUTHORIZED,CAPTURED,PAID,DELIVERED,DELIVERED,200,1,SETTLED,NONE,NONE,379,467,187399,10,0,-0.3956,0.0757,1,0,NORMAL
5253.36,CREDIT_CARD,INDUSIND,PAYU,SUCCESS,SUCCESS,AUTHORIZED,CAPTURED,PAID,DELIVERED,DELIVERED,200,1,SETTLED,NONE,NONE,460,656,245633,3,0,0.0944,0.0625,1,0,NORMAL
2277.39,UPI,INDUSIND,STRIPE,SUCCESS,SUCCESS,AUTHORIZED,CAPTURED,CANCELLED,CANCELLED,DELIVERED,200,1,ON_HOLD,PROCESSED,NONE,354330,354831,1098,6,0,0.1986,0.0484,1,0,ORDER_PAYMENT_CONFLICT
1660.14,UPI,AXIS,PAYU,SUCCESS,SUCCESS,AUTHORIZED,CAPTURED,CANCELLED,CANCELLED,DELIVERED,200,1,ON_HOLD,PROCESSED,NONE,295214,296034,134538,9,0,-0.4071,0.0116,1,0,ORDER_PAYMENT_CONFLICT
2254.75,UPI,SBI,CASHFREE,SUCCESS,SUCCESS,AUTHORIZED,CAPTURED,PAID,DELIVERED,DELIVERED,200,1,SETTLED,NONE,NONE,598,790,257703,8,0,-0.1947,0.0137,1,0,NORMAL
693.43,UPI,INDUSIND,RAZORPAY,SUCCESS,SUCCESS,AUTHORIZED,CAPTURED,PAID,DELIVERED,DELIVERED,200,1,SETTLED,NONE,NONE,654,817,156287,18,0,-0.0369,0.0333,1,0,NORMAL
433.41,UPI,INDUSIND,CASHFREE,SUCCESS,SUCCESS,AUTHORIZED,CAPTURED,PAID,DELIVERED,DELIVERED,200,1,SETTLED,NONE,NONE,425,508,223756,3,0,-0.0971,0.0415,1,0,NORMAL
320.11,UPI,KOTAK,CASHFREE,SUCCESS,SUCCESS,AUTHORIZED,CAPTURED,PAID,DELIVERED,DELIVERED,200,1,SETTLED,NONE,NONE,1791,2590,116714,13,0,-0.3331,0.0333,1,0,NORMAL
307.58,UPI,YES_BANK,PAYU,SUCCESS,SUCCESS,AUTHORIZED,CAPTURED,PAID,PROCESSING,DELIVERED,200,1,PENDING,NONE,NONE,223,493,41609,10,0,-0.7204,0.0533,1,0,NORMAL
6831.92,DEBIT_CARD,SBI,STRIPE,SUCCESS,SUCCESS,AUTHORIZED,CAPTURED,PAID,DELIVERED,DELIVERED,200,1,SETTLED,NONE,NONE,619,802,166094,13,1,0.4233,0.0657,1,0,NORMAL
3308.79,UPI,KOTAK,PAYU,SUCCESS,SUCCESS,AUTHORIZED,CAPTURED,PAID,PROCESSING,DELIVERED,200,2,PENDING,NONE,NONE,564,736,58694,16,0,-0.0546,0.034,1,0,NORMAL
440.98,UPI,SBI,CASHFREE,SUCCESS,SUCCESS,AUTHORIZED,CAPTURED,PAID,DELIVERED,DELIVERED,200,1,SETTLED,NONE,NONE,3524,4100,116607,6,0,-0.3875,0.0219,1,0,NORMAL
10269.02,DEBIT_CARD,ICICI,STRIPE,SUCCESS,SUCCESS,AUTHORIZED,CAPTURED,PAID,DELIVERED,DELIVERED,200,1,SETTLED,NONE,NONE,400,590,226913,23,0,-0.1785,0.0686,1,0,NORMAL
1647.71,UPI,YES_BANK,STRIPE,SUCCESS,SUCCESS,AUTHORIZED,CAPTURED,CANCELLED,CANCELLED,DELIVERED,200,1,ON_HOLD,PROCESSED,NONE,253592,255863,173586,22,0,-0.4115,0.0255,1,0,ORDER_PAYMENT_CONFLICT
883.29,DEBIT_CARD,YES_BANK,RAZORPAY,SUCCESS,SUCCESS,AUTHORIZED,CAPTURED,CANCELLED,CANCELLED,DELIVERED,200,1,ON_HOLD,NONE,NONE,240103,241482,33453,21,0,-0.197,0.0555,1,0,ORDER_PAYMENT_CONFLICT
1644.79,UPI,SBI,STRIPE,SUCCESS,SUCCESS,AUTHORIZED,CAPTURED,PAID,DELIVERED,DELIVERED,200,1,SETTLED,NONE,NONE,656,742,224154,1,0,-0.4126,0.0248,1,0,NORMAL
634.61,UPI,SBI,CASHFREE,REVERSED,SUCCESS,AUTHORIZED,CAPTURED,REFUNDED,RETURNED,DELIVERED,200,1,REVERSED,FAILED,AWAITING_ACK,253,512,215531,19,0,0.511,0.0424,1,0,REFUND_UNCERTAINTY
9353.42,UPI,PNB,STRIPE,SUCCESS,SUCCESS,AUTHORIZED,CAPTURED,PAID,DELIVERED,DELIVERED,200,1,SETTLED,NONE,NONE,430,644,227825,9,0,2.3405,0.0189,1,0,NORMAL
1058.67,UPI,HDFC,CASHFREE,SUCCESS,SUCCESS,AUTHORIZED,CAPTURED,PENDING_PAYMENT,PROCESSING,DELIVERED,200,3,PENDING,NONE,NONE,92357,97209,18274,21,0,1.2056,0.0406,1,0,DELAYED_CONFIRMATION
662.75,UPI,KOTAK,BILLDESK,SUCCESS,SUCCESS,AUTHORIZED,CAPTURED,PAID,DELIVERED,DELIVERED,200,1,DISCREPANCY,NONE,NONE,269,365,256189,7,0,-0.008,0.0228,1,0,SETTLEMENT_MISMATCH
6313.36,UPI,INDUSIND,RAZORPAY,SUCCESS,SUCCESS,AUTHORIZED,CAPTURED,PAID,PROCESSING,DELIVERED,200,1,PENDING,NONE,NONE,561,650,85643,2,0,0.3153,0.0638,1,0,NORMAL
5649.48,UPI,YES_BANK,STRIPE,SUCCESS,SUCCESS,AUTHORIZED,CAPTURED,PAID,PROCESSING,DELIVERED,200,1,PENDING,NONE,NONE,360,557,29751,10,0,0.177,0.0583,1,0,NORMAL
327.38,UPI,HDFC,PAYU,SUCCESS,SUCCESS,AUTHORIZED,CAPTURED,EXPIRED,UNFULFILLED,DROPPED,404,5,PENDING,NONE,NONE,198,469,35275,9,0,-0.7024,0.0456,1,0,MISSING_WEBHOOK
15556.3,NET_BANKING,AXIS,CASHFREE,SUCCESS,SUCCESS,AUTHORIZED,CAPTURED,CANCELLED,CANCELLED,DELIVERED,200,1,ON_HOLD,NONE,NONE,312164,312841,184274,10,0,0.2445,0.0728,1,0,ORDER_PAYMENT_CONFLICT
1999.31,UPI,KOTAK,STRIPE,SUCCESS,SUCCESS,AUTHORIZED,CAPTURED,PAID,DELIVERED,DELIVERED,200,1,SETTLED,NONE,NONE,289,456,247796,20,0,-0.4288,0.0382,1,0,NORMAL
6825.02,UPI,HDFC,CASHFREE,SUCCESS,SUCCESS,AUTHORIZED,CAPTURED,PAID,DELIVERED,DELIVERED,200,1,SETTLED,NONE,NONE,421,640,174536,0,0,-0.454,0.0687,1,0,NORMAL
1577.27,UPI,KOTAK,RAZORPAY,SUCCESS,SUCCESS,AUTHORIZED,CAPTURED,PAID,DELIVERED,DELIVERED,200,1,SETTLED,NONE,NONE,338,428,122275,10,0,-0.1699,0.0511,1,0,NORMAL
371.42,UPI,HDFC,RAZORPAY,SUCCESS,SUCCESS,AUTHORIZED,CAPTURED,PAID,DELIVERED,DELIVERED,200,1,DISCREPANCY,NONE,NONE,192,487,154065,6,0,-0.4587,0.0397,1,0,SETTLEMENT_MISMATCH
1620.18,UPI,YES_BANK,RAZORPAY,SUCCESS,SUCCESS,AUTHORIZED,CAPTURED,PAID,DELIVERED,DELIVERED,200,1,SETTLED,NONE,NONE,523,747,239171,5,0,0.4729,0.0522,1,0,NORMAL
3101.14,UPI,AXIS,STRIPE,SUCCESS,FAILED,TIMEOUT,FAILED,CANCELLED,CANCELLED,DELIVERED,200,1,ON_HOLD,INITIATED,NOT_INITIATED,723,83045,15064,16,0,-0.3539,0.0634,1,0,BANK_DEBIT_GATEWAY_FAILURE
1627.88,UPI,INDUSIND,PAYU,SUCCESS,SUCCESS,AUTHORIZED,CAPTURED,PAID,DELIVERED,DELIVERED,200,1,ON_HOLD,NONE,AWAITING_ACK,397,487,47922,18,1,-0.1432,0.0402,1,1,DUPLICATE_PAYMENT
8332.04,CREDIT_CARD,ICICI,CASHFREE,SUCCESS,SUCCESS,AUTHORIZED,CAPTURED,PAID,DELIVERED,DELIVERED,200,1,SETTLED,NONE,NONE,4135,4837,251530,17,0,0.7358,0.0565,1,0,NORMAL
14328.15,CREDIT_CARD,KOTAK,STRIPE,SUCCESS,SUCCESS,AUTHORIZED,CAPTURED,PAID,DELIVERED,DELIVERED,200,1,ON_HOLD,PROCESSED,CREDITED_TO_CUSTOMER,460,608,256707,6,1,0.1463,0.0752,1,1,DUPLICATE_PAYMENT
1336.33,UPI,YES_BANK,BILLDESK,SUCCESS,SUCCESS,AUTHORIZED,CAPTURED,PAID,PROCESSING,DELIVERED,200,3,PENDING,NONE,NONE,444,603,58852,10,0,0.2148,0.0543,1,0,NORMAL
1451.18,UPI,AXIS,RAZORPAY,SUCCESS,SUCCESS,AUTHORIZED,CAPTURED,PAID,DELIVERED,DELIVERED,200,1,SETTLED,NONE,NONE,482,658,106412,6,0,-0.6977,0.0556,1,0,NORMAL
1129.31,CREDIT_CARD,PNB,STRIPE,SUCCESS,SUCCESS,AUTHORIZED,CAPTURED,CANCELLED,CANCELLED,DELIVERED,200,1,ON_HOLD,NONE,NONE,337867,339141,241803,17,0,0.0266,0.0453,1,0,ORDER_PAYMENT_CONFLICT
364.61,CREDIT_CARD,ICICI,RAZORPAY,SUCCESS,SUCCESS,AUTHORIZED,CAPTURED,EXPIRED,CANCELLED,DELIVERED,200,1,ON_HOLD,NONE,NONE,358878,360899,223184,3,0,-0.4936,0.0207,1,0,ORDER_PAYMENT_CONFLICT
2747.55,UPI,AXIS,CASHFREE,DEBITED,FAILED,NONE,AUTO_REFUNDED,FAILED,DELIVERED,FAILED,404,1,DISCREPANCY,PENDING,NOT_INITIATED,61879,5001,209033,21,3,-0.0187,0.0178,1,0,UNRESOLVED
281.35,UPI,SBI,RAZORPAY,SUCCESS,SUCCESS,AUTHORIZED,CAPTURED,PAID,PROCESSING,DELIVERED,200,1,PENDING,NONE,NONE,654,895,14808,20,0,-0.3301,0.0418,1,0,NORMAL
533.23,UPI,KOTAK,CASHFREE,SUCCESS,SUCCESS,AUTHORIZED,CAPTURED,PAID,PROCESSING,SCHEDULED,200,1,SETTLED,NONE,NONE,104854,105873,165073,10,0,0.1109,0.0496,1,0,DELAYED_CONFIRMATION
189.64,CREDIT_CARD,SBI,RAZORPAY,SUCCESS,SUCCESS,AUTHORIZED,CAPTURED,PAID,DELIVERED,DELIVERED,200,1,DISCREPANCY,NONE,NONE,638,916,246778,18,0,-0.6753,0.0386,1,0,SETTLEMENT_MISMATCH
701.0,UPI,HDFC,BILLDESK,SUCCESS,SUCCESS,AUTHORIZED,CAPTURED,CANCELLED,CANCELLED,DELIVERED,200,1,ON_HOLD,PROCESSED,NONE,293384,295850,78262,18,0,0.0785,0.0355,1,0,ORDER_PAYMENT_CONFLICT
1258.61,NET_BANKING,SBI,RAZORPAY,SUCCESS,SUCCESS,AUTHORIZED,CAPTURED,PAID,PROCESSING,DELIVERED,200,3,PENDING,NONE,NONE,93515,96037,52864,17,0,0.9363,0.0398,1,0,DELAYED_CONFIRMATION
2266.8,UPI,INDUSIND,BILLDESK,DEBITED,FAILED,FAILED,FAILED,CANCELLED,CANCELLED,NONE,0,1,ON_HOLD,INITIATED,NOT_INITIATED,931,50286,130339,8,0,-0.3523,0.0418,1,0,BANK_DEBIT_GATEWAY_FAILURE
2367.68,UPI,SBI,BILLDESK,SUCCESS,SUCCESS,AUTHORIZED,CAPTURED,PAID,DELIVERED,DELIVERED,200,1,SETTLED,NONE,NONE,599,706,215470,4,0,1.1524,0.0475,1,0,NORMAL
2590.09,UPI,ICICI,RAZORPAY,SUCCESS,SUCCESS,AUTHORIZED,CAPTURED,PAID,DELIVERED,DELIVERED,200,1,ON_HOLD,INITIATED,AWAITING_ACK,633,781,216442,6,4,1.3546,0.045,1,1,DUPLICATE_PAYMENT
4282.28,UPI,AXIS,PAYU,SUCCESS,SUCCESS,AUTHORIZED,CAPTURED,PAID,DELIVERED,DELIVERED,200,2,SETTLED,NONE,NONE,270,559,104318,12,0,0.5294,0.0275,1,0,NORMAL
1802.15,UPI,INDUSIND,PAYU,SUCCESS,SUCCESS,AUTHORIZED,CAPTURED,EXPIRED,UNFULFILLED,DROPPED,502,2,ON_HOLD,NONE,NONE,715,976,152774,21,0,0.6383,0.0512,1,0,MISSING_WEBHOOK
3196.14,UPI,ICICI,PAYU,SUCCESS,SUCCESS,AUTHORIZED,CAPTURED,PAID,PROCESSING,DELIVERED,200,1,PENDING,NONE,NONE,378,480,14607,7,0,0.1415,0.0217,1,0,NORMAL
964.52,CREDIT_CARD,KOTAK,BILLDESK,SUCCESS,SUCCESS,AUTHORIZED,CAPTURED,PAID,DELIVERED,DELIVERED,200,1,SETTLED,NONE,NONE,326,507,115467,0,0,-0.6555,0.0128,1,0,NORMAL
531.48,UPI,AXIS,STRIPE,SUCCESS,SUCCESS,AUTHORIZED,CAPTURED,REFUNDED,RETURNED,DELIVERED,200,1,REVERSED,FAILED,AWAITING_ACK,266,390,163641,20,0,-0.2618,0.0332,1,0,REFUND_UNCERTAINTY
726.12,UPI,SBI,CASHFREE,SUCCESS,SUCCESS,AUTHORIZED,CAPTURED,REFUNDED,RETURNED,DELIVERED,200,1,REVERSED,MANUAL_INTERVENTION_REQUIRED,AWAITING_ACK,394,615,222162,21,0,-0.7407,0.0279,1,0,REFUND_UNCERTAINTY
12028.28,UPI,SBI,STRIPE,SUCCESS,SUCCESS,AUTHORIZED,CAPTURED,PAID,DELIVERED,DELIVERED,200,1,SETTLED,NONE,NONE,244,324,229625,12,0,2.4367,0.0353,1,0,NORMAL
328.47,UPI,AXIS,BILLDESK,PENDING,SUCCESS,AUTHORIZED,CAPTURED,PAID,PROCESSING,DELIVERED,200,3,PENDING,NONE,NONE,56490,59341,24394,17,0,-0.2179,0.0487,1,0,DELAYED_CONFIRMATION
268.19,UPI,KOTAK,PAYU,SUCCESS,FAILED,NONE,FAILED,EXPIRED,CANCELLED,DELIVERED,200,1,ON_HOLD,PROCESSED,CREDITED_TO_CUSTOMER,1601,54511,253706,11,0,-0.4413,0.0446,1,0,BANK_DEBIT_GATEWAY_FAILURE
714.74,NET_BANKING,ICICI,PAYU,SUCCESS,SUCCESS,AUTHORIZED,CAPTURED,CANCELLED,CANCELLED,DELIVERED,200,1,ON_HOLD,NONE,NONE,317861,319446,231837,7,0,0.489,0.0326,1,0,ORDER_PAYMENT_CONFLICT
1553.91,CREDIT_CARD,SBI,CASHFREE,SUCCESS,SUCCESS,AUTHORIZED,CAPTURED,PAID,PROCESSING,DELIVERED,200,1,PENDING,NONE,NONE,471,552,65555,21,0,-0.1822,0.0559,1,0,NORMAL
6289.7,EMI,INDUSIND,BILLDESK,SUCCESS,SUCCESS,AUTHORIZED,CAPTURED,PAID,DELIVERED,DELIVERED,200,1,DISCREPANCY,NONE,NONE,225,424,230350,16,0,0.3649,0.0571,1,0,SETTLEMENT_MISMATCH
397.89,CREDIT_CARD,KOTAK,PAYU,SUCCESS,SUCCESS,AUTHORIZED,CAPTURED,REFUNDED,RETURNED,DELIVERED,200,1,REVERSED,PENDING,AWAITING_ACK,346,588,78013,10,0,-0.1711,0.0348,1,0,REFUND_UNCERTAINTY
2163.74,CREDIT_CARD,KOTAK,PAYU,REVERSED,FAILED,FAILED,PENDING,CANCELLED,UNFULFILLED,DELIVERED,404,1,FAILED,MANUAL_INTERVENTION_REQUIRED,NOT_INITIATED,72272,70021,64056,22,3,-0.2272,0.0249,1,0,UNRESOLVED
257.12,CREDIT_CARD,INDUSIND,STRIPE,SUCCESS,SUCCESS,AUTHORIZED,CAPTURED,PAID,PROCESSING,DELIVERED,200,1,PENDING,NONE,NONE,109700,112827,76462,9,0,-0.6044,0.0204,1,0,DELAYED_CONFIRMATION
4544.35,UPI,KOTAK,STRIPE,SUCCESS,SUCCESS,AUTHORIZED,CAPTURED,PAID,DELIVERED,DELIVERED,200,1,SETTLED,NONE,NONE,1404,1958,129428,19,0,1.3918,0.0438,1,0,NORMAL
4572.24,EMI,AXIS,CASHFREE,SUCCESS,SUCCESS,AUTHORIZED,CAPTURED,CANCELLED,CANCELLED,DELIVERED,200,1,ON_HOLD,INITIATED,NONE,298379,300583,42354,4,0,0.6329,0.0292,1,0,ORDER_PAYMENT_CONFLICT
18605.5,UPI,INDUSIND,STRIPE,SUCCESS,SUCCESS,AUTHORIZED,CAPTURED,PAID,DELIVERED,DELIVERED,200,1,SETTLED,NONE,NONE,211,385,95472,2,0,0.4884,0.0624,1,0,NORMAL
474.35,UPI,HDFC,BILLDESK,SUCCESS,SUCCESS,AUTHORIZED,CAPTURED,PAID,PROCESSING,DELIVERED,200,2,PENDING,NONE,NONE,576,751,11442,15,0,-0.5688,0.0595,1,0,NORMAL
6086.71,UPI,AXIS,RAZORPAY,SUCCESS,FAILED,TIMEOUT,FAILED,CANCELLED,CANCELLED,DELIVERED,200,1,ON_HOLD,INITIATED,NOT_INITIATED,1433,67857,25508,6,0,0.2681,0.0594,1,0,BANK_DEBIT_GATEWAY_FAILURE
571.69,UPI,PNB,STRIPE,SUCCESS,SUCCESS,AUTHORIZED,CAPTURED,PAID,DELIVERED,DELIVERED,200,1,SETTLED,NONE,NONE,3854,4445,189234,1,0,0.3612,0.0477,1,0,NORMAL
10944.32,CREDIT_CARD,HDFC,CASHFREE,DEBITED,FAILED,TIMEOUT,AUTO_REFUNDED,CANCELLED,CANCELLED,DELIVERED,200,1,ON_HOLD,PROCESSED,CREDITED_TO_CUSTOMER,1015,56766,49485,11,0,-0.1245,0.0762,1,0,BANK_DEBIT_GATEWAY_FAILURE
486.94,CREDIT_CARD,ICICI,BILLDESK,SUCCESS,SUCCESS,AUTHORIZED,CAPTURED,PAID,PROCESSING,DELIVERED,200,1,PENDING,NONE,NONE,363,540,7042,21,0,-0.3237,0.0206,1,0,NORMAL
14813.82,UPI,AXIS,PAYU,REVERSED,SUCCESS,NONE,PENDING,CANCELLED,RETURNED,DELIVERED,500,1,DISCREPANCY,FAILED,REJECTED_BY_BANK,39484,24490,2514,13,1,0.1851,0.0758,1,0,UNRESOLVED
371.1,NET_BANKING,ICICI,BILLDESK,SUCCESS,SUCCESS,AUTHORIZED,CAPTURED,REFUNDED,RETURNED,DELIVERED,200,1,REVERSED,PENDING,AWAITING_ACK,388,515,208006,0,0,-0.2269,0.0376,1,0,REFUND_UNCERTAINTY
435.55,UPI,ICICI,STRIPE,SUCCESS,SUCCESS,AUTHORIZED,CAPTURED,CANCELLED,CANCELLED,DELIVERED,200,1,ON_HOLD,INITIATED,NONE,257717,260195,222048,3,0,-0.0926,0.034,1,0,ORDER_PAYMENT_CONFLICT
2441.3,WALLET,KOTAK,BILLDESK,SUCCESS,SUCCESS,AUTHORIZED,CAPTURED,CANCELLED,CANCELLED,DELIVERED,200,1,ON_HOLD,NONE,NONE,288037,289186,181712,3,0,-0.3025,0.0333,1,0,ORDER_PAYMENT_CONFLICT
3941.31,UPI,ICICI,RAZORPAY,SUCCESS,SUCCESS,AUTHORIZED,CAPTURED,PENDING_PAYMENT,UNFULFILLED,FAILED,0,2,ON_HOLD,NONE,NONE,716,933,58848,19,0,0.1261,0.0475,1,0,MISSING_WEBHOOK
2740.9,CREDIT_CARD,PNB,RAZORPAY,SUCCESS,SUCCESS,AUTHORIZED,CAPTURED,PAID,DELIVERED,DELIVERED,200,1,ON_HOLD,NONE,AWAITING_ACK,682,803,210434,6,1,-0.2169,0.0412,1,1,DUPLICATE_PAYMENT
661.03,UPI,YES_BANK,RAZORPAY,SUCCESS,FAILED,FAILED,FAILED,CANCELLED,CANCELLED,DELIVERED,200,1,ON_HOLD,PROCESSED,CREDITED_TO_CUSTOMER,856,69814,29441,13,0,0.3771,0.0365,1,0,BANK_DEBIT_GATEWAY_FAILURE
9390.92,UPI,PNB,BILLDESK,SUCCESS,SUCCESS,AUTHORIZED,CAPTURED,PAID,PROCESSING,DELIVERED,200,1,PENDING,NONE,NONE,707,968,1000,18,0,1.6831,0.0433,1,0,NORMAL
525.08,UPI,AXIS,PAYU,SUCCESS,SUCCESS,AUTHORIZED,CAPTURED,PAID,DELIVERED,DELIVERED,200,1,ON_HOLD,NONE,AWAITING_ACK,253,525,46676,9,1,0.0939,0.0302,1,1,DUPLICATE_PAYMENT
1875.93,CREDIT_CARD,AXIS,STRIPE,SUCCESS,SUCCESS,AUTHORIZED,CAPTURED,REFUNDED,RETURNED,DELIVERED,200,1,REVERSED,MANUAL_INTERVENTION_REQUIRED,AWAITING_ACK,708,866,254409,6,0,-0.0127,0.0536,1,0,REFUND_UNCERTAINTY
5583.71,UPI,SBI,RAZORPAY,REVERSED,SUCCESS,NONE,AUTO_REFUNDED,CANCELLED,UNFULFILLED,FAILED,500,1,FAILED,PENDING,AWAITING_ACK,89784,28339,76841,7,3,1.9388,0.0467,1,0,UNRESOLVED
513.03,CREDIT_CARD,KOTAK,STRIPE,SUCCESS,SUCCESS,AUTHORIZED,CAPTURED,PAID,PROCESSING,DELIVERED,200,1,PENDING,NONE,NONE,232,335,65859,15,1,0.0688,0.0341,1,0,NORMAL
14907.3,UPI,PNB,PAYU,SUCCESS,SUCCESS,AUTHORIZED,CAPTURED,REFUNDED,RETURNED,DELIVERED,200,1,REVERSED,PENDING,AWAITING_ACK,378,660,26749,13,0,0.1926,0.0704,1,0,REFUND_UNCERTAINTY
350.06,UPI,AXIS,BILLDESK,SUCCESS,SUCCESS,AUTHORIZED,CAPTURED,PAID,DELIVERED,DELIVERED,200,1,ON_HOLD,PROCESSED,CREDITED_TO_CUSTOMER,228,325,115333,1,1,-0.1665,0.0457,1,1,DUPLICATE_PAYMENT
262.51,UPI,PNB,RAZORPAY,SUCCESS,SUCCESS,AUTHORIZED,CAPTURED,PAID,DELIVERED,DELIVERED,200,1,SETTLED,NONE,NONE,709,877,122145,14,0,-0.375,0.0465,1,0,NORMAL
486.95,UPI,HDFC,PAYU,SUCCESS,SUCCESS,AUTHORIZED,CAPTURED,PAID,PROCESSING,DELIVERED,200,1,PENDING,NONE,NONE,557,740,34938,22,0,0.1594,0.041,1,0,NORMAL
1058.37,UPI,PNB,RAZORPAY,SUCCESS,SUCCESS,AUTHORIZED,CAPTURED,PAID,DELIVERED,DELIVERED,200,1,SETTLED,NONE,NONE,601,858,86486,5,0,0.6283,0.0294,1,0,NORMAL
517.58,UPI,PNB,STRIPE,SUCCESS,SUCCESS,AUTHORIZED,CAPTURED,PAID,DELIVERED,DELIVERED,200,1,SETTLED,NONE,NONE,460,631,194722,10,0,-0.5295,0.0568,1,0,NORMAL
6353.67,UPI,PNB,PAYU,SUCCESS,SUCCESS,AUTHORIZED,CAPTURED,PAID,DELIVERED,DELIVERED,200,1,ON_HOLD,INITIATED,AWAITING_ACK,736,829,195544,8,4,0.8153,0.0377,1,1,DUPLICATE_PAYMENT
1884.29,UPI,SBI,STRIPE,SUCCESS,SUCCESS,AUTHORIZED,CAPTURED,PAID,PROCESSING,DELIVERED,200,1,PENDING,NONE,NONE,397,696,31729,4,0,0.713,0.057,1,0,NORMAL
1625.2,WALLET,PNB,CASHFREE,SUCCESS,SUCCESS,AUTHORIZED,CAPTURED,CANCELLED,CANCELLED,DELIVERED,200,1,ON_HOLD,INITIATED,NONE,333384,335435,231138,5,0,-0.4196,0.0222,1,0,ORDER_PAYMENT_CONFLICT
266.79,DEBIT_CARD,INDUSIND,CASHFREE,SUCCESS,SUCCESS,AUTHORIZED,CAPTURED,PAID,PROCESSING,DELIVERED,200,1,PENDING,NONE,NONE,457,670,37539,6,0,-0.3648,0.0439,1,0,NORMAL
3647.01,CREDIT_CARD,KOTAK,BILLDESK,DEBITED,FAILED,TIMEOUT,FAILED,EXPIRED,CANCELLED,NONE,500,1,ON_HOLD,INITIATED,NOT_INITIATED,317,53972,21351,5,0,-0.2402,0.0623,1,0,BANK_DEBIT_GATEWAY_FAILURE
4093.8,CREDIT_CARD,HDFC,PAYU,SUCCESS,SUCCESS,AUTHORIZED,CAPTURED,PAID,DELIVERED,DELIVERED,200,1,DISCREPANCY,NONE,NONE,370,454,12313,10,0,-0.0769,0.058,1,0,SETTLEMENT_MISMATCH
604.26,UPI,INDUSIND,PAYU,SUCCESS,SUCCESS,AUTHORIZED,CAPTURED,PAID,DELIVERED,DELIVERED,200,1,DISCREPANCY,NONE,NONE,181,366,200316,1,0,-0.3912,0.052,1,0,SETTLEMENT_MISMATCH
322.49,CREDIT_CARD,ICICI,RAZORPAY,DEBITED,FAILED,TIMEOUT,PENDING,PENDING_PAYMENT,UNFULFILLED,RETRYING,504,1,FAILED,NONE,REJECTED_BY_BANK,23803,74190,160651,0,0,-0.5039,0.0393,1,0,UNRESOLVED
1759.56,CREDIT_CARD,YES_BANK,STRIPE,SUCCESS,SUCCESS,AUTHORIZED,CAPTURED,PROCESSING,PROCESSING,RETRYING,200,3,PENDING,NONE,NONE,106711,107724,19249,9,0,2.6658,0.0425,1,0,DELAYED_CONFIRMATION
2179.02,CREDIT_CARD,ICICI,RAZORPAY,SUCCESS,SUCCESS,AUTHORIZED,CAPTURED,PROCESSING,PROCESSING,DELIVERED,200,2,PENDING,NONE,NONE,65453,67569,7221,16,0,-0.2218,0.0283,1,0,DELAYED_CONFIRMATION
3600.64,UPI,KOTAK,STRIPE,SUCCESS,SUCCESS,AUTHORIZED,CAPTURED,PAID,DELIVERED,DELIVERED,200,1,SETTLED,NONE,NONE,2120,2572,210769,21,0,-0.2499,0.0514,1,0,NORMAL
779.47,CREDIT_CARD,SBI,STRIPE,SUCCESS,SUCCESS,AUTHORIZED,CAPTURED,PAID,DELIVERED,DELIVERED,200,1,DISCREPANCY,NONE,NONE,236,352,8418,14,0,-0.2673,0.0585,1,0,SETTLEMENT_MISMATCH
4233.49,DEBIT_CARD,PNB,BILLDESK,SUCCESS,SUCCESS,AUTHORIZED,CAPTURED,PAID,PROCESSING,DELIVERED,200,1,PENDING,NONE,NONE,312,554,5581,14,0,-0.118,0.0556,1,0,NORMAL
7114.85,NET_BANKING,AXIS,BILLDESK,SUCCESS,SUCCESS,AUTHORIZED,CAPTURED,CANCELLED,CANCELLED,DELIVERED,200,1,ON_HOLD,NONE,NONE,245323,247121,122618,13,0,-0.4308,0.0618,1,0,ORDER_PAYMENT_CONFLICT
661.58,UPI,SBI,RAZORPAY,SUCCESS,SUCCESS,AUTHORIZED,CAPTURED,PAID,DELIVERED,DELIVERED,200,1,DISCREPANCY,NONE,NONE,475,570,100212,13,0,0.0914,0.0376,1,0,SETTLEMENT_MISMATCH
4481.21,UPI,PNB,STRIPE,SUCCESS,SUCCESS,AUTHORIZED,CAPTURED,PAID,PROCESSING,DELIVERED,200,1,PENDING,NONE,NONE,442,729,61108,7,0,-0.0664,0.0571,1,0,NORMAL
5913.09,DEBIT_CARD,KOTAK,CASHFREE,SUCCESS,SUCCESS,AUTHORIZED,CAPTURED,CANCELLED,CANCELLED,DELIVERED,200,1,ON_HOLD,NONE,NONE,297314,297831,55456,5,0,2.1122,0.0557,1,0,ORDER_PAYMENT_CONFLICT
800.31,WALLET,PNB,CASHFREE,SUCCESS,SUCCESS,AUTHORIZED,CAPTURED,PROCESSING,PROCESSING,RETRYING,200,2,PENDING,NONE,NONE,38663,39887,42848,23,0,0.2312,0.0239,1,0,DELAYED_CONFIRMATION
1562.82,DEBIT_CARD,PNB,STRIPE,SUCCESS,SUCCESS,AUTHORIZED,CAPTURED,EXPIRED,UNFULFILLED,FAILED,404,3,ON_HOLD,NONE,NONE,404,529,77264,3,0,0.4207,0.0434,1,0,MISSING_WEBHOOK
685.03,UPI,PNB,STRIPE,DEBITED,FAILED,TIMEOUT,FAILED,EXPIRED,CANCELLED,NONE,500,1,ON_HOLD,INITIATED,NOT_INITIATED,1415,48482,172414,18,0,-0.3772,0.0408,1,0,BANK_DEBIT_GATEWAY_FAILURE
1163.53,UPI,KOTAK,PAYU,SUCCESS,SUCCESS,AUTHORIZED,CAPTURED,PAID,DELIVERED,DELIVERED,200,1,SETTLED,NONE,NONE,680,827,154200,6,0,0.616,0.0291,1,0,NORMAL
1701.55,UPI,KOTAK,RAZORPAY,SUCCESS,SUCCESS,AUTHORIZED,CAPTURED,PAID,DELIVERED,DELIVERED,200,1,ON_HOLD,NONE,AWAITING_ACK,721,934,227408,2,1,-0.1044,0.0503,1,1,DUPLICATE_PAYMENT
15791.81,UPI,ICICI,STRIPE,SUCCESS,SUCCESS,AUTHORIZED,CAPTURED,PAID,DELIVERED,DELIVERED,200,1,ON_HOLD,NONE,AWAITING_ACK,350,647,81446,12,3,0.2633,0.0637,1,1,DUPLICATE_PAYMENT
3098.17,UPI,KOTAK,RAZORPAY,SUCCESS,SUCCESS,AUTHORIZED,CAPTURED,PAID,DELIVERED,DELIVERED,200,1,SETTLED,NONE,NONE,699,792,238026,16,0,0.1065,0.0221,1,0,NORMAL
1127.14,WALLET,HDFC,CASHFREE,SUCCESS,SUCCESS,AUTHORIZED,CAPTURED,PAID,DELIVERED,DELIVERED,200,1,SETTLED,NONE,NONE,209,305,242611,17,0,1.3482,0.0433,1,0,NORMAL
5903.48,UPI,KOTAK,CASHFREE,SUCCESS,SUCCESS,AUTHORIZED,CAPTURED,PAID,DELIVERED,DELIVERED,200,1,SETTLED,NONE,NONE,474,682,177545,10,0,0.6867,0.0471,1,0,NORMAL
2361.81,NET_BANKING,YES_BANK,PAYU,SUCCESS,SUCCESS,AUTHORIZED,CAPTURED,CANCELLED,CANCELLED,DELIVERED,200,1,ON_HOLD,PROCESSED,NONE,322785,324568,154058,18,0,-0.508,0.057,1,0,ORDER_PAYMENT_CONFLICT
2967.93,UPI,KOTAK,RAZORPAY,SUCCESS,SUCCESS,AUTHORIZED,CAPTURED,PAID,DELIVERED,DELIVERED,200,1,SETTLED,NONE,NONE,1460,2247,194466,4,0,0.06,0.0218,1,0,NORMAL
578.51,DEBIT_CARD,YES_BANK,CASHFREE,SUCCESS,FAILED,TIMEOUT,NOT_REQUESTED,CANCELLED,CANCELLED,FAILED,0,1,ON_HOLD,NONE,NOT_INITIATED,594,79420,28086,15,0,0.2052,0.0402,1,0,BANK_DEBIT_GATEWAY_FAILURE
288.26,UPI,SBI,RAZORPAY,SUCCESS,SUCCESS,AUTHORIZED,CAPTURED,PAID,DELIVERED,DELIVERED,200,1,SETTLED,NONE,NONE,378,468,97791,7,0,-0.5996,0.0343,1,0,NORMAL
716.04,UPI,AXIS,RAZORPAY,SUCCESS,SUCCESS,AUTHORIZED,CAPTURED,REFUNDED,RETURNED,DELIVERED,200,1,REVERSED,MANUAL_INTERVENTION_REQUIRED,AWAITING_ACK,95,351,169510,1,0,-0.0055,0.0219,1,0,REFUND_UNCERTAINTY
2509.22,CREDIT_CARD,KOTAK,RAZORPAY,SUCCESS,SUCCESS,AUTHORIZED,CAPTURED,PAID,PROCESSING,DELIVERED,200,1,PENDING,NONE,NONE,726,923,34769,3,0,1.2811,0.0511,1,0,NORMAL
949.87,UPI,YES_BANK,STRIPE,SUCCESS,SUCCESS,AUTHORIZED,CAPTURED,PAID,DELIVERED,DELIVERED,200,1,ON_HOLD,INITIATED,AWAITING_ACK,647,823,205940,10,4,1.2616,0.0323,1,1,DUPLICATE_PAYMENT
2184.91,UPI,PNB,PAYU,SUCCESS,SUCCESS,AUTHORIZED,CAPTURED,PAID,DELIVERED,DELIVERED,200,1,ON_HOLD,INITIATED,AWAITING_ACK,568,710,122664,10,3,0.15,0.0599,1,1,DUPLICATE_PAYMENT
2059.44,UPI,KOTAK,STRIPE,SUCCESS,SUCCESS,AUTHORIZED,CAPTURED,PROCESSING,PROCESSING,DELIVERED,200,2,SETTLED,NONE,NONE,99490,101357,198439,13,0,0.0839,0.0551,1,0,DELAYED_CONFIRMATION
261.31,NET_BANKING,SBI,BILLDESK,SUCCESS,TIMED_OUT,TIMEOUT,FAILED,EXPIRED,CANCELLED,FAILED,500,1,ON_HOLD,NONE,NOT_INITIATED,600,68146,71479,1,0,-0.3778,0.0455,1,0,BANK_DEBIT_GATEWAY_FAILURE
1273.16,UPI,YES_BANK,BILLDESK,SUCCESS,SUCCESS,AUTHORIZED,CAPTURED,EXPIRED,UNFULFILLED,FAILED,0,2,ON_HOLD,NONE,NONE,486,613,63956,7,0,0.1574,0.0531,1,0,MISSING_WEBHOOK
1277.53,EMI,HDFC,RAZORPAY,SUCCESS,SUCCESS,AUTHORIZED,CAPTURED,REFUNDED,RETURNED,DELIVERED,200,1,REVERSED,FAILED,NOT_INITIATED,516,706,231781,0,0,-0.3276,0.0454,1,0,REFUND_UNCERTAINTY
5262.05,UPI,HDFC,BILLDESK,SUCCESS,SUCCESS,AUTHORIZED,CAPTURED,PAID,PROCESSING,DELIVERED,200,1,PENDING,NONE,NONE,693,969,75131,16,0,0.5034,0.0352,1,0,NORMAL
807.86,UPI,INDUSIND,BILLDESK,SUCCESS,SUCCESS,AUTHORIZED,CAPTURED,PENDING_PAYMENT,UNFULFILLED,DROPPED,502,3,ON_HOLD,NONE,NONE,484,578,78601,1,0,0.122,0.0217,1,0,MISSING_WEBHOOK
998.2,UPI,YES_BANK,PAYU,SUCCESS,SUCCESS,AUTHORIZED,CAPTURED,CANCELLED,UNFULFILLED,DROPPED,0,4,ON_HOLD,NONE,NONE,546,700,218670,22,0,1.0796,0.0425,1,0,MISSING_WEBHOOK
3683.81,EMI,INDUSIND,CASHFREE,DEBITED,FAILED,AUTHORIZED,FAILED,CANCELLED,DELIVERED,FAILED,500,1,FAILED,NONE,REJECTED_BY_BANK,63996,36223,84990,15,1,0.3156,0.0277,1,0,UNRESOLVED
2429.89,DEBIT_CARD,SBI,PAYU,SUCCESS,SUCCESS,AUTHORIZED,CAPTURED,PAID,DELIVERED,DELIVERED,200,1,DISCREPANCY,NONE,NONE,717,1090,254623,4,0,4.0987,0.0376,1,0,SETTLEMENT_MISMATCH
16536.06,CREDIT_CARD,ICICI,CASHFREE,SUCCESS,SUCCESS,AUTHORIZED,CAPTURED,PAID,DELIVERED,DELIVERED,200,1,SETTLED,NONE,NONE,564,728,256723,17,0,0.3229,0.0705,1,0,NORMAL
870.17,NET_BANKING,ICICI,BILLDESK,SUCCESS,SUCCESS,AUTHORIZED,CAPTURED,PAID,DELIVERED,DELIVERED,200,1,ON_HOLD,NONE,AWAITING_ACK,260,398,51924,16,3,0.3387,0.0202,1,1,DUPLICATE_PAYMENT
626.86,UPI,AXIS,BILLDESK,SUCCESS,SUCCESS,AUTHORIZED,CAPTURED,PENDING_PAYMENT,UNFULFILLED,FAILED,404,5,PENDING,NONE,NONE,340,543,258698,10,0,-0.0356,0.0272,1,0,MISSING_WEBHOOK
1560.2,WALLET,HDFC,CASHFREE,SUCCESS,FAILED,TIMEOUT,CAPTURED,PENDING_PAYMENT,UNFULFILLED,RETRYING,404,1,DISCREPANCY,FAILED,NOT_INITIATED,82220,82220,249413,17,3,1.1669,0.0389,1,0,UNRESOLVED
38814.38,DEBIT_CARD,SBI,BILLDESK,SUCCESS,SUCCESS,AUTHORIZED,CAPTURED,PAID,DELIVERED,DELIVERED,200,1,DISCREPANCY,NONE,NONE,516,725,33647,8,0,2.1591,0.0797,1,0,SETTLEMENT_MISMATCH
465.84,NET_BANKING,HDFC,STRIPE,SUCCESS,SUCCESS,AUTHORIZED,CAPTURED,PAID,PROCESSING,DELIVERED,200,3,PENDING,NONE,NONE,461,705,8819,8,0,-0.2833,0.0382,1,0,NORMAL
2157.92,UPI,AXIS,BILLDESK,SUCCESS,SUCCESS,TIMEOUT,CAPTURED,PAID,RETURNED,FAILED,404,1,DISCREPANCY,MANUAL_INTERVENTION_REQUIRED,NOT_INITIATED,11913,8821,174520,2,3,-0.5504,0.0657,1,0,UNRESOLVED
1902.63,DEBIT_CARD,YES_BANK,CASHFREE,SUCCESS,TIMED_OUT,TIMEOUT,FAILED,EXPIRED,CANCELLED,DELIVERED,200,1,ON_HOLD,INITIATED,NOT_INITIATED,966,73019,60557,5,0,-0.4564,0.0443,1,0,BANK_DEBIT_GATEWAY_FAILURE
5695.72,UPI,YES_BANK,PAYU,SUCCESS,SUCCESS,AUTHORIZED,CAPTURED,PROCESSING,PROCESSING,RETRYING,200,2,SETTLED,NONE,NONE,102005,107252,194630,4,0,1.0342,0.029,1,0,DELAYED_CONFIRMATION
2549.97,EMI,KOTAK,STRIPE,SUCCESS,SUCCESS,AUTHORIZED,CAPTURED,PAID,PROCESSING,DELIVERED,200,3,PENDING,NONE,NONE,368,448,39180,11,0,-0.0893,0.0243,1,0,NORMAL
4109.08,EMI,YES_BANK,STRIPE,SUCCESS,SUCCESS,AUTHORIZED,CAPTURED,PAID,PROCESSING,DELIVERED,200,1,PENDING,NONE,NONE,263,514,19705,6,0,0.174,0.0323,1,0,NORMAL
926.94,DEBIT_CARD,SBI,BILLDESK,SUCCESS,SUCCESS,AUTHORIZED,CAPTURED,PAID,DELIVERED,DELIVERED,200,1,SETTLED,NONE,NONE,632,783,170819,16,0,-0.5121,0.0515,1,0,NORMAL
4036.67,NET_BANKING,HDFC,BILLDESK,SUCCESS,SUCCESS,AUTHORIZED,CAPTURED,PAID,PROCESSING,DELIVERED,200,1,PENDING,NONE,NONE,249,426,67615,3,0,-0.159,0.0636,1,0,NORMAL
1069.9,WALLET,KOTAK,BILLDESK,SUCCESS,SUCCESS,AUTHORIZED,CAPTURED,PAID,PROCESSING,DELIVERED,200,1,PENDING,NONE,NONE,528,799,45736,12,0,-0.4369,0.0548,1,0,NORMAL
524.78,NET_BANKING,YES_BANK,BILLDESK,SUCCESS,SUCCESS,AUTHORIZED,CAPTURED,PAID,DELIVERED,DELIVERED,200,1,SETTLED,NONE,NONE,512,789,250520,1,0,0.0933,0.0411,1,0,NORMAL
341.9,UPI,HDFC,RAZORPAY,SUCCESS,SUCCESS,AUTHORIZED,CAPTURED,EXPIRED,UNFULFILLED,FAILED,504,2,PENDING,NONE,NONE,694,886,18880,15,0,-0.186,0.0477,1,0,MISSING_WEBHOOK
1265.31,UPI,INDUSIND,CASHFREE,SUCCESS,SUCCESS,AUTHORIZED,CAPTURED,PAID,DELIVERED,DELIVERED,200,1,SETTLED,NONE,NONE,565,737,255485,19,0,-0.334,0.0525,1,0,NORMAL
1000.34,UPI,KOTAK,STRIPE,SUCCESS,SUCCESS,AUTHORIZED,CAPTURED,PAID,DELIVERED,DELIVERED,200,1,DISCREPANCY,NONE,NONE,523,772,98238,23,0,1.1045,0.0391,1,0,SETTLEMENT_MISMATCH
303.5,UPI,ICICI,CASHFREE,SUCCESS,SUCCESS,AUTHORIZED,CAPTURED,PAID,PROCESSING,DELIVERED,200,1,PENDING,NONE,NONE,679,857,64020,10,0,-0.5331,0.0292,1,0,NORMAL
582.93,UPI,PNB,RAZORPAY,SUCCESS,FAILED,FAILED,FAILED,CANCELLED,CANCELLED,FAILED,504,1,ON_HOLD,NONE,NOT_INITIATED,1339,91530,16004,23,0,-0.1032,0.0305,1,0,BANK_DEBIT_GATEWAY_FAILURE
4471.46,NET_BANKING,INDUSIND,RAZORPAY,SUCCESS,SUCCESS,AUTHORIZED,CAPTURED,PAID,PROCESSING,DELIVERED,200,1,PENDING,NONE,NONE,651,815,1574,11,0,0.2776,0.0487,1,0,NORMAL
522.84,UPI,INDUSIND,CASHFREE,SUCCESS,SUCCESS,AUTHORIZED,CAPTURED,PAID,PROCESSING,DELIVERED,200,1,PENDING,NONE,NONE,667,916,7523,8,0,-0.1956,0.0349,1,0,NORMAL
948.93,UPI,INDUSIND,CASHFREE,SUCCESS,SUCCESS,AUTHORIZED,CAPTURED,CANCELLED,UNFULFILLED,FAILED,504,4,PENDING,NONE,NONE,332,431,66483,15,0,-0.5006,0.05,1,0,MISSING_WEBHOOK
866.3,UPI,YES_BANK,CASHFREE,SUCCESS,SUCCESS,AUTHORIZED,CAPTURED,EXPIRED,CANCELLED,DELIVERED,200,1,ON_HOLD,NONE,NONE,343883,345215,118989,9,0,0.2032,0.031,1,0,ORDER_PAYMENT_CONFLICT
1511.28,EMI,INDUSIND,CASHFREE,SUCCESS,SUCCESS,AUTHORIZED,CAPTURED,CANCELLED,CANCELLED,DELIVERED,200,1,ON_HOLD,NONE,NONE,241660,243971,6351,4,0,-0.2046,0.0422,1,0,ORDER_PAYMENT_CONFLICT
739.1,WALLET,INDUSIND,PAYU,SUCCESS,SUCCESS,AUTHORIZED,CAPTURED,PAID,PROCESSING,DELIVERED,200,1,PENDING,NONE,NONE,315,417,26829,8,0,0.1371,0.0218,1,0,NORMAL
2989.97,CREDIT_CARD,ICICI,PAYU,SUCCESS,SUCCESS,AUTHORIZED,CAPTURED,PAID,PROCESSING,RETRYING,200,2,SETTLED,NONE,NONE,76875,81498,131069,13,0,0.0678,0.0103,1,0,DELAYED_CONFIRMATION
472.27,UPI,INDUSIND,RAZORPAY,SUCCESS,SUCCESS,AUTHORIZED,PENDING,PAID,PROCESSING,DELIVERED,200,2,PENDING,NONE,NONE,78991,80648,3373,13,0,0.1245,0.0301,1,0,DELAYED_CONFIRMATION
218.43,UPI,HDFC,BILLDESK,SUCCESS,SUCCESS,AUTHORIZED,CAPTURED,PAID,PROCESSING,DELIVERED,200,1,PENDING,NONE,NONE,687,776,10733,8,0,-0.4799,0.0469,1,0,NORMAL
18844.6,NET_BANKING,YES_BANK,CASHFREE,SUCCESS,SUCCESS,AUTHORIZED,CAPTURED,PAID,DELIVERED,DELIVERED,200,1,DISCREPANCY,NONE,NONE,380,516,38962,7,0,0.5675,0.0774,1,0,SETTLEMENT_MISMATCH
1012.97,DEBIT_CARD,PNB,PAYU,SUCCESS,SUCCESS,AUTHORIZED,CAPTURED,PAID,DELIVERED,DELIVERED,200,1,SETTLED,NONE,NONE,561,697,246378,8,0,-0.0791,0.0581,1,0,NORMAL
3307.15,CREDIT_CARD,SBI,PAYU,PENDING,SUCCESS,AUTHORIZED,CAPTURED,PENDING_PAYMENT,PROCESSING,DELIVERED,200,2,SETTLED,NONE,NONE,109081,111446,164449,5,0,-0.0551,0.0365,1,0,DELAYED_CONFIRMATION
2270.96,UPI,INDUSIND,PAYU,SUCCESS,FAILED,FAILED,FAILED,CANCELLED,CANCELLED,DELIVERED,200,1,ON_HOLD,INITIATED,NOT_INITIATED,1343,52899,184420,18,0,0.1952,0.0468,1,0,BANK_DEBIT_GATEWAY_FAILURE
8203.2,DEBIT_CARD,HDFC,RAZORPAY,SUCCESS,SUCCESS,AUTHORIZED,CAPTURED,PAID,DELIVERED,DELIVERED,200,1,SETTLED,NONE,NONE,413,698,176595,14,0,1.3438,0.0339,1,0,NORMAL
955.44,CREDIT_CARD,PNB,PAYU,DEBITED,FAILED,TIMEOUT,FAILED,CANCELLED,CANCELLED,NONE,504,1,ON_HOLD,INITIATED,NOT_INITIATED,697,90233,116063,16,0,0.327,0.0245,1,0,BANK_DEBIT_GATEWAY_FAILURE
585.63,CREDIT_CARD,AXIS,CASHFREE,SUCCESS,SUCCESS,AUTHORIZED,CAPTURED,PAID,DELIVERED,DELIVERED,200,1,ON_HOLD,NONE,AWAITING_ACK,678,856,173177,7,1,-0.4676,0.058,1,1,DUPLICATE_PAYMENT
3189.26,DEBIT_CARD,HDFC,RAZORPAY,SUCCESS,SUCCESS,AUTHORIZED,CAPTURED,PAID,DELIVERED,DELIVERED,200,1,ON_HOLD,NONE,AWAITING_ACK,271,566,238879,4,3,-0.3356,0.0593,1,1,DUPLICATE_PAYMENT
2132.05,DEBIT_CARD,KOTAK,RAZORPAY,SUCCESS,SUCCESS,AUTHORIZED,CAPTURED,PAID,PROCESSING,DELIVERED,200,1,PENDING,NONE,NONE,411,550,76639,17,0,0.1221,0.0521,1,0,NORMAL
2595.32,UPI,YES_BANK,PAYU,SUCCESS,SUCCESS,AUTHORIZED,CAPTURED,CANCELLED,CANCELLED,DELIVERED,200,1,ON_HOLD,INITIATED,NONE,349776,351389,93403,21,0,-0.0731,0.014,1,0,ORDER_PAYMENT_CONFLICT
7563.76,UPI,SBI,RAZORPAY,SUCCESS,SUCCESS,AUTHORIZED,CAPTURED,PAID,DELIVERED,DELIVERED,200,1,SETTLED,NONE,NONE,486,587,150336,19,0,0.5758,0.0547,1,0,NORMAL
1454.95,EMI,SBI,CASHFREE,SUCCESS,SUCCESS,AUTHORIZED,CAPTURED,EXPIRED,CANCELLED,DELIVERED,200,1,ON_HOLD,PROCESSED,NONE,276072,278382,245989,21,0,-0.2342,0.0439,1,0,ORDER_PAYMENT_CONFLICT
6545.54,UPI,SBI,STRIPE,SUCCESS,TIMED_OUT,TIMEOUT,FAILED,CANCELLED,CANCELLED,FAILED,504,1,ON_HOLD,INITIATED,NOT_INITIATED,963,73791,199952,22,0,0.3637,0.0515,1,0,BANK_DEBIT_GATEWAY_FAILURE
2160.69,UPI,HDFC,CASHFREE,SUCCESS,SUCCESS,AUTHORIZED,CAPTURED,PAID,DELIVERED,DELIVERED,200,3,SETTLED,NONE,NONE,600,808,90574,1,0,-0.5499,0.0516,1,0,NORMAL
584.34,UPI,ICICI,CASHFREE,REVERSED,FAILED,TIMEOUT,AUTO_REFUNDED,CANCELLED,RETURNED,FAILED,504,1,FAILED,PENDING,NOT_INITIATED,103778,18569,136045,8,0,-0.101,0.0311,1,0,UNRESOLVED
1626.63,UPI,PNB,PAYU,SUCCESS,SUCCESS,AUTHORIZED,CAPTURED,PAID,PROCESSING,DELIVERED,200,1,PENDING,NONE,NONE,234,392,80665,6,0,-0.1439,0.0595,1,0,NORMAL
869.07,CREDIT_CARD,YES_BANK,BILLDESK,SUCCESS,SUCCESS,AUTHORIZED,CAPTURED,PAID,PROCESSING,DELIVERED,200,1,PENDING,NONE,NONE,3925,4493,51578,4,0,1.0692,0.0466,1,0,NORMAL
580.96,UPI,HDFC,STRIPE,SUCCESS,SUCCESS,AUTHORIZED,CAPTURED,PAID,DELIVERED,DELIVERED,200,1,SETTLED,NONE,NONE,666,666,246990,3,0,-0.1062,0.0247,1,0,NORMAL
941.09,UPI,PNB,PAYU,DEBITED,FAILED,FAILED,AUTO_REFUNDED,PAID,UNFULFILLED,FAILED,200,1,ON_HOLD,NONE,REJECTED_BY_BANK,111606,105327,231069,22,3,-0.1445,0.0434,1,0,UNRESOLVED
1135.23,UPI,KOTAK,PAYU,SUCCESS,SUCCESS,AUTHORIZED,CAPTURED,PAID,DELIVERED,DELIVERED,200,1,SETTLED,NONE,NONE,571,729,154925,4,0,-0.6756,0.0461,1,0,NORMAL
8176.05,UPI,AXIS,PAYU,SUCCESS,SUCCESS,AUTHORIZED,CAPTURED,PAID,PROCESSING,DELIVERED,200,1,PENDING,NONE,NONE,321,410,74142,13,0,0.7033,0.0531,1,0,NORMAL
290.13,CREDIT_CARD,ICICI,STRIPE,SUCCESS,SUCCESS,AUTHORIZED,CAPTURED,PAID,DELIVERED,DELIVERED,200,1,SETTLED,NONE,NONE,2150,2527,255443,23,0,-0.597,0.0358,1,0,NORMAL
823.22,DEBIT_CARD,HDFC,CASHFREE,REVERSED,SUCCESS,AUTHORIZED,CAPTURED,REFUNDED,RETURNED,DELIVERED,200,1,REVERSED,MANUAL_INTERVENTION_REQUIRED,REJECTED_BY_BANK,421,548,219083,14,0,0.1434,0.0361,1,0,REFUND_UNCERTAINTY
3928.88,UPI,SBI,BILLDESK,PENDING,PENDING,TIMEOUT,FAILED,CANCELLED,CANCELLED,RETRYING,500,1,ON_HOLD,FAILED,REJECTED_BY_BANK,118269,90680,175118,11,0,0.1225,0.0438,1,0,UNRESOLVED
3285.2,CREDIT_CARD,YES_BANK,CASHFREE,DEBITED,SUCCESS,TIMEOUT,PENDING,CANCELLED,RETURNED,FAILED,404,1,FAILED,NONE,AWAITING_ACK,94810,94998,167400,3,2,0.7291,0.044,1,0,UNRESOLVED
643.63,UPI,PNB,PAYU,SUCCESS,SUCCESS,AUTHORIZED,CAPTURED,PAID,DELIVERED,DELIVERED,200,1,SETTLED,NONE,NONE,4019,4330,204375,4,0,-0.1061,0.0272,1,0,NORMAL
414.04,NET_BANKING,ICICI,STRIPE,SUCCESS,SUCCESS,AUTHORIZED,CAPTURED,PENDING_PAYMENT,UNFULFILLED,DROPPED,504,2,ON_HOLD,NONE,NONE,337,454,182254,10,0,-0.1374,0.0448,1,0,MISSING_WEBHOOK
5970.81,UPI,PNB,CASHFREE,SUCCESS,SUCCESS,AUTHORIZED,CAPTURED,PAID,PROCESSING,DELIVERED,200,1,PENDING,NONE,NONE,390,521,30513,5,0,0.7059,0.046,1,0,NORMAL
3802.71,UPI,HDFC,PAYU,SUCCESS,SUCCESS,AUTHORIZED,CAPTURED,PAID,DELIVERED,DELIVERED,200,1,ON_HOLD,PROCESSED,CREDITED_TO_CUSTOMER,600,739,243779,6,3,0.3581,0.0256,1,1,DUPLICATE_PAYMENT
1725.31,CREDIT_CARD,SBI,PAYU,SUCCESS,SUCCESS,AUTHORIZED,CAPTURED,PAID,DELIVERED,DELIVERED,200,1,ON_HOLD,NONE,AWAITING_ACK,261,363,63089,12,3,-0.5071,0.0408,1,1,DUPLICATE_PAYMENT
1447.05,UPI,KOTAK,RAZORPAY,SUCCESS,SUCCESS,AUTHORIZED,CAPTURED,PAID,DELIVERED,DELIVERED,200,1,SETTLED,NONE,NONE,602,762,148964,14,0,-0.4832,0.0297,1,0,NORMAL
7456.35,DEBIT_CARD,YES_BANK,STRIPE,SUCCESS,SUCCESS,AUTHORIZED,CAPTURED,PAID,DELIVERED,DELIVERED,200,1,SETTLED,NONE,NONE,666,892,227281,21,0,1.663,0.0211,1,0,NORMAL
520.81,UPI,SBI,BILLDESK,REVERSED,SUCCESS,AUTHORIZED,CAPTURED,CANCELLED,DELIVERED,DELIVERED,500,1,FAILED,MANUAL_INTERVENTION_REQUIRED,REJECTED_BY_BANK,59431,66782,66297,10,0,-0.1988,0.038,1,0,UNRESOLVED
1097.59,UPI,HDFC,STRIPE,SUCCESS,SUCCESS,AUTHORIZED,CAPTURED,PAID,DELIVERED,DELIVERED,200,1,ON_HOLD,INITIATED,AWAITING_ACK,459,753,184012,15,1,1.2866,0.0435,1,1,DUPLICATE_PAYMENT
421.96,UPI,AXIS,PAYU,DEBITED,FAILED,AUTHORIZED,AUTO_REFUNDED,FAILED,RETURNED,RETRYING,500,1,DISCREPANCY,MANUAL_INTERVENTION_REQUIRED,NOT_INITIATED,26952,18808,83766,0,1,-0.4139,0.0388,1,0,UNRESOLVED
11614.08,UPI,ICICI,STRIPE,SUCCESS,SUCCESS,AUTHORIZED,CAPTURED,PAID,DELIVERED,DELIVERED,200,1,SETTLED,NONE,NONE,486,611,188404,17,0,1.4196,0.0628,1,0,NORMAL
5355.46,UPI,ICICI,CASHFREE,DEBITED,TIMED_OUT,NONE,FAILED,CANCELLED,CANCELLED,FAILED,0,1,ON_HOLD,NONE,NOT_INITIATED,874,93564,78678,10,0,0.1157,0.0582,1,0,BANK_DEBIT_GATEWAY_FAILURE
4491.82,UPI,AXIS,BILLDESK,REVERSED,SUCCESS,AUTHORIZED,CAPTURED,REFUNDED,RETURNED,DELIVERED,200,1,REVERSED,FAILED,NOT_INITIATED,458,570,250278,16,0,0.2834,0.0441,1,0,REFUND_UNCERTAINTY
4302.5,UPI,ICICI,CASHFREE,SUCCESS,SUCCESS,AUTHORIZED,CAPTURED,PENDING_PAYMENT,UNFULFILLED,FAILED,404,4,ON_HOLD,NONE,NONE,558,698,49536,21,0,0.2293,0.0306,1,0,MISSING_WEBHOOK
3241.65,CREDIT_CARD,INDUSIND,RAZORPAY,SUCCESS,SUCCESS,AUTHORIZED,CAPTURED,PAID,DELIVERED,DELIVERED,200,1,SETTLED,NONE,NONE,415,558,247118,19,0,0.7061,0.0452,1,0,NORMAL
1162.07,UPI,PNB,STRIPE,SUCCESS,SUCCESS,AUTHORIZED,CAPTURED,PENDING_PAYMENT,UNFULFILLED,FAILED,504,3,ON_HOLD,NONE,NONE,403,649,168726,18,0,0.614,0.0367,1,0,MISSING_WEBHOOK
362.29,CREDIT_CARD,KOTAK,BILLDESK,SUCCESS,SUCCESS,AUTHORIZED,CAPTURED,CANCELLED,CANCELLED,DELIVERED,200,1,ON_HOLD,NONE,NONE,322510,323851,143327,19,0,-0.1374,0.0451,1,0,ORDER_PAYMENT_CONFLICT
6482.61,CREDIT_CARD,YES_BANK,BILLDESK,SUCCESS,SUCCESS,AUTHORIZED,CAPTURED,PAID,DELIVERED,DELIVERED,200,1,SETTLED,NONE,NONE,196,300,161824,11,0,0.3505,0.0694,1,0,NORMAL
699.82,NET_BANKING,ICICI,CASHFREE,SUCCESS,SUCCESS,AUTHORIZED,CAPTURED,PAID,DELIVERED,DELIVERED,200,1,SETTLED,NONE,NONE,723,970,103067,17,1,-0.3638,0.0427,1,0,NORMAL
738.9,NET_BANKING,YES_BANK,PAYU,SUCCESS,SUCCESS,AUTHORIZED,CAPTURED,PAID,DELIVERED,DELIVERED,200,1,SETTLED,NONE,NONE,731,969,110703,17,0,0.5394,0.0425,1,0,NORMAL
2407.52,CREDIT_CARD,YES_BANK,CASHFREE,SUCCESS,SUCCESS,AUTHORIZED,CAPTURED,PAID,DELIVERED,DELIVERED,200,1,SETTLED,NONE,NONE,474,731,205631,16,0,1.1887,0.0573,1,0,NORMAL
2151.61,UPI,AXIS,RAZORPAY,SUCCESS,SUCCESS,AUTHORIZED,CAPTURED,PAID,DELIVERED,DELIVERED,200,1,SETTLED,NONE,NONE,280,566,170988,14,0,0.1324,0.0535,1,0,NORMAL
189.54,UPI,KOTAK,CASHFREE,SUCCESS,SUCCESS,AUTHORIZED,CAPTURED,PAID,DELIVERED,DELIVERED,200,1,SETTLED,NONE,NONE,663,937,188970,1,0,-0.6051,0.0492,1,0,NORMAL
4297.74,DEBIT_CARD,AXIS,STRIPE,SUCCESS,SUCCESS,AUTHORIZED,CAPTURED,PAID,DELIVERED,DELIVERED,200,1,DISCREPANCY,NONE,NONE,682,974,68617,7,0,-0.6047,0.0769,1,0,SETTLEMENT_MISMATCH
1256.64,EMI,PNB,STRIPE,SUCCESS,SUCCESS,AUTHORIZED,CAPTURED,PAID,DELIVERED,DELIVERED,200,1,ON_HOLD,PROCESSED,CREDITED_TO_CUSTOMER,695,849,245423,16,1,0.7453,0.0322,1,1,DUPLICATE_PAYMENT
432.43,CREDIT_CARD,PNB,STRIPE,SUCCESS,SUCCESS,AUTHORIZED,CAPTURED,CANCELLED,CANCELLED,DELIVERED,200,1,ON_HOLD,NONE,NONE,341848,343983,206025,5,0,-0.3994,0.0202,1,0,ORDER_PAYMENT_CONFLICT
741.26,CREDIT_CARD,SBI,STRIPE,SUCCESS,SUCCESS,AUTHORIZED,CAPTURED,PAID,DELIVERED,DELIVERED,200,1,DISCREPANCY,NONE,NONE,583,674,226950,3,0,0.1704,0.0385,1,0,SETTLEMENT_MISMATCH
367.41,UPI,YES_BANK,STRIPE,SUCCESS,SUCCESS,AUTHORIZED,CAPTURED,PAID,PROCESSING,DELIVERED,200,3,PENDING,NONE,NONE,631,780,13964,10,0,-0.2346,0.0386,1,0,NORMAL
491.04,CREDIT_CARD,PNB,RAZORPAY,SUCCESS,SUCCESS,AUTHORIZED,CAPTURED,PAID,PROCESSING,DELIVERED,200,1,PENDING,NONE,NONE,557,732,8788,2,0,0.1691,0.0307,1,0,NORMAL
1024.0,UPI,SBI,RAZORPAY,SUCCESS,SUCCESS,AUTHORIZED,CAPTURED,PROCESSING,PROCESSING,DELIVERED,200,3,PENDING,NONE,NONE,66255,70282,66255,19,0,0.5754,0.0335,1,0,DELAYED_CONFIRMATION
388.88,UPI,SBI,BILLDESK,SUCCESS,SUCCESS,AUTHORIZED,CAPTURED,PENDING_PAYMENT,UNFULFILLED,FAILED,502,5,ON_HOLD,NONE,NONE,717,959,79001,3,0,-0.4017,0.0291,1,0,MISSING_WEBHOOK
9702.9,UPI,SBI,BILLDESK,SUCCESS,SUCCESS,AUTHORIZED,CAPTURED,PENDING_PAYMENT,UNFULFILLED,FAILED,504,4,ON_HOLD,NONE,NONE,320,424,46516,8,0,1.7723,0.0361,1,0,MISSING_WEBHOOK
4673.94,DEBIT_CARD,ICICI,PAYU,SUCCESS,SUCCESS,AUTHORIZED,CAPTURED,PAID,DELIVERED,DELIVERED,200,1,SETTLED,NONE,NONE,437,695,234395,6,0,0.3354,0.0398,1,0,NORMAL
4578.92,CREDIT_CARD,HDFC,RAZORPAY,SUCCESS,PENDING,NONE,CAPTURED,PAID,RETURNED,DELIVERED,404,1,ON_HOLD,MANUAL_INTERVENTION_REQUIRED,AWAITING_ACK,53212,53662,142685,23,2,0.6353,0.027,1,0,UNRESOLVED
5977.92,UPI,INDUSIND,PAYU,REVERSED,PENDING,TIMEOUT,CAPTURED,PENDING_PAYMENT,DELIVERED,RETRYING,200,1,DISCREPANCY,PENDING,NOT_INITIATED,20484,84214,48674,5,0,0.2454,0.0548,1,0,UNRESOLVED
3456.38,DEBIT_CARD,KOTAK,STRIPE,SUCCESS,SUCCESS,AUTHORIZED,CAPTURED,PAID,PROCESSING,DELIVERED,200,2,PENDING,NONE,NONE,647,814,54254,17,0,-0.0125,0.0465,1,0,NORMAL
1209.45,UPI,KOTAK,CASHFREE,SUCCESS,SUCCESS,AUTHORIZED,CAPTURED,EXPIRED,UNFULFILLED,TIMED_OUT,404,3,PENDING,NONE,NONE,505,749,200420,6,0,0.0995,0.0527,1,0,MISSING_WEBHOOK
2502.08,UPI,SBI,PAYU,SUCCESS,SUCCESS,AUTHORIZED,CAPTURED,PAID,DELIVERED,DELIVERED,200,1,SETTLED,NONE,NONE,3503,3961,149834,2,0,-0.4787,0.0634,1,0,NORMAL
7884.96,EMI,HDFC,STRIPE,SUCCESS,SUCCESS,AUTHORIZED,CAPTURED,REFUNDED,RETURNED,DELIVERED,200,1,REVERSED,MANUAL_INTERVENTION_REQUIRED,AWAITING_ACK,731,912,87976,22,0,0.6427,0.0549,1,0,REFUND_UNCERTAINTY
411.59,EMI,ICICI,BILLDESK,SUCCESS,SUCCESS,AUTHORIZED,CAPTURED,PAID,DELIVERED,DELIVERED,200,1,ON_HOLD,INITIATED,AWAITING_ACK,552,694,255181,3,4,-0.1425,0.0308,1,1,DUPLICATE_PAYMENT
578.41,UPI,YES_BANK,CASHFREE,SUCCESS,SUCCESS,AUTHORIZED,CAPTURED,PAID,DELIVERED,DELIVERED,200,1,SETTLED,NONE,NONE,666,836,235366,2,0,-0.1967,0.0298,1,0,NORMAL
3514.78,CREDIT_CARD,INDUSIND,BILLDESK,SUCCESS,SUCCESS,AUTHORIZED,CAPTURED,PAID,PROCESSING,DELIVERED,200,2,PENDING,NONE,NONE,103111,105355,21942,9,0,-0.2678,0.0676,1,0,DELAYED_CONFIRMATION
5067.73,UPI,PNB,STRIPE,SUCCESS,SUCCESS,AUTHORIZED,CAPTURED,EXPIRED,UNFULFILLED,FAILED,502,5,ON_HOLD,NONE,NONE,240,454,70316,21,0,1.6672,0.0461,1,0,MISSING_WEBHOOK
2125.84,CREDIT_CARD,AXIS,BILLDESK,SUCCESS,SUCCESS,AUTHORIZED,CAPTURED,PAID,PROCESSING,DELIVERED,200,2,SETTLED,NONE,NONE,61076,65465,243526,16,0,-0.2408,0.0107,1,0,DELAYED_CONFIRMATION
515.42,CREDIT_CARD,SBI,CASHFREE,SUCCESS,SUCCESS,AUTHORIZED,CAPTURED,CANCELLED,CANCELLED,DELIVERED,200,1,ON_HOLD,INITIATED,NONE,344292,346025,150280,8,0,0.2272,0.0464,1,0,ORDER_PAYMENT_CONFLICT
4740.76,DEBIT_CARD,AXIS,PAYU,DEBITED,FAILED,NONE,FAILED,CANCELLED,CANCELLED,FAILED,504,1,ON_HOLD,INITIATED,NOT_INITIATED,869,48303,157958,11,0,-0.6207,0.0712,1,0,BANK_DEBIT_GATEWAY_FAILURE
482.85,EMI,INDUSIND,RAZORPAY,SUCCESS,SUCCESS,AUTHORIZED,CAPTURED,PAID,PROCESSING,RETRYING,200,1,SETTLED,NONE,NONE,92624,96992,105740,16,0,-0.8276,0.0118,1,0,DELAYED_CONFIRMATION
2126.62,DEBIT_CARD,HDFC,PAYU,REVERSED,PENDING,FAILED,CAPTURED,FAILED,CANCELLED,RETRYING,504,1,FAILED,MANUAL_INTERVENTION_REQUIRED,NOT_INITIATED,53136,26704,125615,16,2,0.1193,0.0544,1,0,UNRESOLVED
197.81,DEBIT_CARD,KOTAK,PAYU,SUCCESS,SUCCESS,AUTHORIZED,CAPTURED,PAID,PROCESSING,SCHEDULED,200,1,SETTLED,NONE,NONE,105599,110262,114176,10,0,-0.529,0.0408,1,0,DELAYED_CONFIRMATION
5230.18,UPI,HDFC,RAZORPAY,SUCCESS,FAILED,TIMEOUT,FAILED,CANCELLED,CANCELLED,DELIVERED,200,1,ON_HOLD,PROCESSED,CREDITED_TO_CUSTOMER,726,56461,32708,21,0,0.0896,0.0599,1,0,BANK_DEBIT_GATEWAY_FAILURE
623.93,UPI,ICICI,PAYU,REVERSED,SUCCESS,AUTHORIZED,CAPTURED,REFUNDED,RETURNED,DELIVERED,200,1,REVERSED,PENDING,AWAITING_ACK,741,890,185926,0,0,0.4855,0.0323,1,0,REFUND_UNCERTAINTY
244.05,CREDIT_CARD,AXIS,CASHFREE,SUCCESS,SUCCESS,AUTHORIZED,CAPTURED,PAID,DELIVERED,DELIVERED,200,1,SETTLED,NONE,NONE,746,1014,197030,10,0,-0.661,0.0318,1,0,NORMAL
5846.64,UPI,PNB,RAZORPAY,SUCCESS,SUCCESS,AUTHORIZED,CAPTURED,PAID,DELIVERED,DELIVERED,200,1,SETTLED,NONE,NONE,737,982,96324,21,0,0.2181,0.0589,1,0,NORMAL
4465.53,DEBIT_CARD,SBI,BILLDESK,SUCCESS,SUCCESS,AUTHORIZED,CAPTURED,PAID,DELIVERED,DELIVERED,200,1,SETTLED,NONE,NONE,614,913,215056,16,0,-0.0697,0.0584,1,0,NORMAL
6041.65,CREDIT_CARD,ICICI,BILLDESK,SUCCESS,SUCCESS,AUTHORIZED,CAPTURED,EXPIRED,UNFULFILLED,DROPPED,504,2,PENDING,NONE,NONE,413,576,12746,8,0,0.2587,0.0662,1,0,MISSING_WEBHOOK
460.59,UPI,INDUSIND,RAZORPAY,SUCCESS,SUCCESS,AUTHORIZED,CAPTURED,REFUNDED,RETURNED,DELIVERED,200,1,REVERSED,FAILED,AWAITING_ACK,335,426,216074,8,0,-0.5813,0.0476,1,0,REFUND_UNCERTAINTY
453.62,UPI,INDUSIND,RAZORPAY,SUCCESS,SUCCESS,AUTHORIZED,CAPTURED,PAID,PROCESSING,DELIVERED,200,1,PENDING,NONE,NONE,741,927,67862,22,1,-0.37,0.0354,1,0,NORMAL
10222.41,UPI,PNB,STRIPE,SUCCESS,SUCCESS,AUTHORIZED,CAPTURED,PAID,DELIVERED,DELIVERED,200,1,ON_HOLD,NONE,AWAITING_ACK,701,814,144902,19,2,-0.1822,0.0624,1,1,DUPLICATE_PAYMENT
1905.47,UPI,SBI,RAZORPAY,SUCCESS,SUCCESS,AUTHORIZED,CAPTURED,PAID,DELIVERED,DELIVERED,200,1,SETTLED,NONE,NONE,4307,4942,103839,3,0,-0.3195,0.017,1,0,NORMAL
510.97,UPI,YES_BANK,CASHFREE,SUCCESS,SUCCESS,AUTHORIZED,CAPTURED,PAID,PROCESSING,DELIVERED,200,1,PENDING,NONE,NONE,403,563,54328,12,0,0.0645,0.0329,1,0,NORMAL
5158.56,UPI,ICICI,CASHFREE,SUCCESS,SUCCESS,AUTHORIZED,PENDING,PAID,PROCESSING,DELIVERED,200,1,SETTLED,NONE,NONE,67570,70044,203346,19,0,0.4739,0.0392,1,0,DELAYED_CONFIRMATION
4293.53,DEBIT_CARD,YES_BANK,PAYU,PENDING,SUCCESS,AUTHORIZED,CAPTURED,PENDING_PAYMENT,PROCESSING,DELIVERED,200,1,SETTLED,NONE,NONE,95482,98475,116777,8,0,-0.1055,0.0638,1,0,DELAYED_CONFIRMATION
325.2,CREDIT_CARD,PNB,CASHFREE,SUCCESS,SUCCESS,AUTHORIZED,CAPTURED,PAID,DELIVERED,DELIVERED,200,1,SETTLED,NONE,NONE,3512,3921,212934,15,0,-0.2257,0.0365,1,0,NORMAL
5057.98,UPI,INDUSIND,BILLDESK,SUCCESS,SUCCESS,AUTHORIZED,CAPTURED,PAID,PROCESSING,DELIVERED,200,1,PENDING,NONE,NONE,220,447,72240,1,0,1.6621,0.0546,1,0,NORMAL
8487.76,UPI,SBI,BILLDESK,DEBITED,TIMED_OUT,TIMEOUT,FAILED,CANCELLED,CANCELLED,FAILED,500,1,ON_HOLD,INITIATED,NOT_INITIATED,584,77521,216072,20,0,0.7683,0.0546,1,0,BANK_DEBIT_GATEWAY_FAILURE
1264.2,UPI,YES_BANK,RAZORPAY,SUCCESS,SUCCESS,AUTHORIZED,CAPTURED,PAID,PROCESSING,DELIVERED,200,1,PENDING,NONE,NONE,254,367,43791,22,0,0.9449,0.0225,1,0,NORMAL
1843.98,UPI,ICICI,RAZORPAY,SUCCESS,SUCCESS,AUTHORIZED,CAPTURED,PAID,DELIVERED,DELIVERED,200,1,ON_HOLD,INITIATED,AWAITING_ACK,650,892,207197,4,3,-0.0295,0.0485,1,1,DUPLICATE_PAYMENT
790.78,CREDIT_CARD,AXIS,BILLDESK,SUCCESS,SUCCESS,AUTHORIZED,CAPTURED,PAID,DELIVERED,DELIVERED,200,1,SETTLED,NONE,NONE,2197,3059,132409,17,0,0.2166,0.0307,1,0,NORMAL
461.87,UPI,AXIS,CASHFREE,SUCCESS,SUCCESS,AUTHORIZED,PENDING,PROCESSING,PROCESSING,DELIVERED,200,3,SETTLED,NONE,NONE,71635,73315,164769,12,0,-0.0378,0.039,1,0,DELAYED_CONFIRMATION
498.25,UPI,KOTAK,CASHFREE,SUCCESS,SUCCESS,AUTHORIZED,CAPTURED,PENDING_PAYMENT,UNFULFILLED,TIMED_OUT,404,3,ON_HOLD,NONE,NONE,529,627,133597,5,0,-0.308,0.0365,1,0,MISSING_WEBHOOK
1013.44,UPI,ICICI,RAZORPAY,SUCCESS,SUCCESS,AUTHORIZED,CAPTURED,PROCESSING,PROCESSING,DELIVERED,200,1,PENDING,NONE,NONE,42430,46957,6532,19,0,0.4076,0.0319,1,0,DELAYED_CONFIRMATION
9860.65,NET_BANKING,HDFC,STRIPE,SUCCESS,SUCCESS,AUTHORIZED,CAPTURED,PAID,DELIVERED,DELIVERED,200,1,DISCREPANCY,NONE,NONE,600,705,184046,6,0,2.593,0.0263,1,0,SETTLEMENT_MISMATCH
2940.98,DEBIT_CARD,INDUSIND,PAYU,SUCCESS,SUCCESS,AUTHORIZED,CAPTURED,PAID,DELIVERED,DELIVERED,200,1,SETTLED,NONE,NONE,470,636,217175,10,0,0.0504,0.0294,1,0,NORMAL
2628.87,UPI,INDUSIND,STRIPE,SUCCESS,SUCCESS,AUTHORIZED,CAPTURED,EXPIRED,CANCELLED,DELIVERED,200,1,ON_HOLD,PROCESSED,NONE,311298,312001,126984,5,0,-0.4523,0.0562,1,0,ORDER_PAYMENT_CONFLICT
17318.29,CREDIT_CARD,KOTAK,BILLDESK,SUCCESS,SUCCESS,AUTHORIZED,CAPTURED,PAID,DELIVERED,DELIVERED,200,1,ON_HOLD,PROCESSED,CREDITED_TO_CUSTOMER,247,497,2578,8,3,0.3855,0.0764,1,1,DUPLICATE_PAYMENT
928.07,UPI,KOTAK,PAYU,SUCCESS,SUCCESS,AUTHORIZED,CAPTURED,PAID,PROCESSING,DELIVERED,200,1,PENDING,NONE,NONE,259,495,79009,7,0,0.4278,0.0205,1,0,NORMAL
379.44,UPI,HDFC,CASHFREE,SUCCESS,SUCCESS,AUTHORIZED,CAPTURED,REFUNDED,RETURNED,DELIVERED,200,1,REVERSED,MANUAL_INTERVENTION_REQUIRED,AWAITING_ACK,292,538,86634,22,0,-0.6551,0.0461,1,0,REFUND_UNCERTAINTY
7676.73,EMI,INDUSIND,BILLDESK,SUCCESS,SUCCESS,AUTHORIZED,CAPTURED,PAID,DELIVERED,DELIVERED,200,1,ON_HOLD,NONE,AWAITING_ACK,616,806,123855,11,2,0.5993,0.0517,1,1,DUPLICATE_PAYMENT
82.95,DEBIT_CARD,YES_BANK,STRIPE,SUCCESS,FAILED,FAILED,AUTO_REFUNDED,PENDING_PAYMENT,CANCELLED,DELIVERED,200,1,FAILED,NONE,NOT_INITIATED,52350,22391,194411,15,3,-0.8025,0.0321,1,0,UNRESOLVED
331.7,CREDIT_CARD,SBI,RAZORPAY,DEBITED,PENDING,NONE,AUTO_REFUNDED,FAILED,DELIVERED,DROPPED,0,1,DISCREPANCY,PENDING,REJECTED_BY_BANK,28363,114087,209166,13,3,-0.2102,0.0433,1,0,UNRESOLVED
4038.0,DEBIT_CARD,HDFC,CASHFREE,SUCCESS,SUCCESS,AUTHORIZED,CAPTURED,PAID,DELIVERED,DELIVERED,200,1,SETTLED,NONE,NONE,410,497,105500,11,0,0.4421,0.0117,1,0,NORMAL
5215.94,NET_BANKING,KOTAK,STRIPE,PENDING,SUCCESS,AUTHORIZED,CAPTURED,PAID,PROCESSING,DELIVERED,200,3,SETTLED,NONE,NONE,102575,104235,167208,20,0,0.4903,0.0409,1,0,DELAYED_CONFIRMATION
11326.93,UPI,SBI,BILLDESK,SUCCESS,SUCCESS,AUTHORIZED,CAPTURED,PAID,DELIVERED,DELIVERED,200,1,DISCREPANCY,NONE,NONE,368,453,120296,6,0,-0.0583,0.0676,1,0,SETTLEMENT_MISMATCH
26894.13,UPI,HDFC,PAYU,SUCCESS,SUCCESS,AUTHORIZED,CAPTURED,PROCESSING,PROCESSING,DELIVERED,200,3,PENDING,NONE,NONE,89275,94342,16277,13,0,1.1515,0.0646,1,0,DELAYED_CONFIRMATION
190.13,CREDIT_CARD,KOTAK,BILLDESK,SUCCESS,SUCCESS,AUTHORIZED,FAILED,FAILED,UNFULFILLED,RETRYING,500,1,ON_HOLD,MANUAL_INTERVENTION_REQUIRED,REJECTED_BY_BANK,47006,12102,32277,14,0,-0.6039,0.0322,1,0,UNRESOLVED
16975.89,UPI,ICICI,PAYU,SUCCESS,SUCCESS,AUTHORIZED,CAPTURED,PAID,DELIVERED,DELIVERED,200,1,DISCREPANCY,NONE,NONE,452,583,204485,18,0,2.5743,0.0649,1,0,SETTLEMENT_MISMATCH
648.25,CREDIT_CARD,ICICI,BILLDESK,SUCCESS,SUCCESS,AUTHORIZED,CAPTURED,PAID,DELIVERED,DELIVERED,200,1,SETTLED,NONE,NONE,665,843,163972,23,0,-0.0997,0.0269,1,0,NORMAL
983.06,UPI,HDFC,RAZORPAY,SUCCESS,SUCCESS,AUTHORIZED,CAPTURED,PAID,PROCESSING,DELIVERED,200,1,PENDING,NONE,NONE,241,491,11403,18,0,-0.1063,0.055,1,0,NORMAL
8754.62,NET_BANKING,INDUSIND,BILLDESK,SUCCESS,FAILED,TIMEOUT,FAILED,CANCELLED,CANCELLED,FAILED,504,1,ON_HOLD,INITIATED,NOT_INITIATED,314,88687,188799,16,0,1.5013,0.0452,1,0,BANK_DEBIT_GATEWAY_FAILURE
1919.4,NET_BANKING,SBI,STRIPE,SUCCESS,SUCCESS,AUTHORIZED,CAPTURED,PAID,DELIVERED,DELIVERED,200,1,SETTLED,NONE,NONE,546,739,231366,19,0,0.7449,0.0426,1,0,NORMAL
4624.19,UPI,SBI,PAYU,SUCCESS,SUCCESS,AUTHORIZED,CAPTURED,PAID,PROCESSING,DELIVERED,200,1,PENDING,NONE,NONE,234,397,21850,13,0,-0.0366,0.0619,1,0,NORMAL
238.23,WALLET,YES_BANK,BILLDESK,SUCCESS,SUCCESS,AUTHORIZED,CAPTURED,PENDING_PAYMENT,UNFULFILLED,FAILED,0,3,ON_HOLD,NONE,NONE,562,784,3354,13,0,-0.6335,0.0349,1,0,MISSING_WEBHOOK
2853.87,DEBIT_CARD,YES_BANK,BILLDESK,SUCCESS,SUCCESS,AUTHORIZED,CAPTURED,CANCELLED,CANCELLED,DELIVERED,200,1,ON_HOLD,NONE,NONE,344049,344922,130697,6,0,0.0192,0.0175,1,0,ORDER_PAYMENT_CONFLICT
1388.71,UPI,AXIS,PAYU,REVERSED,SUCCESS,AUTHORIZED,PENDING,FAILED,RETURNED,DROPPED,404,1,DISCREPANCY,FAILED,NOT_INITIATED,77565,121494,196886,3,2,0.9288,0.0355,1,0,UNRESOLVED
566.99,CREDIT_CARD,PNB,CASHFREE,SUCCESS,SUCCESS,AUTHORIZED,CAPTURED,PAID,DELIVERED,DELIVERED,200,1,DISCREPANCY,NONE,NONE,475,684,257387,6,0,-0.1065,0.0358,1,0,SETTLEMENT_MISMATCH
1535.44,UPI,SBI,PAYU,SUCCESS,SUCCESS,AUTHORIZED,CAPTURED,CANCELLED,CANCELLED,DELIVERED,200,1,ON_HOLD,NONE,NONE,350081,352549,160080,1,0,-0.6801,0.0671,1,0,ORDER_PAYMENT_CONFLICT
255.11,UPI,AXIS,CASHFREE,REVERSED,SUCCESS,AUTHORIZED,CAPTURED,REFUNDED,RETURNED,DELIVERED,200,1,REVERSED,MANUAL_INTERVENTION_REQUIRED,AWAITING_ACK,587,859,58358,22,0,-0.6075,0.0325,1,0,REFUND_UNCERTAINTY
2279.58,DEBIT_CARD,PNB,RAZORPAY,SUCCESS,SUCCESS,AUTHORIZED,CAPTURED,PAID,DELIVERED,DELIVERED,200,1,SETTLED,NONE,NONE,1518,2138,225936,12,0,-0.1859,0.02,1,0,NORMAL
386.75,DEBIT_CARD,INDUSIND,RAZORPAY,SUCCESS,SUCCESS,AUTHORIZED,CAPTURED,PAID,DELIVERED,DELIVERED,200,1,SETTLED,NONE,NONE,588,668,107485,4,0,-0.0792,0.0379,1,0,NORMAL
213.05,EMI,PNB,PAYU,SUCCESS,SUCCESS,AUTHORIZED,CAPTURED,EXPIRED,CANCELLED,DELIVERED,200,1,ON_HOLD,NONE,NONE,315822,316606,89308,17,0,-0.5561,0.0497,1,0,ORDER_PAYMENT_CONFLICT
4846.7,UPI,KOTAK,PAYU,SUCCESS,SUCCESS,AUTHORIZED,CAPTURED,PAID,PROCESSING,DELIVERED,200,1,PENDING,NONE,NONE,625,745,76969,3,0,0.3848,0.0436,1,0,NORMAL
944.35,UPI,INDUSIND,RAZORPAY,SUCCESS,SUCCESS,AUTHORIZED,CAPTURED,PAID,DELIVERED,DELIVERED,200,1,DISCREPANCY,NONE,NONE,682,821,118648,11,0,0.375,0.0213,1,0,SETTLEMENT_MISMATCH
1493.5,DEBIT_CARD,INDUSIND,PAYU,SUCCESS,PENDING,NONE,PENDING,PAID,DELIVERED,FAILED,200,1,FAILED,MANUAL_INTERVENTION_REQUIRED,NOT_INITIATED,30076,48145,137450,22,3,0.3577,0.0422,1,0,UNRESOLVED
8968.09,UPI,HDFC,STRIPE,SUCCESS,SUCCESS,AUTHORIZED,CAPTURED,PAID,DELIVERED,DELIVERED,200,1,DISCREPANCY,NONE,NONE,278,402,209625,13,0,1.635,0.0301,1,0,SETTLEMENT_MISMATCH
212.1,UPI,YES_BANK,BILLDESK,SUCCESS,SUCCESS,AUTHORIZED,CAPTURED,PAID,PROCESSING,DELIVERED,200,1,PENDING,NONE,NONE,270,557,27210,18,0,-0.6737,0.0228,1,0,NORMAL
2687.46,DEBIT_CARD,KOTAK,CASHFREE,SUCCESS,SUCCESS,AUTHORIZED,CAPTURED,PAID,DELIVERED,DELIVERED,200,1,DISCREPANCY,NONE,NONE,478,648,54472,2,0,-0.373,0.0671,1,0,SETTLEMENT_MISMATCH
6233.58,UPI,PNB,BILLDESK,SUCCESS,SUCCESS,AUTHORIZED,CAPTURED,PAID,DELIVERED,DELIVERED,200,1,DISCREPANCY,NONE,NONE,749,869,236662,17,0,1.2653,0.0113,1,0,SETTLEMENT_MISMATCH
826.06,UPI,HDFC,STRIPE,SUCCESS,SUCCESS,AUTHORIZED,CAPTURED,PAID,DELIVERED,DELIVERED,500,1,FAILED,PENDING,AWAITING_ACK,36165,118959,173107,11,3,0.9668,0.0467,1,0,UNRESOLVED
7199.5,UPI,PNB,RAZORPAY,SUCCESS,SUCCESS,AUTHORIZED,CAPTURED,PAID,DELIVERED,DELIVERED,200,1,SETTLED,NONE,NONE,3070,3629,241378,9,0,1.5713,0.0213,1,0,NORMAL
7348.1,NET_BANKING,YES_BANK,PAYU,SUCCESS,SUCCESS,AUTHORIZED,CAPTURED,PAID,DELIVERED,DELIVERED,200,1,SETTLED,NONE,NONE,651,940,232006,5,0,1.0995,0.0355,1,0,NORMAL
2049.5,CREDIT_CARD,SBI,STRIPE,SUCCESS,SUCCESS,AUTHORIZED,CAPTURED,PAID,PROCESSING,DELIVERED,200,1,PENDING,NONE,NONE,247,434,28788,23,0,-0.573,0.0697,1,0,NORMAL
263.33,CREDIT_CARD,AXIS,STRIPE,SUCCESS,SUCCESS,AUTHORIZED,CAPTURED,CANCELLED,CANCELLED,DELIVERED,200,1,ON_HOLD,PROCESSED,NONE,288920,290689,129594,9,0,-0.373,0.031,1,0,ORDER_PAYMENT_CONFLICT
2414.34,DEBIT_CARD,AXIS,BILLDESK,SUCCESS,SUCCESS,AUTHORIZED,CAPTURED,EXPIRED,UNFULFILLED,DROPPED,0,5,ON_HOLD,NONE,NONE,290,455,169754,6,0,1.1949,0.0515,1,0,MISSING_WEBHOOK
248.75,UPI,YES_BANK,STRIPE,SUCCESS,SUCCESS,AUTHORIZED,CAPTURED,PAID,PROCESSING,DELIVERED,200,1,PENDING,NONE,NONE,393,473,22065,10,0,-0.6173,0.037,1,0,NORMAL
536.69,DEBIT_CARD,AXIS,PAYU,SUCCESS,SUCCESS,AUTHORIZED,CAPTURED,PAID,DELIVERED,DELIVERED,200,1,SETTLED,NONE,NONE,339,492,136849,1,0,0.2778,0.0343,1,0,NORMAL
11955.84,UPI,INDUSIND,PAYU,SUCCESS,SUCCESS,AUTHORIZED,CAPTURED,PAID,DELIVERED,DELIVERED,200,1,SETTLED,NONE,NONE,3249,3846,209010,2,0,1.4908,0.0681,1,0,NORMAL
366.52,UPI,YES_BANK,BILLDESK,PENDING,SUCCESS,AUTHORIZED,CAPTURED,PROCESSING,PROCESSING,DELIVERED,200,3,SETTLED,NONE,NONE,60385,65853,205491,22,0,-0.6668,0.0401,1,0,DELAYED_CONFIRMATION
6942.69,UPI,INDUSIND,CASHFREE,SUCCESS,SUCCESS,AUTHORIZED,CAPTURED,PAID,DELIVERED,DELIVERED,200,1,SETTLED,NONE,NONE,374,587,161497,22,0,1.4795,0.013,1,0,NORMAL
24593.3,UPI,SBI,STRIPE,SUCCESS,SUCCESS,AUTHORIZED,CAPTURED,PENDING_PAYMENT,UNFULFILLED,FAILED,504,5,ON_HOLD,NONE,NONE,460,625,49242,14,0,0.9675,0.066,1,0,MISSING_WEBHOOK
10899.76,UPI,ICICI,RAZORPAY,SUCCESS,SUCCESS,AUTHORIZED,CAPTURED,PAID,DELIVERED,DELIVERED,200,1,SETTLED,NONE,NONE,436,714,190751,18,0,1.2708,0.0643,1,0,NORMAL
407.86,UPI,AXIS,RAZORPAY,SUCCESS,SUCCESS,AUTHORIZED,CAPTURED,PAID,DELIVERED,DELIVERED,200,1,SETTLED,NONE,NONE,708,972,212547,10,0,-0.0289,0.0454,1,0,NORMAL
695.4,UPI,ICICI,CASHFREE,REVERSED,FAILED,AUTHORIZED,CAPTURED,CANCELLED,CANCELLED,FAILED,404,1,ON_HOLD,FAILED,NOT_INITIATED,18713,18925,191991,10,0,-0.0342,0.024,1,0,UNRESOLVED
3492.0,NET_BANKING,AXIS,BILLDESK,SUCCESS,SUCCESS,AUTHORIZED,CAPTURED,PAID,DELIVERED,DELIVERED,200,1,SETTLED,NONE,NONE,285,544,124258,6,0,0.8379,0.0553,1,0,NORMAL
1011.63,UPI,ICICI,STRIPE,SUCCESS,SUCCESS,AUTHORIZED,CAPTURED,PAID,DELIVERED,DELIVERED,200,1,ON_HOLD,INITIATED,AWAITING_ACK,480,747,217947,11,4,0.405,0.0276,1,1,DUPLICATE_PAYMENT
1170.5,DEBIT_CARD,AXIS,STRIPE,REVERSED,PENDING,TIMEOUT,FAILED,CANCELLED,CANCELLED,FAILED,404,1,DISCREPANCY,FAILED,AWAITING_ACK,100057,50269,167065,15,2,0.0641,0.0496,1,0,UNRESOLVED
643.59,CREDIT_CARD,KOTAK,BILLDESK,SUCCESS,SUCCESS,AUTHORIZED,CAPTURED,PAID,DELIVERED,DELIVERED,200,1,SETTLED,NONE,NONE,245,509,252611,2,0,-0.1061,0.0205,1,0,NORMAL
418.0,NET_BANKING,INDUSIND,CASHFREE,SUCCESS,SUCCESS,AUTHORIZED,CAPTURED,PAID,DELIVERED,DELIVERED,200,1,SETTLED,NONE,NONE,319,516,97936,12,0,-0.0048,0.0329,1,0,NORMAL
562.48,NET_BANKING,ICICI,BILLDESK,SUCCESS,SUCCESS,AUTHORIZED,CAPTURED,PROCESSING,PROCESSING,DELIVERED,200,1,SETTLED,NONE,NONE,83267,86273,196821,3,0,-0.2188,0.0359,1,0,DELAYED_CONFIRMATION
914.62,CREDIT_CARD,SBI,RAZORPAY,SUCCESS,PENDING,AUTHORIZED,PENDING,FAILED,UNFULFILLED,DELIVERED,200,1,DISCREPANCY,FAILED,NOT_INITIATED,13638,129063,16052,19,3,0.2703,0.0297,1,0,UNRESOLVED
1060.42,UPI,ICICI,BILLDESK,SUCCESS,SUCCESS,AUTHORIZED,CAPTURED,PENDING_PAYMENT,UNFULFILLED,TIMED_OUT,502,3,PENDING,NONE,NONE,615,775,163753,23,0,-0.036,0.0536,1,0,MISSING_WEBHOOK
683.3,CREDIT_CARD,KOTAK,BILLDESK,SUCCESS,SUCCESS,AUTHORIZED,CAPTURED,PAID,DELIVERED,DELIVERED,200,3,SETTLED,NONE,NONE,527,615,233494,20,0,0.4235,0.0493,1,0,NORMAL
483.98,UPI,ICICI,CASHFREE,SUCCESS,SUCCESS,AUTHORIZED,CAPTURED,EXPIRED,CANCELLED,DELIVERED,200,1,ON_HOLD,INITIATED,NONE,344249,346724,129033,5,0,-0.2554,0.0399,1,0,ORDER_PAYMENT_CONFLICT
2016.03,UPI,AXIS,CASHFREE,SUCCESS,SUCCESS,AUTHORIZED,CAPTURED,PAID,PROCESSING,DELIVERED,200,1,PENDING,NONE,NONE,505,707,18931,23,1,-0.424,0.0329,1,0,NORMAL
2853.59,UPI,PNB,STRIPE,SUCCESS,SUCCESS,AUTHORIZED,CAPTURED,PAID,DELIVERED,DELIVERED,200,1,SETTLED,NONE,NONE,719,934,192768,11,0,0.5019,0.0592,1,0,NORMAL
6079.09,NET_BANKING,ICICI,CASHFREE,SUCCESS,SUCCESS,AUTHORIZED,CAPTURED,REFUNDED,RETURNED,DELIVERED,200,1,REVERSED,PENDING,REJECTED_BY_BANK,393,552,39115,8,0,1.1711,0.0133,1,0,REFUND_UNCERTAINTY
1295.87,UPI,SBI,BILLDESK,SUCCESS,SUCCESS,AUTHORIZED,CAPTURED,REFUNDED,RETURNED,DELIVERED,200,1,REVERSED,MANUAL_INTERVENTION_REQUIRED,AWAITING_ACK,692,863,248219,23,0,0.1781,0.0538,1,0,REFUND_UNCERTAINTY
4071.89,UPI,AXIS,STRIPE,SUCCESS,SUCCESS,AUTHORIZED,CAPTURED,PAID,PROCESSING,DELIVERED,200,1,PENDING,NONE,NONE,538,676,65980,0,0,0.1634,0.0326,1,0,NORMAL
1371.35,CREDIT_CARD,SBI,CASHFREE,SUCCESS,SUCCESS,AUTHORIZED,CAPTURED,PAID,DELIVERED,DELIVERED,200,1,SETTLED,NONE,NONE,241,478,126664,12,0,0.2467,0.0566,1,0,NORMAL
586.51,CREDIT_CARD,PNB,PAYU,SUCCESS,SUCCESS,AUTHORIZED,CAPTURED,PAID,DELIVERED,DELIVERED,200,1,SETTLED,NONE,NONE,204,503,243552,22,0,0.3965,0.0322,1,0,NORMAL
442.07,UPI,YES_BANK,BILLDESK,SUCCESS,SUCCESS,AUTHORIZED,CAPTURED,PAID,PROCESSING,DELIVERED,200,1,PENDING,NONE,NONE,496,762,60793,22,0,-0.5981,0.0501,1,0,NORMAL
344.97,NET_BANKING,AXIS,CASHFREE,SUCCESS,SUCCESS,AUTHORIZED,CAPTURED,PAID,PROCESSING,DELIVERED,200,1,PENDING,NONE,NONE,617,733,29270,16,0,-0.2813,0.0462,1,0,NORMAL
312.5,UPI,YES_BANK,PAYU,SUCCESS,SUCCESS,AUTHORIZED,CAPTURED,PAID,DELIVERED,DELIVERED,200,1,SETTLED,NONE,NONE,356,631,179059,17,0,-0.349,0.0487,1,0,NORMAL
2927.29,UPI,INDUSIND,BILLDESK,SUCCESS,SUCCESS,AUTHORIZED,CAPTURED,PAID,DELIVERED,DELIVERED,200,1,SETTLED,NONE,NONE,319,522,169283,1,0,0.0455,0.0166,1,0,NORMAL
818.88,UPI,YES_BANK,STRIPE,SUCCESS,SUCCESS,AUTHORIZED,CAPTURED,PAID,DELIVERED,DELIVERED,200,1,SETTLED,NONE,NONE,261,427,173407,16,0,0.706,0.0373,1,0,NORMAL
3359.83,UPI,PNB,BILLDESK,SUCCESS,SUCCESS,AUTHORIZED,CAPTURED,PENDING_PAYMENT,UNFULFILLED,DROPPED,404,5,ON_HOLD,NONE,NONE,450,704,125088,9,0,-0.04,0.0335,1,0,MISSING_WEBHOOK
2211.38,UPI,AXIS,CASHFREE,SUCCESS,SUCCESS,AUTHORIZED,CAPTURED,PAID,DELIVERED,DELIVERED,200,1,SETTLED,NONE,NONE,449,686,109647,1,0,-0.2102,0.0101,1,0,NORMAL
10136.46,UPI,PNB,PAYU,SUCCESS,SUCCESS,AUTHORIZED,CAPTURED,PAID,PROCESSING,DELIVERED,200,1,PENDING,NONE,NONE,538,775,40996,1,0,-0.1891,0.0607,1,0,NORMAL
2200.92,UPI,ICICI,PAYU,DEBITED,PENDING,AUTHORIZED,AUTO_REFUNDED,PENDING_PAYMENT,DELIVERED,RETRYING,504,1,DISCREPANCY,FAILED,NOT_INITIATED,114707,115816,93599,19,2,0.1584,0.0579,1,0,UNRESOLVED
22480.13,UPI,AXIS,BILLDESK,SUCCESS,SUCCESS,AUTHORIZED,CAPTURED,PAID,DELIVERED,DELIVERED,200,1,SETTLED,NONE,NONE,394,586,109524,22,0,3.6834,0.0568,1,0,NORMAL
1543.66,UPI,KOTAK,PAYU,SUCCESS,SUCCESS,AUTHORIZED,CAPTURED,PAID,PROCESSING,DELIVERED,200,1,PENDING,NONE,NONE,591,876,77970,1,0,1.3749,0.0368,1,0,NORMAL
6208.67,CREDIT_CARD,ICICI,BILLDESK,SUCCESS,SUCCESS,AUTHORIZED,CAPTURED,PAID,DELIVERED,DELIVERED,200,1,SETTLED,NONE,NONE,544,666,215499,16,0,0.7739,0.0306,1,0,NORMAL
699.26,UPI,AXIS,BILLDESK,SUCCESS,FAILED,FAILED,FAILED,CANCELLED,CANCELLED,DELIVERED,200,1,ON_HOLD,INITIATED,NOT_INITIATED,998,58123,147520,23,0,0.6649,0.0422,1,0,BANK_DEBIT_GATEWAY_FAILURE
430.44,UPI,HDFC,CASHFREE,SUCCESS,SUCCESS,AUTHORIZED,CAPTURED,PAID,DELIVERED,DELIVERED,200,1,DISCREPANCY,NONE,NONE,721,960,185417,10,0,0.0523,0.0474,1,0,SETTLEMENT_MISMATCH
177.68,UPI,ICICI,PAYU,SUCCESS,SUCCESS,AUTHORIZED,CAPTURED,CANCELLED,CANCELLED,DELIVERED,200,1,ON_HOLD,INITIATED,NONE,325942,326753,117528,4,0,-0.577,0.0467,1,0,ORDER_PAYMENT_CONFLICT
284.12,NET_BANKING,YES_BANK,BILLDESK,SUCCESS,SUCCESS,AUTHORIZED,CAPTURED,PAID,DELIVERED,DELIVERED,200,1,SETTLED,NONE,NONE,571,749,226200,0,0,-0.5629,0.0212,1,0,NORMAL
1960.76,CREDIT_CARD,KOTAK,BILLDESK,SUCCESS,SUCCESS,AUTHORIZED,CAPTURED,PROCESSING,PROCESSING,DELIVERED,200,3,PENDING,NONE,NONE,95448,97015,8491,14,0,-0.2997,0.0121,1,0,DELAYED_CONFIRMATION
1567.42,UPI,ICICI,PAYU,SUCCESS,SUCCESS,AUTHORIZED,CAPTURED,PAID,PROCESSING,DELIVERED,200,1,PENDING,NONE,NONE,457,678,17645,16,0,-0.4402,0.0173,1,0,NORMAL
371.62,UPI,INDUSIND,CASHFREE,SUCCESS,SUCCESS,AUTHORIZED,CAPTURED,PAID,DELIVERED,DELIVERED,200,1,SETTLED,NONE,NONE,311,422,239919,3,0,-0.4839,0.0367,1,0,NORMAL
12053.22,UPI,ICICI,CASHFREE,SUCCESS,SUCCESS,AUTHORIZED,CAPTURED,PAID,DELIVERED,DELIVERED,200,1,SETTLED,NONE,NONE,497,722,152460,11,0,-0.0357,0.0794,1,0,NORMAL
3339.28,UPI,SBI,BILLDESK,SUCCESS,SUCCESS,AUTHORIZED,CAPTURED,PAID,DELIVERED,DELIVERED,200,1,SETTLED,NONE,NONE,483,733,216736,5,0,0.1926,0.0187,1,0,NORMAL
1311.11,NET_BANKING,SBI,STRIPE,SUCCESS,SUCCESS,AUTHORIZED,CAPTURED,PAID,PROCESSING,DELIVERED,200,2,SETTLED,NONE,NONE,71876,77255,202229,22,0,2.1217,0.0317,1,0,DELAYED_CONFIRMATION
424.93,UPI,YES_BANK,RAZORPAY,SUCCESS,SUCCESS,AUTHORIZED,CAPTURED,PAID,DELIVERED,DELIVERED,200,1,ON_HOLD,INITIATED,AWAITING_ACK,723,936,132113,9,2,0.0117,0.0393,1,1,DUPLICATE_PAYMENT
11887.62,DEBIT_CARD,ICICI,STRIPE,SUCCESS,TIMED_OUT,TIMEOUT,FAILED,CANCELLED,CANCELLED,FAILED,500,1,ON_HOLD,NONE,NOT_INITIATED,425,65076,216230,12,0,-0.049,0.0724,1,0,BANK_DEBIT_GATEWAY_FAILURE
438.86,CREDIT_CARD,ICICI,BILLDESK,DEBITED,TIMED_OUT,FAILED,NOT_REQUESTED,CANCELLED,CANCELLED,FAILED,0,1,ON_HOLD,INITIATED,NOT_INITIATED,906,59728,143329,0,0,0.0449,0.0368,1,0,BANK_DEBIT_GATEWAY_FAILURE
328.86,CREDIT_CARD,YES_BANK,PAYU,SUCCESS,FAILED,FAILED,PENDING,FAILED,DELIVERED,FAILED,200,1,ON_HOLD,NONE,AWAITING_ACK,30460,107335,143250,14,0,-0.3149,0.0308,1,0,UNRESOLVED
3750.02,UPI,KOTAK,PAYU,SUCCESS,SUCCESS,AUTHORIZED,CAPTURED,PAID,DELIVERED,DELIVERED,200,1,SETTLED,NONE,NONE,379,464,183457,21,0,-0.2187,0.061,1,0,NORMAL
2308.96,UPI,SBI,RAZORPAY,SUCCESS,SUCCESS,AUTHORIZED,CAPTURED,PAID,DELIVERED,DELIVERED,200,1,SETTLED,NONE,NONE,663,917,232807,1,0,1.0991,0.0428,1,0,NORMAL
430.04,WALLET,HDFC,PAYU,SUCCESS,SUCCESS,AUTHORIZED,CAPTURED,PAID,PROCESSING,DELIVERED,200,1,PENDING,NONE,NONE,570,735,9253,20,0,-0.1041,0.0487,1,0,NORMAL
3259.32,UPI,INDUSIND,STRIPE,SUCCESS,SUCCESS,AUTHORIZED,CAPTURED,PAID,DELIVERED,DELIVERED,200,1,SETTLED,NONE,NONE,220,481,227669,14,0,0.164,0.0152,1,0,NORMAL
303.12,UPI,YES_BANK,RAZORPAY,SUCCESS,SUCCESS,AUTHORIZED,CAPTURED,PAID,DELIVERED,DELIVERED,200,1,ON_HOLD,PROCESSED,CREDITED_TO_CUSTOMER,410,653,156162,2,4,-0.3685,0.0499,1,1,DUPLICATE_PAYMENT
1361.52,NET_BANKING,HDFC,RAZORPAY,SUCCESS,SUCCESS,AUTHORIZED,CAPTURED,PAID,DELIVERED,DELIVERED,200,1,SETTLED,NONE,NONE,655,769,175935,8,0,-0.7164,0.0665,1,0,NORMAL
673.86,DEBIT_CARD,YES_BANK,CASHFREE,SUCCESS,FAILED,TIMEOUT,FAILED,CANCELLED,CANCELLED,NONE,504,1,ON_HOLD,PROCESSED,CREDITED_TO_CUSTOMER,1493,62858,253015,20,0,0.0367,0.0358,1,0,BANK_DEBIT_GATEWAY_FAILURE
9682.07,NET_BANKING,KOTAK,CASHFREE,SUCCESS,SUCCESS,AUTHORIZED,CAPTURED,PAID,DELIVERED,DELIVERED,200,1,DISCREPANCY,NONE,NONE,618,825,37833,16,0,-0.1737,0.0664,1,0,SETTLEMENT_MISMATCH
3305.7,DEBIT_CARD,ICICI,CASHFREE,PENDING,PENDING,AUTHORIZED,FAILED,CANCELLED,CANCELLED,DROPPED,500,1,DISCREPANCY,MANUAL_INTERVENTION_REQUIRED,AWAITING_ACK,65161,12391,153380,10,2,2.0052,0.04,1,0,UNRESOLVED
1020.41,DEBIT_CARD,KOTAK,PAYU,SUCCESS,SUCCESS,AUTHORIZED,CAPTURED,PENDING_PAYMENT,UNFULFILLED,FAILED,502,2,ON_HOLD,NONE,NONE,386,489,152242,13,0,-0.0724,0.0514,1,0,MISSING_WEBHOOK
720.59,CREDIT_CARD,PNB,PAYU,SUCCESS,SUCCESS,AUTHORIZED,CAPTURED,PAID,DELIVERED,DELIVERED,200,1,SETTLED,NONE,NONE,693,889,194473,8,0,0.1086,0.0315,1,0,NORMAL
762.27,UPI,YES_BANK,RAZORPAY,SUCCESS,SUCCESS,AUTHORIZED,CAPTURED,PAID,DELIVERED,DELIVERED,200,1,SETTLED,NONE,NONE,529,727,134599,1,0,0.5881,0.0423,1,0,NORMAL
7377.39,CREDIT_CARD,ICICI,CASHFREE,SUCCESS,SUCCESS,AUTHORIZED,CAPTURED,CANCELLED,CANCELLED,DELIVERED,200,1,ON_HOLD,INITIATED,NONE,285900,287865,16315,7,0,0.537,0.0675,1,0,ORDER_PAYMENT_CONFLICT
13136.47,UPI,PNB,CASHFREE,SUCCESS,SUCCESS,AUTHORIZED,CAPTURED,REFUNDED,RETURNED,DELIVERED,200,1,REVERSED,FAILED,AWAITING_ACK,689,939,185641,2,0,0.0509,0.0689,1,0,REFUND_UNCERTAINTY
1189.06,UPI,PNB,CASHFREE,SUCCESS,FAILED,FAILED,FAILED,CANCELLED,CANCELLED,FAILED,504,1,ON_HOLD,NONE,NOT_INITIATED,562,94466,56896,11,0,-0.3742,0.0534,1,0,BANK_DEBIT_GATEWAY_FAILURE
501.13,UPI,INDUSIND,RAZORPAY,SUCCESS,SUCCESS,AUTHORIZED,CAPTURED,PAID,DELIVERED,DELIVERED,200,1,SETTLED,NONE,NONE,265,425,225364,1,0,-0.304,0.0329,1,0,NORMAL
633.58,UPI,ICICI,PAYU,SUCCESS,SUCCESS,AUTHORIZED,CAPTURED,PAID,DELIVERED,DELIVERED,200,1,SETTLED,NONE,NONE,735,859,196074,18,0,-0.819,0.0406,1,0,NORMAL
217.26,UPI,AXIS,CASHFREE,DEBITED,FAILED,NONE,AUTO_REFUNDED,CANCELLED,CANCELLED,DELIVERED,200,1,ON_HOLD,INITIATED,NOT_INITIATED,355,79303,23047,10,0,-0.4827,0.0428,1,0,BANK_DEBIT_GATEWAY_FAILURE
1817.8,UPI,PNB,PAYU,PENDING,FAILED,NONE,PENDING,FAILED,RETURNED,DELIVERED,200,1,ON_HOLD,NONE,NOT_INITIATED,47343,65163,49952,3,2,-0.3508,0.0197,1,0,UNRESOLVED
408.82,DEBIT_CARD,YES_BANK,RAZORPAY,SUCCESS,SUCCESS,AUTHORIZED,CAPTURED,PAID,DELIVERED,DELIVERED,200,1,SETTLED,NONE,NONE,309,568,227321,8,0,-0.371,0.0227,1,0,NORMAL
3376.25,DEBIT_CARD,INDUSIND,RAZORPAY,SUCCESS,SUCCESS,AUTHORIZED,CAPTURED,REFUNDED,RETURNED,DELIVERED,200,1,REVERSED,PENDING,AWAITING_ACK,190,401,223799,6,0,-0.2966,0.0609,1,0,REFUND_UNCERTAINTY
1018.89,CREDIT_CARD,HDFC,CASHFREE,SUCCESS,SUCCESS,AUTHORIZED,CAPTURED,PAID,PROCESSING,DELIVERED,200,1,SETTLED,NONE,NONE,50092,54140,108532,10,0,-0.0737,0.0434,1,0,DELAYED_CONFIRMATION
657.33,UPI,SBI,PAYU,SUCCESS,SUCCESS,AUTHORIZED,CAPTURED,PAID,PROCESSING,DELIVERED,200,1,PENDING,NONE,NONE,184,379,15237,20,0,-0.087,0.0356,1,0,NORMAL
1284.74,DEBIT_CARD,AXIS,PAYU,SUCCESS,SUCCESS,AUTHORIZED,CAPTURED,PAID,PROCESSING,DELIVERED,200,1,PENDING,NONE,NONE,410,627,72081,1,0,0.9765,0.0313,1,0,NORMAL
6275.64,NET_BANKING,ICICI,BILLDESK,SUCCESS,SUCCESS,AUTHORIZED,CAPTURED,PAID,DELIVERED,DELIVERED,200,1,DISCREPANCY,NONE,NONE,730,991,219944,19,0,2.3571,0.0553,1,0,SETTLEMENT_MISMATCH
2684.81,UPI,ICICI,CASHFREE,SUCCESS,SUCCESS,AUTHORIZED,CAPTURED,PAID,DELIVERED,DELIVERED,200,1,SETTLED,NONE,NONE,630,897,86577,12,0,-0.4407,0.0587,1,0,NORMAL
2793.86,UPI,INDUSIND,CASHFREE,SUCCESS,SUCCESS,AUTHORIZED,CAPTURED,REFUNDED,RETURNED,DELIVERED,200,1,REVERSED,PENDING,NOT_INITIATED,687,833,151844,7,0,4.8205,0.0467,1,0,REFUND_UNCERTAINTY
5868.68,UPI,ICICI,RAZORPAY,SUCCESS,SUCCESS,AUTHORIZED,CAPTURED,PAID,DELIVERED,DELIVERED,200,1,SETTLED,NONE,NONE,662,938,197786,10,0,-0.5305,0.0689,1,0,NORMAL
2095.88,NET_BANKING,ICICI,RAZORPAY,SUCCESS,SUCCESS,AUTHORIZED,CAPTURED,PAID,PROCESSING,DELIVERED,200,1,PENDING,NONE,NONE,482,639,71171,7,0,-0.2515,0.0186,1,0,NORMAL
2847.17,UPI,ICICI,RAZORPAY,SUCCESS,SUCCESS,AUTHORIZED,CAPTURED,REFUNDED,RETURNED,DELIVERED,200,1,REVERSED,PENDING,REJECTED_BY_BANK,532,620,6546,18,0,-0.1865,0.0317,1,0,REFUND_UNCERTAINTY
221.58,UPI,AXIS,CASHFREE,PENDING,SUCCESS,AUTHORIZED,CAPTURED,PAID,PROCESSING,RETRYING,200,2,PENDING,NONE,NONE,99934,103726,18705,17,0,-0.5384,0.0395,1,0,DELAYED_CONFIRMATION
293.11,UPI,ICICI,STRIPE,SUCCESS,SUCCESS,AUTHORIZED,CAPTURED,PAID,DELIVERED,DELIVERED,200,1,ON_HOLD,PROCESSED,CREDITED_TO_CUSTOMER,533,775,188530,8,1,-0.3894,0.0389,1,1,DUPLICATE_PAYMENT
384.01,NET_BANKING,YES_BANK,CASHFREE,SUCCESS,FAILED,TIMEOUT,FAILED,CANCELLED,CANCELLED,NONE,504,1,ON_HOLD,INITIATED,NOT_INITIATED,1021,63057,244128,15,0,-0.2,0.0347,1,0,BANK_DEBIT_GATEWAY_FAILURE
1836.52,CREDIT_CARD,YES_BANK,PAYU,DEBITED,PENDING,AUTHORIZED,CAPTURED,CANCELLED,CANCELLED,DROPPED,500,1,FAILED,FAILED,NOT_INITIATED,30073,66104,51191,14,1,-0.3441,0.0143,1,0,UNRESOLVED
1494.7,DEBIT_CARD,ICICI,PAYU,SUCCESS,SUCCESS,AUTHORIZED,CAPTURED,PAID,DELIVERED,DELIVERED,200,1,ON_HOLD,INITIATED,AWAITING_ACK,233,368,93920,12,4,-0.2133,0.0542,1,1,DUPLICATE_PAYMENT
6521.41,UPI,ICICI,CASHFREE,SUCCESS,SUCCESS,AUTHORIZED,CAPTURED,PAID,DELIVERED,DELIVERED,200,2,SETTLED,NONE,NONE,2536,2840,159743,20,0,0.3586,0.0542,1,0,NORMAL
2689.79,CREDIT_CARD,KOTAK,PAYU,SUCCESS,SUCCESS,AUTHORIZED,CAPTURED,PAID,DELIVERED,DELIVERED,200,1,DISCREPANCY,NONE,NONE,344,461,243778,3,0,0.4637,0.0596,1,0,SETTLEMENT_MISMATCH
25627.64,UPI,ICICI,CASHFREE,SUCCESS,SUCCESS,AUTHORIZED,CAPTURED,PAID,PROCESSING,DELIVERED,200,1,PENDING,NONE,NONE,325,475,31133,14,0,1.0502,0.0699,1,0,NORMAL
325.51,UPI,INDUSIND,CASHFREE,SUCCESS,SUCCESS,AUTHORIZED,CAPTURED,PAID,DELIVERED,DELIVERED,200,1,SETTLED,NONE,NONE,666,868,174103,6,0,-0.5479,0.0264,1,0,NORMAL
247.24,UPI,YES_BANK,RAZORPAY,SUCCESS,SUCCESS,AUTHORIZED,CAPTURED,CANCELLED,CANCELLED,DELIVERED,200,1,ON_HOLD,PROCESSED,NONE,289371,291631,56340,6,0,-0.7752,0.0468,1,0,ORDER_PAYMENT_CONFLICT
709.04,UPI,SBI,PAYU,SUCCESS,SUCCESS,AUTHORIZED,CAPTURED,PAID,PROCESSING,DELIVERED,200,1,PENDING,NONE,NONE,215,471,10357,0,0,-0.0152,0.0398,1,0,NORMAL
3761.55,CREDIT_CARD,KOTAK,STRIPE,SUCCESS,SUCCESS,AUTHORIZED,CAPTURED,PAID,DELIVERED,DELIVERED,200,1,SETTLED,NONE,NONE,530,705,106763,23,0,0.3434,0.0147,1,0,NORMAL
591.55,EMI,AXIS,BILLDESK,SUCCESS,SUCCESS,AUTHORIZED,CAPTURED,PAID,PROCESSING,DELIVERED,200,1,PENDING,NONE,NONE,508,616,21528,20,0,-0.7887,0.0103,1,0,NORMAL
21880.71,CREDIT_CARD,PNB,RAZORPAY,SUCCESS,FAILED,FAILED,FAILED,CANCELLED,CANCELLED,DELIVERED,200,1,ON_HOLD,NONE,NOT_INITIATED,767,92604,223070,19,0,0.7505,0.0606,1,0,BANK_DEBIT_GATEWAY_FAILURE
315.39,UPI,YES_BANK,CASHFREE,DEBITED,FAILED,TIMEOUT,FAILED,CANCELLED,CANCELLED,DELIVERED,200,1,ON_HOLD,NONE,NOT_INITIATED,850,75848,191478,20,0,-0.7133,0.0538,1,0,BANK_DEBIT_GATEWAY_FAILURE
186.85,UPI,PNB,RAZORPAY,SUCCESS,PENDING,TIMEOUT,CAPTURED,PAID,UNFULFILLED,DELIVERED,0,1,FAILED,PENDING,REJECTED_BY_BANK,96576,78106,137354,8,0,-0.5551,0.0304,1,0,UNRESOLVED
3548.14,DEBIT_CARD,HDFC,CASHFREE,SUCCESS,SUCCESS,AUTHORIZED,CAPTURED,PAID,DELIVERED,DELIVERED,200,1,SETTLED,NONE,NONE,301,381,235241,22,1,0.2672,0.0294,1,0,NORMAL
1587.79,DEBIT_CARD,YES_BANK,STRIPE,SUCCESS,SUCCESS,AUTHORIZED,CAPTURED,CANCELLED,UNFULFILLED,FAILED,500,3,ON_HOLD,NONE,NONE,519,728,150595,16,0,-0.1643,0.0458,1,0,MISSING_WEBHOOK
265.02,NET_BANKING,SBI,CASHFREE,DEBITED,FAILED,FAILED,FAILED,CANCELLED,CANCELLED,FAILED,0,1,ON_HOLD,NONE,NOT_INITIATED,559,71181,253203,15,0,-0.4479,0.0367,1,0,BANK_DEBIT_GATEWAY_FAILURE
875.34,UPI,ICICI,STRIPE,SUCCESS,SUCCESS,AUTHORIZED,CAPTURED,CANCELLED,CANCELLED,DELIVERED,200,1,ON_HOLD,NONE,NONE,267387,268975,45082,12,0,-0.2042,0.0433,1,0,ORDER_PAYMENT_CONFLICT
933.58,UPI,YES_BANK,CASHFREE,SUCCESS,SUCCESS,AUTHORIZED,CAPTURED,PAID,DELIVERED,DELIVERED,200,1,SETTLED,NONE,NONE,482,614,115836,21,0,0.2966,0.0231,1,0,NORMAL
3055.29,UPI,KOTAK,BILLDESK,SUCCESS,SUCCESS,AUTHORIZED,CAPTURED,PAID,DELIVERED,DELIVERED,200,1,SETTLED,NONE,NONE,249,516,115628,14,0,-0.1271,0.0346,1,0,NORMAL
1388.49,WALLET,ICICI,CASHFREE,SUCCESS,SUCCESS,AUTHORIZED,CAPTURED,PAID,DELIVERED,DELIVERED,200,1,SETTLED,NONE,NONE,683,786,166110,17,0,-0.2692,0.0533,1,0,NORMAL
543.62,UPI,YES_BANK,CASHFREE,PENDING,SUCCESS,NONE,CAPTURED,FAILED,CANCELLED,RETRYING,200,1,ON_HOLD,MANUAL_INTERVENTION_REQUIRED,REJECTED_BY_BANK,35668,80797,155968,14,0,-0.1637,0.0271,1,0,UNRESOLVED
855.23,NET_BANKING,AXIS,STRIPE,SUCCESS,SUCCESS,AUTHORIZED,CAPTURED,PAID,DELIVERED,DELIVERED,200,1,DISCREPANCY,NONE,NONE,312,609,195502,0,0,0.3409,0.04,1,0,SETTLEMENT_MISMATCH
877.71,NET_BANKING,YES_BANK,BILLDESK,SUCCESS,SUCCESS,AUTHORIZED,CAPTURED,CANCELLED,CANCELLED,DELIVERED,200,1,ON_HOLD,INITIATED,NONE,318434,320396,69773,13,0,0.219,0.0387,1,0,ORDER_PAYMENT_CONFLICT
564.65,UPI,PNB,STRIPE,SUCCESS,SUCCESS,AUTHORIZED,CAPTURED,PAID,DELIVERED,DELIVERED,200,1,SETTLED,NONE,NONE,574,693,91454,17,1,-0.1313,0.0387,1,0,NORMAL
2834.26,UPI,INDUSIND,BILLDESK,SUCCESS,SUCCESS,AUTHORIZED,CAPTURED,PAID,DELIVERED,DELIVERED,200,1,SETTLED,NONE,NONE,2117,3008,199967,11,0,1.5766,0.0501,1,0,NORMAL
494.75,UPI,YES_BANK,STRIPE,SUCCESS,SUCCESS,AUTHORIZED,CAPTURED,PAID,DELIVERED,DELIVERED,200,1,ON_HOLD,INITIATED,AWAITING_ACK,550,740,156592,16,2,0.178,0.0442,1,1,DUPLICATE_PAYMENT
1040.95,NET_BANKING,ICICI,BILLDESK,SUCCESS,SUCCESS,AUTHORIZED,CAPTURED,PAID,DELIVERED,DELIVERED,200,1,ON_HOLD,NONE,AWAITING_ACK,477,710,126793,8,1,-0.0537,0.0417,1,1,DUPLICATE_PAYMENT
1072.05,UPI,INDUSIND,BILLDESK,SUCCESS,SUCCESS,AUTHORIZED,CAPTURED,PAID,PROCESSING,DELIVERED,200,1,PENDING,NONE,NONE,445,572,56156,16,0,0.6493,0.0255,1,0,NORMAL
12893.52,UPI,KOTAK,STRIPE,DEBITED,SUCCESS,AUTHORIZED,CAPTURED,PROCESSING,PROCESSING,RETRYING,200,3,SETTLED,NONE,NONE,43091,44675,216725,2,0,0.0315,0.0731,1,0,DELAYED_CONFIRMATION
2418.01,UPI,KOTAK,RAZORPAY,SUCCESS,SUCCESS,AUTHORIZED,CAPTURED,PAID,DELIVERED,DELIVERED,200,1,SETTLED,NONE,NONE,587,758,97705,13,0,-0.3091,0.0429,1,0,NORMAL
5280.75,CREDIT_CARD,PNB,CASHFREE,SUCCESS,SUCCESS,AUTHORIZED,CAPTURED,PAID,DELIVERED,DELIVERED,200,3,SETTLED,NONE,NONE,714,865,159501,2,1,0.5088,0.0357,1,0,NORMAL
3493.0,UPI,HDFC,RAZORPAY,SUCCESS,SUCCESS,AUTHORIZED,CAPTURED,PAID,PROCESSING,DELIVERED,200,2,PENDING,NONE,NONE,308,589,63880,10,0,-0.2723,0.0518,1,0,NORMAL
1342.0,DEBIT_CARD,PNB,BILLDESK,SUCCESS,SUCCESS,AUTHORIZED,CAPTURED,PAID,DELIVERED,DELIVERED,200,1,SETTLED,NONE,NONE,449,725,166440,22,0,-0.5207,0.0155,1,0,NORMAL
2201.27,UPI,YES_BANK,STRIPE,SUCCESS,SUCCESS,AUTHORIZED,CAPTURED,PAID,PROCESSING,DELIVERED,200,1,PENDING,NONE,NONE,587,742,42164,19,0,-0.3711,0.0402,1,0,NORMAL
1029.33,UPI,KOTAK,STRIPE,PENDING,SUCCESS,AUTHORIZED,CAPTURED,PAID,PROCESSING,DELIVERED,200,3,SETTLED,NONE,NONE,94334,99718,156162,23,0,-0.0642,0.047,1,0,DELAYED_CONFIRMATION
2084.18,UPI,ICICI,PAYU,DEBITED,SUCCESS,AUTHORIZED,FAILED,FAILED,UNFULFILLED,DELIVERED,0,1,ON_HOLD,PENDING,REJECTED_BY_BANK,59500,4901,230621,20,0,-0.4045,0.0398,1,0,UNRESOLVED
2772.23,UPI,HDFC,BILLDESK,SUCCESS,SUCCESS,AUTHORIZED,CAPTURED,PENDING_PAYMENT,UNFULFILLED,FAILED,502,4,ON_HOLD,NONE,NONE,623,828,33478,7,0,-0.0099,0.013,1,0,MISSING_WEBHOOK
404.52,UPI,HDFC,STRIPE,SUCCESS,SUCCESS,AUTHORIZED,CAPTURED,PAID,DELIVERED,DELIVERED,200,3,SETTLED,NONE,NONE,319,569,169237,7,0,-0.0369,0.042,1,0,NORMAL
1921.13,UPI,AXIS,PAYU,SUCCESS,SUCCESS,AUTHORIZED,CAPTURED,PAID,DELIVERED,DELIVERED,200,1,SETTLED,NONE,NONE,269,427,224928,20,0,0.0111,0.0455,1,0,NORMAL
8485.62,UPI,AXIS,STRIPE,SUCCESS,FAILED,TIMEOUT,FAILED,CANCELLED,CANCELLED,DELIVERED,200,1,ON_HOLD,NONE,NOT_INITIATED,1258,55248,120021,21,0,0.7678,0.0653,1,0,BANK_DEBIT_GATEWAY_FAILURE
230.0,CREDIT_CARD,AXIS,CASHFREE,PENDING,PENDING,NONE,FAILED,PENDING_PAYMENT,UNFULFILLED,FAILED,404,1,DISCREPANCY,MANUAL_INTERVENTION_REQUIRED,REJECTED_BY_BANK,26523,59280,232605,1,2,-0.5208,0.0354,1,0,UNRESOLVED
7373.11,UPI,SBI,STRIPE,SUCCESS,SUCCESS,AUTHORIZED,CAPTURED,PAID,DELIVERED,DELIVERED,200,1,SETTLED,NONE,NONE,639,801,96947,7,0,-0.4102,0.0728,1,0,NORMAL
4249.15,DEBIT_CARD,YES_BANK,BILLDESK,SUCCESS,PENDING,NONE,PENDING,CANCELLED,RETURNED,RETRYING,0,1,ON_HOLD,NONE,REJECTED_BY_BANK,5194,99766,51271,4,2,0.5176,0.0235,1,0,UNRESOLVED
764.03,NET_BANKING,ICICI,CASHFREE,SUCCESS,SUCCESS,AUTHORIZED,CAPTURED,PAID,DELIVERED,DELIVERED,200,1,DISCREPANCY,NONE,NONE,692,852,162707,17,0,0.0882,0.0344,1,0,SETTLEMENT_MISMATCH
895.93,CREDIT_CARD,INDUSIND,BILLDESK,SUCCESS,SUCCESS,AUTHORIZED,CAPTURED,PAID,DELIVERED,DELIVERED,200,1,SETTLED,NONE,NONE,750,874,175476,3,0,0.3784,0.0205,1,0,NORMAL
449.17,UPI,HDFC,PAYU,SUCCESS,SUCCESS,AUTHORIZED,CAPTURED,PAID,DELIVERED,DELIVERED,200,1,DISCREPANCY,NONE,NONE,495,619,23654,15,0,-0.7145,0.0569,1,0,SETTLEMENT_MISMATCH
524.9,UPI,ICICI,PAYU,SUCCESS,SUCCESS,AUTHORIZED,CAPTURED,PAID,DELIVERED,DELIVERED,200,1,DISCREPANCY,NONE,NONE,430,574,7674,3,0,-0.4786,0.0542,1,0,SETTLEMENT_MISMATCH
2814.98,DEBIT_CARD,INDUSIND,RAZORPAY,SUCCESS,SUCCESS,AUTHORIZED,CAPTURED,PENDING_PAYMENT,PROCESSING,RETRYING,200,1,PENDING,NONE,NONE,78629,84106,31629,4,0,2.9097,0.027,1,0,DELAYED_CONFIRMATION
1378.96,UPI,ICICI,PAYU,SUCCESS,SUCCESS,AUTHORIZED,CAPTURED,PAID,DELIVERED,DELIVERED,200,1,SETTLED,NONE,NONE,267,376,241346,13,0,0.9152,0.0269,1,0,NORMAL
12895.73,DEBIT_CARD,ICICI,RAZORPAY,SUCCESS,SUCCESS,AUTHORIZED,CAPTURED,PAID,PROCESSING,DELIVERED,200,1,PENDING,NONE,NONE,3586,4357,3555,23,0,0.0317,0.076,1,0,NORMAL
1947.66,EMI,YES_BANK,PAYU,SUCCESS,SUCCESS,AUTHORIZED,CAPTURED,PAID,DELIVERED,DELIVERED,200,1,ON_HOLD,INITIATED,AWAITING_ACK,695,822,88478,10,1,0.0251,0.0575,1,1,DUPLICATE_PAYMENT
2097.02,CREDIT_CARD,KOTAK,STRIPE,SUCCESS,SUCCESS,AUTHORIZED,CAPTURED,PENDING_PAYMENT,UNFULFILLED,TIMED_OUT,500,3,ON_HOLD,NONE,NONE,437,715,253024,2,0,0.9064,0.0533,1,0,MISSING_WEBHOOK
645.07,UPI,AXIS,CASHFREE,SUCCESS,SUCCESS,AUTHORIZED,CAPTURED,PAID,DELIVERED,DELIVERED,200,1,SETTLED,NONE,NONE,402,402,90773,14,0,-0.4136,0.0485,1,0,NORMAL
1312.41,UPI,PNB,CASHFREE,SUCCESS,SUCCESS,AUTHORIZED,CAPTURED,PAID,PROCESSING,DELIVERED,200,2,SETTLED,NONE,NONE,42351,45422,94592,17,0,1.7342,0.0363,1,0,DELAYED_CONFIRMATION
886.69,NET_BANKING,SBI,STRIPE,SUCCESS,SUCCESS,AUTHORIZED,CAPTURED,PAID,DELIVERED,DELIVERED,200,1,SETTLED,NONE,NONE,473,640,208658,8,0,-0.1939,0.0449,1,0,NORMAL
1323.32,UPI,ICICI,PAYU,SUCCESS,SUCCESS,AUTHORIZED,CAPTURED,PAID,DELIVERED,DELIVERED,200,1,SETTLED,NONE,NONE,4401,5228,176665,7,0,0.203,0.0557,1,0,NORMAL
1131.48,DEBIT_CARD,SBI,BILLDESK,SUCCESS,SUCCESS,AUTHORIZED,PENDING,PAID,PROCESSING,SCHEDULED,200,3,PENDING,NONE,NONE,80584,81652,82684,3,0,-0.4045,0.0471,1,0,DELAYED_CONFIRMATION
7465.66,UPI,HDFC,RAZORPAY,SUCCESS,SUCCESS,AUTHORIZED,CAPTURED,PAID,DELIVERED,DELIVERED,200,1,SETTLED,NONE,NONE,416,708,187527,11,0,1.133,0.0381,1,0,NORMAL
4939.73,UPI,ICICI,STRIPE,SUCCESS,SUCCESS,AUTHORIZED,CAPTURED,PAID,DELIVERED,DELIVERED,200,1,DISCREPANCY,NONE,NONE,657,927,111747,21,0,0.0688,0.0557,1,0,SETTLEMENT_MISMATCH
21145.62,UPI,YES_BANK,CASHFREE,SUCCESS,SUCCESS,AUTHORIZED,CAPTURED,REFUNDED,RETURNED,DELIVERED,200,1,REVERSED,PENDING,REJECTED_BY_BANK,503,787,151572,1,0,0.6916,0.0656,1,0,REFUND_UNCERTAINTY
378.65,UPI,SBI,STRIPE,SUCCESS,SUCCESS,AUTHORIZED,CAPTURED,PAID,PROCESSING,DELIVERED,200,2,PENDING,NONE,NONE,671,782,73631,5,0,-0.4175,0.0216,1,0,NORMAL
3529.66,CREDIT_CARD,HDFC,PAYU,REVERSED,FAILED,TIMEOUT,PENDING,CANCELLED,UNFULFILLED,FAILED,0,1,FAILED,PENDING,AWAITING_ACK,41680,46473,199765,21,3,0.2606,0.0295,1,0,UNRESOLVED
1003.78,UPI,PNB,PAYU,SUCCESS,SUCCESS,AUTHORIZED,CAPTURED,EXPIRED,UNFULFILLED,TIMED_OUT,504,3,ON_HOLD,NONE,NONE,571,658,102879,18,0,1.39,0.0396,1,0,MISSING_WEBHOOK
964.52,UPI,ICICI,STRIPE,SUCCESS,PENDING,AUTHORIZED,PENDING,PENDING_PAYMENT,RETURNED,RETRYING,404,1,ON_HOLD,PENDING,REJECTED_BY_BANK,37699,115661,143019,8,3,-0.7991,0.07,1,0,UNRESOLVED
2888.68,CREDIT_CARD,SBI,CASHFREE,SUCCESS,SUCCESS,AUTHORIZED,CAPTURED,CANCELLED,UNFULFILLED,FAILED,500,3,ON_HOLD,NONE,NONE,287,375,130208,5,0,-0.3982,0.0517,1,0,MISSING_WEBHOOK
718.94,UPI,HDFC,STRIPE,SUCCESS,SUCCESS,AUTHORIZED,CAPTURED,EXPIRED,UNFULFILLED,FAILED,504,5,ON_HOLD,NONE,NONE,383,485,253765,5,0,0.1061,0.0359,1,0,MISSING_WEBHOOK
5219.53,UPI,PNB,STRIPE,SUCCESS,SUCCESS,AUTHORIZED,CAPTURED,CANCELLED,CANCELLED,DELIVERED,200,1,ON_HOLD,INITIATED,NONE,252237,254723,258833,6,0,0.0874,0.0654,1,0,ORDER_PAYMENT_CONFLICT
741.27,NET_BANKING,SBI,RAZORPAY,SUCCESS,SUCCESS,AUTHORIZED,CAPTURED,PAID,DELIVERED,DELIVERED,200,1,SETTLED,NONE,NONE,699,863,143198,23,0,0.0295,0.039,1,0,NORMAL
909.27,CREDIT_CARD,ICICI,RAZORPAY,SUCCESS,SUCCESS,AUTHORIZED,CAPTURED,PROCESSING,PROCESSING,DELIVERED,200,1,SETTLED,NONE,NONE,65207,70043,228746,21,0,0.2629,0.035,1,0,DELAYED_CONFIRMATION
844.83,CREDIT_CARD,HDFC,PAYU,SUCCESS,SUCCESS,AUTHORIZED,CAPTURED,PAID,PROCESSING,DELIVERED,200,1,PENDING,NONE,NONE,240,416,24305,19,0,0.2997,0.0225,1,0,NORMAL
296.55,EMI,SBI,BILLDESK,SUCCESS,SUCCESS,AUTHORIZED,CAPTURED,PAID,DELIVERED,DELIVERED,200,1,SETTLED,NONE,NONE,738,917,125998,23,0,-0.2939,0.0405,1,0,NORMAL
3369.92,UPI,KOTAK,PAYU,SUCCESS,SUCCESS,AUTHORIZED,CAPTURED,PENDING_PAYMENT,UNFULFILLED,DROPPED,500,3,ON_HOLD,NONE,NONE,463,627,135829,21,0,-0.0372,0.0464,1,0,MISSING_WEBHOOK
578.12,CREDIT_CARD,SBI,PAYU,SUCCESS,SUCCESS,AUTHORIZED,CAPTURED,PROCESSING,PROCESSING,DELIVERED,200,3,SETTLED,NONE,NONE,99954,102551,187186,20,0,0.2044,0.0338,1,0,DELAYED_CONFIRMATION
189.31,CREDIT_CARD,SBI,RAZORPAY,SUCCESS,SUCCESS,AUTHORIZED,CAPTURED,PAID,DELIVERED,DELIVERED,200,1,SETTLED,NONE,NONE,628,716,222503,4,0,-0.6056,0.0403,1,0,NORMAL
639.74,UPI,KOTAK,STRIPE,SUCCESS,SUCCESS,AUTHORIZED,CAPTURED,PAID,DELIVERED,DELIVERED,200,1,SETTLED,NONE,NONE,263,492,87418,4,0,-0.0158,0.0312,1,0,NORMAL
292.78,UPI,HDFC,BILLDESK,SUCCESS,TIMED_OUT,FAILED,FAILED,CANCELLED,CANCELLED,NONE,0,1,ON_HOLD,INITIATED,NOT_INITIATED,822,92559,68300,2,0,-0.39,0.0449,1,0,BANK_DEBIT_GATEWAY_FAILURE
3098.9,CREDIT_CARD,HDFC,BILLDESK,SUCCESS,SUCCESS,AUTHORIZED,CAPTURED,CANCELLED,UNFULFILLED,FAILED,0,2,PENDING,NONE,NONE,703,843,237242,21,0,1.8172,0.0589,1,0,MISSING_WEBHOOK
4154.85,EMI,HDFC,CASHFREE,SUCCESS,SUCCESS,AUTHORIZED,CAPTURED,CANCELLED,UNFULFILLED,DROPPED,504,4,ON_HOLD,NONE,NONE,432,560,183127,23,0,0.4839,0.0282,1,0,MISSING_WEBHOOK
5282.02,UPI,AXIS,BILLDESK,SUCCESS,SUCCESS,AUTHORIZED,CAPTURED,CANCELLED,UNFULFILLED,FAILED,0,2,ON_HOLD,NONE,NONE,473,621,229776,2,0,0.8864,0.013,1,0,MISSING_WEBHOOK
4366.29,UPI,YES_BANK,STRIPE,SUCCESS,SUCCESS,AUTHORIZED,CAPTURED,CANCELLED,CANCELLED,DELIVERED,200,1,ON_HOLD,INITIATED,NONE,251010,252200,156240,19,0,-0.0904,0.0623,1,0,ORDER_PAYMENT_CONFLICT
802.88,CREDIT_CARD,YES_BANK,RAZORPAY,SUCCESS,SUCCESS,AUTHORIZED,CAPTURED,PAID,PROCESSING,DELIVERED,200,1,PENDING,NONE,NONE,311,538,83660,5,1,0.2352,0.0269,1,0,NORMAL
1133.4,UPI,KOTAK,PAYU,SUCCESS,SUCCESS,AUTHORIZED,CAPTURED,CANCELLED,CANCELLED,DELIVERED,200,1,ON_HOLD,INITIATED,NONE,276344,278034,114258,5,0,-0.4035,0.0598,1,0,ORDER_PAYMENT_CONFLICT
3881.05,CREDIT_CARD,YES_BANK,BILLDESK,SUCCESS,SUCCESS,AUTHORIZED,CAPTURED,PAID,DELIVERED,DELIVERED,200,1,ON_HOLD,PROCESSED,CREDITED_TO_CUSTOMER,675,859,28984,23,3,-0.6895,0.0612,1,1,DUPLICATE_PAYMENT
24153.66,DEBIT_CARD,KOTAK,STRIPE,SUCCESS,SUCCESS,AUTHORIZED,CAPTURED,PAID,PROCESSING,DELIVERED,200,1,PENDING,NONE,NONE,431,519,69378,12,0,4.032,0.0551,1,0,NORMAL
1804.37,UPI,AXIS,CASHFREE,SUCCESS,TIMED_OUT,FAILED,FAILED,CANCELLED,CANCELLED,FAILED,0,1,ON_HOLD,INITIATED,NOT_INITIATED,655,65998,238298,16,0,-0.0503,0.0433,1,0,BANK_DEBIT_GATEWAY_FAILURE
5980.92,CREDIT_CARD,INDUSIND,BILLDESK,SUCCESS,SUCCESS,AUTHORIZED,CAPTURED,PAID,DELIVERED,DELIVERED,200,1,SETTLED,NONE,NONE,409,525,248397,7,0,0.246,0.0562,1,0,NORMAL
2119.35,UPI,INDUSIND,RAZORPAY,SUCCESS,SUCCESS,AUTHORIZED,CAPTURED,PAID,DELIVERED,DELIVERED,200,1,DISCREPANCY,NONE,NONE,686,868,185464,16,0,-0.3157,0.0302,1,0,SETTLEMENT_MISMATCH
2462.08,UPI,PNB,PAYU,SUCCESS,SUCCESS,AUTHORIZED,CAPTURED,PAID,PROCESSING,DELIVERED,200,1,PENDING,NONE,NONE,182,448,81059,19,0,0.2958,0.054,1,0,NORMAL
1445.1,CREDIT_CARD,INDUSIND,PAYU,SUCCESS,SUCCESS,AUTHORIZED,CAPTURED,PAID,DELIVERED,DELIVERED,200,1,SETTLED,NONE,NONE,241,514,212703,19,0,-0.2394,0.0568,1,0,NORMAL
5124.46,EMI,AXIS,BILLDESK,DEBITED,FAILED,TIMEOUT,FAILED,CANCELLED,CANCELLED,NONE,500,1,ON_HOLD,NONE,NOT_INITIATED,525,71693,196152,5,0,1.6971,0.0461,1,0,BANK_DEBIT_GATEWAY_FAILURE
327.01,UPI,KOTAK,STRIPE,SUCCESS,SUCCESS,AUTHORIZED,CAPTURED,EXPIRED,UNFULFILLED,DROPPED,500,4,PENDING,NONE,NONE,373,611,37784,4,0,-0.7027,0.0411,1,0,MISSING_WEBHOOK
282.78,UPI,SBI,CASHFREE,SUCCESS,SUCCESS,AUTHORIZED,CAPTURED,PAID,DELIVERED,DELIVERED,200,1,SETTLED,NONE,NONE,254,387,182820,22,0,-0.4109,0.0455,1,0,NORMAL
5513.87,UPI,PNB,BILLDESK,SUCCESS,SUCCESS,AUTHORIZED,CAPTURED,PAID,DELIVERED,DELIVERED,200,1,SETTLED,NONE,NONE,459,624,240689,19,0,0.5754,0.0319,1,0,NORMAL
14598.6,UPI,KOTAK,BILLDESK,SUCCESS,TIMED_OUT,FAILED,NOT_REQUESTED,CANCELLED,CANCELLED,FAILED,500,1,ON_HOLD,INITIATED,NOT_INITIATED,1379,52205,127579,18,0,0.1679,0.0776,1,0,BANK_DEBIT_GATEWAY_FAILURE
3204.52,NET_BANKING,ICICI,PAYU,SUCCESS,SUCCESS,AUTHORIZED,CAPTURED,PAID,DELIVERED,DELIVERED,200,1,SETTLED,NONE,NONE,3609,3913,194303,8,0,-0.0844,0.0362,1,0,NORMAL
745.4,CREDIT_CARD,SBI,STRIPE,SUCCESS,SUCCESS,AUTHORIZED,CAPTURED,PAID,DELIVERED,DELIVERED,200,1,ON_HOLD,INITIATED,AWAITING_ACK,389,565,189199,12,2,0.5529,0.0342,1,1,DUPLICATE_PAYMENT
2343.5,DEBIT_CARD,HDFC,STRIPE,SUCCESS,SUCCESS,AUTHORIZED,CAPTURED,PAID,PROCESSING,DELIVERED,200,1,PENDING,NONE,NONE,2404,2894,78405,7,0,0.2334,0.0576,1,0,NORMAL
8823.46,WALLET,HDFC,CASHFREE,SUCCESS,SUCCESS,AUTHORIZED,CAPTURED,PAID,DELIVERED,DELIVERED,200,1,SETTLED,NONE,NONE,231,331,199140,13,0,-0.2941,0.0671,1,0,NORMAL
1319.52,UPI,HDFC,CASHFREE,DEBITED,FAILED,TIMEOUT,FAILED,CANCELLED,CANCELLED,NONE,0,1,ON_HOLD,INITIATED,NOT_INITIATED,481,55544,48780,5,0,-0.3055,0.0414,1,0,BANK_DEBIT_GATEWAY_FAILURE
60232.04,DEBIT_CARD,HDFC,STRIPE,SUCCESS,SUCCESS,AUTHORIZED,CAPTURED,PAID,DELIVERED,DELIVERED,200,1,SETTLED,NONE,NONE,290,516,101454,22,1,3.8186,0.0799,1,0,NORMAL
2184.88,CREDIT_CARD,ICICI,RAZORPAY,SUCCESS,SUCCESS,AUTHORIZED,CAPTURED,PAID,PROCESSING,DELIVERED,200,1,PENDING,NONE,NONE,702,890,28245,16,0,0.9863,0.0486,1,0,NORMAL
1121.33,WALLET,SBI,RAZORPAY,SUCCESS,SUCCESS,AUTHORIZED,CAPTURED,PAID,PROCESSING,DELIVERED,200,1,PENDING,NONE,NONE,733,824,68056,0,0,0.0194,0.0475,1,0,NORMAL
1857.58,UPI,ICICI,STRIPE,SUCCESS,SUCCESS,AUTHORIZED,CAPTURED,PAID,DELIVERED,DELIVERED,200,1,SETTLED,NONE,NONE,200,380,106284,5,0,-0.0223,0.0514,1,0,NORMAL
3486.84,UPI,PNB,CASHFREE,SUCCESS,SUCCESS,AUTHORIZED,CAPTURED,PAID,DELIVERED,DELIVERED,200,3,SETTLED,NONE,NONE,569,706,182467,18,0,-0.2736,0.0588,1,0,NORMAL
523.69,CREDIT_CARD,ICICI,BILLDESK,SUCCESS,SUCCESS,AUTHORIZED,CAPTURED,PAID,DELIVERED,DELIVERED,200,1,SETTLED,NONE,NONE,743,894,118087,16,0,-0.5239,0.0439,1,0,NORMAL
171.64,NET_BANKING,INDUSIND,RAZORPAY,SUCCESS,SUCCESS,AUTHORIZED,CAPTURED,PAID,DELIVERED,DELIVERED,200,2,SETTLED,NONE,NONE,714,996,233366,21,0,-0.7359,0.0367,1,0,NORMAL
1249.76,UPI,SBI,RAZORPAY,SUCCESS,SUCCESS,AUTHORIZED,CAPTURED,PAID,PROCESSING,DELIVERED,200,1,PENDING,NONE,NONE,523,718,79879,3,0,-0.5537,0.0205,1,0,NORMAL
879.84,DEBIT_CARD,PNB,CASHFREE,SUCCESS,SUCCESS,AUTHORIZED,CAPTURED,PAID,DELIVERED,DELIVERED,200,1,SETTLED,NONE,NONE,253,389,232939,0,0,-0.2001,0.059,1,0,NORMAL
651.29,UPI,HDFC,RAZORPAY,SUCCESS,SUCCESS,AUTHORIZED,CAPTURED,PENDING_PAYMENT,UNFULFILLED,FAILED,502,2,PENDING,NONE,NONE,556,638,94728,14,0,0.3569,0.0326,1,0,MISSING_WEBHOOK
1123.03,UPI,KOTAK,STRIPE,SUCCESS,SUCCESS,AUTHORIZED,CAPTURED,PAID,DELIVERED,DELIVERED,200,1,SETTLED,NONE,NONE,266,497,157994,17,0,0.7277,0.0232,1,0,NORMAL
1077.34,NET_BANKING,PNB,PAYU,SUCCESS,SUCCESS,AUTHORIZED,CAPTURED,PAID,DELIVERED,DELIVERED,200,3,SETTLED,NONE,NONE,607,757,154471,12,0,-0.0206,0.0435,1,0,NORMAL
297.68,CREDIT_CARD,YES_BANK,PAYU,SUCCESS,SUCCESS,AUTHORIZED,CAPTURED,PAID,DELIVERED,DELIVERED,200,1,ON_HOLD,PROCESSED,CREDITED_TO_CUSTOMER,324,520,161612,5,1,-0.542,0.0217,1,1,DUPLICATE_PAYMENT
1094.9,UPI,PNB,PAYU,SUCCESS,SUCCESS,AUTHORIZED,CAPTURED,PAID,DELIVERED,DELIVERED,200,1,SETTLED,NONE,NONE,710,988,87517,22,0,-0.4237,0.0473,1,0,NORMAL
4468.18,UPI,KOTAK,RAZORPAY,SUCCESS,SUCCESS,AUTHORIZED,CAPTURED,PAID,DELIVERED,DELIVERED,200,1,SETTLED,NONE,NONE,659,854,100232,11,0,0.5958,0.0107,1,0,NORMAL
339.11,UPI,HDFC,BILLDESK,DEBITED,FAILED,FAILED,NOT_REQUESTED,CANCELLED,CANCELLED,DELIVERED,200,1,ON_HOLD,PROCESSED,CREDITED_TO_CUSTOMER,1282,58629,114104,20,0,-0.2935,0.0346,1,0,BANK_DEBIT_GATEWAY_FAILURE
368.5,UPI,ICICI,STRIPE,SUCCESS,SUCCESS,AUTHORIZED,CAPTURED,PAID,DELIVERED,DELIVERED,200,1,SETTLED,NONE,NONE,302,422,247056,21,0,-0.1226,0.0451,1,0,NORMAL
4457.6,UPI,SBI,PAYU,SUCCESS,SUCCESS,AUTHORIZED,CAPTURED,PAID,DELIVERED,DELIVERED,200,1,ON_HOLD,PROCESSED,CREDITED_TO_CUSTOMER,419,554,132670,19,1,-0.0713,0.0611,1,1,DUPLICATE_PAYMENT
333.38,NET_BANKING,ICICI,STRIPE,SUCCESS,SUCCESS,AUTHORIZED,CAPTURED,CANCELLED,UNFULFILLED,FAILED,502,5,PENDING,NONE,NONE,571,833,16364,6,0,-0.2062,0.0469,1,0,MISSING_WEBHOOK
556.06,CREDIT_CARD,PNB,CASHFREE,SUCCESS,SUCCESS,AUTHORIZED,CAPTURED,PAID,PROCESSING,DELIVERED,200,1,PENDING,NONE,NONE,387,648,75956,4,0,0.324,0.0325,1,0,NORMAL
4820.72,UPI,AXIS,CASHFREE,DEBITED,TIMED_OUT,TIMEOUT,FAILED,CANCELLED,CANCELLED,DELIVERED,200,1,ON_HOLD,NONE,NOT_INITIATED,699,72687,192643,3,0,0.0043,0.0534,1,0,BANK_DEBIT_GATEWAY_FAILURE
3283.76,UPI,HDFC,BILLDESK,SUCCESS,SUCCESS,AUTHORIZED,CAPTURED,EXPIRED,UNFULFILLED,TIMED_OUT,502,4,PENDING,NONE,NONE,519,614,9436,11,0,0.1728,0.0253,1,0,MISSING_WEBHOOK
1073.1,UPI,AXIS,RAZORPAY,SUCCESS,SUCCESS,AUTHORIZED,CAPTURED,PAID,DELIVERED,DELIVERED,200,1,SETTLED,NONE,NONE,396,572,154395,15,0,1.555,0.0421,1,0,NORMAL
1043.57,NET_BANKING,AXIS,STRIPE,SUCCESS,SUCCESS,AUTHORIZED,CAPTURED,PAID,DELIVERED,DELIVERED,200,1,SETTLED,NONE,NONE,207,384,241762,21,0,0.6055,0.0269,1,0,NORMAL
1104.56,UPI,SBI,BILLDESK,SUCCESS,SUCCESS,AUTHORIZED,CAPTURED,CANCELLED,UNFULFILLED,FAILED,502,2,ON_HOLD,NONE,NONE,579,860,112376,2,0,1.3012,0.0358,1,0,MISSING_WEBHOOK
2350.67,CREDIT_CARD,YES_BANK,BILLDESK,SUCCESS,SUCCESS,AUTHORIZED,CAPTURED,EXPIRED,CANCELLED,DELIVERED,200,1,ON_HOLD,PROCESSED,NONE,246100,248262,221226,20,0,-0.3284,0.0477,1,0,ORDER_PAYMENT_CONFLICT
1407.25,UPI,INDUSIND,RAZORPAY,SUCCESS,SUCCESS,AUTHORIZED,CAPTURED,EXPIRED,UNFULFILLED,FAILED,404,5,ON_HOLD,NONE,NONE,402,606,225235,23,0,0.2793,0.0513,1,0,MISSING_WEBHOOK
1334.77,UPI,YES_BANK,PAYU,SUCCESS,SUCCESS,AUTHORIZED,CAPTURED,PAID,DELIVERED,DELIVERED,200,1,ON_HOLD,NONE,AWAITING_ACK,553,718,211701,21,4,0.8538,0.0379,1,1,DUPLICATE_PAYMENT
7262.76,NET_BANKING,HDFC,CASHFREE,SUCCESS,SUCCESS,AUTHORIZED,CAPTURED,REFUNDED,RETURNED,DELIVERED,200,1,REVERSED,MANUAL_INTERVENTION_REQUIRED,AWAITING_ACK,357,483,81945,4,0,-0.419,0.0621,1,0,REFUND_UNCERTAINTY
297.61,DEBIT_CARD,ICICI,PAYU,SUCCESS,SUCCESS,AUTHORIZED,CAPTURED,PAID,DELIVERED,DELIVERED,200,1,ON_HOLD,NONE,AWAITING_ACK,617,806,50172,14,3,-0.2914,0.0477,1,1,DUPLICATE_PAYMENT
1305.57,WALLET,AXIS,RAZORPAY,SUCCESS,SUCCESS,AUTHORIZED,CAPTURED,PAID,DELIVERED,DELIVERED,200,1,SETTLED,NONE,NONE,288,519,96825,0,0,0.1869,0.0514,1,0,NORMAL
18431.22,CREDIT_CARD,ICICI,STRIPE,SUCCESS,SUCCESS,AUTHORIZED,CAPTURED,PAID,PROCESSING,DELIVERED,200,1,PENDING,NONE,NONE,424,596,30824,3,0,0.4745,0.0768,1,0,NORMAL
5033.85,DEBIT_CARD,HDFC,RAZORPAY,SUCCESS,SUCCESS,AUTHORIZED,CAPTURED,PAID,DELIVERED,DELIVERED,200,1,ON_HOLD,INITIATED,AWAITING_ACK,569,753,244455,17,4,1.6494,0.0407,1,1,DUPLICATE_PAYMENT
1652.91,UPI,AXIS,BILLDESK,SUCCESS,SUCCESS,AUTHORIZED,CAPTURED,EXPIRED,UNFULFILLED,DROPPED,404,2,ON_HOLD,NONE,NONE,649,739,79475,0,0,-0.4097,0.0178,1,0,MISSING_WEBHOOK
843.71,NET_BANKING,HDFC,BILLDESK,SUCCESS,SUCCESS,AUTHORIZED,CAPTURED,PAID,DELIVERED,DELIVERED,200,1,ON_HOLD,PROCESSED,CREDITED_TO_CUSTOMER,615,870,241903,21,4,0.1718,0.0281,1,1,DUPLICATE_PAYMENT
245.25,UPI,PNB,CASHFREE,SUCCESS,SUCCESS,AUTHORIZED,CAPTURED,PAID,PROCESSING,DELIVERED,200,3,SETTLED,NONE,NONE,71394,73044,125568,10,0,-0.4161,0.0313,1,0,DELAYED_CONFIRMATION
4170.23,UPI,PNB,BILLDESK,SUCCESS,SUCCESS,AUTHORIZED,CAPTURED,PAID,DELIVERED,DELIVERED,200,1,SETTLED,NONE,NONE,251,423,241496,3,0,-0.1312,0.0621,1,0,NORMAL
5753.84,DEBIT_CARD,SBI,CASHFREE,SUCCESS,SUCCESS,AUTHORIZED,CAPTURED,PAID,DELIVERED,DELIVERED,200,1,SETTLED,NONE,NONE,290,429,106822,22,0,1.0549,0.0172,1,0,NORMAL
2292.85,UPI,KOTAK,RAZORPAY,SUCCESS,SUCCESS,AUTHORIZED,CAPTURED,CANCELLED,CANCELLED,DELIVERED,200,1,ON_HOLD,INITIATED,NONE,349681,352105,170161,21,0,-0.1811,0.0175,1,0,ORDER_PAYMENT_CONFLICT
884.84,CREDIT_CARD,INDUSIND,STRIPE,SUCCESS,SUCCESS,AUTHORIZED,CAPTURED,CANCELLED,UNFULFILLED,FAILED,502,2,ON_HOLD,NONE,NONE,458,668,52381,15,0,0.3613,0.0216,1,0,MISSING_WEBHOOK
316.2,UPI,ICICI,STRIPE,SUCCESS,FAILED,FAILED,FAILED,CANCELLED,CANCELLED,NONE,0,1,ON_HOLD,INITIATED,NOT_INITIATED,398,89000,130756,0,0,-0.3412,0.0323,1,0,BANK_DEBIT_GATEWAY_FAILURE
217.56,UPI,HDFC,PAYU,SUCCESS,SUCCESS,AUTHORIZED,CAPTURED,PAID,PROCESSING,DELIVERED,200,1,PENDING,NONE,NONE,728,1032,30876,18,0,-0.482,0.046,1,0,NORMAL
667.7,UPI,HDFC,STRIPE,SUCCESS,SUCCESS,AUTHORIZED,CAPTURED,PAID,DELIVERED,DELIVERED,200,1,DISCREPANCY,NONE,NONE,277,470,109843,9,0,-0.612,0.0414,1,0,SETTLEMENT_MISMATCH
4845.08,UPI,HDFC,CASHFREE,SUCCESS,SUCCESS,AUTHORIZED,CAPTURED,PAID,DELIVERED,DELIVERED,200,1,SETTLED,NONE,NONE,208,417,226186,18,0,0.0094,0.0543,1,0,NORMAL
1978.55,UPI,KOTAK,STRIPE,SUCCESS,SUCCESS,AUTHORIZED,CAPTURED,PAID,PROCESSING,DELIVERED,200,3,SETTLED,NONE,NONE,44413,47926,182776,5,0,0.7987,0.0528,1,0,DELAYED_CONFIRMATION
1710.29,CREDIT_CARD,HDFC,RAZORPAY,SUCCESS,SUCCESS,AUTHORIZED,CAPTURED,PENDING_PAYMENT,UNFULFILLED,FAILED,404,4,ON_HOLD,NONE,NONE,274,426,143087,16,0,1.3754,0.028,1,0,MISSING_WEBHOOK
997.67,UPI,HDFC,STRIPE,SUCCESS,SUCCESS,AUTHORIZED,CAPTURED,PAID,DELIVERED,DELIVERED,200,1,DISCREPANCY,NONE,NONE,597,1012,164372,16,0,1.4536,0.0317,1,0,SETTLEMENT_MISMATCH
4769.91,DEBIT_CARD,INDUSIND,STRIPE,SUCCESS,SUCCESS,AUTHORIZED,CAPTURED,PAID,DELIVERED,DELIVERED,200,2,SETTLED,NONE,NONE,518,601,152102,19,1,0.3628,0.0361,1,0,NORMAL
1197.69,UPI,YES_BANK,RAZORPAY,SUCCESS,SUCCESS,AUTHORIZED,CAPTURED,PAID,DELIVERED,DELIVERED,200,3,SETTLED,NONE,NONE,678,892,177820,9,0,-0.5723,0.0251,1,0,NORMAL
5152.46,CREDIT_CARD,INDUSIND,CASHFREE,SUCCESS,SUCCESS,AUTHORIZED,CAPTURED,PAID,DELIVERED,DELIVERED,200,1,ON_HOLD,INITIATED,AWAITING_ACK,637,743,24557,19,3,0.4721,0.0449,1,1,DUPLICATE_PAYMENT
4557.49,UPI,HDFC,RAZORPAY,SUCCESS,SUCCESS,AUTHORIZED,CAPTURED,PAID,DELIVERED,DELIVERED,200,1,SETTLED,NONE,NONE,693,810,216311,6,0,0.3021,0.0488,1,0,NORMAL
610.95,NET_BANKING,AXIS,STRIPE,SUCCESS,SUCCESS,AUTHORIZED,CAPTURED,PAID,DELIVERED,DELIVERED,200,1,ON_HOLD,PROCESSED,CREDITED_TO_CUSTOMER,659,767,29297,13,4,-0.1515,0.0346,1,1,DUPLICATE_PAYMENT
344.03,CREDIT_CARD,SBI,STRIPE,SUCCESS,SUCCESS,AUTHORIZED,CAPTURED,PAID,DELIVERED,DELIVERED,200,2,SETTLED,NONE,NONE,525,820,236484,23,0,-0.5222,0.0318,1,0,NORMAL
4161.93,UPI,SBI,RAZORPAY,SUCCESS,SUCCESS,AUTHORIZED,CAPTURED,PAID,PROCESSING,DELIVERED,200,1,PENDING,NONE,NONE,594,722,64284,1,0,0.1891,0.0468,1,0,NORMAL
341.28,DEBIT_CARD,HDFC,STRIPE,SUCCESS,SUCCESS,AUTHORIZED,CAPTURED,PAID,DELIVERED,DELIVERED,200,1,ON_HOLD,NONE,AWAITING_ACK,459,595,113312,18,3,-0.1874,0.0456,1,1,DUPLICATE_PAYMENT
1105.97,UPI,ICICI,STRIPE,SUCCESS,SUCCESS,AUTHORIZED,CAPTURED,PAID,DELIVERED,DELIVERED,200,1,SETTLED,NONE,NONE,363,541,133348,1,0,0.5361,0.026,1,0,NORMAL
290.96,UPI,AXIS,RAZORPAY,SUCCESS,SUCCESS,AUTHORIZED,CAPTURED,PAID,DELIVERED,DELIVERED,200,1,SETTLED,NONE,NONE,303,523,123500,12,0,-0.3072,0.0397,1,0,NORMAL
3284.69,DEBIT_CARD,INDUSIND,STRIPE,SUCCESS,SUCCESS,AUTHORIZED,CAPTURED,PENDING_PAYMENT,UNFULFILLED,FAILED,504,5,PENDING,NONE,NONE,710,875,136295,22,0,-0.0615,0.0495,1,0,MISSING_WEBHOOK
14432.83,UPI,ICICI,BILLDESK,SUCCESS,SUCCESS,AUTHORIZED,CAPTURED,REFUNDED,RETURNED,DELIVERED,200,1,REVERSED,MANUAL_INTERVENTION_REQUIRED,AWAITING_ACK,194,394,248597,5,0,0.1546,0.0761,1,0,REFUND_UNCERTAINTY
16626.32,UPI,ICICI,PAYU,SUCCESS,SUCCESS,AUTHORIZED,CAPTURED,PAID,PROCESSING,DELIVERED,200,2,SETTLED,NONE,NONE,44310,46301,223064,10,0,0.3301,0.0756,1,0,DELAYED_CONFIRMATION
920.15,UPI,HDFC,CASHFREE,SUCCESS,SUCCESS,AUTHORIZED,CAPTURED,PAID,DELIVERED,DELIVERED,200,1,SETTLED,NONE,NONE,675,873,108982,14,0,1.1908,0.0359,1,0,NORMAL
413.84,UPI,KOTAK,BILLDESK,SUCCESS,SUCCESS,AUTHORIZED,CAPTURED,PAID,DELIVERED,DELIVERED,200,1,SETTLED,NONE,NONE,607,688,103194,18,0,-0.1378,0.0466,1,0,NORMAL
819.59,UPI,ICICI,STRIPE,SUCCESS,SUCCESS,AUTHORIZED,CAPTURED,PENDING_PAYMENT,UNFULFILLED,FAILED,500,4,ON_HOLD,NONE,NONE,329,498,47651,4,0,0.2609,0.0275,1,0,MISSING_WEBHOOK
473.62,WALLET,YES_BANK,BILLDESK,SUCCESS,FAILED,TIMEOUT,FAILED,CANCELLED,CANCELLED,NONE,504,1,ON_HOLD,INITIATED,NOT_INITIATED,753,67468,214470,7,0,-0.0133,0.0364,1,0,BANK_DEBIT_GATEWAY_FAILURE
1517.34,UPI,YES_BANK,STRIPE,SUCCESS,SUCCESS,AUTHORIZED,CAPTURED,PAID,DELIVERED,DELIVERED,200,1,SETTLED,NONE,NONE,601,873,192426,9,0,-0.2014,0.05,1,0,NORMAL
1623.86,UPI,AXIS,BILLDESK,SUCCESS,SUCCESS,AUTHORIZED,CAPTURED,PAID,PROCESSING,DELIVERED,200,1,PENDING,NONE,NONE,568,648,43188,1,0,-0.4201,0.0133,1,0,NORMAL
10795.48,UPI,YES_BANK,STRIPE,SUCCESS,SUCCESS,AUTHORIZED,CAPTURED,PAID,DELIVERED,DELIVERED,200,1,ON_HOLD,PROCESSED,CREDITED_TO_CUSTOMER,416,548,42911,6,3,1.2491,0.0684,1,1,DUPLICATE_PAYMENT
2681.6,CREDIT_CARD,INDUSIND,BILLDESK,SUCCESS,SUCCESS,AUTHORIZED,CAPTURED,PAID,PROCESSING,DELIVERED,200,1,PENDING,NONE,NONE,453,673,53391,1,0,-0.0423,0.0204,1,0,NORMAL
337.99,NET_BANKING,INDUSIND,BILLDESK,SUCCESS,SUCCESS,AUTHORIZED,CAPTURED,PAID,PROCESSING,DELIVERED,200,1,PENDING,NONE,NONE,251,543,56448,6,0,-0.2959,0.0401,1,0,NORMAL
1548.82,CREDIT_CARD,HDFC,STRIPE,SUCCESS,SUCCESS,AUTHORIZED,CAPTURED,PENDING_PAYMENT,UNFULFILLED,DROPPED,502,2,PENDING,NONE,NONE,585,805,92854,17,0,-0.1848,0.0495,1,0,MISSING_WEBHOOK
7039.99,UPI,INDUSIND,BILLDESK,SUCCESS,SUCCESS,AUTHORIZED,CAPTURED,PAID,DELIVERED,DELIVERED,200,1,SETTLED,NONE,NONE,671,813,137502,20,0,1.0114,0.0309,1,0,NORMAL
2054.42,DEBIT_CARD,YES_BANK,PAYU,SUCCESS,SUCCESS,AUTHORIZED,CAPTURED,PAID,PROCESSING,DELIVERED,200,1,PENDING,NONE,NONE,461,562,13595,21,0,-0.2663,0.0245,1,0,NORMAL
1689.79,UPI,YES_BANK,RAZORPAY,SUCCESS,SUCCESS,AUTHORIZED,CAPTURED,PAID,DELIVERED,DELIVERED,200,1,DISCREPANCY,NONE,NONE,481,687,214415,9,0,0.5717,0.0554,1,0,SETTLEMENT_MISMATCH
1354.33,UPI,SBI,CASHFREE,SUCCESS,SUCCESS,AUTHORIZED,CAPTURED,PAID,PROCESSING,DELIVERED,200,2,PENDING,NONE,NONE,387,497,21305,18,0,-0.2872,0.0413,1,0,NORMAL
3388.61,UPI,INDUSIND,PAYU,SUCCESS,SUCCESS,AUTHORIZED,CAPTURED,PAID,PROCESSING,DELIVERED,200,2,SETTLED,NONE,NONE,98672,103173,254447,13,0,-0.0318,0.0453,1,0,DELAYED_CONFIRMATION
4899.01,UPI,INDUSIND,CASHFREE,SUCCESS,SUCCESS,AUTHORIZED,CAPTURED,REFUNDED,RETURNED,DELIVERED,200,1,REVERSED,MANUAL_INTERVENTION_REQUIRED,AWAITING_ACK,574,845,218733,5,0,0.0206,0.0531,1,0,REFUND_UNCERTAINTY
746.68,UPI,INDUSIND,CASHFREE,SUCCESS,SUCCESS,AUTHORIZED,CAPTURED,PAID,PROCESSING,DELIVERED,200,1,PENDING,NONE,NONE,329,600,74319,19,0,-0.607,0.0567,1,0,NORMAL
1395.86,UPI,HDFC,STRIPE,SUCCESS,SUCCESS,AUTHORIZED,CAPTURED,REFUNDED,RETURNED,DELIVERED,200,1,REVERSED,FAILED,AWAITING_ACK,389,496,178173,19,0,-0.2653,0.0529,1,0,REFUND_UNCERTAINTY
4370.5,UPI,SBI,RAZORPAY,SUCCESS,SUCCESS,AUTHORIZED,CAPTURED,PAID,DELIVERED,DELIVERED,200,1,SETTLED,NONE,NONE,236,531,107703,2,1,0.5609,0.0193,1,0,NORMAL
3910.27,UPI,YES_BANK,BILLDESK,SUCCESS,SUCCESS,AUTHORIZED,CAPTURED,PAID,DELIVERED,DELIVERED,200,1,SETTLED,NONE,NONE,4287,5126,161473,22,0,0.1172,0.0384,1,0,NORMAL
2448.64,UPI,AXIS,CASHFREE,SUCCESS,SUCCESS,AUTHORIZED,CAPTURED,PAID,DELIVERED,DELIVERED,200,3,SETTLED,NONE,NONE,701,842,193456,5,0,2.7671,0.0326,1,0,NORMAL
19282.48,CREDIT_CARD,AXIS,PAYU,SUCCESS,SUCCESS,AUTHORIZED,CAPTURED,CANCELLED,CANCELLED,DELIVERED,200,1,ON_HOLD,INITIATED,NONE,357836,358740,13587,16,0,0.5426,0.0785,1,0,ORDER_PAYMENT_CONFLICT
3679.04,NET_BANKING,SBI,STRIPE,SUCCESS,SUCCESS,AUTHORIZED,CAPTURED,CANCELLED,CANCELLED,DELIVERED,200,1,ON_HOLD,NONE,NONE,253683,255799,48873,22,0,0.9363,0.0594,1,0,ORDER_PAYMENT_CONFLICT
569.58,NET_BANKING,PNB,RAZORPAY,SUCCESS,SUCCESS,AUTHORIZED,CAPTURED,EXPIRED,CANCELLED,DELIVERED,200,1,ON_HOLD,INITIATED,NONE,313479,314266,235109,8,0,-0.1237,0.0317,1,0,ORDER_PAYMENT_CONFLICT
2816.2,EMI,ICICI,PAYU,SUCCESS,SUCCESS,AUTHORIZED,CAPTURED,REFUNDED,RETURNED,DELIVERED,200,1,REVERSED,MANUAL_INTERVENTION_REQUIRED,NOT_INITIATED,426,665,163476,11,0,0.4822,0.0491,1,0,REFUND_UNCERTAINTY
235.09,UPI,PNB,STRIPE,SUCCESS,SUCCESS,AUTHORIZED,CAPTURED,EXPIRED,CANCELLED,DELIVERED,200,1,ON_HOLD,INITIATED,NONE,333381,334948,255823,21,0,-0.6383,0.032,1,0,ORDER_PAYMENT_CONFLICT
724.63,CREDIT_CARD,INDUSIND,CASHFREE,SUCCESS,SUCCESS,AUTHORIZED,CAPTURED,PAID,DELIVERED,DELIVERED,200,1,SETTLED,NONE,NONE,519,674,87834,0,0,-0.6186,0.0431,1,0,NORMAL
771.36,UPI,KOTAK,RAZORPAY,SUCCESS,SUCCESS,AUTHORIZED,CAPTURED,PAID,DELIVERED,DELIVERED,200,1,SETTLED,NONE,NONE,279,563,136547,3,0,0.607,0.0437,1,0,NORMAL
1555.48,UPI,YES_BANK,CASHFREE,SUCCESS,SUCCESS,AUTHORIZED,CAPTURED,PAID,PROCESSING,DELIVERED,200,1,SETTLED,NONE,NONE,50487,52000,257820,15,0,-0.4445,0.0232,1,0,DELAYED_CONFIRMATION
2706.8,UPI,AXIS,STRIPE,SUCCESS,SUCCESS,AUTHORIZED,CAPTURED,PAID,DELIVERED,DELIVERED,200,1,SETTLED,NONE,NONE,552,750,248543,6,0,1.4607,0.0441,1,0,NORMAL
4320.8,CREDIT_CARD,KOTAK,PAYU,PENDING,FAILED,AUTHORIZED,FAILED,PAID,CANCELLED,DROPPED,404,1,ON_HOLD,FAILED,REJECTED_BY_BANK,11978,75492,257423,20,1,-0.6543,0.0668,1,0,UNRESOLVED
456.23,UPI,YES_BANK,STRIPE,SUCCESS,SUCCESS,AUTHORIZED,PENDING,PAID,PROCESSING,DELIVERED,200,3,SETTLED,NONE,NONE,50008,54800,190975,9,0,-0.5852,0.0548,1,0,DELAYED_CONFIRMATION
1996.21,UPI,YES_BANK,PAYU,SUCCESS,SUCCESS,AUTHORIZED,CAPTURED,PAID,PROCESSING,DELIVERED,200,1,SETTLED,NONE,NONE,63469,65344,181368,19,0,-0.2871,0.0121,1,0,DELAYED_CONFIRMATION
1557.72,EMI,ICICI,PAYU,SUCCESS,SUCCESS,AUTHORIZED,CAPTURED,PAID,PROCESSING,RETRYING,200,3,SETTLED,NONE,NONE,93029,96261,181168,16,0,0.4161,0.0419,1,0,DELAYED_CONFIRMATION
1030.0,NET_BANKING,SBI,STRIPE,SUCCESS,SUCCESS,AUTHORIZED,CAPTURED,PAID,DELIVERED,DELIVERED,200,1,DISCREPANCY,NONE,NONE,701,865,224836,0,0,-0.5852,0.016,1,0,SETTLEMENT_MISMATCH
423.61,CREDIT_CARD,INDUSIND,CASHFREE,SUCCESS,SUCCESS,AUTHORIZED,CAPTURED,PAID,DELIVERED,DELIVERED,200,1,ON_HOLD,INITIATED,AWAITING_ACK,367,519,53953,23,4,-0.3483,0.021,1,1,DUPLICATE_PAYMENT
403.06,CREDIT_CARD,PNB,RAZORPAY,SUCCESS,SUCCESS,AUTHORIZED,CAPTURED,PAID,DELIVERED,DELIVERED,200,1,SETTLED,NONE,NONE,484,642,216272,23,0,-0.0403,0.0388,1,0,NORMAL
1628.12,UPI,PNB,CASHFREE,SUCCESS,SUCCESS,AUTHORIZED,CAPTURED,PAID,DELIVERED,DELIVERED,200,1,SETTLED,NONE,NONE,1630,2216,129668,21,0,-0.1431,0.0445,1,0,NORMAL
1011.15,DEBIT_CARD,HDFC,BILLDESK,SUCCESS,FAILED,FAILED,FAILED,CANCELLED,CANCELLED,NONE,504,1,ON_HOLD,NONE,NOT_INITIATED,1070,89247,49404,21,0,-0.0808,0.0432,1,0,BANK_DEBIT_GATEWAY_FAILURE
470.52,UPI,KOTAK,PAYU,SUCCESS,SUCCESS,AUTHORIZED,CAPTURED,PAID,DELIVERED,DELIVERED,200,1,SETTLED,NONE,NONE,595,715,257023,12,0,-0.0198,0.0406,1,0,NORMAL
493.58,UPI,YES_BANK,BILLDESK,SUCCESS,SUCCESS,AUTHORIZED,CAPTURED,PAID,PROCESSING,DELIVERED,200,1,PENDING,NONE,NONE,401,518,5924,23,0,-0.3145,0.0223,1,0,NORMAL
867.25,UPI,KOTAK,STRIPE,SUCCESS,FAILED,FAILED,NOT_REQUESTED,CANCELLED,CANCELLED,FAILED,504,1,ON_HOLD,PROCESSED,CREDITED_TO_CUSTOMER,921,88884,107671,14,0,-0.2116,0.0409,1,0,BANK_DEBIT_GATEWAY_FAILURE
3750.93,UPI,SBI,PAYU,SUCCESS,SUCCESS,AUTHORIZED,CAPTURED,EXPIRED,UNFULFILLED,TIMED_OUT,504,3,ON_HOLD,NONE,NONE,698,870,145889,22,0,0.3396,0.0141,1,0,MISSING_WEBHOOK
2441.13,UPI,PNB,PAYU,SUCCESS,SUCCESS,AUTHORIZED,CAPTURED,PAID,DELIVERED,DELIVERED,200,1,SETTLED,NONE,NONE,458,555,114834,3,0,-0.1282,0.0221,1,0,NORMAL
179.98,CREDIT_CARD,INDUSIND,CASHFREE,SUCCESS,SUCCESS,AUTHORIZED,CAPTURED,PAID,PROCESSING,DELIVERED,200,1,PENDING,NONE,NONE,402,496,77810,6,0,-0.5715,0.0439,1,0,NORMAL
636.87,CREDIT_CARD,KOTAK,BILLDESK,SUCCESS,SUCCESS,AUTHORIZED,CAPTURED,PAID,DELIVERED,DELIVERED,200,1,SETTLED,NONE,NONE,582,784,247145,5,0,-0.1155,0.023,1,0,NORMAL
639.76,CREDIT_CARD,HDFC,CASHFREE,SUCCESS,SUCCESS,AUTHORIZED,CAPTURED,EXPIRED,UNFULFILLED,DROPPED,500,2,PENDING,NONE,NONE,653,920,195051,18,0,-0.1114,0.0398,1,0,MISSING_WEBHOOK
8239.47,UPI,AXIS,CASHFREE,SUCCESS,SUCCESS,AUTHORIZED,CAPTURED,EXPIRED,UNFULFILLED,DROPPED,0,4,PENDING,NONE,NONE,434,549,57794,11,0,0.7166,0.0618,1,0,MISSING_WEBHOOK
1660.01,UPI,YES_BANK,BILLDESK,SUCCESS,SUCCESS,AUTHORIZED,CAPTURED,PAID,DELIVERED,DELIVERED,200,1,DISCREPANCY,NONE,NONE,594,797,139118,13,0,0.5412,0.051,1,0,SETTLEMENT_MISMATCH
808.77,CREDIT_CARD,KOTAK,RAZORPAY,SUCCESS,SUCCESS,AUTHORIZED,CAPTURED,CANCELLED,CANCELLED,DELIVERED,200,1,ON_HOLD,PROCESSED,NONE,317766,319282,197715,11,0,-0.2648,0.053,1,0,ORDER_PAYMENT_CONFLICT
2898.92,UPI,PNB,RAZORPAY,SUCCESS,SUCCESS,AUTHORIZED,FAILED,FAILED,UNFULFILLED,RETRYING,504,1,ON_HOLD,NONE,REJECTED_BY_BANK,43021,76896,237041,17,0,0.0353,0.016,1,0,UNRESOLVED
218.48,WALLET,HDFC,STRIPE,SUCCESS,SUCCESS,AUTHORIZED,CAPTURED,PAID,DELIVERED,DELIVERED,200,1,SETTLED,NONE,NONE,454,594,140082,18,0,-0.5448,0.0414,1,0,NORMAL
951.0,UPI,ICICI,STRIPE,SUCCESS,SUCCESS,AUTHORIZED,CAPTURED,PAID,DELIVERED,DELIVERED,200,1,ON_HOLD,NONE,AWAITING_ACK,525,637,163576,5,1,-0.4995,0.0485,1,1,DUPLICATE_PAYMENT
6889.57,DEBIT_CARD,ICICI,STRIPE,SUCCESS,SUCCESS,AUTHORIZED,CAPTURED,PAID,DELIVERED,DELIVERED,200,1,ON_HOLD,NONE,AWAITING_ACK,264,442,221700,8,3,-0.4488,0.0746,1,1,DUPLICATE_PAYMENT
2084.17,EMI,SBI,PAYU,SUCCESS,SUCCESS,AUTHORIZED,CAPTURED,PAID,DELIVERED,DELIVERED,200,1,SETTLED,NONE,NONE,346,562,141552,14,0,-0.4045,0.0433,1,0,NORMAL
216.26,UPI,YES_BANK,BILLDESK,SUCCESS,SUCCESS,AUTHORIZED,CAPTURED,PAID,DELIVERED,DELIVERED,200,1,SETTLED,NONE,NONE,2253,2980,177932,8,1,-0.4851,0.0366,1,0,NORMAL
808.46,UPI,PNB,BILLDESK,SUCCESS,SUCCESS,AUTHORIZED,CAPTURED,PAID,DELIVERED,DELIVERED,200,1,SETTLED,NONE,NONE,741,1015,178309,7,0,-0.265,0.0555,1,0,NORMAL
1923.04,CREDIT_CARD,YES_BANK,BILLDESK,SUCCESS,PENDING,NONE,FAILED,PENDING_PAYMENT,DELIVERED,DROPPED,404,1,DISCREPANCY,FAILED,AWAITING_ACK,47500,90931,15740,10,0,-0.4506,0.034,1,0,UNRESOLVED
2935.85,UPI,YES_BANK,BILLDESK,SUCCESS,SUCCESS,AUTHORIZED,CAPTURED,REFUNDED,RETURNED,DELIVERED,200,1,REVERSED,PENDING,NOT_INITIATED,185,268,66117,20,0,0.0485,0.0105,1,0,REFUND_UNCERTAINTY
2065.33,NET_BANKING,KOTAK,BILLDESK,SUCCESS,SUCCESS,AUTHORIZED,CAPTURED,PROCESSING,PROCESSING,DELIVERED,200,3,SETTLED,NONE,NONE,87819,89989,101614,19,0,0.087,0.0401,1,0,DELAYED_CONFIRMATION
993.96,UPI,INDUSIND,CASHFREE,SUCCESS,SUCCESS,AUTHORIZED,CAPTURED,CANCELLED,CANCELLED,DELIVERED,200,1,ON_HOLD,INITIATED,NONE,307156,309233,147316,6,0,0.3805,0.0207,1,0,ORDER_PAYMENT_CONFLICT
433.55,UPI,PNB,BILLDESK,PENDING,SUCCESS,AUTHORIZED,CAPTURED,PROCESSING,PROCESSING,DELIVERED,200,2,SETTLED,NONE,NONE,71352,73305,254717,9,0,-0.333,0.0316,1,0,DELAYED_CONFIRMATION
871.42,UPI,YES_BANK,RAZORPAY,SUCCESS,SUCCESS,AUTHORIZED,CAPTURED,PENDING_PAYMENT,UNFULFILLED,TIMED_OUT,504,2,ON_HOLD,NONE,NONE,318,612,35095,22,0,-0.2078,0.0445,1,0,MISSING_WEBHOOK
181.81,CREDIT_CARD,PNB,BILLDESK,SUCCESS,SUCCESS,AUTHORIZED,CAPTURED,PAID,DELIVERED,DELIVERED,200,1,ON_HOLD,PROCESSED,CREDITED_TO_CUSTOMER,379,671,292,18,1,-0.5671,0.0376,1,1,DUPLICATE_PAYMENT
2459.31,NET_BANKING,ICICI,CASHFREE,SUCCESS,SUCCESS,AUTHORIZED,CAPTURED,PAID,PROCESSING,DELIVERED,200,1,PENDING,NONE,NONE,220,334,25476,14,0,0.2944,0.0538,1,0,NORMAL
14281.36,NET_BANKING,KOTAK,CASHFREE,SUCCESS,SUCCESS,AUTHORIZED,CAPTURED,PAID,DELIVERED,DELIVERED,200,1,ON_HOLD,INITIATED,AWAITING_ACK,221,378,229986,16,4,3.0804,0.0362,1,1,DUPLICATE_PAYMENT
5838.64,WALLET,YES_BANK,CASHFREE,REVERSED,FAILED,TIMEOUT,AUTO_REFUNDED,CANCELLED,RETURNED,DELIVERED,200,1,DISCREPANCY,MANUAL_INTERVENTION_REQUIRED,REJECTED_BY_BANK,25543,70826,175104,6,2,2.073,0.0571,1,0,UNRESOLVED
14181.82,UPI,AXIS,CASHFREE,PENDING,SUCCESS,NONE,PENDING,PENDING_PAYMENT,DELIVERED,RETRYING,200,1,FAILED,FAILED,AWAITING_ACK,40214,19281,157606,3,0,1.9545,0.0515,1,0,UNRESOLVED
968.93,CREDIT_CARD,AXIS,RAZORPAY,SUCCESS,SUCCESS,AUTHORIZED,CAPTURED,EXPIRED,UNFULFILLED,DROPPED,404,4,ON_HOLD,NONE,NONE,202,340,49820,5,0,0.4907,0.0369,1,0,MISSING_WEBHOOK
2444.67,CREDIT_CARD,YES_BANK,BILLDESK,SUCCESS,SUCCESS,AUTHORIZED,CAPTURED,PAID,PROCESSING,DELIVERED,200,1,PENDING,NONE,NONE,733,925,79844,23,0,0.2867,0.0501,1,0,NORMAL
1226.14,CREDIT_CARD,PNB,STRIPE,SUCCESS,SUCCESS,AUTHORIZED,CAPTURED,PAID,DELIVERED,DELIVERED,200,1,SETTLED,NONE,NONE,2933,3398,240683,14,0,0.703,0.0257,1,0,NORMAL
2293.15,WALLET,INDUSIND,STRIPE,SUCCESS,FAILED,FAILED,FAILED,CANCELLED,CANCELLED,NONE,504,1,ON_HOLD,NONE,NOT_INITIATED,1109,58900,63258,0,0,-0.3448,0.0489,1,0,BANK_DEBIT_GATEWAY_FAILURE
687.91,NET_BANKING,KOTAK,STRIPE,SUCCESS,SUCCESS,AUTHORIZED,CAPTURED,CANCELLED,CANCELLED,DELIVERED,200,1,ON_HOLD,PROCESSED,NONE,291903,292919,22898,13,0,0.6379,0.0418,1,0,ORDER_PAYMENT_CONFLICT
5733.28,UPI,PNB,RAZORPAY,SUCCESS,SUCCESS,AUTHORIZED,CAPTURED,PAID,DELIVERED,DELIVERED,200,1,SETTLED,NONE,NONE,411,697,150526,8,0,0.1944,0.0545,1,0,NORMAL
6858.78,DEBIT_CARD,HDFC,RAZORPAY,SUCCESS,SUCCESS,AUTHORIZED,CAPTURED,PAID,DELIVERED,DELIVERED,200,1,SETTLED,NONE,NONE,462,550,211734,2,0,-0.4513,0.0689,1,0,NORMAL
2272.2,CREDIT_CARD,AXIS,RAZORPAY,PENDING,SUCCESS,AUTHORIZED,CAPTURED,PAID,PROCESSING,DELIVERED,200,3,SETTLED,NONE,NONE,37031,41696,114122,14,0,0.1959,0.0425,1,0,DELAYED_CONFIRMATION
660.33,UPI,KOTAK,PAYU,SUCCESS,TIMED_OUT,FAILED,FAILED,CANCELLED,CANCELLED,DELIVERED,200,1,ON_HOLD,NONE,NOT_INITIATED,504,50588,31093,14,0,-0.3997,0.0538,1,0,BANK_DEBIT_GATEWAY_FAILURE
536.35,UPI,HDFC,CASHFREE,SUCCESS,FAILED,TIMEOUT,AUTO_REFUNDED,CANCELLED,CANCELLED,FAILED,0,1,ON_HOLD,INITIATED,NOT_INITIATED,1320,51913,252807,1,0,-0.1748,0.0224,1,0,BANK_DEBIT_GATEWAY_FAILURE
237.05,CREDIT_CARD,YES_BANK,STRIPE,SUCCESS,SUCCESS,AUTHORIZED,CAPTURED,PAID,DELIVERED,DELIVERED,200,2,SETTLED,NONE,NONE,563,685,214594,12,0,-0.4356,0.0397,1,0,NORMAL
513.57,CREDIT_CARD,AXIS,STRIPE,SUCCESS,SUCCESS,AUTHORIZED,CAPTURED,CANCELLED,CANCELLED,DELIVERED,200,1,ON_HOLD,PROCESSED,NONE,266700,268968,103089,21,0,-0.5331,0.041,1,0,ORDER_PAYMENT_CONFLICT
4177.01,DEBIT_CARD,ICICI,PAYU,REVERSED,SUCCESS,NONE,CAPTURED,CANCELLED,RETURNED,FAILED,500,1,FAILED,PENDING,NOT_INITIATED,85658,115656,223310,5,2,0.4918,0.0113,1,0,UNRESOLVED
1217.47,DEBIT_CARD,ICICI,PAYU,SUCCESS,FAILED,TIMEOUT,CAPTURED,PENDING_PAYMENT,UNFULFILLED,DROPPED,0,1,FAILED,MANUAL_INTERVENTION_REQUIRED,REJECTED_BY_BANK,29589,120201,91845,17,3,1.5364,0.0444,1,0,UNRESOLVED
664.99,UPI,SBI,BILLDESK,SUCCESS,SUCCESS,AUTHORIZED,CAPTURED,PAID,DELIVERED,DELIVERED,200,1,SETTLED,NONE,NONE,428,608,200463,5,0,0.0231,0.0212,1,0,NORMAL
1937.36,CREDIT_CARD,INDUSIND,STRIPE,SUCCESS,SUCCESS,AUTHORIZED,CAPTURED,PAID,DELIVERED,DELIVERED,200,1,SETTLED,NONE,NONE,637,767,102261,9,0,-0.4465,0.0451,1,0,NORMAL
1090.32,UPI,YES_BANK,BILLDESK,SUCCESS,SUCCESS,AUTHORIZED,CAPTURED,REFUNDED,RETURNED,DELIVERED,200,1,REVERSED,PENDING,AWAITING_ACK,496,717,197648,8,0,0.5143,0.0295,1,0,REFUND_UNCERTAINTY
11808.04,CREDIT_CARD,KOTAK,BILLDESK,SUCCESS,SUCCESS,AUTHORIZED,CAPTURED,CANCELLED,CANCELLED,DELIVERED,200,1,ON_HOLD,INITIATED,NONE,343519,344149,44766,10,0,1.46,0.0554,1,0,ORDER_PAYMENT_CONFLICT
705.43,UPI,AXIS,STRIPE,PENDING,PENDING,NONE,PENDING,CANCELLED,UNFULFILLED,DROPPED,504,1,FAILED,NONE,NOT_INITIATED,5846,67766,140083,14,1,0.6796,0.0369,1,0,UNRESOLVED
1309.17,NET_BANKING,KOTAK,STRIPE,SUCCESS,SUCCESS,AUTHORIZED,CAPTURED,PAID,DELIVERED,DELIVERED,200,1,DISCREPANCY,NONE,NONE,195,330,28223,6,0,1.7988,0.042,1,0,SETTLEMENT_MISMATCH
1602.58,UPI,ICICI,RAZORPAY,SUCCESS,SUCCESS,AUTHORIZED,CAPTURED,PAID,PROCESSING,DELIVERED,200,1,PENDING,NONE,NONE,337,529,71661,21,1,1.4655,0.0307,1,0,NORMAL
2429.64,DEBIT_CARD,AXIS,BILLDESK,SUCCESS,SUCCESS,AUTHORIZED,CAPTURED,PAID,PROCESSING,DELIVERED,200,1,PENDING,NONE,NONE,304,484,42567,5,0,0.2788,0.0439,1,0,NORMAL
5814.73,NET_BANKING,ICICI,RAZORPAY,SUCCESS,SUCCESS,AUTHORIZED,CAPTURED,PAID,PROCESSING,DELIVERED,200,1,PENDING,NONE,NONE,201,383,68933,16,0,1.0767,0.0264,1,0,NORMAL
841.9,UPI,PNB,RAZORPAY,SUCCESS,SUCCESS,AUTHORIZED,CAPTURED,PAID,PROCESSING,DELIVERED,200,1,PENDING,NONE,NONE,289,426,53707,6,1,-0.5569,0.0525,1,0,NORMAL
1823.77,WALLET,AXIS,PAYU,SUCCESS,SUCCESS,AUTHORIZED,CAPTURED,PAID,DELIVERED,DELIVERED,200,1,SETTLED,NONE,NONE,591,841,193904,9,0,1.533,0.031,1,0,NORMAL
15787.59,CREDIT_CARD,PNB,CASHFREE,SUCCESS,SUCCESS,AUTHORIZED,CAPTURED,PAID,PROCESSING,DELIVERED,200,1,PENDING,NONE,NONE,580,879,25124,1,0,0.263,0.0617,1,0,NORMAL
507.29,UPI,AXIS,CASHFREE,SUCCESS,SUCCESS,AUTHORIZED,CAPTURED,PAID,DELIVERED,DELIVERED,200,1,SETTLED,NONE,NONE,1975,2762,238187,20,0,-0.5388,0.0572,1,0,NORMAL
681.8,CREDIT_CARD,ICICI,BILLDESK,PENDING,SUCCESS,AUTHORIZED,CAPTURED,PAID,PROCESSING,DELIVERED,200,3,SETTLED,NONE,NONE,109386,113091,96785,1,0,0.0489,0.026,1,0,DELAYED_CONFIRMATION
2128.38,WALLET,INDUSIND,CASHFREE,SUCCESS,SUCCESS,AUTHORIZED,CAPTURED,PAID,DELIVERED,DELIVERED,200,1,SETTLED,NONE,NONE,357,466,181242,1,0,-0.2399,0.0132,1,0,NORMAL
887.67,UPI,SBI,PAYU,SUCCESS,SUCCESS,AUTHORIZED,CAPTURED,PAID,DELIVERED,DELIVERED,200,1,SETTLED,NONE,NONE,654,765,145913,6,0,-0.193,0.0468,1,0,NORMAL
2937.87,UPI,AXIS,PAYU,SUCCESS,SUCCESS,AUTHORIZED,CAPTURED,PAID,PROCESSING,DELIVERED,200,1,PENDING,NONE,NONE,278,400,21616,16,0,-0.3879,0.0597,1,0,NORMAL
951.69,UPI,INDUSIND,STRIPE,SUCCESS,SUCCESS,AUTHORIZED,CAPTURED,PAID,PROCESSING,DELIVERED,200,1,PENDING,NONE,NONE,700,879,43921,2,0,-0.8017,0.0542,1,0,NORMAL
2480.85,UPI,PNB,STRIPE,SUCCESS,SUCCESS,AUTHORIZED,CAPTURED,PAID,DELIVERED,DELIVERED,200,3,SETTLED,NONE,NONE,671,966,230490,8,0,-0.2912,0.0416,1,0,NORMAL
20174.9,CREDIT_CARD,KOTAK,RAZORPAY,SUCCESS,SUCCESS,AUTHORIZED,CAPTURED,PAID,DELIVERED,DELIVERED,200,1,DISCREPANCY,NONE,NONE,708,946,187010,3,0,0.6832,0.0659,1,0,SETTLEMENT_MISMATCH
1787.76,CREDIT_CARD,KOTAK,BILLDESK,SUCCESS,SUCCESS,AUTHORIZED,CAPTURED,PAID,DELIVERED,DELIVERED,200,1,SETTLED,NONE,NONE,497,629,149593,21,0,-0.4892,0.0331,1,0,NORMAL
14913.44,UPI,AXIS,STRIPE,SUCCESS,SUCCESS,AUTHORIZED,CAPTURED,PAID,PROCESSING,DELIVERED,200,1,PENDING,NONE,NONE,293,412,7164,19,0,0.1931,0.0642,1,0,NORMAL
3221.82,UPI,YES_BANK,PAYU,SUCCESS,SUCCESS,AUTHORIZED,CAPTURED,PAID,DELIVERED,DELIVERED,200,1,DISCREPANCY,NONE,NONE,234,430,211242,4,0,3.5247,0.0237,1,0,SETTLEMENT_MISMATCH
4549.29,UPI,KOTAK,PAYU,SUCCESS,SUCCESS,AUTHORIZED,CAPTURED,PENDING_PAYMENT,UNFULFILLED,DROPPED,0,4,ON_HOLD,NONE,NONE,669,903,24920,4,0,0.6247,0.0138,1,0,MISSING_WEBHOOK
13130.35,DEBIT_CARD,HDFC,STRIPE,SUCCESS,SUCCESS,AUTHORIZED,CAPTURED,PAID,DELIVERED,DELIVERED,200,1,SETTLED,NONE,NONE,484,609,142746,20,0,0.0504,0.0669,1,0,NORMAL
14442.58,UPI,INDUSIND,RAZORPAY,SUCCESS,SUCCESS,AUTHORIZED,CAPTURED,PAID,DELIVERED,DELIVERED,200,1,SETTLED,NONE,NONE,3181,3743,155651,13,0,0.1554,0.0627,1,0,NORMAL
497.77,DEBIT_CARD,HDFC,CASHFREE,REVERSED,FAILED,AUTHORIZED,FAILED,PAID,RETURNED,FAILED,0,1,DISCREPANCY,MANUAL_INTERVENTION_REQUIRED,AWAITING_ACK,952,5219,10278,18,0,-0.5475,0.0549,1,0,UNRESOLVED
7907.07,CREDIT_CARD,KOTAK,CASHFREE,SUCCESS,SUCCESS,AUTHORIZED,CAPTURED,PAID,PROCESSING,DELIVERED,200,1,PENDING,NONE,NONE,212,416,72011,13,0,-0.3674,0.0768,1,0,NORMAL
2306.07,UPI,HDFC,RAZORPAY,SUCCESS,SUCCESS,AUTHORIZED,CAPTURED,REFUNDED,RETURNED,DELIVERED,200,1,REVERSED,MANUAL_INTERVENTION_REQUIRED,AWAITING_ACK,371,601,85183,20,0,1.0964,0.049,1,0,REFUND_UNCERTAINTY
1288.1,CREDIT_CARD,INDUSIND,CASHFREE,SUCCESS,SUCCESS,AUTHORIZED,CAPTURED,PAID,PROCESSING,DELIVERED,200,1,PENDING,NONE,NONE,395,619,34963,21,0,0.789,0.0338,1,0,NORMAL
5981.45,UPI,INDUSIND,BILLDESK,SUCCESS,TIMED_OUT,TIMEOUT,FAILED,EXPIRED,CANCELLED,FAILED,500,1,ON_HOLD,NONE,NOT_INITIATED,1189,49592,148838,5,0,-0.5215,0.0783,1,0,BANK_DEBIT_GATEWAY_FAILURE
1100.17,UPI,ICICI,RAZORPAY,SUCCESS,SUCCESS,AUTHORIZED,CAPTURED,PAID,DELIVERED,DELIVERED,200,1,DISCREPANCY,NONE,NONE,213,378,30194,4,0,-0.3656,0.054,1,0,SETTLEMENT_MISMATCH
8215.97,UPI,SBI,STRIPE,SUCCESS,SUCCESS,AUTHORIZED,CAPTURED,REFUNDED,RETURNED,DELIVERED,200,1,REVERSED,PENDING,NOT_INITIATED,521,637,198911,12,0,-0.3427,0.0671,1,0,REFUND_UNCERTAINTY
1874.59,NET_BANKING,AXIS,RAZORPAY,SUCCESS,SUCCESS,AUTHORIZED,PENDING,CANCELLED,CANCELLED,RETRYING,200,1,DISCREPANCY,PENDING,REJECTED_BY_BANK,92055,73075,209116,14,2,-0.0134,0.0498,1,0,UNRESOLVED
974.74,WALLET,KOTAK,BILLDESK,SUCCESS,SUCCESS,AUTHORIZED,CAPTURED,PAID,PROCESSING,DELIVERED,200,3,PENDING,NONE,NONE,337,483,25740,11,0,-0.1139,0.0418,1,0,NORMAL
1473.31,UPI,SBI,CASHFREE,DEBITED,FAILED,TIMEOUT,FAILED,CANCELLED,CANCELLED,NONE,500,1,ON_HOLD,NONE,NOT_INITIATED,983,78447,34414,13,0,-0.6931,0.0637,1,0,BANK_DEBIT_GATEWAY_FAILURE
1036.93,UPI,AXIS,CASHFREE,SUCCESS,SUCCESS,AUTHORIZED,CAPTURED,PAID,DELIVERED,DELIVERED,200,1,SETTLED,NONE,NONE,402,626,206392,14,0,-0.784,0.0535,1,0,NORMAL
407.81,CREDIT_CARD,PNB,PAYU,SUCCESS,SUCCESS,AUTHORIZED,CAPTURED,PAID,DELIVERED,DELIVERED,200,1,SETTLED,NONE,NONE,642,732,90384,11,1,-0.1504,0.0477,1,0,NORMAL
568.73,UPI,AXIS,RAZORPAY,REVERSED,FAILED,TIMEOUT,FAILED,FAILED,DELIVERED,DELIVERED,0,1,DISCREPANCY,MANUAL_INTERVENTION_REQUIRED,AWAITING_ACK,105240,86293,229027,13,3,-0.2101,0.023,1,0,UNRESOLVED
6652.17,UPI,KOTAK,CASHFREE,SUCCESS,PENDING,AUTHORIZED,CAPTURED,PAID,PROCESSING,RETRYING,200,3,SETTLED,NONE,NONE,61934,66865,108983,21,0,-0.4678,0.0631,1,0,DELAYED_CONFIRMATION
2820.69,UPI,ICICI,RAZORPAY,SUCCESS,SUCCESS,AUTHORIZED,CAPTURED,PAID,PROCESSING,DELIVERED,200,1,PENDING,NONE,NONE,736,868,65618,2,0,0.4846,0.0426,1,0,NORMAL
1286.58,UPI,INDUSIND,STRIPE,SUCCESS,SUCCESS,AUTHORIZED,CAPTURED,REFUNDED,RETURNED,DELIVERED,200,1,REVERSED,MANUAL_INTERVENTION_REQUIRED,AWAITING_ACK,685,786,249825,4,0,-0.732,0.0561,1,0,REFUND_UNCERTAINTY
2452.98,NET_BANKING,PNB,CASHFREE,SUCCESS,SUCCESS,AUTHORIZED,CAPTURED,CANCELLED,CANCELLED,DELIVERED,200,1,ON_HOLD,NONE,NONE,267178,269124,82479,19,0,1.23,0.0472,1,0,ORDER_PAYMENT_CONFLICT
862.13,UPI,SBI,PAYU,DEBITED,SUCCESS,NONE,PENDING,PENDING_PAYMENT,DELIVERED,DELIVERED,500,1,DISCREPANCY,PENDING,NOT_INITIATED,41461,24567,72458,22,3,-0.6921,0.028,1,0,UNRESOLVED
1285.9,CREDIT_CARD,KOTAK,RAZORPAY,SUCCESS,SUCCESS,AUTHORIZED,CAPTURED,PAID,DELIVERED,DELIVERED,200,1,ON_HOLD,PROCESSED,CREDITED_TO_CUSTOMER,357,505,7060,18,1,-0.3232,0.0405,1,1,DUPLICATE_PAYMENT
28035.29,UPI,INDUSIND,PAYU,SUCCESS,PENDING,AUTHORIZED,CAPTURED,PROCESSING,PROCESSING,DELIVERED,200,2,SETTLED,NONE,NONE,63744,66740,183016,2,0,1.2428,0.061,1,0,DELAYED_CONFIRMATION
7498.71,UPI,SBI,CASHFREE,SUCCESS,SUCCESS,AUTHORIZED,CAPTURED,REFUNDED,RETURNED,DELIVERED,200,1,REVERSED,PENDING,NOT_INITIATED,296,379,153398,13,0,-0.4001,0.0721,1,0,REFUND_UNCERTAINTY
1712.83,DEBIT_CARD,HDFC,BILLDESK,SUCCESS,FAILED,FAILED,PENDING,PAID,DELIVERED,DROPPED,404,1,DISCREPANCY,MANUAL_INTERVENTION_REQUIRED,REJECTED_BY_BANK,48596,122084,67442,21,3,-0.0985,0.0547,1,0,UNRESOLVED
880.32,CREDIT_CARD,PNB,RAZORPAY,REVERSED,FAILED,FAILED,CAPTURED,CANCELLED,RETURNED,FAILED,0,1,FAILED,NONE,NOT_INITIATED,68076,25404,196961,22,2,0.834,0.0327,1,0,UNRESOLVED
3391.46,UPI,HDFC,BILLDESK,SUCCESS,SUCCESS,AUTHORIZED,CAPTURED,PAID,DELIVERED,DELIVERED,200,1,DISCREPANCY,NONE,NONE,647,799,229594,5,0,0.002,0.0382,1,0,SETTLEMENT_MISMATCH
1029.9,UPI,YES_BANK,CASHFREE,DEBITED,SUCCESS,AUTHORIZED,CAPTURED,PAID,PROCESSING,DELIVERED,200,3,PENDING,NONE,NONE,82015,83477,38065,12,0,1.4521,0.0344,1,0,DELAYED_CONFIRMATION
331.44,DEBIT_CARD,YES_BANK,BILLDESK,SUCCESS,SUCCESS,AUTHORIZED,CAPTURED,REFUNDED,RETURNED,DELIVERED,200,1,REVERSED,MANUAL_INTERVENTION_REQUIRED,AWAITING_ACK,359,499,179244,13,0,-0.3095,0.0468,1,0,REFUND_UNCERTAINTY
588.09,UPI,HDFC,RAZORPAY,SUCCESS,SUCCESS,AUTHORIZED,CAPTURED,PAID,DELIVERED,DELIVERED,200,1,SETTLED,NONE,NONE,653,778,173458,23,1,0.2252,0.0351,1,0,NORMAL
9183.5,UPI,YES_BANK,RAZORPAY,SUCCESS,SUCCESS,AUTHORIZED,CAPTURED,PAID,DELIVERED,DELIVERED,200,1,SETTLED,NONE,NONE,252,534,145821,10,0,-0.2653,0.0715,1,0,NORMAL
6805.19,CREDIT_CARD,HDFC,BILLDESK,REVERSED,PENDING,FAILED,FAILED,PENDING_PAYMENT,CANCELLED,DELIVERED,200,1,FAILED,NONE,NOT_INITIATED,27301,105465,126825,21,1,0.4177,0.0669,1,0,UNRESOLVED
7716.2,UPI,KOTAK,BILLDESK,SUCCESS,SUCCESS,AUTHORIZED,CAPTURED,PAID,DELIVERED,DELIVERED,200,1,SETTLED,NONE,NONE,293,518,130047,3,0,1.2046,0.0461,1,0,NORMAL
3953.0,UPI,PNB,BILLDESK,SUCCESS,SUCCESS,AUTHORIZED,CAPTURED,PAID,PROCESSING,DELIVERED,200,1,PENDING,NONE,NONE,328,461,34377,8,0,1.0805,0.0556,1,0,NORMAL
223.52,UPI,HDFC,BILLDESK,REVERSED,SUCCESS,AUTHORIZED,CAPTURED,REFUNDED,RETURNED,DELIVERED,200,1,REVERSED,PENDING,AWAITING_ACK,463,605,9726,19,0,-0.4678,0.0326,1,0,REFUND_UNCERTAINTY
4975.16,WALLET,ICICI,CASHFREE,SUCCESS,SUCCESS,AUTHORIZED,CAPTURED,PAID,DELIVERED,DELIVERED,200,1,ON_HOLD,PROCESSED,CREDITED_TO_CUSTOMER,502,600,99033,5,3,1.6185,0.0455,1,1,DUPLICATE_PAYMENT
383.28,WALLET,HDFC,STRIPE,SUCCESS,SUCCESS,AUTHORIZED,CAPTURED,PAID,PROCESSING,DELIVERED,200,1,PENDING,NONE,NONE,299,570,25191,22,1,-0.0874,0.0386,1,0,NORMAL
840.34,UPI,HDFC,RAZORPAY,SUCCESS,SUCCESS,AUTHORIZED,CAPTURED,CANCELLED,CANCELLED,DELIVERED,200,1,ON_HOLD,PROCESSED,NONE,268638,269907,207459,19,0,0.1671,0.0348,1,0,ORDER_PAYMENT_CONFLICT
18980.83,CREDIT_CARD,YES_BANK,PAYU,DEBITED,FAILED,TIMEOUT,FAILED,EXPIRED,CANCELLED,FAILED,500,1,ON_HOLD,NONE,NOT_INITIATED,475,51796,204413,3,0,0.5185,0.0742,1,0,BANK_DEBIT_GATEWAY_FAILURE
6094.12,NET_BANKING,YES_BANK,STRIPE,SUCCESS,SUCCESS,AUTHORIZED,CAPTURED,PAID,DELIVERED,DELIVERED,200,1,SETTLED,NONE,NONE,617,697,100106,9,0,0.7412,0.0342,1,0,NORMAL
4345.01,UPI,AXIS,CASHFREE,SUCCESS,SUCCESS,AUTHORIZED,CAPTURED,CANCELLED,CANCELLED,DELIVERED,200,1,ON_HOLD,PROCESSED,NONE,292148,293017,248123,0,0,0.2414,0.0436,1,0,ORDER_PAYMENT_CONFLICT
2283.96,CREDIT_CARD,HDFC,STRIPE,SUCCESS,SUCCESS,AUTHORIZED,CAPTURED,PAID,DELIVERED,DELIVERED,200,1,DISCREPANCY,NONE,NONE,264,447,193855,22,0,-0.7596,0.0742,1,0,SETTLEMENT_MISMATCH
2502.4,UPI,KOTAK,STRIPE,SUCCESS,SUCCESS,AUTHORIZED,CAPTURED,REFUNDED,RETURNED,DELIVERED,200,1,REVERSED,FAILED,REJECTED_BY_BANK,747,1027,190111,22,0,0.3171,0.06,1,0,REFUND_UNCERTAINTY
4443.73,UPI,SBI,BILLDESK,SUCCESS,SUCCESS,AUTHORIZED,CAPTURED,PAID,PROCESSING,DELIVERED,200,1,PENDING,NONE,NONE,314,444,4233,12,0,-0.0742,0.0502,1,0,NORMAL
858.99,UPI,AXIS,STRIPE,SUCCESS,SUCCESS,AUTHORIZED,CAPTURED,PAID,PROCESSING,DELIVERED,200,1,PENDING,NONE,NONE,305,448,44275,4,1,1.0452,0.0305,1,0,NORMAL
14884.61,CREDIT_CARD,INDUSIND,STRIPE,SUCCESS,SUCCESS,AUTHORIZED,CAPTURED,PAID,DELIVERED,DELIVERED,200,1,SETTLED,NONE,NONE,510,750,166569,20,0,2.101,0.0593,1,0,NORMAL
4534.62,DEBIT_CARD,AXIS,STRIPE,SUCCESS,SUCCESS,AUTHORIZED,CAPTURED,REFUNDED,RETURNED,DELIVERED,200,1,REVERSED,MANUAL_INTERVENTION_REQUIRED,REJECTED_BY_BANK,289,383,209733,4,0,0.2956,0.0396,1,0,REFUND_UNCERTAINTY
2886.81,UPI,YES_BANK,STRIPE,SUCCESS,SUCCESS,AUTHORIZED,CAPTURED,PAID,PROCESSING,DELIVERED,200,1,PENDING,NONE,NONE,199,350,85925,16,0,0.031,0.0294,1,0,NORMAL
568.15,NET_BANKING,AXIS,RAZORPAY,SUCCESS,SUCCESS,AUTHORIZED,CAPTURED,PAID,PROCESSING,DELIVERED,200,1,PENDING,NONE,NONE,434,571,1111,21,0,0.1836,0.049,1,0,NORMAL
1829.65,DEBIT_CARD,HDFC,RAZORPAY,SUCCESS,SUCCESS,AUTHORIZED,CAPTURED,PAID,DELIVERED,DELIVERED,200,1,SETTLED,NONE,NONE,187,363,136956,6,0,-0.4772,0.0433,1,0,NORMAL
4801.24,DEBIT_CARD,HDFC,STRIPE,SUCCESS,SUCCESS,AUTHORIZED,CAPTURED,PENDING_PAYMENT,UNFULFILLED,FAILED,502,3,PENDING,NONE,NONE,219,519,124834,14,0,-0.6159,0.0784,1,0,MISSING_WEBHOOK
12594.8,UPI,SBI,RAZORPAY,SUCCESS,SUCCESS,AUTHORIZED,CAPTURED,PAID,DELIVERED,DELIVERED,200,1,SETTLED,NONE,NONE,440,641,213367,6,0,0.0076,0.061,1,0,NORMAL
536.5,NET_BANKING,INDUSIND,CASHFREE,SUCCESS,SUCCESS,AUTHORIZED,CAPTURED,PAID,DELIVERED,DELIVERED,200,1,SETTLED,NONE,NONE,2487,2945,220340,1,0,-0.1746,0.0338,1,0,NORMAL
637.42,DEBIT_CARD,AXIS,PAYU,SUCCESS,SUCCESS,AUTHORIZED,CAPTURED,PAID,PROCESSING,DELIVERED,200,1,PENDING,NONE,NONE,424,611,12547,3,0,-0.4205,0.0485,1,0,NORMAL
4713.74,UPI,HDFC,BILLDESK,SUCCESS,SUCCESS,AUTHORIZED,PENDING,PAID,PROCESSING,DELIVERED,200,2,SETTLED,NONE,NONE,47792,50614,212554,20,0,0.3468,0.0476,1,0,DELAYED_CONFIRMATION
4523.0,UPI,KOTAK,BILLDESK,SUCCESS,SUCCESS,AUTHORIZED,CAPTURED,CANCELLED,CANCELLED,DELIVERED,200,1,ON_HOLD,NONE,NONE,262241,263912,54794,23,0,-0.6382,0.0627,1,0,ORDER_PAYMENT_CONFLICT
743.34,CREDIT_CARD,INDUSIND,STRIPE,SUCCESS,SUCCESS,AUTHORIZED,CAPTURED,PAID,DELIVERED,DELIVERED,200,1,ON_HOLD,PROCESSED,CREDITED_TO_CUSTOMER,193,406,35683,13,2,0.5486,0.0399,1,1,DUPLICATE_PAYMENT
6973.17,UPI,PNB,PAYU,SUCCESS,SUCCESS,AUTHORIZED,CAPTURED,REFUNDED,RETURNED,DELIVERED,200,1,REVERSED,MANUAL_INTERVENTION_REQUIRED,AWAITING_ACK,466,748,105628,14,0,-0.4421,0.0639,1,0,REFUND_UNCERTAINTY
4336.82,UPI,SBI,PAYU,SUCCESS,SUCCESS,AUTHORIZED,CAPTURED,REFUNDED,RETURNED,DELIVERED,200,1,REVERSED,MANUAL_INTERVENTION_REQUIRED,AWAITING_ACK,245,385,132604,23,0,-0.0965,0.051,1,0,REFUND_UNCERTAINTY
3024.16,UPI,ICICI,STRIPE,SUCCESS,SUCCESS,AUTHORIZED,CAPTURED,PAID,DELIVERED,DELIVERED,200,1,SETTLED,NONE,NONE,461,590,174958,0,0,-0.37,0.0611,1,0,NORMAL
11729.23,UPI,HDFC,PAYU,SUCCESS,SUCCESS,AUTHORIZED,PENDING,PENDING_PAYMENT,PROCESSING,DELIVERED,200,3,PENDING,NONE,NONE,54053,57377,24709,12,0,1.4436,0.0595,1,0,DELAYED_CONFIRMATION
964.75,UPI,PNB,CASHFREE,SUCCESS,PENDING,AUTHORIZED,CAPTURED,PROCESSING,PROCESSING,DELIVERED,200,2,PENDING,NONE,NONE,62416,64719,7100,18,0,-0.123,0.0499,1,0,DELAYED_CONFIRMATION
5674.67,UPI,KOTAK,RAZORPAY,SUCCESS,SUCCESS,AUTHORIZED,CAPTURED,PAID,DELIVERED,DELIVERED,200,1,SETTLED,NONE,NONE,274,444,206861,11,0,0.1822,0.0602,1,0,NORMAL
173.39,UPI,PNB,RAZORPAY,DEBITED,SUCCESS,FAILED,PENDING,CANCELLED,DELIVERED,DROPPED,200,1,FAILED,FAILED,NOT_INITIATED,11627,67329,202855,16,3,-0.5872,0.0309,1,0,UNRESOLVED
18870.64,DEBIT_CARD,INDUSIND,STRIPE,SUCCESS,SUCCESS,AUTHORIZED,CAPTURED,PAID,PROCESSING,RETRYING,200,1,SETTLED,NONE,NONE,57516,60387,187795,16,0,2.9314,0.0557,1,0,DELAYED_CONFIRMATION
853.07,UPI,AXIS,CASHFREE,SUCCESS,SUCCESS,AUTHORIZED,CAPTURED,PAID,DELIVERED,DELIVERED,200,1,ON_HOLD,INITIATED,AWAITING_ACK,562,740,28980,17,1,-0.551,0.0462,1,1,DUPLICATE_PAYMENT
3705.95,DEBIT_CARD,KOTAK,CASHFREE,SUCCESS,FAILED,TIMEOUT,FAILED,CANCELLED,CANCELLED,DELIVERED,200,1,ON_HOLD,NONE,NOT_INITIATED,719,65287,80466,8,0,-0.2279,0.0665,1,0,BANK_DEBIT_GATEWAY_FAILURE
433.28,NET_BANKING,PNB,STRIPE,SUCCESS,SUCCESS,AUTHORIZED,CAPTURED,REFUNDED,RETURNED,DELIVERED,200,1,REVERSED,PENDING,AWAITING_ACK,510,752,84460,7,0,-0.3982,0.0229,1,0,REFUND_UNCERTAINTY
14064.32,CREDIT_CARD,PNB,STRIPE,SUCCESS,SUCCESS,AUTHORIZED,CAPTURED,PAID,DELIVERED,DELIVERED,200,1,SETTLED,NONE,NONE,192,359,124706,12,0,0.1251,0.0765,1,0,NORMAL
876.24,CREDIT_CARD,YES_BANK,CASHFREE,SUCCESS,SUCCESS,AUTHORIZED,CAPTURED,CANCELLED,CANCELLED,DELIVERED,200,1,ON_HOLD,PROCESSED,NONE,287731,289467,25317,3,0,0.3481,0.0216,1,0,ORDER_PAYMENT_CONFLICT
10942.56,CREDIT_CARD,YES_BANK,BILLDESK,SUCCESS,SUCCESS,AUTHORIZED,CAPTURED,CANCELLED,CANCELLED,DELIVERED,200,1,ON_HOLD,PROCESSED,NONE,268917,270951,225292,20,0,-0.1246,0.0725,1,0,ORDER_PAYMENT_CONFLICT
473.3,UPI,YES_BANK,PAYU,SUCCESS,SUCCESS,AUTHORIZED,CAPTURED,PAID,DELIVERED,DELIVERED,200,1,SETTLED,NONE,NONE,264,453,193848,7,0,-0.5697,0.0574,1,0,NORMAL
2947.07,CREDIT_CARD,SBI,RAZORPAY,SUCCESS,SUCCESS,AUTHORIZED,CAPTURED,PAID,DELIVERED,DELIVERED,200,1,SETTLED,NONE,NONE,633,806,113503,23,0,0.0525,0.0125,1,0,NORMAL
1914.4,UPI,AXIS,RAZORPAY,SUCCESS,SUCCESS,AUTHORIZED,CAPTURED,EXPIRED,UNFULFILLED,FAILED,404,4,PENDING,NONE,NONE,591,958,214083,15,0,-0.453,0.0447,1,0,MISSING_WEBHOOK
2735.88,UPI,PNB,STRIPE,SUCCESS,SUCCESS,AUTHORIZED,CAPTURED,PAID,DELIVERED,DELIVERED,200,1,DISCREPANCY,NONE,NONE,386,678,107113,10,0,-0.1433,0.0349,1,0,SETTLEMENT_MISMATCH
545.66,DEBIT_CARD,YES_BANK,STRIPE,SUCCESS,SUCCESS,AUTHORIZED,CAPTURED,CANCELLED,CANCELLED,DELIVERED,200,1,ON_HOLD,NONE,NONE,306535,308542,136583,9,0,0.2992,0.0482,1,0,ORDER_PAYMENT_CONFLICT
533.31,UPI,SBI,CASHFREE,DEBITED,FAILED,TIMEOUT,FAILED,CANCELLED,CANCELLED,DELIVERED,200,1,ON_HOLD,INITIATED,NOT_INITIATED,959,68289,16753,10,0,0.1111,0.0485,1,0,BANK_DEBIT_GATEWAY_FAILURE
1430.03,UPI,HDFC,RAZORPAY,SUCCESS,SUCCESS,AUTHORIZED,PENDING,PAID,PROCESSING,DELIVERED,200,3,PENDING,NONE,NONE,73679,76727,22499,15,0,0.3,0.0591,1,0,DELAYED_CONFIRMATION
1430.25,DEBIT_CARD,YES_BANK,STRIPE,SUCCESS,SUCCESS,AUTHORIZED,CAPTURED,PAID,DELIVERED,DELIVERED,200,1,SETTLED,NONE,NONE,724,949,121339,12,0,-0.4892,0.0214,1,0,NORMAL
971.91,DEBIT_CARD,KOTAK,PAYU,SUCCESS,SUCCESS,AUTHORIZED,CAPTURED,PAID,DELIVERED,DELIVERED,200,1,SETTLED,NONE,NONE,552,739,245066,8,0,0.4952,0.0324,1,0,NORMAL
6221.09,UPI,HDFC,RAZORPAY,SUCCESS,SUCCESS,AUTHORIZED,CAPTURED,PAID,DELIVERED,DELIVERED,200,1,ON_HOLD,INITIATED,AWAITING_ACK,230,359,189157,4,1,0.2961,0.0614,1,1,DUPLICATE_PAYMENT
1205.33,UPI,SBI,RAZORPAY,SUCCESS,SUCCESS,AUTHORIZED,CAPTURED,PAID,DELIVERED,DELIVERED,200,1,SETTLED,NONE,NONE,541,765,193086,10,0,-0.3656,0.0532,1,0,NORMAL
2804.09,DEBIT_CARD,AXIS,PAYU,SUCCESS,SUCCESS,AUTHORIZED,CAPTURED,PAID,PROCESSING,DELIVERED,200,1,PENDING,NONE,NONE,391,612,25189,4,1,0.4758,0.0598,1,0,NORMAL
612.76,UPI,HDFC,STRIPE,SUCCESS,SUCCESS,AUTHORIZED,CAPTURED,PAID,DELIVERED,DELIVERED,200,1,SETTLED,NONE,NONE,360,513,205315,20,0,-0.0573,0.0246,1,0,NORMAL
424.1,CREDIT_CARD,AXIS,PAYU,SUCCESS,SUCCESS,AUTHORIZED,CAPTURED,PAID,DELIVERED,DELIVERED,200,1,SETTLED,NONE,NONE,425,649,237851,10,0,-0.7768,0.0575,1,0,NORMAL
4387.03,UPI,HDFC,BILLDESK,SUCCESS,TIMED_OUT,TIMEOUT,FAILED,CANCELLED,CANCELLED,DELIVERED,200,1,ON_HOLD,INITIATED,NOT_INITIATED,1009,88364,225125,19,0,-0.086,0.0568,1,0,BANK_DEBIT_GATEWAY_FAILURE
4853.34,DEBIT_CARD,SBI,RAZORPAY,SUCCESS,SUCCESS,AUTHORIZED,CAPTURED,PAID,PROCESSING,DELIVERED,200,1,PENDING,NONE,NONE,388,540,24560,11,0,0.0111,0.0599,1,0,NORMAL
9693.67,DEBIT_CARD,HDFC,RAZORPAY,SUCCESS,SUCCESS,AUTHORIZED,CAPTURED,PAID,DELIVERED,DELIVERED,200,1,ON_HOLD,PROCESSED,CREDITED_TO_CUSTOMER,688,887,187816,22,3,-0.2245,0.0785,1,1,DUPLICATE_PAYMENT
4496.98,DEBIT_CARD,PNB,STRIPE,SUCCESS,SUCCESS,AUTHORIZED,CAPTURED,PAID,DELIVERED,DELIVERED,200,3,SETTLED,NONE,NONE,4277,4665,117082,10,0,-0.6402,0.0702,1,0,NORMAL
3972.45,UPI,INDUSIND,RAZORPAY,SUCCESS,TIMED_OUT,TIMEOUT,FAILED,CANCELLED,CANCELLED,DELIVERED,200,1,ON_HOLD,NONE,NOT_INITIATED,700,90978,176638,19,0,1.0908,0.0599,1,0,BANK_DEBIT_GATEWAY_FAILURE
3527.5,UPI,INDUSIND,RAZORPAY,SUCCESS,SUCCESS,AUTHORIZED,CAPTURED,REFUNDED,RETURNED,DELIVERED,200,1,REVERSED,MANUAL_INTERVENTION_REQUIRED,AWAITING_ACK,714,992,248351,14,0,0.0079,0.0462,1,0,REFUND_UNCERTAINTY
1019.76,UPI,PNB,CASHFREE,SUCCESS,SUCCESS,AUTHORIZED,CAPTURED,PAID,DELIVERED,DELIVERED,200,1,SETTLED,NONE,NONE,481,778,246186,5,0,0.5689,0.039,1,0,NORMAL
4669.86,UPI,KOTAK,RAZORPAY,PENDING,PENDING,FAILED,PENDING,CANCELLED,DELIVERED,FAILED,200,1,ON_HOLD,FAILED,AWAITING_ACK,101215,106247,106133,23,3,0.3342,0.0343,1,0,UNRESOLVED
363.35,DEBIT_CARD,ICICI,BILLDESK,SUCCESS,SUCCESS,AUTHORIZED,CAPTURED,PAID,PROCESSING,DELIVERED,200,1,PENDING,NONE,NONE,467,576,58578,23,1,-0.1349,0.0486,1,0,NORMAL
400.74,UPI,KOTAK,PAYU,SUCCESS,SUCCESS,AUTHORIZED,CAPTURED,EXPIRED,UNFULFILLED,DROPPED,404,5,ON_HOLD,NONE,NONE,741,940,247988,2,0,-0.0459,0.0453,1,0,MISSING_WEBHOOK
4119.39,UPI,KOTAK,CASHFREE,SUCCESS,SUCCESS,AUTHORIZED,CAPTURED,PAID,DELIVERED,DELIVERED,200,1,SETTLED,NONE,NONE,413,590,209798,10,0,1.1681,0.0586,1,0,NORMAL
405.49,UPI,HDFC,STRIPE,SUCCESS,SUCCESS,AUTHORIZED,CAPTURED,CANCELLED,CANCELLED,DELIVERED,200,1,ON_HOLD,INITIATED,NONE,295836,297623,154427,8,0,-0.1552,0.0498,1,0,ORDER_PAYMENT_CONFLICT
975.82,EMI,AXIS,BILLDESK,SUCCESS,SUCCESS,AUTHORIZED,CAPTURED,PENDING_PAYMENT,PROCESSING,DELIVERED,200,3,SETTLED,NONE,NONE,43603,48878,224922,14,0,-0.7212,0.0323,1,0,DELAYED_CONFIRMATION
1235.82,CREDIT_CARD,KOTAK,STRIPE,SUCCESS,FAILED,FAILED,AUTO_REFUNDED,CANCELLED,CANCELLED,NONE,504,1,ON_HOLD,NONE,NOT_INITIATED,1068,51649,79479,3,0,1.9424,0.0477,1,0,BANK_DEBIT_GATEWAY_FAILURE
733.63,DEBIT_CARD,INDUSIND,STRIPE,SUCCESS,SUCCESS,AUTHORIZED,CAPTURED,PAID,DELIVERED,DELIVERED,200,1,DISCREPANCY,NONE,NONE,733,828,258001,4,0,0.5718,0.0349,1,0,SETTLEMENT_MISMATCH
4840.48,UPI,INDUSIND,CASHFREE,SUCCESS,SUCCESS,AUTHORIZED,CAPTURED,PAID,DELIVERED,DELIVERED,200,1,SETTLED,NONE,NONE,733,924,155071,1,0,-0.6128,0.0699,1,0,NORMAL
2317.43,CREDIT_CARD,PNB,STRIPE,SUCCESS,SUCCESS,AUTHORIZED,CAPTURED,PAID,DELIVERED,DELIVERED,200,1,SETTLED,NONE,NONE,349,586,112271,20,0,-0.1723,0.0142,1,0,NORMAL
1220.12,UPI,KOTAK,STRIPE,SUCCESS,SUCCESS,AUTHORIZED,CAPTURED,PAID,DELIVERED,DELIVERED,200,1,SETTLED,NONE,NONE,4490,5220,247729,3,0,0.8771,0.036,1,0,NORMAL
1155.41,UPI,AXIS,PAYU,SUCCESS,SUCCESS,AUTHORIZED,CAPTURED,PAID,DELIVERED,DELIVERED,200,1,SETTLED,NONE,NONE,277,467,137158,16,0,-0.3919,0.0531,1,0,NORMAL
29278.32,UPI,KOTAK,PAYU,SUCCESS,SUCCESS,AUTHORIZED,CAPTURED,PROCESSING,PROCESSING,RETRYING,200,3,SETTLED,NONE,NONE,70157,74950,211074,1,0,1.3423,0.063,1,0,DELAYED_CONFIRMATION
17595.04,UPI,YES_BANK,CASHFREE,SUCCESS,SUCCESS,AUTHORIZED,CAPTURED,PAID,DELIVERED,DELIVERED,200,1,SETTLED,NONE,NONE,1523,2004,160795,10,0,2.6656,0.0639,1,0,NORMAL
1447.04,CREDIT_CARD,YES_BANK,STRIPE,SUCCESS,FAILED,NONE,CAPTURED,PENDING_PAYMENT,UNFULFILLED,DELIVERED,500,1,DISCREPANCY,PENDING,NOT_INITIATED,99474,52172,21224,10,1,-0.2384,0.056,1,0,UNRESOLVED
30445.69,DEBIT_CARD,KOTAK,BILLDESK,SUCCESS,SUCCESS,AUTHORIZED,CAPTURED,PAID,DELIVERED,DELIVERED,200,1,SETTLED,NONE,NONE,1429,2074,252986,17,1,5.3429,0.0578,1,0,NORMAL
3126.38,UPI,PNB,BILLDESK,SUCCESS,FAILED,FAILED,AUTO_REFUNDED,FAILED,CANCELLED,DELIVERED,504,1,DISCREPANCY,FAILED,AWAITING_ACK,81319,7264,96369,10,0,1.8422,0.0583,1,0,UNRESOLVED
412.15,UPI,YES_BANK,STRIPE,SUCCESS,SUCCESS,AUTHORIZED,CAPTURED,PAID,PROCESSING,DELIVERED,200,1,PENDING,NONE,NONE,213,385,13860,6,0,-0.0187,0.0302,1,0,NORMAL
641.49,CREDIT_CARD,INDUSIND,STRIPE,SUCCESS,SUCCESS,AUTHORIZED,CAPTURED,PAID,PROCESSING,DELIVERED,200,1,PENDING,NONE,NONE,405,571,3158,18,0,-0.4168,0.059,1,0,NORMAL
1346.96,CREDIT_CARD,PNB,CASHFREE,SUCCESS,SUCCESS,AUTHORIZED,CAPTURED,PAID,DELIVERED,DELIVERED,200,1,DISCREPANCY,NONE,NONE,425,723,113498,20,0,2.2692,0.0394,1,0,SETTLEMENT_MISMATCH
2658.66,CREDIT_CARD,ICICI,BILLDESK,SUCCESS,SUCCESS,AUTHORIZED,CAPTURED,PENDING_PAYMENT,UNFULFILLED,FAILED,504,2,PENDING,NONE,NONE,224,429,141751,13,0,-0.4461,0.0522,1,0,MISSING_WEBHOOK
635.13,UPI,INDUSIND,BILLDESK,SUCCESS,SUCCESS,AUTHORIZED,CAPTURED,PAID,DELIVERED,DELIVERED,200,1,SETTLED,NONE,NONE,361,484,180054,1,0,-0.1179,0.0266,1,0,NORMAL
4405.5,UPI,INDUSIND,RAZORPAY,SUCCESS,SUCCESS,AUTHORIZED,CAPTURED,PAID,DELIVERED,DELIVERED,200,1,SETTLED,NONE,NONE,475,750,218811,9,1,0.5734,0.0137,1,0,NORMAL
2425.96,CREDIT_CARD,SBI,RAZORPAY,SUCCESS,SUCCESS,AUTHORIZED,CAPTURED,CANCELLED,CANCELLED,DELIVERED,200,1,ON_HOLD,NONE,NONE,337452,339237,220739,5,0,1.2054,0.0511,1,0,ORDER_PAYMENT_CONFLICT
10975.84,UPI,ICICI,BILLDESK,SUCCESS,SUCCESS,AUTHORIZED,CAPTURED,PAID,DELIVERED,DELIVERED,200,1,DISCREPANCY,NONE,NONE,639,820,12445,0,0,1.3407,0.058,1,0,SETTLEMENT_MISMATCH
2009.78,UPI,INDUSIND,BILLDESK,SUCCESS,SUCCESS,AUTHORIZED,CAPTURED,PROCESSING,PROCESSING,SCHEDULED,200,3,PENDING,NONE,NONE,88040,93388,24345,4,0,-0.4258,0.038,1,0,DELAYED_CONFIRMATION
1140.78,CREDIT_CARD,SBI,CASHFREE,SUCCESS,SUCCESS,AUTHORIZED,CAPTURED,CANCELLED,UNFULFILLED,FAILED,500,4,ON_HOLD,NONE,NONE,441,729,225747,8,0,1.7161,0.0322,1,0,MISSING_WEBHOOK
2047.68,DEBIT_CARD,HDFC,STRIPE,SUCCESS,SUCCESS,AUTHORIZED,CAPTURED,REFUNDED,RETURNED,DELIVERED,200,1,REVERSED,FAILED,AWAITING_ACK,456,725,226043,23,0,0.0777,0.0518,1,0,REFUND_UNCERTAINTY
2859.57,CREDIT_CARD,YES_BANK,CASHFREE,SUCCESS,SUCCESS,AUTHORIZED,CAPTURED,PAID,DELIVERED,DELIVERED,200,1,SETTLED,NONE,NONE,457,643,213810,9,0,0.505,0.058,1,0,NORMAL
8669.49,NET_BANKING,AXIS,RAZORPAY,SUCCESS,PENDING,TIMEOUT,FAILED,CANCELLED,DELIVERED,RETRYING,404,1,FAILED,FAILED,NOT_INITIATED,7103,114100,22683,20,3,3.5629,0.0436,1,0,UNRESOLVED
676.56,NET_BANKING,HDFC,BILLDESK,SUCCESS,SUCCESS,AUTHORIZED,CAPTURED,PAID,DELIVERED,DELIVERED,200,1,ON_HOLD,INITIATED,AWAITING_ACK,596,885,101184,5,2,0.6109,0.033,1,1,DUPLICATE_PAYMENT
45609.39,UPI,SBI,PAYU,SUCCESS,SUCCESS,AUTHORIZED,CAPTURED,PAID,PROCESSING,DELIVERED,200,1,PENDING,NONE,NONE,395,663,48006,13,0,2.6488,0.0653,1,0,NORMAL
402.6,CREDIT_CARD,INDUSIND,STRIPE,SUCCESS,SUCCESS,AUTHORIZED,CAPTURED,PAID,PROCESSING,DELIVERED,200,1,PENDING,NONE,NONE,307,429,8060,1,0,-0.0414,0.0376,1,0,NORMAL
2642.15,UPI,INDUSIND,PAYU,SUCCESS,SUCCESS,AUTHORIZED,CAPTURED,PAID,DELIVERED,DELIVERED,200,1,SETTLED,NONE,NONE,356,603,156308,22,0,-0.0564,0.0107,1,0,NORMAL
881.27,CREDIT_CARD,PNB,BILLDESK,SUCCESS,FAILED,FAILED,NOT_REQUESTED,CANCELLED,CANCELLED,FAILED,500,1,ON_HOLD,NONE,NOT_INITIATED,650,47154,104300,11,0,0.836,0.0412,1,0,BANK_DEBIT_GATEWAY_FAILURE
628.55,UPI,HDFC,PAYU,SUCCESS,SUCCESS,AUTHORIZED,CAPTURED,PAID,DELIVERED,DELIVERED,200,1,ON_HOLD,INITIATED,AWAITING_ACK,332,627,57750,22,3,0.4965,0.0406,1,1,DUPLICATE_PAYMENT
5010.99,EMI,PNB,BILLDESK,SUCCESS,SUCCESS,AUTHORIZED,CAPTURED,PENDING_PAYMENT,UNFULFILLED,DROPPED,0,2,ON_HOLD,NONE,NONE,652,905,160612,9,0,1.6374,0.058,1,0,MISSING_WEBHOOK
1562.44,UPI,ICICI,PAYU,SUCCESS,SUCCESS,AUTHORIZED,CAPTURED,PAID,DELIVERED,DELIVERED,200,1,DISCREPANCY,NONE,NONE,203,364,21357,4,0,-0.1393,0.0553,1,0,SETTLEMENT_MISMATCH
10539.16,UPI,YES_BANK,CASHFREE,SUCCESS,SUCCESS,AUTHORIZED,CAPTURED,PROCESSING,PROCESSING,DELIVERED,200,1,PENDING,NONE,NONE,53495,55104,68895,20,0,-0.1569,0.0675,1,0,DELAYED_CONFIRMATION
3491.01,WALLET,KOTAK,STRIPE,SUCCESS,SUCCESS,AUTHORIZED,CAPTURED,PAID,PROCESSING,RETRYING,200,3,SETTLED,NONE,NONE,97049,101407,93598,8,0,0.2468,0.0198,1,0,DELAYED_CONFIRMATION
714.28,CREDIT_CARD,HDFC,BILLDESK,SUCCESS,SUCCESS,AUTHORIZED,CAPTURED,REFUNDED,RETURNED,DELIVERED,200,1,REVERSED,MANUAL_INTERVENTION_REQUIRED,AWAITING_ACK,471,761,161519,4,0,-0.0079,0.0221,1,0,REFUND_UNCERTAINTY
108.7,CREDIT_CARD,AXIS,STRIPE,SUCCESS,SUCCESS,AUTHORIZED,CAPTURED,CANCELLED,CANCELLED,DELIVERED,200,1,ON_HOLD,PROCESSED,NONE,312803,314886,29493,2,0,-0.7412,0.0484,1,0,ORDER_PAYMENT_CONFLICT
20361.62,DEBIT_CARD,AXIS,PAYU,SUCCESS,SUCCESS,AUTHORIZED,CAPTURED,PAID,DELIVERED,DELIVERED,200,1,SETTLED,NONE,NONE,349,628,225980,16,0,0.6289,0.0791,1,0,NORMAL
1958.73,UPI,INDUSIND,BILLDESK,SUCCESS,SUCCESS,AUTHORIZED,CAPTURED,PENDING_PAYMENT,UNFULFILLED,DROPPED,500,4,ON_HOLD,NONE,NONE,324,548,90643,1,0,-0.3005,0.0141,1,0,MISSING_WEBHOOK
5087.61,EMI,SBI,PAYU,SUCCESS,SUCCESS,AUTHORIZED,CAPTURED,EXPIRED,UNFULFILLED,DROPPED,502,5,ON_HOLD,NONE,NONE,287,397,43061,3,0,0.4536,0.05,1,0,MISSING_WEBHOOK
3299.52,UPI,SBI,BILLDESK,SUCCESS,SUCCESS,AUTHORIZED,CAPTURED,EXPIRED,CANCELLED,DELIVERED,200,1,ON_HOLD,PROCESSED,NONE,288764,291220,237473,14,0,-0.0573,0.0466,1,0,ORDER_PAYMENT_CONFLICT
14413.28,UPI,AXIS,PAYU,SUCCESS,SUCCESS,AUTHORIZED,CAPTURED,PAID,PROCESSING,DELIVERED,200,1,PENDING,NONE,NONE,402,674,69496,22,0,2.0028,0.0659,1,0,NORMAL
13966.06,DEBIT_CARD,KOTAK,PAYU,SUCCESS,SUCCESS,AUTHORIZED,CAPTURED,PAID,PROCESSING,DELIVERED,200,1,PENDING,NONE,NONE,301,475,40534,15,0,0.1173,0.0778,1,0,NORMAL
8166.95,CREDIT_CARD,HDFC,BILLDESK,SUCCESS,SUCCESS,AUTHORIZED,CAPTURED,PAID,DELIVERED,DELIVERED,200,1,SETTLED,NONE,NONE,446,703,105446,15,0,1.3334,0.0415,1,0,NORMAL
676.05,DEBIT_CARD,KOTAK,CASHFREE,SUCCESS,SUCCESS,AUTHORIZED,CAPTURED,PAID,DELIVERED,DELIVERED,200,1,DISCREPANCY,NONE,NONE,401,519,148888,10,0,-0.0191,0.0205,1,0,SETTLEMENT_MISMATCH
4363.13,DEBIT_CARD,HDFC,BILLDESK,SUCCESS,SUCCESS,AUTHORIZED,CAPTURED,PAID,DELIVERED,DELIVERED,200,1,SETTLED,NONE,NONE,225,311,111753,1,0,-0.091,0.0673,1,0,NORMAL
443.41,CREDIT_CARD,HDFC,PAYU,SUCCESS,SUCCESS,AUTHORIZED,CAPTURED,PENDING_PAYMENT,UNFULFILLED,DROPPED,500,5,ON_HOLD,NONE,NONE,275,419,178733,23,0,-0.0762,0.043,1,0,MISSING_WEBHOOK
308.79,UPI,ICICI,STRIPE,SUCCESS,FAILED,NONE,NOT_REQUESTED,CANCELLED,CANCELLED,NONE,504,1,ON_HOLD,INITIATED,NOT_INITIATED,1010,90482,10308,8,0,-0.3567,0.035,1,0,BANK_DEBIT_GATEWAY_FAILURE
1038.71,WALLET,ICICI,BILLDESK,SUCCESS,SUCCESS,AUTHORIZED,CAPTURED,EXPIRED,UNFULFILLED,FAILED,504,5,ON_HOLD,NONE,NONE,337,604,226624,13,0,1.4731,0.0455,1,0,MISSING_WEBHOOK
2567.48,DEBIT_CARD,SBI,CASHFREE,SUCCESS,SUCCESS,AUTHORIZED,CAPTURED,PAID,DELIVERED,DELIVERED,200,3,SETTLED,NONE,NONE,357,490,229960,13,1,0.3513,0.0538,1,0,NORMAL
6757.76,NET_BANKING,AXIS,BILLDESK,SUCCESS,SUCCESS,AUTHORIZED,CAPTURED,PAID,DELIVERED,DELIVERED,200,1,ON_HOLD,PROCESSED,CREDITED_TO_CUSTOMER,532,734,122071,6,1,0.9308,0.0302,1,1,DUPLICATE_PAYMENT
15807.02,EMI,INDUSIND,BILLDESK,REVERSED,SUCCESS,TIMEOUT,AUTO_REFUNDED,CANCELLED,CANCELLED,DELIVERED,200,1,DISCREPANCY,PENDING,AWAITING_ACK,63898,113383,57583,11,2,0.2646,0.0739,1,0,UNRESOLVED
568.55,UPI,INDUSIND,PAYU,REVERSED,PENDING,NONE,CAPTURED,CANCELLED,DELIVERED,DELIVERED,504,1,ON_HOLD,PENDING,AWAITING_ACK,80239,88064,134174,6,3,-0.2103,0.0237,1,0,UNRESOLVED
1917.89,EMI,HDFC,STRIPE,SUCCESS,SUCCESS,AUTHORIZED,CAPTURED,PAID,DELIVERED,DELIVERED,200,2,SETTLED,NONE,NONE,543,896,172780,17,0,0.0094,0.059,1,0,NORMAL
7713.96,UPI,INDUSIND,BILLDESK,SUCCESS,SUCCESS,AUTHORIZED,CAPTURED,PAID,DELIVERED,DELIVERED,200,1,SETTLED,NONE,NONE,203,336,98550,5,0,1.204,0.0417,1,0,NORMAL
362.42,UPI,SBI,CASHFREE,SUCCESS,SUCCESS,AUTHORIZED,CAPTURED,PAID,PROCESSING,DELIVERED,200,1,PENDING,NONE,NONE,725,901,50278,6,0,-0.1371,0.0476,1,0,NORMAL
465.48,DEBIT_CARD,HDFC,STRIPE,SUCCESS,SUCCESS,AUTHORIZED,CAPTURED,PAID,DELIVERED,DELIVERED,200,1,SETTLED,NONE,NONE,186,356,125067,12,0,0.1083,0.0378,1,0,NORMAL
426.94,WALLET,ICICI,CASHFREE,SUCCESS,SUCCESS,AUTHORIZED,CAPTURED,CANCELLED,UNFULFILLED,DROPPED,0,5,ON_HOLD,NONE,NONE,328,517,132325,23,0,0.0165,0.0454,1,0,MISSING_WEBHOOK
2038.45,NET_BANKING,PNB,BILLDESK,SUCCESS,SUCCESS,AUTHORIZED,CAPTURED,PAID,PROCESSING,DELIVERED,200,1,PENDING,NONE,NONE,369,564,70286,7,0,-0.272,0.0132,1,0,NORMAL
1827.67,UPI,YES_BANK,CASHFREE,SUCCESS,FAILED,TIMEOUT,FAILED,CANCELLED,CANCELLED,NONE,0,1,ON_HOLD,NONE,NOT_INITIATED,560,70539,38458,14,0,-0.0381,0.0404,1,0,BANK_DEBIT_GATEWAY_FAILURE
16562.08,CREDIT_CARD,PNB,CASHFREE,SUCCESS,SUCCESS,AUTHORIZED,CAPTURED,REFUNDED,RETURNED,DELIVERED,200,1,REVERSED,PENDING,AWAITING_ACK,725,808,190991,22,0,0.325,0.0666,1,0,REFUND_UNCERTAINTY
896.48,UPI,AXIS,STRIPE,SUCCESS,SUCCESS,AUTHORIZED,CAPTURED,PAID,PROCESSING,DELIVERED,200,1,PENDING,NONE,NONE,444,542,7939,0,0,1.1345,0.035,1,0,NORMAL
5378.4,UPI,INDUSIND,RAZORPAY,SUCCESS,TIMED_OUT,TIMEOUT,NOT_REQUESTED,EXPIRED,CANCELLED,FAILED,0,1,ON_HOLD,NONE,NOT_INITIATED,625,78797,70222,0,0,-0.5697,0.0615,1,0,BANK_DEBIT_GATEWAY_FAILURE
1788.66,UPI,AXIS,CASHFREE,SUCCESS,SUCCESS,AUTHORIZED,CAPTURED,EXPIRED,UNFULFILLED,DROPPED,404,5,ON_HOLD,NONE,NONE,506,804,224633,3,0,-0.3612,0.0119,1,0,MISSING_WEBHOOK
1912.82,DEBIT_CARD,AXIS,STRIPE,SUCCESS,SUCCESS,AUTHORIZED,CAPTURED,PAID,PROCESSING,DELIVERED,200,1,PENDING,NONE,NONE,60272,63727,35156,15,0,1.6567,0.0334,1,0,DELAYED_CONFIRMATION
7490.47,UPI,AXIS,BILLDESK,DEBITED,FAILED,FAILED,FAILED,FAILED,UNFULFILLED,DROPPED,404,1,DISCREPANCY,MANUAL_INTERVENTION_REQUIRED,AWAITING_ACK,103386,14976,120945,2,0,-0.4008,0.0651,1,0,UNRESOLVED
1509.12,UPI,PNB,BILLDESK,SUCCESS,SUCCESS,AUTHORIZED,CAPTURED,PAID,DELIVERED,DELIVERED,200,1,DISCREPANCY,NONE,NONE,747,942,111205,19,0,-0.1455,0.0555,1,0,SETTLEMENT_MISMATCH
610.56,NET_BANKING,YES_BANK,BILLDESK,SUCCESS,SUCCESS,AUTHORIZED,CAPTURED,REFUNDED,RETURNED,DELIVERED,200,1,REVERSED,PENDING,REJECTED_BY_BANK,645,830,112747,10,0,-0.152,0.0242,1,0,REFUND_UNCERTAINTY
1859.96,NET_BANKING,SBI,STRIPE,SUCCESS,SUCCESS,AUTHORIZED,CAPTURED,PAID,PROCESSING,DELIVERED,200,1,PENDING,NONE,NONE,2703,3504,43520,1,0,-0.4686,0.0433,1,0,NORMAL
1548.99,UPI,SBI,RAZORPAY,SUCCESS,TIMED_OUT,NONE,FAILED,CANCELLED,CANCELLED,DELIVERED,200,1,ON_HOLD,NONE,NOT_INITIATED,1198,80871,1785,23,0,1.3831,0.0321,1,0,BANK_DEBIT_GATEWAY_FAILURE
9224.64,UPI,YES_BANK,PAYU,SUCCESS,SUCCESS,AUTHORIZED,CAPTURED,PAID,PROCESSING,DELIVERED,200,1,SETTLED,NONE,NONE,108812,110892,252679,8,0,0.9218,0.0506,1,0,DELAYED_CONFIRMATION
6191.96,EMI,HDFC,STRIPE,SUCCESS,SUCCESS,AUTHORIZED,PENDING,PROCESSING,PROCESSING,SCHEDULED,200,3,SETTLED,NONE,NONE,37708,41044,173570,20,0,0.29,0.0631,1,0,DELAYED_CONFIRMATION
4822.32,CREDIT_CARD,PNB,RAZORPAY,SUCCESS,SUCCESS,AUTHORIZED,CAPTURED,PAID,PROCESSING,DELIVERED,200,1,PENDING,NONE,NONE,364,498,80997,11,0,3.3839,0.0419,1,0,NORMAL
885.67,UPI,ICICI,PAYU,SUCCESS,PENDING,AUTHORIZED,CAPTURED,PROCESSING,PROCESSING,RETRYING,200,2,PENDING,NONE,NONE,70859,74946,19007,11,0,0.3626,0.0242,1,0,DELAYED_CONFIRMATION
2922.3,UPI,ICICI,PAYU,SUCCESS,FAILED,TIMEOUT,FAILED,CANCELLED,CANCELLED,NONE,0,1,ON_HOLD,INITIATED,NOT_INITIATED,579,75028,67849,7,0,0.0437,0.0254,1,0,BANK_DEBIT_GATEWAY_FAILURE
442.16,EMI,YES_BANK,STRIPE,SUCCESS,SUCCESS,AUTHORIZED,CAPTURED,PAID,DELIVERED,DELIVERED,200,1,SETTLED,NONE,NONE,251,494,242826,22,1,0.0528,0.044,1,0,NORMAL
17932.3,UPI,PNB,BILLDESK,PENDING,PENDING,AUTHORIZED,PENDING,FAILED,UNFULFILLED,RETRYING,500,1,FAILED,PENDING,REJECTED_BY_BANK,79663,123697,197946,22,1,2.7359,0.0669,1,0,UNRESOLVED
11576.51,CREDIT_CARD,SBI,RAZORPAY,SUCCESS,SUCCESS,AUTHORIZED,CAPTURED,PAID,DELIVERED,DELIVERED,200,1,SETTLED,NONE,NONE,231,389,165878,5,0,-0.0739,0.0609,1,0,NORMAL
1986.91,UPI,KOTAK,PAYU,SUCCESS,SUCCESS,AUTHORIZED,CAPTURED,PAID,DELIVERED,DELIVERED,200,1,SETTLED,NONE,NONE,645,788,177587,4,0,0.8063,0.0462,1,0,NORMAL
1390.83,WALLET,HDFC,STRIPE,SUCCESS,SUCCESS,AUTHORIZED,CAPTURED,PAID,PROCESSING,DELIVERED,200,1,PENDING,NONE,NONE,225,325,28683,1,0,2.3115,0.0305,1,0,NORMAL
4238.75,CREDIT_CARD,KOTAK,STRIPE,SUCCESS,SUCCESS,AUTHORIZED,CAPTURED,PAID,DELIVERED,DELIVERED,200,1,SETTLED,NONE,NONE,325,622,172565,23,1,0.2111,0.0321,1,0,NORMAL
42933.6,UPI,INDUSIND,STRIPE,SUCCESS,SUCCESS,AUTHORIZED,CAPTURED,PAID,DELIVERED,DELIVERED,200,1,SETTLED,NONE,NONE,668,895,130685,8,0,2.4347,0.0702,1,0,NORMAL
2409.46,UPI,YES_BANK,RAZORPAY,REVERSED,PENDING,AUTHORIZED,FAILED,PENDING_PAYMENT,UNFULFILLED,RETRYING,404,1,FAILED,MANUAL_INTERVENTION_REQUIRED,REJECTED_BY_BANK,110848,38200,73079,9,0,-0.3116,0.0338,1,0,UNRESOLVED
3919.05,UPI,AXIS,CASHFREE,SUCCESS,SUCCESS,AUTHORIZED,CAPTURED,REFUNDED,RETURNED,DELIVERED,200,1,REVERSED,MANUAL_INTERVENTION_REQUIRED,AWAITING_ACK,403,585,4380,22,0,0.1197,0.0328,1,0,REFUND_UNCERTAINTY
3244.93,CREDIT_CARD,SBI,PAYU,SUCCESS,SUCCESS,AUTHORIZED,CAPTURED,PENDING_PAYMENT,UNFULFILLED,DROPPED,504,5,ON_HOLD,NONE,NONE,363,497,166612,18,0,0.7079,0.0413,1,0,MISSING_WEBHOOK
1715.04,UPI,PNB,RAZORPAY,SUCCESS,PENDING,AUTHORIZED,AUTO_REFUNDED,PENDING_PAYMENT,UNFULFILLED,DROPPED,504,1,ON_HOLD,NONE,REJECTED_BY_BANK,94266,94266,10049,12,2,1.382,0.0389,1,0,UNRESOLVED
376.59,UPI,SBI,CASHFREE,SUCCESS,SUCCESS,AUTHORIZED,CAPTURED,PAID,DELIVERED,DELIVERED,200,1,SETTLED,NONE,NONE,580,879,218457,1,0,-0.4206,0.0358,1,0,NORMAL
5174.84,CREDIT_CARD,KOTAK,PAYU,REVERSED,SUCCESS,AUTHORIZED,CAPTURED,REFUNDED,RETURNED,DELIVERED,200,1,REVERSED,MANUAL_INTERVENTION_REQUIRED,REJECTED_BY_BANK,620,879,214559,6,0,1.7236,0.0445,1,0,REFUND_UNCERTAINTY
5773.61,UPI,YES_BANK,CASHFREE,SUCCESS,SUCCESS,AUTHORIZED,CAPTURED,PAID,PROCESSING,DELIVERED,200,1,PENDING,NONE,NONE,252,493,53445,17,0,0.2028,0.0517,1,0,NORMAL
719.13,UPI,YES_BANK,STRIPE,SUCCESS,SUCCESS,AUTHORIZED,CAPTURED,PAID,DELIVERED,DELIVERED,200,1,SETTLED,NONE,NONE,701,901,194867,1,0,0.1064,0.0222,1,0,NORMAL
1223.44,UPI,ICICI,RAZORPAY,SUCCESS,SUCCESS,AUTHORIZED,CAPTURED,PAID,PROCESSING,DELIVERED,200,2,PENDING,NONE,NONE,74711,78815,22481,9,0,-0.6504,0.0405,1,0,DELAYED_CONFIRMATION
1190.58,CREDIT_CARD,INDUSIND,PAYU,SUCCESS,SUCCESS,AUTHORIZED,CAPTURED,REFUNDED,RETURNED,DELIVERED,200,1,REVERSED,PENDING,NOT_INITIATED,456,545,183991,6,0,-0.3734,0.051,1,0,REFUND_UNCERTAINTY
700.56,NET_BANKING,HDFC,RAZORPAY,SUCCESS,SUCCESS,AUTHORIZED,CAPTURED,PAID,PROCESSING,DELIVERED,200,1,PENDING,NONE,NONE,482,769,2901,5,0,-0.3631,0.0536,1,0,NORMAL
1721.96,UPI,KOTAK,RAZORPAY,SUCCESS,SUCCESS,AUTHORIZED,CAPTURED,PENDING_PAYMENT,UNFULFILLED,DROPPED,502,5,ON_HOLD,NONE,NONE,336,633,175537,0,0,1.3916,0.0386,1,0,MISSING_WEBHOOK
2055.21,DEBIT_CARD,HDFC,BILLDESK,SUCCESS,SUCCESS,AUTHORIZED,CAPTURED,PAID,DELIVERED,DELIVERED,200,1,ON_HOLD,INITIATED,AWAITING_ACK,439,736,134504,23,4,1.8545,0.0297,1,1,DUPLICATE_PAYMENT
3209.6,UPI,PNB,BILLDESK,SUCCESS,SUCCESS,AUTHORIZED,CAPTURED,PAID,PROCESSING,DELIVERED,200,1,PENDING,NONE,NONE,293,406,41195,12,0,-0.083,0.0374,1,0,NORMAL
8191.71,CREDIT_CARD,ICICI,STRIPE,SUCCESS,SUCCESS,AUTHORIZED,CAPTURED,PAID,PROCESSING,DELIVERED,200,2,PENDING,NONE,NONE,500,677,33431,11,0,-0.3447,0.0787,1,0,NORMAL
9743.5,UPI,YES_BANK,BILLDESK,SUCCESS,FAILED,TIMEOUT,FAILED,CANCELLED,CANCELLED,FAILED,500,1,ON_HOLD,INITIATED,NOT_INITIATED,1113,87142,31562,22,0,-0.2205,0.0738,1,0,BANK_DEBIT_GATEWAY_FAILURE
7174.21,DEBIT_CARD,ICICI,CASHFREE,PENDING,FAILED,FAILED,PENDING,PENDING_PAYMENT,RETURNED,DROPPED,500,1,ON_HOLD,FAILED,AWAITING_ACK,41910,39228,227532,22,2,-0.4261,0.0769,1,0,UNRESOLVED
755.98,UPI,PNB,PAYU,SUCCESS,SUCCESS,AUTHORIZED,CAPTURED,PAID,DELIVERED,DELIVERED,200,1,ON_HOLD,NONE,AWAITING_ACK,695,901,47002,19,4,0.05,0.0369,1,1,DUPLICATE_PAYMENT
510.57,UPI,ICICI,RAZORPAY,SUCCESS,SUCCESS,AUTHORIZED,CAPTURED,PAID,DELIVERED,DELIVERED,200,1,DISCREPANCY,NONE,NONE,727,810,198324,2,0,0.1206,0.0393,1,0,SETTLEMENT_MISMATCH
629.01,UPI,KOTAK,STRIPE,SUCCESS,SUCCESS,AUTHORIZED,CAPTURED,REFUNDED,RETURNED,DELIVERED,200,1,REVERSED,MANUAL_INTERVENTION_REQUIRED,AWAITING_ACK,506,664,99921,16,0,0.3104,0.0494,1,0,REFUND_UNCERTAINTY
1875.51,DEBIT_CARD,HDFC,STRIPE,SUCCESS,FAILED,NONE,FAILED,EXPIRED,CANCELLED,DELIVERED,200,1,ON_HOLD,PROCESSED,CREDITED_TO_CUSTOMER,1264,78974,22414,2,0,-0.4641,0.0365,1,0,BANK_DEBIT_GATEWAY_FAILURE
710.84,NET_BANKING,SBI,STRIPE,SUCCESS,SUCCESS,AUTHORIZED,CAPTURED,REFUNDED,RETURNED,DELIVERED,200,1,REVERSED,MANUAL_INTERVENTION_REQUIRED,AWAITING_ACK,366,525,214198,20,0,0.4809,0.0386,1,0,REFUND_UNCERTAINTY
467.49,UPI,KOTAK,CASHFREE,PENDING,FAILED,NONE,FAILED,CANCELLED,UNFULFILLED,DROPPED,200,1,DISCREPANCY,NONE,NOT_INITIATED,75824,72809,181532,1,3,0.1131,0.0454,1,0,UNRESOLVED
1031.62,CREDIT_CARD,PNB,BILLDESK,SUCCESS,SUCCESS,AUTHORIZED,CAPTURED,PAID,DELIVERED,DELIVERED,200,1,DISCREPANCY,NONE,NONE,285,460,16325,20,0,-0.0096,0.0537,1,0,SETTLEMENT_MISMATCH
2019.64,NET_BANKING,HDFC,RAZORPAY,SUCCESS,SUCCESS,AUTHORIZED,CAPTURED,PENDING_PAYMENT,UNFULFILLED,TIMED_OUT,404,5,ON_HOLD,NONE,NONE,735,1006,134348,17,0,1.8051,0.0336,1,0,MISSING_WEBHOOK
667.31,UPI,ICICI,STRIPE,SUCCESS,SUCCESS,AUTHORIZED,CAPTURED,PAID,DELIVERED,DELIVERED,200,1,SETTLED,NONE,NONE,739,895,228174,18,0,0.0266,0.0246,1,0,NORMAL
1813.81,WALLET,PNB,BILLDESK,SUCCESS,SUCCESS,AUTHORIZED,CAPTURED,PAID,DELIVERED,DELIVERED,200,1,SETTLED,NONE,NONE,725,974,217288,5,0,0.6489,0.059,1,0,NORMAL
1125.62,CREDIT_CARD,YES_BANK,RAZORPAY,SUCCESS,SUCCESS,AUTHORIZED,CAPTURED,PAID,PROCESSING,DELIVERED,200,1,PENDING,NONE,NONE,1635,2446,7768,1,0,1.345,0.0418,1,0,NORMAL
3106.6,UPI,YES_BANK,CASHFREE,SUCCESS,SUCCESS,AUTHORIZED,CAPTURED,PAID,PROCESSING,DELIVERED,200,3,PENDING,NONE,NONE,488,636,70525,4,0,0.1095,0.0214,1,0,NORMAL
173.07,UPI,AXIS,RAZORPAY,SUCCESS,SUCCESS,AUTHORIZED,CAPTURED,CANCELLED,CANCELLED,DELIVERED,200,1,ON_HOLD,NONE,NONE,309842,311359,125665,4,0,-0.5879,0.0433,1,0,ORDER_PAYMENT_CONFLICT
5876.02,UPI,SBI,STRIPE,SUCCESS,SUCCESS,AUTHORIZED,CAPTURED,PAID,DELIVERED,DELIVERED,200,1,DISCREPANCY,NONE,NONE,192,338,104956,3,0,0.7058,0.031,1,0,SETTLEMENT_MISMATCH
350.64,CREDIT_CARD,INDUSIND,RAZORPAY,REVERSED,FAILED,AUTHORIZED,AUTO_REFUNDED,FAILED,DELIVERED,DELIVERED,200,1,ON_HOLD,MANUAL_INTERVENTION_REQUIRED,AWAITING_ACK,25471,38516,65517,8,0,-0.1651,0.0351,1,0,UNRESOLVED
2806.26,UPI,KOTAK,STRIPE,SUCCESS,SUCCESS,AUTHORIZED,CAPTURED,PAID,PROCESSING,DELIVERED,200,1,PENDING,NONE,NONE,723,893,76962,13,0,-0.4154,0.0533,1,0,NORMAL
8247.63,CREDIT_CARD,SBI,BILLDESK,SUCCESS,SUCCESS,AUTHORIZED,CAPTURED,PAID,DELIVERED,DELIVERED,200,1,SETTLED,NONE,NONE,646,917,123012,15,0,1.9456,0.0211,1,0,NORMAL
1310.57,NET_BANKING,SBI,BILLDESK,SUCCESS,SUCCESS,AUTHORIZED,CAPTURED,EXPIRED,CANCELLED,DELIVERED,200,1,ON_HOLD,INITIATED,NONE,321296,323142,102609,22,0,-0.5319,0.0265,1,0,ORDER_PAYMENT_CONFLICT
3560.95,UPI,YES_BANK,RAZORPAY,SUCCESS,SUCCESS,AUTHORIZED,CAPTURED,CANCELLED,CANCELLED,DELIVERED,200,1,ON_HOLD,INITIATED,NONE,269329,271763,66484,5,0,0.0174,0.0375,1,0,ORDER_PAYMENT_CONFLICT
4239.9,UPI,SBI,BILLDESK,SUCCESS,SUCCESS,AUTHORIZED,CAPTURED,PAID,PROCESSING,DELIVERED,200,1,PENDING,NONE,NONE,236,400,42520,2,0,-0.6608,0.0688,1,0,NORMAL
1051.83,WALLET,YES_BANK,PAYU,SUCCESS,SUCCESS,AUTHORIZED,CAPTURED,PENDING_PAYMENT,UNFULFILLED,TIMED_OUT,404,5,ON_HOLD,NONE,NONE,685,866,70878,20,0,-0.4464,0.0577,1,0,MISSING_WEBHOOK
5130.22,UPI,INDUSIND,CASHFREE,REVERSED,SUCCESS,AUTHORIZED,CAPTURED,REFUNDED,RETURNED,DELIVERED,200,1,REVERSED,PENDING,AWAITING_ACK,674,950,222778,18,0,0.0688,0.0646,1,0,REFUND_UNCERTAINTY
932.39,UPI,INDUSIND,STRIPE,SUCCESS,SUCCESS,AUTHORIZED,CAPTURED,PAID,PROCESSING,DELIVERED,200,1,PENDING,NONE,NONE,279,415,83433,20,0,1.22,0.0431,1,0,NORMAL
598.18,UPI,AXIS,STRIPE,SUCCESS,SUCCESS,AUTHORIZED,CAPTURED,PAID,DELIVERED,DELIVERED,200,1,SETTLED,NONE,NONE,2565,3197,191181,5,0,-0.0797,0.0273,1,0,NORMAL
650.11,UPI,HDFC,BILLDESK,SUCCESS,SUCCESS,AUTHORIZED,PENDING,PENDING_PAYMENT,PROCESSING,DELIVERED,200,1,PENDING,NONE,NONE,80751,82733,4177,23,0,0.3544,0.0321,1,0,DELAYED_CONFIRMATION
868.42,UPI,PNB,PAYU,SUCCESS,FAILED,FAILED,FAILED,EXPIRED,CANCELLED,DELIVERED,200,1,ON_HOLD,PROCESSED,CREDITED_TO_CUSTOMER,702,52914,81554,20,0,0.2061,0.0284,1,0,BANK_DEBIT_GATEWAY_FAILURE
3449.29,UPI,HDFC,RAZORPAY,SUCCESS,SUCCESS,AUTHORIZED,CAPTURED,PAID,PROCESSING,DELIVERED,200,3,PENDING,NONE,NONE,747,953,74964,23,0,0.2319,0.0289,1,0,NORMAL
3316.27,CREDIT_CARD,ICICI,BILLDESK,PENDING,FAILED,TIMEOUT,PENDING,FAILED,UNFULFILLED,RETRYING,200,1,DISCREPANCY,NONE,REJECTED_BY_BANK,49113,71585,65068,12,1,0.1844,0.0144,1,0,UNRESOLVED
2571.79,UPI,SBI,CASHFREE,SUCCESS,SUCCESS,AUTHORIZED,CAPTURED,REFUNDED,RETURNED,DELIVERED,200,1,REVERSED,MANUAL_INTERVENTION_REQUIRED,NOT_INITIATED,409,689,132993,21,0,0.3536,0.059,1,0,REFUND_UNCERTAINTY
3507.49,DEBIT_CARD,PNB,PAYU,SUCCESS,SUCCESS,AUTHORIZED,CAPTURED,PAID,DELIVERED,DELIVERED,200,1,SETTLED,NONE,NONE,1958,2773,156349,22,0,-0.2693,0.0541,1,0,NORMAL
5280.27,UPI,PNB,BILLDESK,SUCCESS,SUCCESS,AUTHORIZED,CAPTURED,PAID,DELIVERED,DELIVERED,200,1,DISCREPANCY,NONE,NONE,723,840,254827,6,0,-0.5353,0.0692,1,0,SETTLEMENT_MISMATCH
6849.2,UPI,PNB,RAZORPAY,SUCCESS,SUCCESS,AUTHORIZED,CAPTURED,PAID,DELIVERED,DELIVERED,200,1,SETTLED,NONE,NONE,394,497,139393,11,0,0.4269,0.0695,1,0,NORMAL
467.98,UPI,AXIS,STRIPE,REVERSED,PENDING,AUTHORIZED,CAPTURED,FAILED,DELIVERED,FAILED,200,1,DISCREPANCY,FAILED,NOT_INITIATED,97824,75430,111863,21,0,0.1142,0.0356,1,0,UNRESOLVED
789.68,WALLET,PNB,RAZORPAY,SUCCESS,SUCCESS,AUTHORIZED,CAPTURED,PAID,DELIVERED,DELIVERED,200,1,SETTLED,NONE,NONE,597,731,254185,4,0,0.6452,0.0365,1,0,NORMAL
1988.08,NET_BANKING,YES_BANK,BILLDESK,SUCCESS,SUCCESS,AUTHORIZED,CAPTURED,PAID,PROCESSING,DELIVERED,200,1,PENDING,NONE,NONE,4271,4645,16263,2,0,-0.29,0.0121,1,0,NORMAL
6865.31,UPI,AXIS,PAYU,DEBITED,FAILED,TIMEOUT,FAILED,CANCELLED,CANCELLED,NONE,500,1,ON_HOLD,INITIATED,NOT_INITIATED,860,51617,189509,0,0,0.4303,0.0689,1,0,BANK_DEBIT_GATEWAY_FAILURE
293.66,DEBIT_CARD,SBI,BILLDESK,SUCCESS,SUCCESS,AUTHORIZED,CAPTURED,PENDING_PAYMENT,UNFULFILLED,DROPPED,502,3,ON_HOLD,NONE,NONE,353,567,69527,7,0,-0.3008,0.0404,1,0,MISSING_WEBHOOK
1656.26,UPI,AXIS,RAZORPAY,REVERSED,FAILED,FAILED,PENDING,PENDING_PAYMENT,CANCELLED,FAILED,504,1,DISCREPANCY,NONE,AWAITING_ACK,39627,73034,65477,21,0,2.4505,0.0305,1,0,UNRESOLVED
369.83,WALLET,PNB,RAZORPAY,SUCCESS,SUCCESS,AUTHORIZED,CAPTURED,PAID,DELIVERED,DELIVERED,200,1,SETTLED,NONE,NONE,2559,3157,254079,20,0,-0.431,0.0382,1,0,NORMAL
576.89,UPI,KOTAK,PAYU,SUCCESS,SUCCESS,AUTHORIZED,CAPTURED,CANCELLED,CANCELLED,DELIVERED,200,1,ON_HOLD,INITIATED,NONE,268010,268861,210221,13,0,0.2019,0.0413,1,0,ORDER_PAYMENT_CONFLICT
809.38,UPI,YES_BANK,STRIPE,SUCCESS,SUCCESS,AUTHORIZED,CAPTURED,PAID,DELIVERED,DELIVERED,200,1,SETTLED,NONE,NONE,220,370,125362,0,0,0.1241,0.0355,1,0,NORMAL
10973.89,UPI,PNB,PAYU,SUCCESS,SUCCESS,AUTHORIZED,CAPTURED,PAID,DELIVERED,DELIVERED,200,1,SETTLED,NONE,NONE,210,322,178533,2,0,-0.1221,0.0765,1,0,NORMAL
6821.57,UPI,INDUSIND,STRIPE,SUCCESS,SUCCESS,AUTHORIZED,CAPTURED,PAID,PROCESSING,DELIVERED,200,1,PENDING,NONE,NONE,584,664,75677,8,0,1.4363,0.0288,1,0,NORMAL
1584.43,UPI,KOTAK,CASHFREE,REVERSED,FAILED,AUTHORIZED,CAPTURED,PENDING_PAYMENT,UNFULFILLED,DROPPED,200,1,ON_HOLD,FAILED,REJECTED_BY_BANK,116024,69947,150040,18,1,-0.5473,0.0398,1,0,UNRESOLVED
4282.91,CREDIT_CARD,AXIS,CASHFREE,SUCCESS,SUCCESS,AUTHORIZED,CAPTURED,PAID,PROCESSING,DELIVERED,200,1,PENDING,NONE,NONE,568,828,14011,9,0,0.5296,0.0162,1,0,NORMAL
4036.94,UPI,SBI,RAZORPAY,SUCCESS,SUCCESS,AUTHORIZED,CAPTURED,PAID,DELIVERED,DELIVERED,200,1,SETTLED,NONE,NONE,237,362,91556,13,0,-0.159,0.0675,1,0,NORMAL
1063.7,UPI,AXIS,STRIPE,SUCCESS,SUCCESS,AUTHORIZED,CAPTURED,PENDING_PAYMENT,UNFULFILLED,TIMED_OUT,404,2,ON_HOLD,NONE,NONE,538,755,12137,23,0,-0.033,0.0527,1,0,MISSING_WEBHOOK
595.62,CREDIT_CARD,INDUSIND,PAYU,SUCCESS,SUCCESS,AUTHORIZED,CAPTURED,PAID,DELIVERED,DELIVERED,200,1,SETTLED,NONE,NONE,350,624,188548,13,0,-0.1727,0.0369,1,0,NORMAL
730.15,UPI,INDUSIND,BILLDESK,SUCCESS,SUCCESS,AUTHORIZED,CAPTURED,PAID,DELIVERED,DELIVERED,200,1,SETTLED,NONE,NONE,2788,3374,121871,14,0,0.7385,0.0412,1,0,NORMAL
1521.28,UPI,KOTAK,PAYU,SUCCESS,SUCCESS,AUTHORIZED,CAPTURED,PAID,PROCESSING,DELIVERED,200,1,PENDING,NONE,NONE,670,797,33924,19,0,-0.1993,0.0538,1,0,NORMAL
5611.27,UPI,INDUSIND,PAYU,SUCCESS,SUCCESS,AUTHORIZED,CAPTURED,PAID,PROCESSING,DELIVERED,200,1,PENDING,NONE,NONE,191,337,79183,10,0,1.004,0.0101,1,0,NORMAL
820.96,UPI,SBI,PAYU,SUCCESS,SUCCESS,AUTHORIZED,CAPTURED,PAID,DELIVERED,DELIVERED,200,1,SETTLED,NONE,NONE,394,715,182765,3,0,-0.5679,0.0592,1,0,NORMAL
15384.28,UPI,ICICI,BILLDESK,SUCCESS,PENDING,AUTHORIZED,CAPTURED,PAID,PROCESSING,DELIVERED,200,3,PENDING,NONE,NONE,41105,43725,53598,18,0,2.2051,0.0595,1,0,DELAYED_CONFIRMATION
7036.98,NET_BANKING,HDFC,STRIPE,SUCCESS,SUCCESS,AUTHORIZED,CAPTURED,REFUNDED,RETURNED,DELIVERED,200,1,REVERSED,MANUAL_INTERVENTION_REQUIRED,AWAITING_ACK,318,570,183925,15,0,0.466,0.0671,1,0,REFUND_UNCERTAINTY
7390.71,UPI,HDFC,BILLDESK,SUCCESS,SUCCESS,AUTHORIZED,CAPTURED,PAID,DELIVERED,DELIVERED,200,1,DISCREPANCY,NONE,NONE,561,794,210222,13,0,-0.3414,0.0708,1,0,SETTLEMENT_MISMATCH
1644.15,UPI,HDFC,STRIPE,SUCCESS,SUCCESS,AUTHORIZED,CAPTURED,PENDING_PAYMENT,UNFULFILLED,FAILED,404,4,PENDING,NONE,NONE,263,499,50079,23,0,-0.4128,0.0181,1,0,MISSING_WEBHOOK
269.47,DEBIT_CARD,KOTAK,BILLDESK,SUCCESS,SUCCESS,AUTHORIZED,CAPTURED,PAID,DELIVERED,DELIVERED,200,1,SETTLED,NONE,NONE,604,722,88299,3,0,-0.5854,0.0205,1,0,NORMAL
2598.28,DEBIT_CARD,INDUSIND,CASHFREE,SUCCESS,SUCCESS,AUTHORIZED,CAPTURED,EXPIRED,CANCELLED,DELIVERED,200,1,ON_HOLD,PROCESSED,NONE,273753,274988,220482,1,0,-0.7921,0.0795,1,0,ORDER_PAYMENT_CONFLICT
817.37,CREDIT_CARD,INDUSIND,BILLDESK,SUCCESS,SUCCESS,AUTHORIZED,CAPTURED,EXPIRED,UNFULFILLED,DROPPED,502,3,ON_HOLD,NONE,NONE,343,521,78900,2,0,-0.2569,0.0418,1,0,MISSING_WEBHOOK
338.77,CREDIT_CARD,PNB,PAYU,SUCCESS,SUCCESS,AUTHORIZED,CAPTURED,CANCELLED,CANCELLED,DELIVERED,200,1,ON_HOLD,PROCESSED,NONE,338842,339705,1445,12,0,-0.1934,0.0363,1,0,ORDER_PAYMENT_CONFLICT
200.22,CREDIT_CARD,KOTAK,PAYU,SUCCESS,SUCCESS,AUTHORIZED,CAPTURED,PAID,DELIVERED,DELIVERED,200,1,SETTLED,NONE,NONE,281,553,136274,14,0,-0.692,0.0312,1,0,NORMAL
4598.16,UPI,HDFC,CASHFREE,SUCCESS,SUCCESS,AUTHORIZED,CAPTURED,PAID,PROCESSING,DELIVERED,200,1,PENDING,NONE,NONE,187,448,2829,19,0,-0.0421,0.0632,1,0,NORMAL
2226.6,UPI,HDFC,BILLDESK,SUCCESS,SUCCESS,AUTHORIZED,CAPTURED,EXPIRED,CANCELLED,DELIVERED,200,1,ON_HOLD,PROCESSED,NONE,344495,345916,95759,23,0,4.3014,0.0434,1,0,ORDER_PAYMENT_CONFLICT
488.85,UPI,KOTAK,PAYU,SUCCESS,SUCCESS,AUTHORIZED,CAPTURED,PAID,DELIVERED,DELIVERED,200,1,SETTLED,NONE,NONE,190,480,164120,1,0,-0.5556,0.0453,1,0,NORMAL
248.79,DEBIT_CARD,KOTAK,STRIPE,SUCCESS,FAILED,FAILED,FAILED,CANCELLED,CANCELLED,DELIVERED,200,1,ON_HOLD,INITIATED,NOT_INITIATED,973,61504,86887,1,0,-0.6545,0.0383,1,0,BANK_DEBIT_GATEWAY_FAILURE
371.33,UPI,SBI,PAYU,SUCCESS,SUCCESS,AUTHORIZED,CAPTURED,PAID,DELIVERED,DELIVERED,200,2,SETTLED,NONE,NONE,201,409,213233,16,0,-0.4843,0.0249,1,0,NORMAL
4914.36,UPI,SBI,CASHFREE,SUCCESS,SUCCESS,AUTHORIZED,CAPTURED,PAID,DELIVERED,DELIVERED,200,1,SETTLED,NONE,NONE,230,494,215435,0,0,0.7551,0.0101,1,0,NORMAL
733.12,UPI,ICICI,RAZORPAY,SUCCESS,SUCCESS,AUTHORIZED,CAPTURED,PAID,DELIVERED,DELIVERED,200,1,SETTLED,NONE,NONE,637,756,226181,15,0,0.1279,0.0256,1,0,NORMAL
206.36,UPI,AXIS,PAYU,SUCCESS,SUCCESS,AUTHORIZED,CAPTURED,CANCELLED,CANCELLED,DELIVERED,200,1,ON_HOLD,NONE,NONE,292229,293424,82283,6,0,-0.5701,0.0449,1,0,ORDER_PAYMENT_CONFLICT
2942.95,UPI,HDFC,RAZORPAY,SUCCESS,SUCCESS,AUTHORIZED,CAPTURED,PAID,DELIVERED,DELIVERED,200,1,DISCREPANCY,NONE,NONE,351,576,59695,5,0,0.0714,0.0238,1,0,SETTLEMENT_MISMATCH
3169.95,UPI,YES_BANK,BILLDESK,SUCCESS,SUCCESS,AUTHORIZED,CAPTURED,EXPIRED,CANCELLED,DELIVERED,200,1,ON_HOLD,INITIATED,NONE,356584,357192,6482,6,0,-0.0943,0.0349,1,0,ORDER_PAYMENT_CONFLICT
484.95,CREDIT_CARD,AXIS,STRIPE,SUCCESS,SUCCESS,AUTHORIZED,CAPTURED,PAID,DELIVERED,DELIVERED,200,1,ON_HOLD,INITIATED,AWAITING_ACK,648,809,184476,5,3,-0.5591,0.0504,1,1,DUPLICATE_PAYMENT
252.86,CREDIT_CARD,YES_BANK,RAZORPAY,SUCCESS,SUCCESS,AUTHORIZED,CAPTURED,PAID,DELIVERED,DELIVERED,200,1,ON_HOLD,PROCESSED,CREDITED_TO_CUSTOMER,399,617,157828,13,3,-0.398,0.039,1,1,DUPLICATE_PAYMENT
3891.18,WALLET,PNB,RAZORPAY,DEBITED,FAILED,FAILED,FAILED,EXPIRED,CANCELLED,DELIVERED,200,1,ON_HOLD,NONE,NOT_INITIATED,422,53807,157854,13,0,1.048,0.0489,1,0,BANK_DEBIT_GATEWAY_FAILURE
640.01,NET_BANKING,PNB,RAZORPAY,DEBITED,FAILED,FAILED,FAILED,CANCELLED,CANCELLED,FAILED,500,1,ON_HOLD,PROCESSED,CREDITED_TO_CUSTOMER,1092,50833,171662,8,0,-0.1111,0.0293,1,0,BANK_DEBIT_GATEWAY_FAILURE
502.73,UPI,AXIS,CASHFREE,SUCCESS,FAILED,TIMEOUT,FAILED,CANCELLED,CANCELLED,DELIVERED,200,1,ON_HOLD,PROCESSED,CREDITED_TO_CUSTOMER,644,90874,22511,6,0,0.197,0.0423,1,0,BANK_DEBIT_GATEWAY_FAILURE
415.89,UPI,PNB,PAYU,SUCCESS,SUCCESS,AUTHORIZED,CAPTURED,PAID,DELIVERED,DELIVERED,200,1,SETTLED,NONE,NONE,4181,4935,256281,9,0,-0.1336,0.0377,1,0,NORMAL
470.31,CREDIT_CARD,ICICI,RAZORPAY,SUCCESS,SUCCESS,AUTHORIZED,CAPTURED,EXPIRED,UNFULFILLED,DROPPED,504,3,ON_HOLD,NONE,NONE,550,793,97284,16,0,-0.2764,0.0244,1,0,MISSING_WEBHOOK
3790.93,DEBIT_CARD,ICICI,CASHFREE,SUCCESS,SUCCESS,AUTHORIZED,CAPTURED,PAID,PROCESSING,DELIVERED,200,1,PENDING,NONE,NONE,640,839,43119,3,0,0.3539,0.0127,1,0,NORMAL
2259.98,WALLET,INDUSIND,STRIPE,SUCCESS,SUCCESS,AUTHORIZED,CAPTURED,PAID,PROCESSING,DELIVERED,200,1,PENDING,NONE,NONE,3673,4096,52642,22,0,0.1895,0.0544,1,0,NORMAL
1033.34,DEBIT_CARD,HDFC,CASHFREE,SUCCESS,SUCCESS,AUTHORIZED,CAPTURED,PAID,DELIVERED,DELIVERED,200,1,SETTLED,NONE,NONE,4256,4726,158812,10,0,-0.4561,0.0573,1,0,NORMAL
92.07,CREDIT_CARD,ICICI,PAYU,SUCCESS,SUCCESS,AUTHORIZED,CAPTURED,PAID,DELIVERED,DELIVERED,200,1,SETTLED,NONE,NONE,1694,2160,108082,5,1,-0.7808,0.048,1,0,NORMAL
1246.94,UPI,INDUSIND,BILLDESK,SUCCESS,SUCCESS,AUTHORIZED,CAPTURED,PAID,DELIVERED,DELIVERED,200,1,SETTLED,NONE,NONE,740,877,195313,6,0,0.9184,0.0268,1,0,NORMAL
2309.89,DEBIT_CARD,HDFC,BILLDESK,SUCCESS,SUCCESS,AUTHORIZED,CAPTURED,PAID,DELIVERED,DELIVERED,200,1,ON_HOLD,INITIATED,AWAITING_ACK,460,604,219474,20,2,0.2157,0.0414,1,1,DUPLICATE_PAYMENT
1010.46,UPI,INDUSIND,RAZORPAY,SUCCESS,SUCCESS,AUTHORIZED,CAPTURED,PAID,DELIVERED,DELIVERED,200,1,ON_HOLD,NONE,AWAITING_ACK,453,611,65737,21,4,0.4034,0.0343,1,1,DUPLICATE_PAYMENT
5789.97,UPI,KOTAK,PAYU,SUCCESS,SUCCESS,AUTHORIZED,CAPTURED,PAID,PROCESSING,DELIVERED,200,1,PENDING,NONE,NONE,239,406,6262,10,0,0.6543,0.0328,1,0,NORMAL
8664.33,UPI,YES_BANK,RAZORPAY,SUCCESS,SUCCESS,AUTHORIZED,CAPTURED,PENDING_PAYMENT,UNFULFILLED,DROPPED,504,2,ON_HOLD,NONE,NONE,507,724,188782,21,0,-0.3069,0.0658,1,0,MISSING_WEBHOOK
294.06,CREDIT_CARD,PNB,RAZORPAY,DEBITED,PENDING,FAILED,FAILED,CANCELLED,CANCELLED,RETRYING,500,1,DISCREPANCY,NONE,NOT_INITIATED,65132,96910,97810,10,1,-0.5916,0.0223,1,0,UNRESOLVED
633.39,CREDIT_CARD,SBI,PAYU,SUCCESS,SUCCESS,AUTHORIZED,CAPTURED,PAID,DELIVERED,DELIVERED,200,1,SETTLED,NONE,NONE,727,976,246251,21,0,0.3196,0.0376,1,0,NORMAL
507.15,UPI,ICICI,BILLDESK,SUCCESS,SUCCESS,AUTHORIZED,CAPTURED,PAID,PROCESSING,DELIVERED,200,1,PENDING,NONE,NONE,231,477,25696,17,0,0.2075,0.0337,1,0,NORMAL
1537.14,NET_BANKING,AXIS,BILLDESK,SUCCESS,SUCCESS,AUTHORIZED,CAPTURED,PAID,DELIVERED,DELIVERED,200,1,SETTLED,NONE,NONE,616,715,105357,8,0,0.3974,0.042,1,0,NORMAL
276.27,DEBIT_CARD,KOTAK,STRIPE,SUCCESS,SUCCESS,AUTHORIZED,CAPTURED,CANCELLED,CANCELLED,DELIVERED,200,1,ON_HOLD,PROCESSED,NONE,284258,285280,117470,17,0,-0.575,0.024,1,0,ORDER_PAYMENT_CONFLICT
14664.29,NET_BANKING,SBI,RAZORPAY,SUCCESS,SUCCESS,AUTHORIZED,CAPTURED,PAID,DELIVERED,DELIVERED,200,1,SETTLED,NONE,NONE,592,792,149571,9,0,4.2372,0.0172,1,0,NORMAL
213.22,UPI,ICICI,RAZORPAY,REVERSED,PENDING,TIMEOUT,FAILED,PENDING_PAYMENT,RETURNED,DROPPED,404,1,ON_HOLD,MANUAL_INTERVENTION_REQUIRED,REJECTED_BY_BANK,37691,5115,19348,7,3,-0.4923,0.043,1,0,UNRESOLVED
1414.24,CREDIT_CARD,PNB,STRIPE,SUCCESS,SUCCESS,AUTHORIZED,CAPTURED,PAID,DELIVERED,DELIVERED,200,1,SETTLED,NONE,NONE,581,718,139623,17,0,1.9463,0.0454,1,0,NORMAL
1741.63,UPI,HDFC,BILLDESK,SUCCESS,SUCCESS,AUTHORIZED,CAPTURED,PAID,DELIVERED,DELIVERED,200,1,SETTLED,NONE,NONE,2282,2633,156873,10,0,1.6794,0.0332,1,0,NORMAL
25543.43,UPI,YES_BANK,BILLDESK,SUCCESS,SUCCESS,AUTHORIZED,CAPTURED,REFUNDED,RETURNED,DELIVERED,200,1,REVERSED,MANUAL_INTERVENTION_REQUIRED,AWAITING_ACK,673,865,60721,17,0,1.0435,0.0758,1,0,REFUND_UNCERTAINTY
4609.37,UPI,INDUSIND,PAYU,SUCCESS,SUCCESS,AUTHORIZED,CAPTURED,CANCELLED,CANCELLED,DELIVERED,200,1,ON_HOLD,INITIATED,NONE,348381,350360,186991,7,0,3.1903,0.0456,1,0,ORDER_PAYMENT_CONFLICT
353.34,UPI,YES_BANK,PAYU,SUCCESS,SUCCESS,AUTHORIZED,CAPTURED,PAID,PROCESSING,DELIVERED,200,1,SETTLED,NONE,NONE,42123,46200,225382,17,0,-0.1587,0.0441,1,0,DELAYED_CONFIRMATION
240.56,UPI,INDUSIND,RAZORPAY,REVERSED,SUCCESS,AUTHORIZED,CAPTURED,REFUNDED,RETURNED,DELIVERED,200,1,REVERSED,PENDING,AWAITING_ACK,646,815,236742,13,0,-0.4272,0.0354,1,0,REFUND_UNCERTAINTY
2193.47,UPI,AXIS,PAYU,SUCCESS,SUCCESS,AUTHORIZED,CAPTURED,EXPIRED,UNFULFILLED,DROPPED,404,5,PENDING,NONE,NONE,692,843,222466,18,0,2.0465,0.0349,1,0,MISSING_WEBHOOK
2733.16,CREDIT_CARD,KOTAK,STRIPE,SUCCESS,SUCCESS,AUTHORIZED,CAPTURED,PAID,DELIVERED,DELIVERED,200,1,SETTLED,NONE,NONE,400,606,165463,15,0,0.4385,0.05,1,0,NORMAL
831.6,NET_BANKING,HDFC,STRIPE,REVERSED,SUCCESS,NONE,FAILED,PENDING_PAYMENT,DELIVERED,RETRYING,404,1,ON_HOLD,MANUAL_INTERVENTION_REQUIRED,REJECTED_BY_BANK,25165,51841,132462,17,2,-0.244,0.0411,1,0,UNRESOLVED
5490.1,CREDIT_CARD,AXIS,CASHFREE,SUCCESS,SUCCESS,AUTHORIZED,CAPTURED,PAID,DELIVERED,DELIVERED,200,1,SETTLED,NONE,NONE,352,632,141703,11,0,0.1438,0.0517,1,0,NORMAL
4461.04,UPI,ICICI,BILLDESK,SUCCESS,FAILED,TIMEOUT,FAILED,CANCELLED,CANCELLED,DELIVERED,200,1,ON_HOLD,INITIATED,NOT_INITIATED,776,50354,58478,7,0,-0.0706,0.0615,1,0,BANK_DEBIT_GATEWAY_FAILURE
354.88,UPI,SBI,BILLDESK,SUCCESS,SUCCESS,AUTHORIZED,CAPTURED,REFUNDED,RETURNED,DELIVERED,200,1,REVERSED,MANUAL_INTERVENTION_REQUIRED,NOT_INITIATED,292,474,40193,8,0,-0.5071,0.0214,1,0,REFUND_UNCERTAINTY
376.68,UPI,YES_BANK,CASHFREE,SUCCESS,FAILED,TIMEOUT,FAILED,EXPIRED,CANCELLED,FAILED,504,1,ON_HOLD,INITIATED,NOT_INITIATED,905,45003,184611,16,0,-0.1031,0.0381,1,0,BANK_DEBIT_GATEWAY_FAILURE
729.97,UPI,PNB,RAZORPAY,SUCCESS,SUCCESS,AUTHORIZED,CAPTURED,PENDING_PAYMENT,UNFULFILLED,DROPPED,502,5,ON_HOLD,NONE,NONE,312,465,196152,15,0,0.5208,0.0469,1,0,MISSING_WEBHOOK
4045.85,UPI,INDUSIND,PAYU,SUCCESS,SUCCESS,AUTHORIZED,CAPTURED,PAID,PROCESSING,DELIVERED,200,2,PENDING,NONE,NONE,692,894,57108,2,0,-0.1571,0.0598,1,0,NORMAL
840.25,UPI,SBI,STRIPE,SUCCESS,SUCCESS,AUTHORIZED,CAPTURED,PAID,DELIVERED,DELIVERED,200,1,SETTLED,NONE,NONE,292,529,204384,6,0,-0.5578,0.049,1,0,NORMAL
1302.16,UPI,INDUSIND,BILLDESK,SUCCESS,SUCCESS,AUTHORIZED,CAPTURED,PAID,DELIVERED,DELIVERED,200,1,SETTLED,NONE,NONE,509,594,89758,16,0,0.1838,0.0553,1,0,NORMAL
135.94,DEBIT_CARD,AXIS,BILLDESK,SUCCESS,SUCCESS,AUTHORIZED,CAPTURED,PAID,PROCESSING,RETRYING,200,2,SETTLED,NONE,NONE,79064,83020,94264,11,0,-0.6763,0.0497,1,0,DELAYED_CONFIRMATION
357.62,DEBIT_CARD,INDUSIND,RAZORPAY,SUCCESS,SUCCESS,AUTHORIZED,CAPTURED,PAID,PROCESSING,DELIVERED,200,1,PENDING,NONE,NONE,729,811,2071,15,0,-0.4498,0.03,1,0,NORMAL
5589.79,NET_BANKING,ICICI,CASHFREE,SUCCESS,SUCCESS,AUTHORIZED,CAPTURED,FAILED,UNFULFILLED,DELIVERED,0,1,ON_HOLD,PENDING,NOT_INITIATED,5320,67083,190520,10,3,1.942,0.0417,1,0,UNRESOLVED
824.45,UPI,HDFC,BILLDESK,SUCCESS,SUCCESS,AUTHORIZED,CAPTURED,PAID,DELIVERED,DELIVERED,200,1,SETTLED,NONE,NONE,650,791,110229,10,0,0.963,0.0303,1,0,NORMAL
246.63,UPI,PNB,PAYU,SUCCESS,SUCCESS,AUTHORIZED,CAPTURED,PAID,DELIVERED,DELIVERED,200,1,SETTLED,NONE,NONE,239,418,140862,17,0,-0.6206,0.0353,1,0,NORMAL
2383.17,UPI,AXIS,BILLDESK,SUCCESS,SUCCESS,AUTHORIZED,CAPTURED,CANCELLED,UNFULFILLED,FAILED,502,5,ON_HOLD,NONE,NONE,213,412,219036,18,0,-0.1489,0.022,1,0,MISSING_WEBHOOK
562.72,CREDIT_CARD,YES_BANK,BILLDESK,SUCCESS,SUCCESS,AUTHORIZED,CAPTURED,PAID,DELIVERED,DELIVERED,200,1,SETTLED,NONE,NONE,262,474,153688,22,0,-0.1343,0.0354,1,0,NORMAL
793.49,DEBIT_CARD,KOTAK,RAZORPAY,SUCCESS,SUCCESS,AUTHORIZED,CAPTURED,PAID,PROCESSING,DELIVERED,200,1,PENDING,NONE,NONE,298,405,69358,4,0,-0.2786,0.0402,1,0,NORMAL
1091.0,UPI,YES_BANK,PAYU,SUCCESS,SUCCESS,AUTHORIZED,CAPTURED,PENDING_PAYMENT,UNFULFILLED,DROPPED,500,2,ON_HOLD,NONE,NONE,598,1045,62824,19,0,-0.6104,0.0275,1,0,MISSING_WEBHOOK
205.79,DEBIT_CARD,HDFC,RAZORPAY,SUCCESS,SUCCESS,AUTHORIZED,CAPTURED,PAID,DELIVERED,DELIVERED,200,1,ON_HOLD,NONE,AWAITING_ACK,634,715,236274,6,4,-0.51,0.0403,1,1,DUPLICATE_PAYMENT
2086.5,UPI,INDUSIND,RAZORPAY,SUCCESS,PENDING,TIMEOUT,NOT_REQUESTED,CANCELLED,CANCELLED,FAILED,500,1,ON_HOLD,NONE,NOT_INITIATED,958,46943,175708,20,0,-0.5653,0.0647,1,0,BANK_DEBIT_GATEWAY_FAILURE
1421.92,CREDIT_CARD,KOTAK,PAYU,SUCCESS,SUCCESS,AUTHORIZED,CAPTURED,CANCELLED,CANCELLED,DELIVERED,200,1,ON_HOLD,NONE,NONE,310099,311811,223961,6,0,-0.7038,0.0513,1,0,ORDER_PAYMENT_CONFLICT
258.77,UPI,KOTAK,PAYU,SUCCESS,SUCCESS,AUTHORIZED,CAPTURED,PAID,PROCESSING,SCHEDULED,200,2,PENDING,NONE,NONE,97331,103033,70354,19,0,-0.6019,0.0301,1,0,DELAYED_CONFIRMATION
274.4,UPI,HDFC,STRIPE,REVERSED,SUCCESS,AUTHORIZED,CAPTURED,REFUNDED,RETURNED,DELIVERED,200,1,REVERSED,MANUAL_INTERVENTION_REQUIRED,REJECTED_BY_BANK,404,685,49865,6,0,-0.3467,0.0312,1,0,REFUND_UNCERTAINTY
876.2,CREDIT_CARD,SBI,BILLDESK,SUCCESS,SUCCESS,AUTHORIZED,CAPTURED,PAID,PROCESSING,DELIVERED,200,1,PENDING,NONE,NONE,332,417,913,16,0,-0.2035,0.0571,1,0,NORMAL
291.64,UPI,AXIS,PAYU,SUCCESS,SUCCESS,AUTHORIZED,CAPTURED,PAID,PROCESSING,DELIVERED,200,1,PENDING,NONE,NONE,434,725,51968,14,0,-0.3924,0.0335,1,0,NORMAL
1365.72,UPI,INDUSIND,STRIPE,SUCCESS,SUCCESS,AUTHORIZED,CAPTURED,PAID,PROCESSING,DELIVERED,200,1,PENDING,NONE,NONE,381,635,69560,7,0,1.1011,0.0256,1,0,NORMAL
1166.97,UPI,SBI,STRIPE,SUCCESS,SUCCESS,AUTHORIZED,CAPTURED,PAID,PROCESSING,DELIVERED,200,3,SETTLED,NONE,NONE,78355,80077,174085,17,0,-0.3858,0.0415,1,0,DELAYED_CONFIRMATION
792.78,CREDIT_CARD,INDUSIND,BILLDESK,DEBITED,FAILED,NONE,FAILED,CANCELLED,CANCELLED,NONE,500,1,ON_HOLD,PROCESSED,CREDITED_TO_CUSTOMER,1143,68761,8966,23,0,0.1011,0.0207,1,0,BANK_DEBIT_GATEWAY_FAILURE
10677.59,CREDIT_CARD,INDUSIND,STRIPE,SUCCESS,SUCCESS,AUTHORIZED,CAPTURED,CANCELLED,CANCELLED,DELIVERED,200,1,ON_HOLD,PROCESSED,NONE,285439,287756,53584,23,0,1.2245,0.0591,1,0,ORDER_PAYMENT_CONFLICT
644.61,UPI,HDFC,RAZORPAY,SUCCESS,SUCCESS,AUTHORIZED,CAPTURED,PAID,PROCESSING,RETRYING,200,1,SETTLED,NONE,NONE,80887,84468,164690,4,0,0.3429,0.0416,1,0,DELAYED_CONFIRMATION
7012.8,UPI,ICICI,BILLDESK,SUCCESS,SUCCESS,AUTHORIZED,CAPTURED,PENDING_PAYMENT,PROCESSING,SCHEDULED,200,3,SETTLED,NONE,NONE,80738,83173,215039,4,0,1.5046,0.0206,1,0,DELAYED_CONFIRMATION
479.6,UPI,ICICI,RAZORPAY,SUCCESS,SUCCESS,AUTHORIZED,CAPTURED,PAID,DELIVERED,DELIVERED,200,1,SETTLED,NONE,NONE,3583,4475,222744,0,0,-0.3339,0.0378,1,0,NORMAL
2689.22,UPI,ICICI,CASHFREE,DEBITED,FAILED,FAILED,PENDING,PAID,CANCELLED,RETRYING,404,1,ON_HOLD,MANUAL_INTERVENTION_REQUIRED,REJECTED_BY_BANK,51538,90138,146191,7,0,-0.0396,0.0105,1,0,UNRESOLVED
5350.03,DEBIT_CARD,YES_BANK,PAYU,DEBITED,PENDING,NONE,FAILED,PAID,RETURNED,RETRYING,504,1,ON_HOLD,NONE,NOT_INITIATED,24347,63457,93079,9,1,0.5286,0.0485,1,0,UNRESOLVED
544.61,UPI,YES_BANK,CASHFREE,SUCCESS,SUCCESS,AUTHORIZED,CAPTURED,PAID,PROCESSING,DELIVERED,200,1,PENDING,NONE,NONE,235,501,45608,8,0,-0.2436,0.0253,1,0,NORMAL
2585.93,UPI,SBI,BILLDESK,SUCCESS,SUCCESS,AUTHORIZED,CAPTURED,EXPIRED,CANCELLED,DELIVERED,200,1,ON_HOLD,INITIATED,NONE,337141,338717,56084,8,0,1.3508,0.0402,1,0,ORDER_PAYMENT_CONFLICT
10128.52,UPI,INDUSIND,STRIPE,SUCCESS,SUCCESS,AUTHORIZED,CAPTURED,PAID,DELIVERED,DELIVERED,200,1,DISCREPANCY,NONE,NONE,591,829,197858,11,0,1.1797,0.0636,1,0,SETTLEMENT_MISMATCH
978.69,UPI,KOTAK,PAYU,SUCCESS,SUCCESS,AUTHORIZED,CAPTURED,PAID,PROCESSING,DELIVERED,200,1,PENDING,NONE,NONE,237,498,5189,2,0,1.0389,0.039,1,0,NORMAL
317.0,UPI,PNB,CASHFREE,SUCCESS,SUCCESS,AUTHORIZED,CAPTURED,PAID,PROCESSING,DELIVERED,200,1,PENDING,NONE,NONE,66584,68356,28957,2,0,-0.5123,0.0374,1,0,DELAYED_CONFIRMATION
1524.77,UPI,YES_BANK,STRIPE,SUCCESS,SUCCESS,AUTHORIZED,CAPTURED,CANCELLED,UNFULFILLED,FAILED,500,4,ON_HOLD,NONE,NONE,386,608,6090,5,0,0.3862,0.0507,1,0,MISSING_WEBHOOK
749.28,UPI,HDFC,STRIPE,DEBITED,PENDING,AUTHORIZED,CAPTURED,FAILED,CANCELLED,DROPPED,504,1,DISCREPANCY,FAILED,NOT_INITIATED,107586,25925,136497,5,1,0.784,0.037,1,0,UNRESOLVED
740.15,UPI,KOTAK,RAZORPAY,SUCCESS,PENDING,AUTHORIZED,CAPTURED,PROCESSING,PROCESSING,DELIVERED,200,2,PENDING,NONE,NONE,81197,83163,1021,17,0,0.028,0.0352,1,0,DELAYED_CONFIRMATION
267.19,EMI,ICICI,STRIPE,SUCCESS,SUCCESS,AUTHORIZED,CAPTURED,PAID,DELIVERED,DELIVERED,200,1,DISCREPANCY,NONE,NONE,742,912,216887,18,0,-0.3742,0.0349,1,0,SETTLEMENT_MISMATCH
748.4,CREDIT_CARD,KOTAK,BILLDESK,SUCCESS,SUCCESS,AUTHORIZED,CAPTURED,PAID,DELIVERED,DELIVERED,200,1,SETTLED,NONE,NONE,379,598,227123,7,0,0.0394,0.0337,1,0,NORMAL
1792.83,CREDIT_CARD,YES_BANK,STRIPE,PENDING,FAILED,FAILED,PENDING,FAILED,DELIVERED,RETRYING,200,1,FAILED,FAILED,NOT_INITIATED,106273,78637,74406,19,0,-0.0564,0.0586,1,0,UNRESOLVED
633.29,UPI,PNB,RAZORPAY,SUCCESS,SUCCESS,AUTHORIZED,CAPTURED,PAID,DELIVERED,DELIVERED,200,1,DISCREPANCY,NONE,NONE,746,1033,91676,9,0,-0.0452,0.036,1,0,SETTLEMENT_MISMATCH
9686.52,CREDIT_CARD,YES_BANK,RAZORPAY,PENDING,SUCCESS,AUTHORIZED,CAPTURED,PROCESSING,PROCESSING,DELIVERED,200,2,PENDING,NONE,NONE,84286,85353,67314,10,0,1.018,0.0699,1,0,DELAYED_CONFIRMATION
777.88,UPI,HDFC,PAYU,SUCCESS,SUCCESS,AUTHORIZED,CAPTURED,PAID,DELIVERED,DELIVERED,200,1,DISCREPANCY,NONE,NONE,405,490,172525,15,0,-0.752,0.0437,1,0,SETTLEMENT_MISMATCH
1526.84,UPI,PNB,BILLDESK,SUCCESS,TIMED_OUT,FAILED,FAILED,CANCELLED,CANCELLED,NONE,500,1,ON_HOLD,NONE,NOT_INITIATED,1090,65463,24175,11,0,1.1206,0.0244,1,0,BANK_DEBIT_GATEWAY_FAILURE
15183.79,UPI,PNB,RAZORPAY,SUCCESS,SUCCESS,AUTHORIZED,CAPTURED,PAID,PROCESSING,DELIVERED,200,1,PENDING,NONE,NONE,718,854,83354,22,0,0.2147,0.0769,1,0,NORMAL
4878.3,CREDIT_CARD,YES_BANK,BILLDESK,SUCCESS,SUCCESS,AUTHORIZED,CAPTURED,PENDING_PAYMENT,UNFULFILLED,FAILED,504,2,ON_HOLD,NONE,NONE,485,599,153078,4,0,0.3938,0.0356,1,0,MISSING_WEBHOOK
540.83,UPI,ICICI,PAYU,SUCCESS,SUCCESS,AUTHORIZED,CAPTURED,PAID,DELIVERED,DELIVERED,200,1,SETTLED,NONE,NONE,603,817,138193,10,0,-0.5083,0.0413,1,0,NORMAL
3088.49,NET_BANKING,HDFC,CASHFREE,SUCCESS,SUCCESS,AUTHORIZED,CAPTURED,PENDING_PAYMENT,UNFULFILLED,FAILED,404,2,PENDING,NONE,NONE,363,616,237480,5,0,-0.1176,0.0326,1,0,MISSING_WEBHOOK
883.25,UPI,YES_BANK,RAZORPAY,SUCCESS,SUCCESS,AUTHORIZED,CAPTURED,PAID,DELIVERED,DELIVERED,200,1,SETTLED,NONE,NONE,199,444,109332,18,0,0.2267,0.0348,1,0,NORMAL
2340.56,CREDIT_CARD,INDUSIND,CASHFREE,SUCCESS,FAILED,TIMEOUT,FAILED,CANCELLED,CANCELLED,NONE,500,1,ON_HOLD,NONE,NOT_INITIATED,656,94941,195848,1,0,0.2319,0.0449,1,0,BANK_DEBIT_GATEWAY_FAILURE
729.81,CREDIT_CARD,KOTAK,RAZORPAY,SUCCESS,SUCCESS,AUTHORIZED,CAPTURED,PAID,DELIVERED,DELIVERED,200,1,SETTLED,NONE,NONE,386,564,213996,13,0,-0.6159,0.0514,1,0,NORMAL
257.19,DEBIT_CARD,AXIS,RAZORPAY,SUCCESS,SUCCESS,AUTHORIZED,CAPTURED,PAID,DELIVERED,DELIVERED,200,1,DISCREPANCY,NONE,NONE,219,362,7130,23,0,-0.3371,0.0374,1,0,SETTLEMENT_MISMATCH
1951.49,CREDIT_CARD,YES_BANK,PAYU,SUCCESS,SUCCESS,AUTHORIZED,CAPTURED,PAID,DELIVERED,DELIVERED,200,1,SETTLED,NONE,NONE,251,528,226614,8,0,-0.303,0.0145,1,0,NORMAL
3536.85,DEBIT_CARD,YES_BANK,BILLDESK,SUCCESS,SUCCESS,AUTHORIZED,CAPTURED,PAID,PROCESSING,DELIVERED,200,1,PENDING,NONE,NONE,710,826,38369,11,0,-0.2632,0.0639,1,0,NORMAL
14240.43,CREDIT_CARD,KOTAK,RAZORPAY,SUCCESS,SUCCESS,AUTHORIZED,CAPTURED,PAID,PROCESSING,DELIVERED,200,1,PENDING,NONE,NONE,212,446,15758,4,1,1.9668,0.0656,1,0,NORMAL
179.64,EMI,HDFC,RAZORPAY,SUCCESS,FAILED,FAILED,FAILED,EXPIRED,CANCELLED,FAILED,504,1,ON_HOLD,PROCESSED,CREDITED_TO_CUSTOMER,1604,63766,23574,17,0,-0.6258,0.0316,1,0,BANK_DEBIT_GATEWAY_FAILURE
1312.77,DEBIT_CARD,AXIS,RAZORPAY,SUCCESS,SUCCESS,AUTHORIZED,CAPTURED,EXPIRED,CANCELLED,DELIVERED,200,1,ON_HOLD,NONE,NONE,312476,313246,231386,15,0,0.1934,0.0578,1,0,ORDER_PAYMENT_CONFLICT
196.31,CREDIT_CARD,PNB,STRIPE,SUCCESS,SUCCESS,AUTHORIZED,CAPTURED,PAID,DELIVERED,DELIVERED,200,1,SETTLED,NONE,NONE,468,653,91434,12,0,-0.8215,0.0524,1,0,NORMAL
3070.77,UPI,HDFC,BILLDESK,SUCCESS,SUCCESS,AUTHORIZED,CAPTURED,PAID,DELIVERED,DELIVERED,200,1,DISCREPANCY,NONE,NONE,346,585,16337,5,0,1.8485,0.0531,1,0,SETTLEMENT_MISMATCH
2825.71,UPI,INDUSIND,PAYU,SUCCESS,SUCCESS,AUTHORIZED,CAPTURED,PROCESSING,PROCESSING,DELIVERED,200,2,SETTLED,NONE,NONE,58868,63152,241209,8,0,-0.1927,0.0351,1,0,DELAYED_CONFIRMATION
5233.2,NET_BANKING,INDUSIND,CASHFREE,SUCCESS,SUCCESS,AUTHORIZED,CAPTURED,PAID,DELIVERED,DELIVERED,200,1,SETTLED,NONE,NONE,274,442,141955,3,0,-0.5813,0.0661,1,0,NORMAL
4568.94,UPI,HDFC,RAZORPAY,SUCCESS,SUCCESS,AUTHORIZED,PENDING,PAID,PROCESSING,SCHEDULED,200,2,SETTLED,NONE,NONE,46095,48327,151025,21,0,0.3054,0.0464,1,0,DELAYED_CONFIRMATION
3436.84,CREDIT_CARD,SBI,RAZORPAY,SUCCESS,SUCCESS,AUTHORIZED,CAPTURED,PAID,DELIVERED,DELIVERED,200,1,DISCREPANCY,NONE,NONE,493,792,87582,20,0,2.193,0.0521,1,0,SETTLEMENT_MISMATCH
3493.89,UPI,HDFC,PAYU,SUCCESS,SUCCESS,AUTHORIZED,CAPTURED,PAID,DELIVERED,DELIVERED,200,1,SETTLED,NONE,NONE,308,442,146068,3,0,-0.2721,0.0632,1,0,NORMAL
375.81,EMI,PNB,RAZORPAY,SUCCESS,SUCCESS,AUTHORIZED,CAPTURED,PAID,PROCESSING,DELIVERED,200,1,PENDING,NONE,NONE,2367,3002,80871,15,0,-0.1052,0.0496,1,0,NORMAL
641.07,UPI,AXIS,STRIPE,SUCCESS,SUCCESS,AUTHORIZED,CAPTURED,PAID,DELIVERED,DELIVERED,200,1,SETTLED,NONE,NONE,1627,2033,233960,14,0,0.3356,0.0358,1,0,NORMAL
1758.85,CREDIT_CARD,KOTAK,PAYU,SUCCESS,SUCCESS,AUTHORIZED,CAPTURED,PAID,DELIVERED,DELIVERED,200,1,ON_HOLD,INITIATED,AWAITING_ACK,283,502,186279,22,3,-0.0743,0.0496,1,1,DUPLICATE_PAYMENT
8731.83,NET_BANKING,ICICI,BILLDESK,SUCCESS,SUCCESS,AUTHORIZED,CAPTURED,EXPIRED,CANCELLED,DELIVERED,200,1,ON_HOLD,INITIATED,NONE,256490,257247,172118,20,0,0.8191,0.0596,1,0,ORDER_PAYMENT_CONFLICT
306.17,UPI,SBI,RAZORPAY,DEBITED,SUCCESS,NONE,AUTO_REFUNDED,PAID,CANCELLED,RETRYING,504,1,ON_HOLD,NONE,AWAITING_ACK,50913,91248,123034,10,0,-0.3621,0.0431,1,0,UNRESOLVED
4108.23,EMI,YES_BANK,CASHFREE,SUCCESS,SUCCESS,AUTHORIZED,CAPTURED,PAID,PROCESSING,DELIVERED,200,1,PENDING,NONE,NONE,375,640,23103,5,0,0.1738,0.0328,1,0,NORMAL
7663.76,CREDIT_CARD,INDUSIND,BILLDESK,DEBITED,FAILED,FAILED,FAILED,CANCELLED,CANCELLED,NONE,504,1,ON_HOLD,PROCESSED,CREDITED_TO_CUSTOMER,1154,83221,56745,15,0,-0.3869,0.0636,1,0,BANK_DEBIT_GATEWAY_FAILURE
9547.05,UPI,HDFC,BILLDESK,SUCCESS,SUCCESS,AUTHORIZED,CAPTURED,PENDING_PAYMENT,UNFULFILLED,DROPPED,500,2,ON_HOLD,NONE,NONE,433,561,33597,2,0,0.989,0.0619,1,0,MISSING_WEBHOOK
723.53,NET_BANKING,PNB,PAYU,DEBITED,TIMED_OUT,TIMEOUT,AUTO_REFUNDED,CANCELLED,CANCELLED,DELIVERED,200,1,ON_HOLD,INITIATED,NOT_INITIATED,883,58667,40434,0,0,-0.3422,0.0568,1,0,BANK_DEBIT_GATEWAY_FAILURE
365.21,NET_BANKING,AXIS,PAYU,SUCCESS,SUCCESS,AUTHORIZED,CAPTURED,PAID,DELIVERED,DELIVERED,200,1,SETTLED,NONE,NONE,579,820,246203,0,0,-0.2391,0.0495,1,0,NORMAL
1020.93,CREDIT_CARD,INDUSIND,STRIPE,SUCCESS,SUCCESS,AUTHORIZED,CAPTURED,PAID,PROCESSING,DELIVERED,200,2,PENDING,NONE,NONE,580,802,58505,7,0,0.418,0.0219,1,0,NORMAL
8729.48,UPI,HDFC,BILLDESK,SUCCESS,SUCCESS,AUTHORIZED,CAPTURED,PAID,PROCESSING,DELIVERED,200,1,SETTLED,NONE,NONE,42014,47330,112289,17,0,1.4941,0.0489,1,0,DELAYED_CONFIRMATION
978.58,EMI,YES_BANK,STRIPE,SUCCESS,SUCCESS,AUTHORIZED,CAPTURED,PAID,PROCESSING,DELIVERED,200,1,PENDING,NONE,NONE,3134,3971,31812,23,0,0.5055,0.0392,1,0,NORMAL
3253.45,UPI,INDUSIND,CASHFREE,SUCCESS,SUCCESS,AUTHORIZED,CAPTURED,PAID,PROCESSING,DELIVERED,200,1,PENDING,NONE,NONE,562,799,33537,11,0,-0.0704,0.042,1,0,NORMAL
1678.48,UPI,PNB,PAYU,SUCCESS,SUCCESS,AUTHORIZED,CAPTURED,PAID,DELIVERED,DELIVERED,200,1,SETTLED,NONE,NONE,464,560,96513,10,0,-0.1166,0.0574,1,0,NORMAL
558.0,UPI,SBI,PAYU,SUCCESS,SUCCESS,AUTHORIZED,CAPTURED,CANCELLED,CANCELLED,DELIVERED,200,1,ON_HOLD,PROCESSED,NONE,354763,356461,192436,10,0,-0.225,0.0396,1,0,ORDER_PAYMENT_CONFLICT
336.92,UPI,SBI,STRIPE,SUCCESS,SUCCESS,AUTHORIZED,CAPTURED,EXPIRED,UNFULFILLED,DROPPED,504,4,ON_HOLD,NONE,NONE,223,382,6883,16,0,-0.2981,0.0479,1,0,MISSING_WEBHOOK
1326.75,DEBIT_CARD,YES_BANK,PAYU,SUCCESS,SUCCESS,AUTHORIZED,CAPTURED,PENDING_PAYMENT,UNFULFILLED,DROPPED,502,3,PENDING,NONE,NONE,553,653,161538,23,0,-0.6209,0.0368,1,0,MISSING_WEBHOOK
9284.43,UPI,INDUSIND,STRIPE,SUCCESS,SUCCESS,AUTHORIZED,CAPTURED,PAID,DELIVERED,DELIVERED,200,3,SETTLED,NONE,NONE,227,485,106791,6,0,1.6527,0.0475,1,0,NORMAL
2193.48,CREDIT_CARD,ICICI,PAYU,SUCCESS,SUCCESS,AUTHORIZED,CAPTURED,PAID,DELIVERED,DELIVERED,200,1,ON_HOLD,PROCESSED,CREDITED_TO_CUSTOMER,477,639,225083,23,1,-0.2166,0.0115,1,1,DUPLICATE_PAYMENT
604.43,UPI,AXIS,STRIPE,SUCCESS,SUCCESS,AUTHORIZED,CAPTURED,PAID,PROCESSING,DELIVERED,200,1,PENDING,NONE,NONE,597,807,29883,16,0,0.4391,0.0431,1,0,NORMAL
2396.24,CREDIT_CARD,SBI,PAYU,SUCCESS,SUCCESS,AUTHORIZED,CAPTURED,PAID,DELIVERED,DELIVERED,200,1,DISCREPANCY,NONE,NONE,738,921,167627,9,0,-0.2883,0.0397,1,0,SETTLEMENT_MISMATCH
816.84,CREDIT_CARD,HDFC,CASHFREE,SUCCESS,SUCCESS,AUTHORIZED,CAPTURED,REFUNDED,RETURNED,DELIVERED,200,1,REVERSED,MANUAL_INTERVENTION_REQUIRED,AWAITING_ACK,302,482,223011,19,0,-0.5701,0.0432,1,0,REFUND_UNCERTAINTY
1014.84,UPI,ICICI,RAZORPAY,SUCCESS,SUCCESS,AUTHORIZED,CAPTURED,PAID,DELIVERED,DELIVERED,200,1,SETTLED,NONE,NONE,472,566,216825,15,0,0.4095,0.0208,1,0,NORMAL
6968.68,WALLET,YES_BANK,STRIPE,SUCCESS,SUCCESS,AUTHORIZED,CAPTURED,PAID,DELIVERED,DELIVERED,200,1,ON_HOLD,PROCESSED,CREDITED_TO_CUSTOMER,533,641,76566,15,1,5.3352,0.0402,1,1,DUPLICATE_PAYMENT
5495.46,UPI,PNB,CASHFREE,SUCCESS,SUCCESS,AUTHORIZED,CAPTURED,PAID,PROCESSING,DELIVERED,200,1,PENDING,NONE,NONE,1605,2248,21422,12,0,0.5701,0.0383,1,0,NORMAL
874.63,UPI,PNB,BILLDESK,SUCCESS,SUCCESS,AUTHORIZED,CAPTURED,PENDING_PAYMENT,UNFULFILLED,DROPPED,504,5,ON_HOLD,NONE,NONE,374,476,119671,2,0,0.3456,0.0342,1,0,MISSING_WEBHOOK
4263.2,WALLET,SBI,RAZORPAY,SUCCESS,SUCCESS,AUTHORIZED,CAPTURED,PAID,PROCESSING,DELIVERED,200,1,PENDING,NONE,NONE,420,616,22599,3,0,0.2181,0.0476,1,0,NORMAL
2179.39,UPI,YES_BANK,BILLDESK,SUCCESS,FAILED,TIMEOUT,FAILED,CANCELLED,CANCELLED,NONE,504,1,ON_HOLD,NONE,NOT_INITIATED,1210,73885,72948,14,0,0.9813,0.046,1,0,BANK_DEBIT_GATEWAY_FAILURE
270.54,UPI,INDUSIND,BILLDESK,SUCCESS,SUCCESS,AUTHORIZED,CAPTURED,PAID,DELIVERED,DELIVERED,200,2,SETTLED,NONE,NONE,574,678,159832,7,0,-0.3559,0.0495,1,0,NORMAL
577.58,UPI,AXIS,CASHFREE,SUCCESS,SUCCESS,AUTHORIZED,CAPTURED,PAID,DELIVERED,DELIVERED,200,1,ON_HOLD,NONE,AWAITING_ACK,516,609,26732,10,4,-0.4749,0.053,1,1,DUPLICATE_PAYMENT
895.6,UPI,SBI,BILLDESK,SUCCESS,SUCCESS,AUTHORIZED,CAPTURED,EXPIRED,CANCELLED,DELIVERED,200,1,ON_HOLD,NONE,NONE,289556,290321,37286,19,0,0.3778,0.0393,1,0,ORDER_PAYMENT_CONFLICT
10519.81,UPI,YES_BANK,STRIPE,SUCCESS,SUCCESS,AUTHORIZED,CAPTURED,PAID,PROCESSING,DELIVERED,200,1,PENDING,NONE,NONE,3932,4538,84967,22,0,-0.1584,0.0672,1,0,NORMAL
758.77,UPI,SBI,RAZORPAY,SUCCESS,SUCCESS,AUTHORIZED,CAPTURED,PAID,PROCESSING,DELIVERED,200,1,PENDING,NONE,NONE,354,654,17808,8,0,0.8066,0.0327,1,0,NORMAL
690.05,EMI,SBI,STRIPE,SUCCESS,SUCCESS,AUTHORIZED,CAPTURED,PAID,PROCESSING,DELIVERED,200,1,PENDING,NONE,NONE,285,385,84233,9,0,0.0616,0.0286,1,0,NORMAL
3848.26,UPI,SBI,BILLDESK,PENDING,FAILED,FAILED,CAPTURED,CANCELLED,DELIVERED,DELIVERED,500,1,ON_HOLD,FAILED,NOT_INITIATED,51242,111630,61314,4,0,0.0995,0.0405,1,0,UNRESOLVED
24393.62,UPI,KOTAK,BILLDESK,SUCCESS,SUCCESS,AUTHORIZED,CAPTURED,PAID,PROCESSING,DELIVERED,200,1,PENDING,NONE,NONE,732,970,50467,11,0,0.9515,0.0761,1,0,NORMAL
1148.67,WALLET,AXIS,STRIPE,SUCCESS,SUCCESS,AUTHORIZED,CAPTURED,CANCELLED,CANCELLED,DELIVERED,200,1,ON_HOLD,INITIATED,NONE,249263,250462,51776,10,0,0.0442,0.0595,1,0,ORDER_PAYMENT_CONFLICT
8063.49,UPI,HDFC,PAYU,SUCCESS,SUCCESS,AUTHORIZED,CAPTURED,PAID,DELIVERED,DELIVERED,200,1,DISCREPANCY,NONE,NONE,184,399,174105,17,0,1.3294,0.0401,1,0,SETTLEMENT_MISMATCH
7680.09,NET_BANKING,HDFC,RAZORPAY,SUCCESS,SUCCESS,AUTHORIZED,CAPTURED,REFUNDED,RETURNED,DELIVERED,200,1,REVERSED,MANUAL_INTERVENTION_REQUIRED,AWAITING_ACK,526,747,182920,13,0,0.6,0.0529,1,0,REFUND_UNCERTAINTY
1357.56,DEBIT_CARD,HDFC,BILLDESK,SUCCESS,SUCCESS,AUTHORIZED,CAPTURED,PAID,DELIVERED,DELIVERED,200,1,SETTLED,NONE,NONE,659,892,204342,4,0,0.2341,0.0535,1,0,NORMAL
2273.75,WALLET,ICICI,CASHFREE,SUCCESS,SUCCESS,AUTHORIZED,CAPTURED,PAID,DELIVERED,DELIVERED,200,1,SETTLED,NONE,NONE,705,937,179427,11,0,0.1967,0.0419,1,0,NORMAL
427.38,UPI,INDUSIND,CASHFREE,SUCCESS,SUCCESS,AUTHORIZED,CAPTURED,PAID,DELIVERED,DELIVERED,200,1,ON_HOLD,NONE,AWAITING_ACK,199,487,134985,5,3,-0.4064,0.0223,1,1,DUPLICATE_PAYMENT
328.74,UPI,ICICI,BILLDESK,DEBITED,FAILED,FAILED,AUTO_REFUNDED,PENDING_PAYMENT,CANCELLED,DROPPED,0,1,ON_HOLD,FAILED,AWAITING_ACK,11810,128301,182995,11,3,-0.3151,0.0317,1,0,UNRESOLVED
6845.13,UPI,AXIS,BILLDESK,SUCCESS,SUCCESS,AUTHORIZED,CAPTURED,PAID,DELIVERED,DELIVERED,200,1,SETTLED,NONE,NONE,126,395,227616,17,0,1.4447,0.0203,1,0,NORMAL
621.21,UPI,ICICI,PAYU,SUCCESS,SUCCESS,AUTHORIZED,CAPTURED,PAID,PROCESSING,DELIVERED,200,2,PENDING,NONE,NONE,69484,74586,24570,3,0,-0.4353,0.0572,1,0,DELAYED_CONFIRMATION
3732.54,UPI,HDFC,CASHFREE,SUCCESS,SUCCESS,AUTHORIZED,CAPTURED,PAID,DELIVERED,DELIVERED,200,1,DISCREPANCY,NONE,NONE,463,726,229056,12,0,0.1107,0.0483,1,0,SETTLEMENT_MISMATCH
709.46,UPI,PNB,RAZORPAY,SUCCESS,SUCCESS,AUTHORIZED,CAPTURED,PAID,DELIVERED,DELIVERED,200,1,SETTLED,NONE,NONE,524,816,197811,19,0,-0.355,0.041,1,0,NORMAL
1476.82,UPI,HDFC,BILLDESK,REVERSED,FAILED,AUTHORIZED,CAPTURED,CANCELLED,CANCELLED,RETRYING,200,1,DISCREPANCY,NONE,NOT_INITIATED,25299,122733,136511,13,1,-0.6923,0.0627,1,0,UNRESOLVED
2041.45,UPI,YES_BANK,STRIPE,SUCCESS,SUCCESS,AUTHORIZED,CAPTURED,PAID,DELIVERED,DELIVERED,200,1,SETTLED,NONE,NONE,236,393,211776,4,0,0.8559,0.0428,1,0,NORMAL
4971.1,UPI,AXIS,PAYU,SUCCESS,SUCCESS,AUTHORIZED,CAPTURED,PAID,DELIVERED,DELIVERED,200,1,SETTLED,NONE,NONE,233,522,93299,10,0,0.7754,0.012,1,0,NORMAL
1272.81,UPI,PNB,PAYU,SUCCESS,SUCCESS,AUTHORIZED,CAPTURED,PAID,DELIVERED,DELIVERED,200,1,SETTLED,NONE,NONE,551,774,255173,23,0,0.7678,0.038,1,0,NORMAL
625.34,UPI,INDUSIND,BILLDESK,SUCCESS,SUCCESS,AUTHORIZED,CAPTURED,PAID,DELIVERED,DELIVERED,200,1,DISCREPANCY,NONE,NONE,462,574,32907,2,0,-0.0522,0.0342,1,0,SETTLEMENT_MISMATCH
1459.7,CREDIT_CARD,ICICI,STRIPE,SUCCESS,SUCCESS,AUTHORIZED,CAPTURED,PAID,DELIVERED,DELIVERED,200,1,SETTLED,NONE,NONE,731,923,214863,10,0,-0.5829,0.0499,1,0,NORMAL
4418.99,NET_BANKING,AXIS,CASHFREE,SUCCESS,SUCCESS,AUTHORIZED,CAPTURED,PAID,PROCESSING,DELIVERED,200,1,PENDING,NONE,NONE,369,663,28434,6,0,0.2626,0.0454,1,0,NORMAL
3000.03,UPI,YES_BANK,PAYU,SUCCESS,SUCCESS,AUTHORIZED,CAPTURED,PAID,DELIVERED,DELIVERED,200,1,ON_HOLD,PROCESSED,CREDITED_TO_CUSTOMER,438,623,203249,22,3,3.6154,0.0396,1,1,DUPLICATE_PAYMENT
7652.2,UPI,AXIS,STRIPE,SUCCESS,FAILED,NONE,PENDING,CANCELLED,CANCELLED,DROPPED,200,1,FAILED,FAILED,REJECTED_BY_BANK,98625,125512,111861,13,1,-0.3878,0.0687,1,0,UNRESOLVED
1333.01,UPI,ICICI,RAZORPAY,SUCCESS,SUCCESS,AUTHORIZED,CAPTURED,CANCELLED,CANCELLED,DELIVERED,200,1,ON_HOLD,INITIATED,NONE,242786,244932,255184,10,0,0.2118,0.0568,1,0,ORDER_PAYMENT_CONFLICT
551.52,UPI,HDFC,CASHFREE,SUCCESS,SUCCESS,AUTHORIZED,CAPTURED,PAID,PROCESSING,DELIVERED,200,1,PENDING,NONE,NONE,712,867,15184,18,0,-0.234,0.0287,1,0,NORMAL
335.51,DEBIT_CARD,KOTAK,PAYU,SUCCESS,SUCCESS,AUTHORIZED,CAPTURED,PAID,DELIVERED,DELIVERED,200,1,DISCREPANCY,NONE,NONE,449,700,62387,14,0,-0.2475,0.0494,1,0,SETTLEMENT_MISMATCH
368.57,UPI,KOTAK,BILLDESK,SUCCESS,SUCCESS,AUTHORIZED,CAPTURED,PAID,DELIVERED,DELIVERED,200,1,ON_HOLD,INITIATED,AWAITING_ACK,222,317,67922,9,1,-0.2321,0.0439,1,1,DUPLICATE_PAYMENT
4829.56,NET_BANKING,HDFC,STRIPE,SUCCESS,SUCCESS,AUTHORIZED,CAPTURED,PAID,PROCESSING,DELIVERED,200,1,PENDING,NONE,NONE,498,759,17231,5,0,0.0062,0.0652,1,0,NORMAL
783.58,UPI,HDFC,STRIPE,REVERSED,SUCCESS,AUTHORIZED,CAPTURED,REFUNDED,RETURNED,DELIVERED,200,1,REVERSED,FAILED,AWAITING_ACK,351,518,16030,0,0,0.2055,0.0309,1,0,REFUND_UNCERTAINTY
1454.41,UPI,ICICI,PAYU,SUCCESS,SUCCESS,AUTHORIZED,CAPTURED,PAID,PROCESSING,DELIVERED,200,1,PENDING,NONE,NONE,339,603,10922,11,0,-0.4806,0.0274,1,0,NORMAL
6038.94,UPI,PNB,BILLDESK,SUCCESS,SUCCESS,AUTHORIZED,CAPTURED,PAID,PROCESSING,DELIVERED,200,1,PENDING,NONE,NONE,263,490,29934,17,0,1.1568,0.0228,1,0,NORMAL
560.94,UPI,AXIS,BILLDESK,SUCCESS,SUCCESS,AUTHORIZED,CAPTURED,PAID,DELIVERED,DELIVERED,200,1,SETTLED,NONE,NONE,501,612,199628,3,0,0.1686,0.0496,1,0,NORMAL
2502.68,UPI,YES_BANK,BILLDESK,SUCCESS,SUCCESS,AUTHORIZED,CAPTURED,PAID,DELIVERED,DELIVERED,200,1,SETTLED,NONE,NONE,344,602,140409,15,0,0.3172,0.0433,1,0,NORMAL
668.66,UPI,INDUSIND,BILLDESK,SUCCESS,SUCCESS,AUTHORIZED,CAPTURED,PAID,PROCESSING,DELIVERED,200,1,PENDING,NONE,NONE,595,785,56136,18,0,0.393,0.0324,1,0,NORMAL
218.26,CREDIT_CARD,AXIS,RAZORPAY,SUCCESS,SUCCESS,AUTHORIZED,CAPTURED,PAID,DELIVERED,DELIVERED,200,1,SETTLED,NONE,NONE,635,754,224970,19,0,-0.4803,0.0339,1,0,NORMAL
3049.98,NET_BANKING,KOTAK,STRIPE,SUCCESS,SUCCESS,AUTHORIZED,CAPTURED,EXPIRED,UNFULFILLED,FAILED,502,4,ON_HOLD,NONE,NONE,323,596,232754,23,0,-0.1286,0.035,1,0,MISSING_WEBHOOK
4567.6,UPI,KOTAK,CASHFREE,SUCCESS,SUCCESS,AUTHORIZED,CAPTURED,PAID,DELIVERED,DELIVERED,200,1,ON_HOLD,INITIATED,AWAITING_ACK,529,613,174008,16,2,-0.0484,0.0558,1,1,DUPLICATE_PAYMENT
179.94,CREDIT_CARD,YES_BANK,STRIPE,SUCCESS,SUCCESS,AUTHORIZED,CAPTURED,CANCELLED,CANCELLED,DELIVERED,200,1,ON_HOLD,INITIATED,NONE,251059,251957,106925,1,0,-0.5716,0.0348,1,0,ORDER_PAYMENT_CONFLICT
745.06,UPI,KOTAK,CASHFREE,SUCCESS,SUCCESS,AUTHORIZED,CAPTURED,PAID,DELIVERED,DELIVERED,200,1,SETTLED,NONE,NONE,615,714,212888,20,0,0.0348,0.0399,1,0,NORMAL
2321.84,UPI,INDUSIND,STRIPE,SUCCESS,SUCCESS,AUTHORIZED,CAPTURED,PAID,DELIVERED,DELIVERED,200,1,SETTLED,NONE,NONE,357,607,188020,1,0,0.222,0.0467,1,0,NORMAL
1109.8,CREDIT_CARD,KOTAK,RAZORPAY,SUCCESS,SUCCESS,AUTHORIZED,CAPTURED,PENDING_PAYMENT,PROCESSING,DELIVERED,200,3,SETTLED,NONE,NONE,78861,83353,109063,0,0,0.5414,0.039,1,0,DELAYED_CONFIRMATION
452.22,UPI,INDUSIND,CASHFREE,SUCCESS,SUCCESS,AUTHORIZED,CAPTURED,PAID,DELIVERED,DELIVERED,200,2,SETTLED,NONE,NONE,647,907,135222,6,0,0.0767,0.0412,1,0,NORMAL
11746.75,DEBIT_CARD,INDUSIND,PAYU,SUCCESS,SUCCESS,AUTHORIZED,CAPTURED,PAID,DELIVERED,DELIVERED,200,1,DISCREPANCY,NONE,NONE,611,768,36320,6,0,0.0029,0.0695,1,0,SETTLEMENT_MISMATCH
429.55,UPI,YES_BANK,STRIPE,SUCCESS,SUCCESS,AUTHORIZED,CAPTURED,CANCELLED,CANCELLED,DELIVERED,200,1,ON_HOLD,NONE,NONE,303262,303850,126182,5,0,-0.1051,0.0384,1,0,ORDER_PAYMENT_CONFLICT
1288.19,UPI,ICICI,STRIPE,SUCCESS,SUCCESS,AUTHORIZED,CAPTURED,PAID,DELIVERED,DELIVERED,200,1,ON_HOLD,NONE,AWAITING_ACK,261,545,147616,14,1,0.7892,0.0239,1,1,DUPLICATE_PAYMENT
470.69,UPI,KOTAK,CASHFREE,SUCCESS,SUCCESS,AUTHORIZED,CAPTURED,PAID,DELIVERED,DELIVERED,200,1,SETTLED,NONE,NONE,639,806,137507,19,0,-0.3463,0.0227,1,0,NORMAL
5439.08,UPI,SBI,RAZORPAY,SUCCESS,SUCCESS,AUTHORIZED,CAPTURED,PAID,DELIVERED,DELIVERED,200,1,DISCREPANCY,NONE,NONE,495,607,142265,15,0,0.2074,0.0653,1,0,SETTLEMENT_MISMATCH
6122.24,CREDIT_CARD,PNB,STRIPE,SUCCESS,SUCCESS,AUTHORIZED,CAPTURED,PAID,DELIVERED,DELIVERED,200,1,SETTLED,NONE,NONE,250,517,108388,22,0,-0.5102,0.0699,1,0,NORMAL
621.89,UPI,PNB,PAYU,SUCCESS,SUCCESS,AUTHORIZED,CAPTURED,PAID,DELIVERED,DELIVERED,200,1,SETTLED,NONE,NONE,686,938,213474,4,0,-0.1363,0.0316,1,0,NORMAL
6004.76,UPI,AXIS,PAYU,SUCCESS,SUCCESS,AUTHORIZED,CAPTURED,PAID,DELIVERED,DELIVERED,200,1,SETTLED,NONE,NONE,639,881,151135,9,0,1.1446,0.0149,1,0,NORMAL
614.94,WALLET,ICICI,STRIPE,SUCCESS,SUCCESS,AUTHORIZED,CAPTURED,PAID,DELIVERED,DELIVERED,200,1,SETTLED,NONE,NONE,415,702,230601,16,0,-0.1459,0.0347,1,0,NORMAL
904.19,UPI,SBI,PAYU,SUCCESS,FAILED,TIMEOUT,AUTO_REFUNDED,CANCELLED,CANCELLED,DELIVERED,200,1,ON_HOLD,INITIATED,NOT_INITIATED,665,71072,70007,22,0,0.2558,0.0361,1,0,BANK_DEBIT_GATEWAY_FAILURE
1687.86,UPI,HDFC,STRIPE,SUCCESS,SUCCESS,AUTHORIZED,CAPTURED,PAID,DELIVERED,DELIVERED,200,1,DISCREPANCY,NONE,NONE,471,623,184690,18,0,1.652,0.0368,1,0,SETTLEMENT_MISMATCH
945.21,CREDIT_CARD,ICICI,RAZORPAY,SUCCESS,SUCCESS,AUTHORIZED,CAPTURED,PAID,DELIVERED,DELIVERED,200,1,ON_HOLD,NONE,AWAITING_ACK,490,597,6124,10,2,-0.1407,0.0561,1,1,DUPLICATE_PAYMENT
2232.25,DEBIT_CARD,INDUSIND,PAYU,SUCCESS,SUCCESS,AUTHORIZED,CAPTURED,PAID,DELIVERED,DELIVERED,200,1,SETTLED,NONE,NONE,534,792,112773,7,0,0.1749,0.0446,1,0,NORMAL
3694.28,UPI,YES_BANK,RAZORPAY,SUCCESS,SUCCESS,AUTHORIZED,CAPTURED,PAID,PROCESSING,DELIVERED,200,1,PENDING,NONE,NONE,208,449,30049,5,0,-0.2304,0.058,1,0,NORMAL
5725.57,UPI,HDFC,STRIPE,PENDING,SUCCESS,TIMEOUT,AUTO_REFUNDED,CANCELLED,UNFULFILLED,FAILED,200,1,DISCREPANCY,FAILED,NOT_INITIATED,40704,56435,10801,22,0,0.6359,0.0316,1,0,UNRESOLVED
3046.89,UPI,HDFC,PAYU,SUCCESS,SUCCESS,AUTHORIZED,CAPTURED,PENDING_PAYMENT,UNFULFILLED,DROPPED,504,2,ON_HOLD,NONE,NONE,241,503,229707,22,0,-0.1295,0.0377,1,0,MISSING_WEBHOOK
1377.89,UPI,ICICI,CASHFREE,SUCCESS,SUCCESS,AUTHORIZED,CAPTURED,PAID,DELIVERED,DELIVERED,200,2,SETTLED,NONE,NONE,601,770,111437,13,0,0.9137,0.0289,1,0,NORMAL
2037.94,NET_BANKING,KOTAK,CASHFREE,SUCCESS,SUCCESS,AUTHORIZED,CAPTURED,PAID,DELIVERED,DELIVERED,200,1,DISCREPANCY,NONE,NONE,608,879,180526,2,0,-0.3731,0.0362,1,0,SETTLEMENT_MISMATCH
803.0,UPI,SBI,BILLDESK,SUCCESS,SUCCESS,AUTHORIZED,CAPTURED,PAID,PROCESSING,DELIVERED,200,1,PENDING,NONE,NONE,3250,3933,40590,6,0,-0.27,0.0521,1,0,NORMAL
10007.34,CREDIT_CARD,AXIS,STRIPE,PENDING,SUCCESS,NONE,CAPTURED,FAILED,CANCELLED,DELIVERED,0,1,FAILED,FAILED,REJECTED_BY_BANK,13632,112669,138739,14,1,1.8592,0.0498,1,0,UNRESOLVED
2800.89,UPI,SBI,STRIPE,SUCCESS,SUCCESS,AUTHORIZED,CAPTURED,PAID,DELIVERED,DELIVERED,200,1,SETTLED,NONE,NONE,423,530,205926,5,0,0.0003,0.018,1,0,NORMAL
741.12,CREDIT_CARD,YES_BANK,BILLDESK,SUCCESS,SUCCESS,AUTHORIZED,CAPTURED,REFUNDED,RETURNED,DELIVERED,200,1,REVERSED,PENDING,AWAITING_ACK,607,826,60354,15,0,0.1402,0.0215,1,0,REFUND_UNCERTAINTY
831.45,UPI,ICICI,PAYU,SUCCESS,SUCCESS,AUTHORIZED,CAPTURED,PAID,DELIVERED,DELIVERED,200,1,DISCREPANCY,NONE,NONE,676,902,67333,23,0,0.1775,0.0228,1,0,SETTLEMENT_MISMATCH
1149.03,DEBIT_CARD,ICICI,STRIPE,SUCCESS,SUCCESS,AUTHORIZED,CAPTURED,PROCESSING,PROCESSING,DELIVERED,200,3,PENDING,NONE,NONE,86685,91062,9265,19,0,0.0446,0.0406,1,0,DELAYED_CONFIRMATION
808.64,UPI,KOTAK,RAZORPAY,SUCCESS,SUCCESS,AUTHORIZED,CAPTURED,PENDING_PAYMENT,UNFULFILLED,DROPPED,504,3,PENDING,NONE,NONE,699,930,239006,5,0,0.2441,0.028,1,0,MISSING_WEBHOOK
18881.54,CREDIT_CARD,PNB,PAYU,REVERSED,SUCCESS,TIMEOUT,AUTO_REFUNDED,PENDING_PAYMENT,RETURNED,DELIVERED,0,1,FAILED,NONE,NOT_INITIATED,79358,109848,108841,18,3,0.5105,0.0794,1,0,UNRESOLVED
5943.3,UPI,YES_BANK,RAZORPAY,SUCCESS,SUCCESS,AUTHORIZED,CAPTURED,PAID,DELIVERED,DELIVERED,200,3,SETTLED,NONE,NONE,202,500,183604,14,0,-0.5245,0.0716,1,0,NORMAL
439.99,CREDIT_CARD,PNB,STRIPE,SUCCESS,SUCCESS,AUTHORIZED,CAPTURED,PAID,DELIVERED,DELIVERED,200,1,SETTLED,NONE,NONE,602,717,258233,21,0,0.0476,0.0471,1,0,NORMAL
490.99,EMI,YES_BANK,RAZORPAY,SUCCESS,SUCCESS,AUTHORIZED,CAPTURED,PAID,DELIVERED,DELIVERED,200,1,SETTLED,NONE,NONE,379,490,188468,23,0,0.169,0.0423,1,0,NORMAL
33232.02,CREDIT_CARD,KOTAK,PAYU,SUCCESS,FAILED,TIMEOUT,FAILED,EXPIRED,CANCELLED,DELIVERED,200,1,ON_HOLD,PROCESSED,CREDITED_TO_CUSTOMER,467,73858,153804,8,0,1.6586,0.079,1,0,BANK_DEBIT_GATEWAY_FAILURE
2671.7,UPI,YES_BANK,STRIPE,DEBITED,FAILED,TIMEOUT,FAILED,CANCELLED,CANCELLED,FAILED,0,1,ON_HOLD,INITIATED,NOT_INITIATED,539,62504,151761,10,0,0.4062,0.0514,1,0,BANK_DEBIT_GATEWAY_FAILURE
730.67,CREDIT_CARD,PNB,BILLDESK,SUCCESS,SUCCESS,AUTHORIZED,CAPTURED,PAID,DELIVERED,DELIVERED,200,3,SETTLED,NONE,NONE,594,891,160543,20,0,0.0148,0.0374,1,0,NORMAL
2863.03,UPI,AXIS,RAZORPAY,SUCCESS,SUCCESS,AUTHORIZED,CAPTURED,PAID,DELIVERED,DELIVERED,200,1,DISCREPANCY,NONE,NONE,496,739,238393,2,0,-0.154,0.035,1,0,SETTLEMENT_MISMATCH
595.0,DEBIT_CARD,KOTAK,CASHFREE,SUCCESS,SUCCESS,AUTHORIZED,CAPTURED,PAID,DELIVERED,DELIVERED,200,1,DISCREPANCY,NONE,NONE,652,791,231704,12,0,-0.0406,0.0328,1,0,SETTLEMENT_MISMATCH
1225.33,CREDIT_CARD,INDUSIND,CASHFREE,SUCCESS,FAILED,TIMEOUT,NOT_REQUESTED,EXPIRED,CANCELLED,NONE,504,1,ON_HOLD,NONE,NOT_INITIATED,1046,73701,57276,1,0,0.7018,0.0332,1,0,BANK_DEBIT_GATEWAY_FAILURE
786.9,NET_BANKING,PNB,RAZORPAY,SUCCESS,SUCCESS,AUTHORIZED,PENDING,PAID,PROCESSING,DELIVERED,200,3,SETTLED,NONE,NONE,93892,98743,235565,18,0,0.0929,0.0201,1,0,DELAYED_CONFIRMATION
2124.1,UPI,INDUSIND,BILLDESK,SUCCESS,SUCCESS,AUTHORIZED,CAPTURED,PAID,DELIVERED,DELIVERED,200,1,SETTLED,NONE,NONE,749,880,167119,4,0,-0.3931,0.0485,1,0,NORMAL
995.05,UPI,INDUSIND,RAZORPAY,SUCCESS,SUCCESS,AUTHORIZED,CAPTURED,PAID,PROCESSING,DELIVERED,200,1,PENDING,NONE,NONE,468,694,53282,11,0,-0.0954,0.0508,1,0,NORMAL
2041.96,CREDIT_CARD,AXIS,CASHFREE,SUCCESS,SUCCESS,AUTHORIZED,CAPTURED,PAID,DELIVERED,DELIVERED,200,1,SETTLED,NONE,NONE,463,728,126959,23,0,0.8563,0.059,1,0,NORMAL
330.49,UPI,ICICI,RAZORPAY,DEBITED,TIMED_OUT,FAILED,FAILED,EXPIRED,CANCELLED,FAILED,500,1,ON_HOLD,NONE,NOT_INITIATED,902,86103,78591,22,0,-0.3115,0.042,1,0,BANK_DEBIT_GATEWAY_FAILURE
8728.88,UPI,INDUSIND,STRIPE,SUCCESS,SUCCESS,AUTHORIZED,CAPTURED,PAID,DELIVERED,DELIVERED,200,1,SETTLED,NONE,NONE,723,903,111624,1,0,1.494,0.0384,1,0,NORMAL
2134.78,CREDIT_CARD,KOTAK,CASHFREE,SUCCESS,SUCCESS,AUTHORIZED,CAPTURED,PAID,PROCESSING,DELIVERED,200,1,PENDING,NONE,NONE,448,705,18840,21,0,-0.2376,0.0253,1,0,NORMAL
3231.55,UPI,AXIS,BILLDESK,SUCCESS,SUCCESS,AUTHORIZED,FAILED,PENDING_PAYMENT,UNFULFILLED,DROPPED,200,1,FAILED,FAILED,NOT_INITIATED,106046,89971,224287,17,0,-0.0767,0.0442,1,0,UNRESOLVED
3094.4,UPI,PNB,BILLDESK,SUCCESS,SUCCESS,AUTHORIZED,CAPTURED,REFUNDED,RETURNED,DELIVERED,200,1,REVERSED,PENDING,REJECTED_BY_BANK,508,620,99686,19,0,-0.1159,0.0384,1,0,REFUND_UNCERTAINTY
199.47,CREDIT_CARD,PNB,RAZORPAY,SUCCESS,SUCCESS,AUTHORIZED,CAPTURED,PAID,DELIVERED,DELIVERED,200,1,SETTLED,NONE,NONE,2378,2997,92723,13,0,-0.5844,0.0462,1,0,NORMAL
384.55,UPI,HDFC,PAYU,SUCCESS,SUCCESS,AUTHORIZED,CAPTURED,PAID,PROCESSING,DELIVERED,200,1,PENDING,NONE,NONE,3728,4619,67005,14,0,-0.1989,0.0401,1,0,NORMAL
783.56,UPI,ICICI,PAYU,DEBITED,PENDING,FAILED,CAPTURED,CANCELLED,CANCELLED,RETRYING,404,1,DISCREPANCY,NONE,NOT_INITIATED,6495,17010,49870,22,2,-0.5876,0.0545,1,0,UNRESOLVED
269.82,CREDIT_CARD,ICICI,RAZORPAY,SUCCESS,SUCCESS,AUTHORIZED,CAPTURED,PAID,PROCESSING,DELIVERED,200,1,PENDING,NONE,NONE,522,708,54306,7,0,-0.4379,0.0363,1,0,NORMAL
3686.4,DEBIT_CARD,SBI,STRIPE,SUCCESS,SUCCESS,AUTHORIZED,CAPTURED,PAID,PROCESSING,DELIVERED,200,1,PENDING,NONE,NONE,1768,2138,47014,8,0,0.3166,0.0216,1,0,NORMAL
1073.86,UPI,KOTAK,BILLDESK,SUCCESS,SUCCESS,AUTHORIZED,CAPTURED,PAID,DELIVERED,DELIVERED,200,1,ON_HOLD,NONE,AWAITING_ACK,212,338,244320,6,3,0.4915,0.0282,1,1,DUPLICATE_PAYMENT
3070.0,DEBIT_CARD,KOTAK,CASHFREE,SUCCESS,SUCCESS,AUTHORIZED,CAPTURED,PAID,PROCESSING,DELIVERED,200,1,PENDING,NONE,NONE,431,560,50791,19,0,1.7909,0.0563,1,0,NORMAL
428.44,CREDIT_CARD,HDFC,CASHFREE,SUCCESS,SUCCESS,AUTHORIZED,CAPTURED,PAID,PROCESSING,DELIVERED,200,1,PENDING,NONE,NONE,610,906,83986,7,0,-0.3409,0.028,1,0,NORMAL
3714.94,UPI,SBI,PAYU,SUCCESS,SUCCESS,AUTHORIZED,CAPTURED,PAID,PROCESSING,DELIVERED,200,1,PENDING,NONE,NONE,459,631,13894,5,0,0.0614,0.0329,1,0,NORMAL
273.1,NET_BANKING,INDUSIND,PAYU,SUCCESS,SUCCESS,AUTHORIZED,CAPTURED,PAID,DELIVERED,DELIVERED,200,1,ON_HOLD,PROCESSED,CREDITED_TO_CUSTOMER,301,388,187933,21,3,-0.5798,0.0332,1,1,DUPLICATE_PAYMENT
2555.61,UPI,YES_BANK,STRIPE,SUCCESS,SUCCESS,AUTHORIZED,CAPTURED,PENDING_PAYMENT,UNFULFILLED,DROPPED,500,2,PENDING,NONE,NONE,389,599,193577,23,0,0.3451,0.042,1,0,MISSING_WEBHOOK
4823.72,UPI,SBI,STRIPE,SUCCESS,SUCCESS,AUTHORIZED,CAPTURED,CANCELLED,CANCELLED,DELIVERED,200,1,ON_HOLD,INITIATED,NONE,357186,358148,229341,15,0,0.7228,0.0236,1,0,ORDER_PAYMENT_CONFLICT
10418.19,UPI,PNB,RAZORPAY,SUCCESS,SUCCESS,AUTHORIZED,CAPTURED,REFUNDED,RETURNED,DELIVERED,200,1,REVERSED,PENDING,AWAITING_ACK,653,835,161534,5,0,-0.1665,0.0623,1,0,REFUND_UNCERTAINTY
4878.98,UPI,YES_BANK,BILLDESK,DEBITED,SUCCESS,NONE,FAILED,FAILED,UNFULFILLED,RETRYING,504,1,DISCREPANCY,MANUAL_INTERVENTION_REQUIRED,AWAITING_ACK,15551,76427,219594,19,2,-0.6097,0.0616,1,0,UNRESOLVED
722.59,CREDIT_CARD,YES_BANK,CASHFREE,SUCCESS,SUCCESS,AUTHORIZED,CAPTURED,PAID,DELIVERED,DELIVERED,200,1,SETTLED,NONE,NONE,175,427,119272,12,0,0.1117,0.0301,1,0,NORMAL
341.08,DEBIT_CARD,AXIS,BILLDESK,REVERSED,SUCCESS,FAILED,PENDING,PENDING_PAYMENT,CANCELLED,DROPPED,504,1,ON_HOLD,PENDING,AWAITING_ACK,14103,113086,107134,12,1,-0.6899,0.0416,1,0,UNRESOLVED
151.22,UPI,INDUSIND,CASHFREE,SUCCESS,SUCCESS,AUTHORIZED,CAPTURED,PAID,DELIVERED,DELIVERED,200,1,SETTLED,NONE,NONE,706,825,138729,2,1,-0.64,0.0371,1,0,NORMAL
2527.22,UPI,SBI,STRIPE,SUCCESS,SUCCESS,AUTHORIZED,CAPTURED,PAID,PROCESSING,DELIVERED,200,2,PENDING,NONE,NONE,85225,88392,15605,1,0,1.2975,0.0444,1,0,DELAYED_CONFIRMATION
270.44,UPI,INDUSIND,BILLDESK,SUCCESS,SUCCESS,AUTHORIZED,CAPTURED,REFUNDED,RETURNED,DELIVERED,200,1,REVERSED,MANUAL_INTERVENTION_REQUIRED,AWAITING_ACK,256,406,190705,20,0,-0.6244,0.0289,1,0,REFUND_UNCERTAINTY
847.05,UPI,SBI,STRIPE,SUCCESS,SUCCESS,AUTHORIZED,CAPTURED,PENDING_PAYMENT,PROCESSING,DELIVERED,200,2,SETTLED,NONE,NONE,66729,69956,227259,2,0,0.3032,0.0388,1,0,DELAYED_CONFIRMATION
3256.73,UPI,SBI,BILLDESK,REVERSED,PENDING,AUTHORIZED,FAILED,PENDING_PAYMENT,DELIVERED,FAILED,404,1,ON_HOLD,MANUAL_INTERVENTION_REQUIRED,REJECTED_BY_BANK,6581,94046,222439,21,2,0.7141,0.0473,1,0,UNRESOLVED
582.68,UPI,YES_BANK,PAYU,SUCCESS,SUCCESS,AUTHORIZED,CAPTURED,PAID,PROCESSING,DELIVERED,200,2,PENDING,NONE,NONE,417,633,25297,5,0,0.2139,0.0374,1,0,NORMAL
292.97,DEBIT_CARD,PNB,BILLDESK,SUCCESS,SUCCESS,AUTHORIZED,CAPTURED,PAID,DELIVERED,DELIVERED,200,1,SETTLED,NONE,NONE,696,885,213679,19,0,-0.5493,0.0291,1,0,NORMAL
951.34,UPI,AXIS,STRIPE,SUCCESS,SUCCESS,AUTHORIZED,CAPTURED,PAID,DELIVERED,DELIVERED,200,2,SETTLED,NONE,NONE,1424,2087,110741,17,0,0.982,0.0356,1,0,NORMAL
18819.63,CREDIT_CARD,AXIS,PAYU,SUCCESS,SUCCESS,AUTHORIZED,CAPTURED,PAID,PROCESSING,DELIVERED,200,1,PENDING,NONE,NONE,256,383,46541,14,0,0.5056,0.0709,1,0,NORMAL
2318.23,UPI,YES_BANK,CASHFREE,SUCCESS,SUCCESS,AUTHORIZED,CAPTURED,CANCELLED,CANCELLED,DELIVERED,200,1,ON_HOLD,NONE,NONE,267810,268689,85479,20,0,-0.1721,0.0164,1,0,ORDER_PAYMENT_CONFLICT
3474.71,DEBIT_CARD,PNB,STRIPE,SUCCESS,SUCCESS,AUTHORIZED,CAPTURED,PAID,DELIVERED,DELIVERED,200,1,SETTLED,NONE,NONE,486,771,233278,22,0,-0.0072,0.0391,1,0,NORMAL
337.77,UPI,ICICI,PAYU,SUCCESS,SUCCESS,AUTHORIZED,CAPTURED,CANCELLED,CANCELLED,DELIVERED,200,1,ON_HOLD,NONE,NONE,295315,297054,16159,19,0,-0.1958,0.0441,1,0,ORDER_PAYMENT_CONFLICT
429.82,CREDIT_CARD,ICICI,PAYU,SUCCESS,SUCCESS,AUTHORIZED,CAPTURED,CANCELLED,CANCELLED,DELIVERED,200,1,ON_HOLD,INITIATED,NONE,358623,359605,209217,23,0,-0.1045,0.0345,1,0,ORDER_PAYMENT_CONFLICT
8981.25,DEBIT_CARD,AXIS,BILLDESK,SUCCESS,SUCCESS,AUTHORIZED,CAPTURED,PENDING_PAYMENT,UNFULFILLED,DROPPED,0,4,PENDING,NONE,NONE,636,836,81351,9,0,-0.2815,0.0653,1,0,MISSING_WEBHOOK
23789.72,UPI,SBI,CASHFREE,PENDING,PENDING,FAILED,PENDING,PAID,RETURNED,DELIVERED,200,1,FAILED,MANUAL_INTERVENTION_REQUIRED,NOT_INITIATED,88787,99360,202364,12,0,0.9032,0.078,1,0,UNRESOLVED
2116.21,EMI,INDUSIND,STRIPE,SUCCESS,SUCCESS,AUTHORIZED,CAPTURED,PAID,DELIVERED,DELIVERED,200,1,DISCREPANCY,NONE,NONE,592,801,214527,23,0,0.1891,0.0421,1,0,SETTLEMENT_MISMATCH
178.67,UPI,PNB,STRIPE,SUCCESS,SUCCESS,AUTHORIZED,CAPTURED,PAID,PROCESSING,DELIVERED,200,2,PENDING,NONE,NONE,96279,97667,40442,15,0,-0.7251,0.038,1,0,DELAYED_CONFIRMATION
10050.12,CREDIT_CARD,HDFC,CASHFREE,SUCCESS,SUCCESS,AUTHORIZED,CAPTURED,EXPIRED,CANCELLED,DELIVERED,200,1,ON_HOLD,NONE,NONE,352539,354302,174205,16,0,-0.196,0.0639,1,0,ORDER_PAYMENT_CONFLICT
1270.0,EMI,SBI,PAYU,SUCCESS,SUCCESS,AUTHORIZED,CAPTURED,CANCELLED,UNFULFILLED,FAILED,504,4,ON_HOLD,NONE,NONE,122,306,195294,7,0,0.7639,0.0247,1,0,MISSING_WEBHOOK
8166.0,DEBIT_CARD,YES_BANK,BILLDESK,SUCCESS,SUCCESS,AUTHORIZED,CAPTURED,PAID,DELIVERED,DELIVERED,200,1,DISCREPANCY,NONE,NONE,637,895,247845,0,0,1.3773,0.0493,1,0,SETTLEMENT_MISMATCH
3421.81,CREDIT_CARD,SBI,RAZORPAY,SUCCESS,SUCCESS,AUTHORIZED,CAPTURED,PAID,DELIVERED,DELIVERED,200,1,SETTLED,NONE,NONE,339,556,101133,18,0,-0.2871,0.0666,1,0,NORMAL
9294.98,EMI,INDUSIND,BILLDESK,SUCCESS,SUCCESS,AUTHORIZED,CAPTURED,PAID,DELIVERED,DELIVERED,200,1,SETTLED,NONE,NONE,729,901,119101,4,0,-0.2564,0.065,1,0,NORMAL
473.33,UPI,KOTAK,PAYU,SUCCESS,SUCCESS,AUTHORIZED,CAPTURED,PAID,DELIVERED,DELIVERED,200,1,SETTLED,NONE,NONE,226,387,218511,15,1,-0.2718,0.0365,1,0,NORMAL
2612.22,UPI,INDUSIND,BILLDESK,SUCCESS,SUCCESS,AUTHORIZED,CAPTURED,PAID,DELIVERED,DELIVERED,200,1,SETTLED,NONE,NONE,520,783,108285,23,0,-0.2537,0.0355,1,0,NORMAL
1932.83,DEBIT_CARD,SBI,BILLDESK,SUCCESS,SUCCESS,AUTHORIZED,CAPTURED,PAID,DELIVERED,DELIVERED,200,1,SETTLED,NONE,NONE,323,569,207261,18,0,-0.4478,0.0343,1,0,NORMAL
413.03,UPI,YES_BANK,STRIPE,SUCCESS,SUCCESS,AUTHORIZED,CAPTURED,PAID,DELIVERED,DELIVERED,200,1,SETTLED,NONE,NONE,449,546,139893,21,0,-0.3646,0.0354,1,0,NORMAL
1218.46,DEBIT_CARD,SBI,BILLDESK,SUCCESS,SUCCESS,AUTHORIZED,CAPTURED,PAID,PROCESSING,DELIVERED,200,1,PENDING,NONE,NONE,373,484,25191,16,0,0.1077,0.0551,1,0,NORMAL
1286.52,NET_BANKING,KOTAK,RAZORPAY,SUCCESS,SUCCESS,AUTHORIZED,CAPTURED,PAID,PROCESSING,DELIVERED,200,1,PENDING,NONE,NONE,496,662,71666,5,0,0.1696,0.0405,1,0,NORMAL
1561.49,CREDIT_CARD,KOTAK,RAZORPAY,PENDING,SUCCESS,AUTHORIZED,CAPTURED,PROCESSING,PROCESSING,DELIVERED,200,1,SETTLED,NONE,NONE,75745,78313,123934,9,0,-0.1782,0.0484,1,0,DELAYED_CONFIRMATION
2444.05,UPI,AXIS,RAZORPAY,SUCCESS,SUCCESS,AUTHORIZED,CAPTURED,PAID,PROCESSING,DELIVERED,200,3,PENDING,NONE,NONE,87168,88260,83627,20,0,1.2219,0.0536,1,0,DELAYED_CONFIRMATION
331.39,UPI,PNB,CASHFREE,SUCCESS,SUCCESS,AUTHORIZED,CAPTURED,PAID,DELIVERED,DELIVERED,200,1,SETTLED,NONE,NONE,486,725,242560,12,0,-0.5397,0.0299,1,0,NORMAL
458.15,UPI,ICICI,PAYU,SUCCESS,SUCCESS,AUTHORIZED,CAPTURED,PAID,DELIVERED,DELIVERED,200,1,SETTLED,NONE,NONE,273,548,105734,19,0,-0.3637,0.0368,1,0,NORMAL
139.57,UPI,PNB,STRIPE,SUCCESS,SUCCESS,AUTHORIZED,CAPTURED,PAID,PROCESSING,DELIVERED,200,1,PENDING,NONE,NONE,234,340,32571,23,0,-0.6677,0.0309,1,0,NORMAL
820.57,UPI,SBI,PAYU,SUCCESS,SUCCESS,AUTHORIZED,CAPTURED,EXPIRED,UNFULFILLED,DROPPED,500,2,PENDING,NONE,NONE,512,739,134042,9,0,0.2624,0.0253,1,0,MISSING_WEBHOOK
2765.67,UPI,YES_BANK,PAYU,SUCCESS,SUCCESS,AUTHORIZED,CAPTURED,PAID,DELIVERED,DELIVERED,200,1,ON_HOLD,INITIATED,AWAITING_ACK,462,741,190710,4,4,-0.0123,0.0225,1,1,DUPLICATE_PAYMENT
466.03,CREDIT_CARD,AXIS,BILLDESK,SUCCESS,SUCCESS,AUTHORIZED,CAPTURED,PAID,PROCESSING,DELIVERED,200,1,PENDING,NONE,NONE,226,340,81521,10,0,0.1096,0.0471,1,0,NORMAL
350.89,CREDIT_CARD,PNB,BILLDESK,SUCCESS,SUCCESS,AUTHORIZED,CAPTURED,PAID,DELIVERED,DELIVERED,200,1,ON_HOLD,INITIATED,AWAITING_ACK,340,527,229787,15,4,-0.5127,0.023,1,1,DUPLICATE_PAYMENT
7879.33,CREDIT_CARD,PNB,BILLDESK,SUCCESS,SUCCESS,AUTHORIZED,CAPTURED,PAID,DELIVERED,DELIVERED,200,1,SETTLED,NONE,NONE,233,342,148995,8,0,-0.3697,0.0627,1,0,NORMAL
10249.77,DEBIT_CARD,AXIS,BILLDESK,DEBITED,SUCCESS,AUTHORIZED,CAPTURED,PENDING_PAYMENT,PROCESSING,DELIVERED,200,3,SETTLED,NONE,NONE,87859,93803,90883,15,0,-0.18,0.0722,1,0,DELAYED_CONFIRMATION
2223.96,UPI,AXIS,STRIPE,SUCCESS,SUCCESS,AUTHORIZED,CAPTURED,PROCESSING,PROCESSING,DELIVERED,200,2,SETTLED,NONE,NONE,101256,102385,186546,12,0,-0.3646,0.0345,1,0,DELAYED_CONFIRMATION
1716.24,UPI,HDFC,BILLDESK,SUCCESS,SUCCESS,AUTHORIZED,CAPTURED,PAID,DELIVERED,DELIVERED,200,1,SETTLED,NONE,NONE,229,371,176196,19,0,-0.3871,0.0141,1,0,NORMAL
462.72,NET_BANKING,PNB,PAYU,SUCCESS,SUCCESS,AUTHORIZED,CAPTURED,CANCELLED,CANCELLED,DELIVERED,200,1,ON_HOLD,INITIATED,NONE,266605,267671,156790,7,0,-0.036,0.0437,1,0,ORDER_PAYMENT_CONFLICT
3801.91,UPI,ICICI,STRIPE,SUCCESS,SUCCESS,AUTHORIZED,CAPTURED,PAID,DELIVERED,DELIVERED,200,2,SETTLED,NONE,NONE,745,980,258907,4,0,-0.2079,0.0581,1,0,NORMAL
3182.78,UPI,INDUSIND,CASHFREE,SUCCESS,SUCCESS,AUTHORIZED,PENDING,PENDING_PAYMENT,UNFULFILLED,DELIVERED,404,1,DISCREPANCY,NONE,REJECTED_BY_BANK,84465,27797,142370,12,0,0.6751,0.0556,1,0,UNRESOLVED
210.53,UPI,ICICI,PAYU,SUCCESS,SUCCESS,AUTHORIZED,CAPTURED,PAID,DELIVERED,DELIVERED,200,1,SETTLED,NONE,NONE,3881,4207,208669,6,0,-0.4987,0.0362,1,0,NORMAL
2596.64,CREDIT_CARD,ICICI,RAZORPAY,SUCCESS,SUCCESS,AUTHORIZED,CAPTURED,EXPIRED,UNFULFILLED,DROPPED,404,4,ON_HOLD,NONE,NONE,221,314,131435,0,0,-0.2581,0.0465,1,0,MISSING_WEBHOOK
1231.76,UPI,SBI,PAYU,SUCCESS,SUCCESS,AUTHORIZED,CAPTURED,CANCELLED,CANCELLED,DELIVERED,200,1,ON_HOLD,INITIATED,NONE,329598,331521,145478,7,0,0.895,0.0326,1,0,ORDER_PAYMENT_CONFLICT
6018.73,UPI,HDFC,BILLDESK,SUCCESS,SUCCESS,AUTHORIZED,CAPTURED,PAID,DELIVERED,DELIVERED,200,1,SETTLED,NONE,NONE,743,880,233077,21,0,0.2539,0.0518,1,0,NORMAL
715.34,NET_BANKING,AXIS,STRIPE,PENDING,SUCCESS,NONE,AUTO_REFUNDED,PENDING_PAYMENT,UNFULFILLED,RETRYING,0,1,ON_HOLD,MANUAL_INTERVENTION_REQUIRED,NOT_INITIATED,101438,32564,144726,3,0,-0.3497,0.0542,1,0,UNRESOLVED
2086.14,NET_BANKING,PNB,BILLDESK,SUCCESS,SUCCESS,AUTHORIZED,CAPTURED,PAID,PROCESSING,DELIVERED,200,1,PENDING,NONE,NONE,629,754,84030,12,0,0.8965,0.0417,1,0,NORMAL
25263.64,WALLET,YES_BANK,BILLDESK,SUCCESS,SUCCESS,AUTHORIZED,CAPTURED,PAID,DELIVERED,DELIVERED,200,1,SETTLED,NONE,NONE,747,843,175327,3,0,1.0211,0.0784,1,0,NORMAL
330.4,UPI,YES_BANK,PAYU,SUCCESS,SUCCESS,AUTHORIZED,CAPTURED,PAID,DELIVERED,DELIVERED,200,1,DISCREPANCY,NONE,NONE,451,729,9401,10,0,-0.1913,0.0345,1,0,SETTLEMENT_MISMATCH
324.27,CREDIT_CARD,AXIS,BILLDESK,SUCCESS,SUCCESS,AUTHORIZED,CAPTURED,PAID,DELIVERED,DELIVERED,200,1,ON_HOLD,NONE,AWAITING_ACK,274,413,89231,17,2,-0.3244,0.0374,1,1,DUPLICATE_PAYMENT
703.01,UPI,INDUSIND,STRIPE,SUCCESS,SUCCESS,AUTHORIZED,CAPTURED,PAID,DELIVERED,DELIVERED,200,1,ON_HOLD,INITIATED,AWAITING_ACK,335,521,147193,22,2,0.4646,0.0424,1,1,DUPLICATE_PAYMENT
542.61,NET_BANKING,KOTAK,BILLDESK,SUCCESS,SUCCESS,AUTHORIZED,CAPTURED,PAID,DELIVERED,DELIVERED,200,1,DISCREPANCY,NONE,NONE,303,491,26984,22,0,-0.1452,0.0314,1,0,SETTLEMENT_MISMATCH
1420.02,CREDIT_CARD,AXIS,BILLDESK,SUCCESS,SUCCESS,AUTHORIZED,CAPTURED,PAID,DELIVERED,DELIVERED,200,1,SETTLED,NONE,NONE,562,757,184010,18,0,-0.2526,0.0503,1,0,NORMAL
812.14,UPI,YES_BANK,STRIPE,REVERSED,PENDING,FAILED,CAPTURED,PAID,CANCELLED,DROPPED,200,1,ON_HOLD,PENDING,NOT_INITIATED,70411,98826,129382,13,0,0.128,0.0381,1,0,UNRESOLVED
1175.39,UPI,YES_BANK,STRIPE,SUCCESS,SUCCESS,AUTHORIZED,CAPTURED,PAID,DELIVERED,DELIVERED,200,1,ON_HOLD,PROCESSED,CREDITED_TO_CUSTOMER,340,378,238932,20,4,0.6325,0.0215,1,1,DUPLICATE_PAYMENT
15132.45,UPI,INDUSIND,BILLDESK,SUCCESS,TIMED_OUT,TIMEOUT,AUTO_REFUNDED,EXPIRED,CANCELLED,DELIVERED,200,1,ON_HOLD,INITIATED,NOT_INITIATED,538,90442,67312,20,0,0.2106,0.0642,1,0,BANK_DEBIT_GATEWAY_FAILURE
600.07,NET_BANKING,INDUSIND,BILLDESK,SUCCESS,SUCCESS,AUTHORIZED,CAPTURED,PAID,PROCESSING,DELIVERED,200,1,PENDING,NONE,NONE,375,627,82918,5,0,0.2501,0.0391,1,0,NORMAL
1419.44,UPI,HDFC,STRIPE,SUCCESS,SUCCESS,AUTHORIZED,CAPTURED,PAID,DELIVERED,DELIVERED,200,1,SETTLED,NONE,NONE,476,725,164121,16,0,1.1838,0.0217,1,0,NORMAL
3413.98,CREDIT_CARD,YES_BANK,STRIPE,SUCCESS,FAILED,AUTHORIZED,FAILED,CANCELLED,CANCELLED,DELIVERED,0,1,FAILED,NONE,AWAITING_ACK,31578,4056,63340,19,0,-0.0246,0.0475,1,0,UNRESOLVED
1638.01,CREDIT_CARD,ICICI,RAZORPAY,DEBITED,SUCCESS,FAILED,PENDING,CANCELLED,CANCELLED,DELIVERED,500,1,ON_HOLD,FAILED,REJECTED_BY_BANK,109678,26868,82455,4,1,1.52,0.0261,1,0,UNRESOLVED
328.93,NET_BANKING,INDUSIND,BILLDESK,SUCCESS,FAILED,FAILED,FAILED,CANCELLED,CANCELLED,FAILED,0,1,ON_HOLD,NONE,NOT_INITIATED,1400,84220,198367,19,0,-0.3147,0.0455,1,0,BANK_DEBIT_GATEWAY_FAILURE
223.57,UPI,SBI,RAZORPAY,SUCCESS,SUCCESS,AUTHORIZED,CAPTURED,PAID,PROCESSING,DELIVERED,200,2,PENDING,NONE,NONE,563,720,79964,11,0,-0.656,0.0274,1,0,NORMAL
6034.79,UPI,HDFC,STRIPE,SUCCESS,SUCCESS,AUTHORIZED,CAPTURED,PAID,DELIVERED,DELIVERED,200,1,ON_HOLD,INITIATED,AWAITING_ACK,750,863,78261,20,4,0.7242,0.0361,1,1,DUPLICATE_PAYMENT
4731.91,UPI,PNB,PAYU,SUCCESS,SUCCESS,AUTHORIZED,CAPTURED,PAID,DELIVERED,DELIVERED,200,1,SETTLED,NONE,NONE,477,877,247272,0,0,0.69,0.0217,1,0,NORMAL
4124.61,CREDIT_CARD,KOTAK,BILLDESK,SUCCESS,SUCCESS,AUTHORIZED,CAPTURED,PAID,DELIVERED,DELIVERED,200,1,ON_HOLD,NONE,AWAITING_ACK,237,407,257075,19,2,0.4731,0.0292,1,1,DUPLICATE_PAYMENT
617.39,NET_BANKING,INDUSIND,PAYU,SUCCESS,SUCCESS,AUTHORIZED,CAPTURED,PAID,DELIVERED,DELIVERED,200,1,SETTLED,NONE,NONE,736,931,145908,18,0,0.2862,0.0492,1,0,NORMAL
219.72,UPI,ICICI,CASHFREE,SUCCESS,SUCCESS,AUTHORIZED,CAPTURED,PENDING_PAYMENT,UNFULFILLED,TIMED_OUT,502,4,ON_HOLD,NONE,NONE,203,434,246667,7,0,-0.4769,0.0352,1,0,MISSING_WEBHOOK
2834.64,UPI,AXIS,STRIPE,SUCCESS,SUCCESS,AUTHORIZED,CAPTURED,PAID,PROCESSING,DELIVERED,200,1,PENDING,NONE,NONE,250,344,8032,7,0,-0.1901,0.0371,1,0,NORMAL
5570.83,CREDIT_CARD,SBI,BILLDESK,SUCCESS,SUCCESS,AUTHORIZED,CAPTURED,PAID,DELIVERED,DELIVERED,200,1,SETTLED,NONE,NONE,567,736,231180,15,0,0.5917,0.0377,1,0,NORMAL
665.08,UPI,AXIS,STRIPE,SUCCESS,SUCCESS,AUTHORIZED,CAPTURED,PAID,DELIVERED,DELIVERED,200,1,SETTLED,NONE,NONE,229,361,97281,17,0,0.5835,0.0378,1,0,NORMAL
501.38,UPI,KOTAK,PAYU,SUCCESS,SUCCESS,AUTHORIZED,CAPTURED,PAID,DELIVERED,DELIVERED,200,1,ON_HOLD,INITIATED,AWAITING_ACK,256,518,154907,2,4,-0.7361,0.0553,1,1,DUPLICATE_PAYMENT
673.68,CREDIT_CARD,INDUSIND,STRIPE,SUCCESS,SUCCESS,AUTHORIZED,CAPTURED,PAID,DELIVERED,DELIVERED,200,1,SETTLED,NONE,NONE,622,707,193874,22,0,0.0364,0.0236,1,0,NORMAL
3868.88,DEBIT_CARD,YES_BANK,CASHFREE,SUCCESS,SUCCESS,AUTHORIZED,CAPTURED,PAID,DELIVERED,DELIVERED,200,1,SETTLED,NONE,NONE,482,623,93983,4,0,0.3817,0.0117,1,0,NORMAL
6315.22,DEBIT_CARD,YES_BANK,BILLDESK,SUCCESS,SUCCESS,AUTHORIZED,CAPTURED,PENDING_PAYMENT,UNFULFILLED,DROPPED,504,4,ON_HOLD,NONE,NONE,383,642,201063,23,0,1.2554,0.0212,1,0,MISSING_WEBHOOK
2905.09,CREDIT_CARD,AXIS,CASHFREE,DEBITED,PENDING,FAILED,AUTO_REFUNDED,CANCELLED,CANCELLED,FAILED,504,1,ON_HOLD,NONE,NOT_INITIATED,386,74745,188326,9,0,-0.3948,0.0637,1,0,BANK_DEBIT_GATEWAY_FAILURE
13230.19,UPI,SBI,STRIPE,SUCCESS,SUCCESS,AUTHORIZED,CAPTURED,PAID,DELIVERED,DELIVERED,200,1,DISCREPANCY,NONE,NONE,249,381,151375,0,0,0.1058,0.0752,1,0,SETTLEMENT_MISMATCH
349.18,UPI,KOTAK,RAZORPAY,SUCCESS,SUCCESS,AUTHORIZED,CAPTURED,PAID,PROCESSING,DELIVERED,200,1,PENDING,NONE,NONE,696,960,19399,2,1,-0.1686,0.0431,1,0,NORMAL
236.84,NET_BANKING,INDUSIND,BILLDESK,SUCCESS,SUCCESS,AUTHORIZED,CAPTURED,PAID,PROCESSING,SCHEDULED,200,3,SETTLED,NONE,NONE,101758,106752,198504,10,0,-0.6356,0.0366,1,0,DELAYED_CONFIRMATION
16154.04,EMI,KOTAK,CASHFREE,SUCCESS,SUCCESS,AUTHORIZED,CAPTURED,REFUNDED,RETURNED,DELIVERED,200,1,REVERSED,MANUAL_INTERVENTION_REQUIRED,AWAITING_ACK,661,781,142804,15,0,2.3654,0.0607,1,0,REFUND_UNCERTAINTY
4020.18,CREDIT_CARD,ICICI,CASHFREE,SUCCESS,SUCCESS,AUTHORIZED,CAPTURED,PAID,DELIVERED,DELIVERED,200,1,SETTLED,NONE,NONE,2840,3688,256348,7,0,-0.1625,0.069,1,0,NORMAL
2198.08,UPI,HDFC,RAZORPAY,SUCCESS,FAILED,FAILED,FAILED,CANCELLED,CANCELLED,NONE,504,1,ON_HOLD,NONE,NOT_INITIATED,1345,76110,199270,6,0,0.1569,0.0402,1,0,BANK_DEBIT_GATEWAY_FAILURE
503.13,UPI,INDUSIND,RAZORPAY,SUCCESS,SUCCESS,AUTHORIZED,CAPTURED,PAID,DELIVERED,DELIVERED,200,3,SETTLED,NONE,NONE,1428,2300,160131,9,0,-0.226,0.0357,1,0,NORMAL
15585.15,CREDIT_CARD,INDUSIND,RAZORPAY,SUCCESS,SUCCESS,AUTHORIZED,CAPTURED,PAID,DELIVERED,DELIVERED,200,1,SETTLED,NONE,NONE,499,631,228713,1,0,0.2468,0.0601,1,0,NORMAL
507.59,UPI,ICICI,STRIPE,SUCCESS,SUCCESS,AUTHORIZED,CAPTURED,PAID,DELIVERED,DELIVERED,200,1,DISCREPANCY,NONE,NONE,443,597,187520,20,0,0.1299,0.0489,1,0,SETTLEMENT_MISMATCH
930.47,UPI,AXIS,CASHFREE,SUCCESS,SUCCESS,AUTHORIZED,CAPTURED,PAID,DELIVERED,DELIVERED,200,1,SETTLED,NONE,NONE,197,285,139461,7,0,-0.1541,0.0542,1,0,NORMAL
6652.01,UPI,AXIS,STRIPE,SUCCESS,SUCCESS,AUTHORIZED,CAPTURED,PAID,DELIVERED,DELIVERED,200,1,SETTLED,NONE,NONE,710,826,111725,2,1,2.5011,0.0584,1,0,NORMAL
884.65,UPI,ICICI,CASHFREE,DEBITED,FAILED,FAILED,FAILED,CANCELLED,CANCELLED,FAILED,504,1,ON_HOLD,NONE,NOT_INITIATED,801,60348,33621,2,0,-0.1958,0.0529,1,0,BANK_DEBIT_GATEWAY_FAILURE
8166.69,DEBIT_CARD,YES_BANK,CASHFREE,SUCCESS,SUCCESS,AUTHORIZED,CAPTURED,PAID,PROCESSING,DELIVERED,200,1,PENDING,NONE,NONE,254,340,72763,9,0,-0.3467,0.0621,1,0,NORMAL
1334.47,UPI,PNB,BILLDESK,SUCCESS,SUCCESS,AUTHORIZED,CAPTURED,PAID,DELIVERED,DELIVERED,200,1,SETTLED,NONE,NONE,674,772,242162,14,0,-0.2976,0.059,1,0,NORMAL
16473.52,UPI,KOTAK,CASHFREE,DEBITED,PENDING,NONE,AUTO_REFUNDED,PAID,DELIVERED,DELIVERED,404,1,FAILED,MANUAL_INTERVENTION_REQUIRED,NOT_INITIATED,52294,22662,23160,7,3,0.3179,0.069,1,0,UNRESOLVED
269.52,UPI,HDFC,STRIPE,DEBITED,TIMED_OUT,TIMEOUT,FAILED,CANCELLED,CANCELLED,NONE,0,1,ON_HOLD,NONE,NOT_INITIATED,1083,75697,63270,8,0,-0.3583,0.0385,1,0,BANK_DEBIT_GATEWAY_FAILURE
3295.24,WALLET,SBI,RAZORPAY,SUCCESS,SUCCESS,AUTHORIZED,CAPTURED,PENDING_PAYMENT,UNFULFILLED,TIMED_OUT,0,3,ON_HOLD,NONE,NONE,745,841,94901,3,0,-0.0585,0.0458,1,0,MISSING_WEBHOOK
4444.65,UPI,ICICI,RAZORPAY,SUCCESS,SUCCESS,AUTHORIZED,CAPTURED,CANCELLED,CANCELLED,DELIVERED,200,1,ON_HOLD,PROCESSED,NONE,284498,286330,146608,22,0,1.3393,0.059,1,0,ORDER_PAYMENT_CONFLICT
513.62,UPI,KOTAK,BILLDESK,SUCCESS,SUCCESS,AUTHORIZED,CAPTURED,PAID,PROCESSING,DELIVERED,200,1,PENDING,NONE,NONE,420,512,46540,18,0,-0.2098,0.0359,1,0,NORMAL
1576.26,UPI,YES_BANK,RAZORPAY,SUCCESS,SUCCESS,AUTHORIZED,CAPTURED,REFUNDED,RETURNED,DELIVERED,200,1,REVERSED,PENDING,AWAITING_ACK,645,805,190784,0,0,0.433,0.0437,1,0,REFUND_UNCERTAINTY
1197.88,DEBIT_CARD,KOTAK,STRIPE,SUCCESS,SUCCESS,AUTHORIZED,CAPTURED,PAID,DELIVERED,DELIVERED,200,1,SETTLED,NONE,NONE,725,841,249158,16,0,0.6637,0.0283,1,0,NORMAL
1544.6,UPI,KOTAK,RAZORPAY,SUCCESS,SUCCESS,AUTHORIZED,CAPTURED,REFUNDED,RETURNED,DELIVERED,200,1,REVERSED,MANUAL_INTERVENTION_REQUIRED,AWAITING_ACK,481,754,92924,23,0,-0.1871,0.0432,1,0,REFUND_UNCERTAINTY
2328.01,CREDIT_CARD,HDFC,PAYU,SUCCESS,TIMED_OUT,TIMEOUT,AUTO_REFUNDED,EXPIRED,CANCELLED,FAILED,504,1,ON_HOLD,NONE,NOT_INITIATED,625,70172,10357,15,0,1.1164,0.0588,1,0,BANK_DEBIT_GATEWAY_FAILURE
3051.69,UPI,ICICI,CASHFREE,PENDING,FAILED,TIMEOUT,FAILED,FAILED,UNFULFILLED,DROPPED,0,1,FAILED,NONE,NOT_INITIATED,19377,9891,118419,20,1,-0.3642,0.058,1,0,UNRESOLVED
973.59,NET_BANKING,AXIS,PAYU,SUCCESS,SUCCESS,AUTHORIZED,CAPTURED,REFUNDED,RETURNED,DELIVERED,200,1,REVERSED,PENDING,AWAITING_ACK,491,617,214148,5,0,-0.1149,0.0437,1,0,REFUND_UNCERTAINTY
5134.43,UPI,YES_BANK,CASHFREE,SUCCESS,SUCCESS,AUTHORIZED,CAPTURED,REFUNDED,RETURNED,DELIVERED,200,1,REVERSED,PENDING,AWAITING_ACK,544,840,107621,2,0,0.467,0.0334,1,0,REFUND_UNCERTAINTY
1154.13,UPI,ICICI,PAYU,SUCCESS,FAILED,FAILED,FAILED,CANCELLED,CANCELLED,FAILED,0,1,ON_HOLD,INITIATED,NOT_INITIATED,1149,75195,77367,12,0,1.4044,0.0344,1,0,BANK_DEBIT_GATEWAY_FAILURE
317.63,CREDIT_CARD,AXIS,CASHFREE,SUCCESS,SUCCESS,AUTHORIZED,CAPTURED,PAID,DELIVERED,DELIVERED,200,1,SETTLED,NONE,NONE,701,885,161221,15,0,-0.3383,0.0378,1,0,NORMAL
525.95,WALLET,SBI,STRIPE,SUCCESS,SUCCESS,AUTHORIZED,CAPTURED,PAID,PROCESSING,DELIVERED,200,1,PENDING,NONE,NONE,415,507,13287,21,0,0.0957,0.0409,1,0,NORMAL
2466.47,UPI,KOTAK,BILLDESK,SUCCESS,SUCCESS,AUTHORIZED,CAPTURED,PAID,DELIVERED,DELIVERED,200,1,ON_HOLD,NONE,AWAITING_ACK,394,654,239901,9,2,-0.1191,0.0201,1,1,DUPLICATE_PAYMENT
459.51,DEBIT_CARD,YES_BANK,BILLDESK,SUCCESS,SUCCESS,AUTHORIZED,CAPTURED,PAID,DELIVERED,DELIVERED,200,1,SETTLED,NONE,NONE,460,578,116160,9,0,-0.3618,0.0345,1,0,NORMAL
5399.44,CREDIT_CARD,KOTAK,CASHFREE,SUCCESS,SUCCESS,AUTHORIZED,CAPTURED,PAID,PROCESSING,DELIVERED,200,1,SETTLED,NONE,NONE,56093,60088,170901,15,0,0.1249,0.0554,1,0,DELAYED_CONFIRMATION
380.69,CREDIT_CARD,HDFC,CASHFREE,SUCCESS,SUCCESS,AUTHORIZED,CAPTURED,CANCELLED,CANCELLED,DELIVERED,200,1,ON_HOLD,INITIATED,NONE,281650,282652,104558,6,0,-0.2069,0.0372,1,0,ORDER_PAYMENT_CONFLICT
7668.26,NET_BANKING,HDFC,STRIPE,SUCCESS,SUCCESS,AUTHORIZED,CAPTURED,CANCELLED,CANCELLED,DELIVERED,200,1,ON_HOLD,PROCESSED,NONE,269419,270250,206813,11,0,-0.3865,0.0708,1,0,ORDER_PAYMENT_CONFLICT
1582.61,CREDIT_CARD,AXIS,PAYU,DEBITED,FAILED,TIMEOUT,AUTO_REFUNDED,CANCELLED,CANCELLED,NONE,504,1,ON_HOLD,NONE,NOT_INITIATED,434,85213,212652,2,0,-0.4348,0.0298,1,0,BANK_DEBIT_GATEWAY_FAILURE
318.3,NET_BANKING,YES_BANK,PAYU,SUCCESS,SUCCESS,AUTHORIZED,CAPTURED,PAID,DELIVERED,DELIVERED,200,1,SETTLED,NONE,NONE,450,691,252674,14,0,-0.3369,0.0462,1,0,NORMAL
564.06,UPI,SBI,BILLDESK,SUCCESS,SUCCESS,AUTHORIZED,CAPTURED,EXPIRED,UNFULFILLED,DROPPED,0,2,ON_HOLD,NONE,NONE,487,774,93403,13,0,0.343,0.0364,1,0,MISSING_WEBHOOK
10275.11,UPI,PNB,BILLDESK,SUCCESS,SUCCESS,AUTHORIZED,CAPTURED,REFUNDED,RETURNED,DELIVERED,200,1,REVERSED,MANUAL_INTERVENTION_REQUIRED,AWAITING_ACK,623,843,117416,2,0,-0.178,0.0716,1,0,REFUND_UNCERTAINTY
2272.45,WALLET,AXIS,RAZORPAY,SUCCESS,SUCCESS,AUTHORIZED,CAPTURED,PAID,PROCESSING,DELIVERED,200,1,PENDING,NONE,NONE,424,536,39976,19,0,-0.3507,0.0451,1,0,NORMAL
8800.28,UPI,SBI,CASHFREE,SUCCESS,SUCCESS,AUTHORIZED,CAPTURED,PENDING_PAYMENT,UNFULFILLED,FAILED,504,4,ON_HOLD,NONE,NONE,387,687,211556,1,0,-0.296,0.0766,1,0,MISSING_WEBHOOK
9631.59,UPI,HDFC,BILLDESK,SUCCESS,SUCCESS,AUTHORIZED,CAPTURED,PAID,PROCESSING,DELIVERED,200,1,PENDING,NONE,NONE,252,392,30455,16,0,1.7519,0.0485,1,0,NORMAL
1076.44,EMI,INDUSIND,BILLDESK,SUCCESS,SUCCESS,AUTHORIZED,CAPTURED,PROCESSING,PROCESSING,DELIVERED,200,2,PENDING,NONE,NONE,105605,108480,6628,5,0,0.6561,0.0222,1,0,DELAYED_CONFIRMATION
1260.64,EMI,INDUSIND,RAZORPAY,SUCCESS,SUCCESS,AUTHORIZED,CAPTURED,REFUNDED,RETURNED,DELIVERED,200,1,REVERSED,FAILED,AWAITING_ACK,619,774,6810,3,0,-0.6398,0.0305,1,0,REFUND_UNCERTAINTY
198.21,UPI,YES_BANK,PAYU,SUCCESS,SUCCESS,AUTHORIZED,CAPTURED,PAID,DELIVERED,DELIVERED,200,1,SETTLED,NONE,NONE,298,532,166260,23,0,-0.5281,0.0384,1,0,NORMAL
577.37,UPI,ICICI,RAZORPAY,SUCCESS,SUCCESS,AUTHORIZED,CAPTURED,REFUNDED,RETURNED,DELIVERED,200,1,REVERSED,MANUAL_INTERVENTION_REQUIRED,REJECTED_BY_BANK,190,345,204445,14,0,0.2029,0.0485,1,0,REFUND_UNCERTAINTY
548.29,CREDIT_CARD,SBI,CASHFREE,SUCCESS,SUCCESS,AUTHORIZED,CAPTURED,PAID,PROCESSING,DELIVERED,200,1,PENDING,NONE,NONE,317,447,48893,11,0,0.3055,0.0431,1,0,NORMAL
231.42,CREDIT_CARD,AXIS,RAZORPAY,DEBITED,FAILED,NONE,FAILED,EXPIRED,CANCELLED,DELIVERED,200,1,ON_HOLD,INITIATED,NOT_INITIATED,1409,94054,22876,2,0,-0.449,0.0357,1,0,BANK_DEBIT_GATEWAY_FAILURE
365.49,EMI,AXIS,STRIPE,SUCCESS,SUCCESS,AUTHORIZED,CAPTURED,PENDING_PAYMENT,UNFULFILLED,DROPPED,500,2,ON_HOLD,NONE,NONE,521,622,237369,20,0,-0.6677,0.0593,1,0,MISSING_WEBHOOK
14327.84,UPI,YES_BANK,STRIPE,SUCCESS,SUCCESS,AUTHORIZED,CAPTURED,PAID,PROCESSING,DELIVERED,200,1,PENDING,NONE,NONE,689,929,7969,20,0,0.1462,0.0653,1,0,NORMAL
2361.63,UPI,SBI,STRIPE,SUCCESS,SUCCESS,AUTHORIZED,CAPTURED,PAID,DELIVERED,DELIVERED,200,1,ON_HOLD,INITIATED,AWAITING_ACK,670,874,39583,22,3,-0.3252,0.0418,1,1,DUPLICATE_PAYMENT
1387.65,UPI,KOTAK,PAYU,SUCCESS,SUCCESS,AUTHORIZED,CAPTURED,EXPIRED,UNFULFILLED,TIMED_OUT,504,3,PENDING,NONE,NONE,726,970,23919,15,0,-0.2697,0.0581,1,0,MISSING_WEBHOOK
3276.77,DEBIT_CARD,YES_BANK,PAYU,SUCCESS,SUCCESS,AUTHORIZED,CAPTURED,PENDING_PAYMENT,UNFULFILLED,DROPPED,502,2,ON_HOLD,NONE,NONE,603,834,180975,1,0,0.1703,0.0288,1,0,MISSING_WEBHOOK
38645.21,NET_BANKING,INDUSIND,STRIPE,SUCCESS,SUCCESS,AUTHORIZED,CAPTURED,PAID,DELIVERED,DELIVERED,200,1,SETTLED,NONE,NONE,682,806,119169,20,0,2.0916,0.0765,1,0,NORMAL
923.69,NET_BANKING,YES_BANK,PAYU,SUCCESS,SUCCESS,AUTHORIZED,CAPTURED,PAID,DELIVERED,DELIVERED,200,1,SETTLED,NONE,NONE,237,430,214385,15,0,0.9244,0.0494,1,0,NORMAL
449.59,UPI,YES_BANK,PAYU,SUCCESS,SUCCESS,AUTHORIZED,CAPTURED,CANCELLED,CANCELLED,DELIVERED,200,1,ON_HOLD,INITIATED,NONE,270090,270945,258313,14,0,0.0705,0.0403,1,0,ORDER_PAYMENT_CONFLICT
49653.43,DEBIT_CARD,AXIS,RAZORPAY,SUCCESS,SUCCESS,AUTHORIZED,CAPTURED,PAID,DELIVERED,DELIVERED,200,1,SETTLED,NONE,NONE,348,603,110941,8,0,2.9723,0.0703,1,0,NORMAL
216.64,CREDIT_CARD,YES_BANK,STRIPE,SUCCESS,SUCCESS,AUTHORIZED,CAPTURED,PAID,DELIVERED,DELIVERED,200,1,SETTLED,NONE,NONE,564,843,211860,18,0,-0.4842,0.0451,1,0,NORMAL
6227.32,UPI,YES_BANK,CASHFREE,PENDING,FAILED,TIMEOUT,PENDING,PENDING_PAYMENT,UNFULFILLED,DELIVERED,200,1,ON_HOLD,NONE,REJECTED_BY_BANK,98861,52884,168908,10,3,0.7792,0.0334,1,0,UNRESOLVED
6506.67,UPI,YES_BANK,PAYU,SUCCESS,SUCCESS,AUTHORIZED,CAPTURED,PAID,DELIVERED,DELIVERED,200,1,ON_HOLD,NONE,AWAITING_ACK,740,870,205580,1,3,0.3556,0.0691,1,1,DUPLICATE_PAYMENT
2668.5,UPI,INDUSIND,STRIPE,SUCCESS,SUCCESS,AUTHORIZED,CAPTURED,PAID,DELIVERED,DELIVERED,200,1,ON_HOLD,PROCESSED,CREDITED_TO_CUSTOMER,717,961,174601,14,2,-0.4441,0.06,1,1,DUPLICATE_PAYMENT
326.22,WALLET,INDUSIND,PAYU,SUCCESS,SUCCESS,AUTHORIZED,CAPTURED,PAID,PROCESSING,DELIVERED,200,1,SETTLED,NONE,NONE,73638,76561,121795,7,0,-0.7034,0.0553,1,0,DELAYED_CONFIRMATION
1465.68,UPI,PNB,BILLDESK,SUCCESS,SUCCESS,AUTHORIZED,CAPTURED,PAID,PROCESSING,DELIVERED,200,1,PENDING,NONE,NONE,233,477,7199,22,0,-0.2286,0.0501,1,0,NORMAL
1280.89,UPI,YES_BANK,BILLDESK,DEBITED,PENDING,FAILED,AUTO_REFUNDED,CANCELLED,UNFULFILLED,DELIVERED,200,1,FAILED,FAILED,REJECTED_BY_BANK,115521,115396,101320,2,3,0.1644,0.0529,1,0,UNRESOLVED
9027.64,UPI,ICICI,CASHFREE,SUCCESS,SUCCESS,AUTHORIZED,CAPTURED,PAID,DELIVERED,DELIVERED,200,1,SETTLED,NONE,NONE,502,636,229764,18,0,1.5793,0.0461,1,0,NORMAL
679.76,UPI,AXIS,STRIPE,SUCCESS,SUCCESS,AUTHORIZED,CAPTURED,CANCELLED,CANCELLED,DELIVERED,200,1,ON_HOLD,PROCESSED,NONE,350000,351098,60843,6,0,-0.382,0.0421,1,0,ORDER_PAYMENT_CONFLICT
65291.33,DEBIT_CARD,INDUSIND,CASHFREE,SUCCESS,SUCCESS,AUTHORIZED,CAPTURED,PAID,DELIVERED,DELIVERED,200,1,ON_HOLD,PROCESSED,CREDITED_TO_CUSTOMER,547,572,145315,10,1,4.2233,0.0612,1,1,DUPLICATE_PAYMENT
816.04,UPI,AXIS,CASHFREE,SUCCESS,FAILED,TIMEOUT,AUTO_REFUNDED,CANCELLED,CANCELLED,DELIVERED,200,1,ON_HOLD,NONE,NOT_INITIATED,874,72549,142671,18,0,0.2554,0.0338,1,0,BANK_DEBIT_GATEWAY_FAILURE
400.14,UPI,INDUSIND,CASHFREE,SUCCESS,SUCCESS,AUTHORIZED,CAPTURED,PAID,DELIVERED,DELIVERED,200,1,SETTLED,NONE,NONE,687,921,259009,22,0,-0.0473,0.0364,1,0,NORMAL
751.08,UPI,KOTAK,STRIPE,SUCCESS,SUCCESS,AUTHORIZED,CAPTURED,CANCELLED,CANCELLED,DELIVERED,200,1,ON_HOLD,INITIATED,NONE,343394,345655,125111,7,0,0.7883,0.0455,1,0,ORDER_PAYMENT_CONFLICT
6796.87,EMI,INDUSIND,RAZORPAY,SUCCESS,SUCCESS,AUTHORIZED,CAPTURED,PAID,DELIVERED,DELIVERED,200,1,ON_HOLD,NONE,AWAITING_ACK,559,691,144539,19,3,1.4275,0.0242,1,1,DUPLICATE_PAYMENT
2673.23,EMI,KOTAK,PAYU,SUCCESS,SUCCESS,AUTHORIZED,CAPTURED,PAID,PROCESSING,DELIVERED,200,2,SETTLED,NONE,NONE,103767,109417,170406,0,0,-0.0453,0.0204,1,0,DELAYED_CONFIRMATION
4789.06,DEBIT_CARD,INDUSIND,CASHFREE,SUCCESS,SUCCESS,AUTHORIZED,CAPTURED,CANCELLED,CANCELLED,DELIVERED,200,1,ON_HOLD,INITIATED,NONE,318909,319498,69950,13,0,-0.0023,0.0552,1,0,ORDER_PAYMENT_CONFLICT
7860.98,UPI,INDUSIND,RAZORPAY,SUCCESS,SUCCESS,AUTHORIZED,CAPTURED,CANCELLED,CANCELLED,DELIVERED,200,1,ON_HOLD,INITIATED,NONE,275109,276721,137322,16,0,-0.3711,0.0774,1,0,ORDER_PAYMENT_CONFLICT
827.26,NET_BANKING,YES_BANK,PAYU,SUCCESS,SUCCESS,AUTHORIZED,CAPTURED,PAID,PROCESSING,DELIVERED,200,2,SETTLED,NONE,NONE,98711,100122,218881,5,0,0.149,0.0319,1,0,DELAYED_CONFIRMATION
3828.07,UPI,PNB,PAYU,SUCCESS,SUCCESS,AUTHORIZED,CAPTURED,REFUNDED,RETURNED,DELIVERED,200,1,REVERSED,MANUAL_INTERVENTION_REQUIRED,NOT_INITIATED,409,610,4260,22,0,1.0148,0.0492,1,0,REFUND_UNCERTAINTY
6167.07,CREDIT_CARD,KOTAK,CASHFREE,SUCCESS,SUCCESS,AUTHORIZED,CAPTURED,PENDING_PAYMENT,UNFULFILLED,DROPPED,504,4,PENDING,NONE,NONE,401,592,201449,2,0,0.2848,0.0529,1,0,MISSING_WEBHOOK
938.49,UPI,PNB,STRIPE,SUCCESS,SUCCESS,AUTHORIZED,CAPTURED,PAID,DELIVERED,DELIVERED,200,1,SETTLED,NONE,NONE,280,565,122190,15,0,-0.1468,0.053,1,0,NORMAL
1277.82,NET_BANKING,ICICI,RAZORPAY,SUCCESS,SUCCESS,AUTHORIZED,CAPTURED,PAID,DELIVERED,DELIVERED,200,1,SETTLED,NONE,NONE,219,438,94463,2,0,0.9659,0.0357,1,0,NORMAL
608.0,DEBIT_CARD,AXIS,PAYU,SUCCESS,SUCCESS,AUTHORIZED,FAILED,CANCELLED,UNFULFILLED,DROPPED,0,1,FAILED,FAILED,REJECTED_BY_BANK,82132,65259,170340,8,3,-0.0646,0.025,1,0,UNRESOLVED
1679.23,UPI,INDUSIND,STRIPE,SUCCESS,SUCCESS,AUTHORIZED,CAPTURED,PAID,DELIVERED,DELIVERED,200,1,SETTLED,NONE,NONE,376,503,168203,14,0,-0.1162,0.0595,1,0,NORMAL
426.25,UPI,AXIS,BILLDESK,SUCCESS,SUCCESS,AUTHORIZED,CAPTURED,PAID,PROCESSING,DELIVERED,200,2,SETTLED,NONE,NONE,43607,45595,112070,1,0,-0.112,0.0433,1,0,DELAYED_CONFIRMATION
954.59,CREDIT_CARD,ICICI,PAYU,SUCCESS,SUCCESS,AUTHORIZED,CAPTURED,PENDING_PAYMENT,PROCESSING,DELIVERED,200,1,PENDING,NONE,NONE,107012,110373,47561,0,0,0.3258,0.03,1,0,DELAYED_CONFIRMATION
5420.09,CREDIT_CARD,HDFC,CASHFREE,SUCCESS,SUCCESS,AUTHORIZED,CAPTURED,PENDING_PAYMENT,PROCESSING,RETRYING,200,2,PENDING,NONE,NONE,35755,41230,7132,10,0,0.9357,0.0121,1,0,DELAYED_CONFIRMATION
1538.34,NET_BANKING,KOTAK,STRIPE,SUCCESS,SUCCESS,AUTHORIZED,CAPTURED,PAID,DELIVERED,DELIVERED,200,1,SETTLED,NONE,NONE,675,775,107208,13,0,-0.1903,0.0419,1,0,NORMAL
1523.0,UPI,YES_BANK,RAZORPAY,DEBITED,FAILED,TIMEOUT,FAILED,PAID,RETURNED,DROPPED,0,1,FAILED,MANUAL_INTERVENTION_REQUIRED,NOT_INITIATED,89774,27015,59071,19,0,-0.1984,0.0563,1,0,UNRESOLVED
545.69,UPI,SBI,PAYU,SUCCESS,SUCCESS,AUTHORIZED,CAPTURED,PAID,PROCESSING,DELIVERED,200,1,PENDING,NONE,NONE,437,698,19656,0,0,0.2993,0.0479,1,0,NORMAL
133.93,UPI,KOTAK,STRIPE,SUCCESS,SUCCESS,AUTHORIZED,CAPTURED,PAID,DELIVERED,DELIVERED,200,1,DISCREPANCY,NONE,NONE,288,578,19412,17,0,-0.6227,0.033,1,0,SETTLEMENT_MISMATCH
1389.77,UPI,HDFC,CASHFREE,SUCCESS,SUCCESS,AUTHORIZED,CAPTURED,EXPIRED,UNFULFILLED,FAILED,500,5,ON_HOLD,NONE,NONE,266,406,168035,5,0,0.9302,0.023,1,0,MISSING_WEBHOOK
730.71,UPI,HDFC,PAYU,SUCCESS,PENDING,FAILED,CAPTURED,PENDING_PAYMENT,RETURNED,DROPPED,404,1,ON_HOLD,FAILED,AWAITING_ACK,71776,16818,246713,17,0,0.1242,0.0396,1,0,UNRESOLVED
8777.27,UPI,INDUSIND,PAYU,SUCCESS,SUCCESS,AUTHORIZED,CAPTURED,PROCESSING,PROCESSING,DELIVERED,200,3,SETTLED,NONE,NONE,59549,63369,157186,11,0,-0.2978,0.0775,1,0,DELAYED_CONFIRMATION
2682.62,CREDIT_CARD,KOTAK,RAZORPAY,SUCCESS,SUCCESS,AUTHORIZED,CAPTURED,PAID,PROCESSING,DELIVERED,200,1,PENDING,NONE,NONE,307,391,15404,7,0,-0.2335,0.0344,1,0,NORMAL
1422.33,CREDIT_CARD,PNB,STRIPE,SUCCESS,SUCCESS,AUTHORIZED,CAPTURED,PAID,DELIVERED,DELIVERED,200,1,SETTLED,NONE,NONE,419,553,191997,7,0,0.293,0.0494,1,0,NORMAL
1892.94,UPI,INDUSIND,CASHFREE,SUCCESS,SUCCESS,AUTHORIZED,CAPTURED,PAID,PROCESSING,DELIVERED,200,1,PENDING,NONE,NONE,391,514,6776,3,0,-0.4592,0.0386,1,0,NORMAL
3781.07,UPI,KOTAK,PAYU,DEBITED,FAILED,FAILED,FAILED,EXPIRED,CANCELLED,DELIVERED,200,1,ON_HOLD,NONE,NOT_INITIATED,1028,64154,164060,16,0,-0.2123,0.0605,1,0,BANK_DEBIT_GATEWAY_FAILURE
3943.82,UPI,SBI,RAZORPAY,SUCCESS,SUCCESS,AUTHORIZED,CAPTURED,PAID,PROCESSING,DELIVERED,200,1,PENDING,NONE,NONE,743,858,15381,3,1,1.0757,0.0573,1,0,NORMAL
864.19,NET_BANKING,SBI,RAZORPAY,SUCCESS,SUCCESS,AUTHORIZED,CAPTURED,PAID,PROCESSING,DELIVERED,200,1,PENDING,NONE,NONE,447,659,50724,20,0,0.3295,0.0376,1,0,NORMAL
565.82,UPI,AXIS,PAYU,SUCCESS,SUCCESS,AUTHORIZED,CAPTURED,PAID,DELIVERED,DELIVERED,200,1,SETTLED,NONE,NONE,589,745,131258,5,0,0.3472,0.0436,1,0,NORMAL
764.36,UPI,AXIS,PAYU,SUCCESS,SUCCESS,AUTHORIZED,CAPTURED,PAID,DELIVERED,DELIVERED,200,1,SETTLED,NONE,NONE,415,636,95849,10,0,-0.3051,0.0405,1,0,NORMAL
1506.35,UPI,HDFC,STRIPE,SUCCESS,SUCCESS,AUTHORIZED,CAPTURED,PAID,DELIVERED,DELIVERED,200,1,DISCREPANCY,NONE,NONE,495,616,208940,1,0,0.4042,0.0496,1,0,SETTLEMENT_MISMATCH
18945.3,UPI,AXIS,RAZORPAY,SUCCESS,FAILED,NONE,FAILED,EXPIRED,CANCELLED,FAILED,504,1,ON_HOLD,NONE,NOT_INITIATED,1167,66981,164522,15,0,4.4129,0.0316,1,0,BANK_DEBIT_GATEWAY_FAILURE
19546.95,CREDIT_CARD,YES_BANK,STRIPE,SUCCESS,SUCCESS,AUTHORIZED,CAPTURED,REFUNDED,RETURNED,DELIVERED,200,1,REVERSED,MANUAL_INTERVENTION_REQUIRED,REJECTED_BY_BANK,420,532,60496,19,0,0.5638,0.0621,1,0,REFUND_UNCERTAINTY
9029.58,UPI,ICICI,PAYU,SUCCESS,SUCCESS,AUTHORIZED,CAPTURED,PAID,DELIVERED,DELIVERED,200,1,SETTLED,NONE,NONE,594,774,231398,7,0,1.5799,0.0415,1,0,NORMAL
1177.96,CREDIT_CARD,KOTAK,RAZORPAY,SUCCESS,SUCCESS,AUTHORIZED,CAPTURED,PAID,DELIVERED,DELIVERED,200,1,SETTLED,NONE,NONE,524,755,235284,10,0,0.6361,0.028,1,0,NORMAL
15153.02,DEBIT_CARD,ICICI,PAYU,SUCCESS,TIMED_OUT,TIMEOUT,NOT_REQUESTED,CANCELLED,CANCELLED,NONE,0,1,ON_HOLD,INITIATED,NOT_INITIATED,1225,53894,6777,1,0,0.2122,0.0715,1,0,BANK_DEBIT_GATEWAY_FAILURE
465.34,DEBIT_CARD,YES_BANK,BILLDESK,SUCCESS,SUCCESS,AUTHORIZED,CAPTURED,PAID,PROCESSING,DELIVERED,200,1,PENDING,NONE,NONE,445,527,33472,18,0,0.108,0.0336,1,0,NORMAL
1383.01,UPI,YES_BANK,STRIPE,SUCCESS,SUCCESS,AUTHORIZED,CAPTURED,PAID,DELIVERED,DELIVERED,200,1,SETTLED,NONE,NONE,540,773,90907,11,0,-0.5061,0.0283,1,0,NORMAL
252.09,UPI,PNB,STRIPE,REVERSED,SUCCESS,AUTHORIZED,CAPTURED,REFUNDED,RETURNED,DELIVERED,200,1,REVERSED,MANUAL_INTERVENTION_REQUIRED,AWAITING_ACK,496,685,197725,15,0,-0.4748,0.0408,1,0,REFUND_UNCERTAINTY
831.79,UPI,KOTAK,PAYU,SUCCESS,SUCCESS,AUTHORIZED,CAPTURED,PAID,PROCESSING,DELIVERED,200,1,PENDING,NONE,NONE,243,339,16978,5,0,0.7329,0.0447,1,0,NORMAL
1077.11,UPI,HDFC,RAZORPAY,SUCCESS,SUCCESS,AUTHORIZED,CAPTURED,REFUNDED,RETURNED,DELIVERED,200,1,REVERSED,MANUAL_INTERVENTION_REQUIRED,REJECTED_BY_BANK,222,491,71957,13,0,0.6571,0.0375,1,0,REFUND_UNCERTAINTY
309.63,UPI,HDFC,PAYU,SUCCESS,SUCCESS,AUTHORIZED,CAPTURED,PAID,DELIVERED,DELIVERED,200,3,SETTLED,NONE,NONE,706,960,148109,4,0,-0.2628,0.0456,1,0,NORMAL
812.57,UPI,KOTAK,PAYU,SUCCESS,SUCCESS,AUTHORIZED,CAPTURED,PAID,PROCESSING,DELIVERED,200,1,PENDING,NONE,NONE,529,679,65309,17,0,0.6929,0.0401,1,0,NORMAL
25543.5,CREDIT_CARD,INDUSIND,STRIPE,SUCCESS,SUCCESS,AUTHORIZED,FAILED,FAILED,UNFULFILLED,DELIVERED,504,1,DISCREPANCY,PENDING,NOT_INITIATED,97600,33076,28691,0,1,1.0435,0.0784,1,0,UNRESOLVED
259.53,UPI,PNB,CASHFREE,SUCCESS,SUCCESS,AUTHORIZED,CAPTURED,PAID,DELIVERED,DELIVERED,200,1,SETTLED,NONE,NONE,550,652,120641,19,0,-0.3821,0.0358,1,0,NORMAL
221.28,CREDIT_CARD,INDUSIND,STRIPE,SUCCESS,SUCCESS,AUTHORIZED,CAPTURED,PAID,DELIVERED,DELIVERED,200,1,ON_HOLD,INITIATED,AWAITING_ACK,565,702,159763,11,3,-0.539,0.0468,1,1,DUPLICATE_PAYMENT
832.98,UPI,ICICI,PAYU,SUCCESS,SUCCESS,AUTHORIZED,CAPTURED,PAID,DELIVERED,DELIVERED,200,1,SETTLED,NONE,NONE,383,502,133110,20,0,-0.2427,0.0552,1,0,NORMAL
61003.78,CREDIT_CARD,SBI,STRIPE,SUCCESS,SUCCESS,AUTHORIZED,CAPTURED,CANCELLED,CANCELLED,DELIVERED,200,1,ON_HOLD,NONE,NONE,308070,310430,80240,16,0,3.8803,0.0728,1,0,ORDER_PAYMENT_CONFLICT
895.52,NET_BANKING,YES_BANK,STRIPE,SUCCESS,SUCCESS,AUTHORIZED,CAPTURED,PAID,DELIVERED,DELIVERED,200,1,SETTLED,NONE,NONE,254,492,196111,1,0,1.1322,0.0471,1,0,NORMAL
813.53,CREDIT_CARD,INDUSIND,BILLDESK,SUCCESS,SUCCESS,AUTHORIZED,CAPTURED,PAID,DELIVERED,DELIVERED,200,1,SETTLED,NONE,NONE,378,554,135208,7,0,-0.5718,0.0592,1,0,NORMAL
15795.05,CREDIT_CARD,KOTAK,PAYU,PENDING,SUCCESS,AUTHORIZED,CAPTURED,PAID,PROCESSING,DELIVERED,200,3,PENDING,NONE,NONE,59317,63345,45058,2,0,3.5129,0.0475,1,0,DELAYED_CONFIRMATION
2571.86,UPI,AXIS,BILLDESK,SUCCESS,SUCCESS,AUTHORIZED,CAPTURED,PAID,DELIVERED,DELIVERED,200,1,ON_HOLD,INITIATED,AWAITING_ACK,322,408,215455,6,2,-0.0815,0.0246,1,1,DUPLICATE_PAYMENT
4628.71,UPI,ICICI,CASHFREE,SUCCESS,SUCCESS,AUTHORIZED,CAPTURED,PENDING_PAYMENT,UNFULFILLED,TIMED_OUT,0,2,ON_HOLD,NONE,NONE,319,582,151460,18,0,0.6531,0.0276,1,0,MISSING_WEBHOOK
2980.8,CREDIT_CARD,INDUSIND,PAYU,SUCCESS,SUCCESS,AUTHORIZED,CAPTURED,PAID,DELIVERED,DELIVERED,200,1,SETTLED,NONE,NONE,563,799,253310,15,0,1.7098,0.0583,1,0,NORMAL
5265.31,UPI,INDUSIND,CASHFREE,SUCCESS,SUCCESS,AUTHORIZED,CAPTURED,CANCELLED,CANCELLED,DELIVERED,200,1,ON_HOLD,INITIATED,NONE,331458,333916,97683,21,0,-0.5788,0.076,1,0,ORDER_PAYMENT_CONFLICT
6587.38,NET_BANKING,KOTAK,RAZORPAY,SUCCESS,SUCCESS,AUTHORIZED,CAPTURED,PAID,DELIVERED,DELIVERED,200,2,SETTLED,NONE,NONE,293,451,181904,10,0,-0.473,0.0785,1,0,NORMAL
4483.55,UPI,ICICI,STRIPE,SUCCESS,SUCCESS,AUTHORIZED,CAPTURED,CANCELLED,CANCELLED,DELIVERED,200,1,ON_HOLD,NONE,NONE,269332,271614,121891,19,0,-0.0659,0.063,1,0,ORDER_PAYMENT_CONFLICT
1482.84,CREDIT_CARD,INDUSIND,CASHFREE,SUCCESS,SUCCESS,AUTHORIZED,CAPTURED,PAID,DELIVERED,DELIVERED,200,1,SETTLED,NONE,NONE,330,414,244347,18,0,0.348,0.041,1,0,NORMAL
8817.34,UPI,AXIS,CASHFREE,SUCCESS,SUCCESS,AUTHORIZED,CAPTURED,PAID,PROCESSING,DELIVERED,200,1,PENDING,NONE,NONE,524,695,12037,10,0,-0.2946,0.0671,1,0,NORMAL
714.51,NET_BANKING,PNB,STRIPE,SUCCESS,FAILED,FAILED,FAILED,CANCELLED,CANCELLED,DELIVERED,200,1,ON_HOLD,INITIATED,NOT_INITIATED,1365,76298,241418,20,0,-0.3504,0.0558,1,0,BANK_DEBIT_GATEWAY_FAILURE
1196.18,NET_BANKING,KOTAK,RAZORPAY,SUCCESS,SUCCESS,AUTHORIZED,CAPTURED,REFUNDED,RETURNED,DELIVERED,200,1,REVERSED,MANUAL_INTERVENTION_REQUIRED,AWAITING_ACK,494,596,154249,15,0,-0.3704,0.0427,1,0,REFUND_UNCERTAINTY
1041.92,CREDIT_CARD,PNB,PAYU,SUCCESS,SUCCESS,AUTHORIZED,CAPTURED,PAID,DELIVERED,DELIVERED,200,1,DISCREPANCY,NONE,NONE,462,616,36900,6,0,0.6655,0.0231,1,0,SETTLEMENT_MISMATCH
4354.66,NET_BANKING,YES_BANK,RAZORPAY,SUCCESS,PENDING,FAILED,FAILED,CANCELLED,CANCELLED,FAILED,0,1,ON_HOLD,PROCESSED,CREDITED_TO_CUSTOMER,426,63257,42479,14,0,0.2442,0.0384,1,0,BANK_DEBIT_GATEWAY_FAILURE
412.28,UPI,KOTAK,STRIPE,SUCCESS,SUCCESS,AUTHORIZED,CAPTURED,PAID,DELIVERED,DELIVERED,200,1,ON_HOLD,INITIATED,AWAITING_ACK,459,726,74508,9,3,-0.3657,0.0255,1,1,DUPLICATE_PAYMENT
621.91,UPI,HDFC,BILLDESK,SUCCESS,SUCCESS,AUTHORIZED,CAPTURED,PAID,DELIVERED,DELIVERED,200,1,SETTLED,NONE,NONE,624,898,241226,1,0,-0.1362,0.0241,1,0,NORMAL
1428.55,DEBIT_CARD,AXIS,CASHFREE,SUCCESS,SUCCESS,AUTHORIZED,CAPTURED,PAID,DELIVERED,DELIVERED,200,1,DISCREPANCY,NONE,NONE,470,569,131065,11,0,-0.5504,0.0374,1,0,SETTLEMENT_MISMATCH
3501.59,CREDIT_CARD,HDFC,RAZORPAY,SUCCESS,SUCCESS,AUTHORIZED,CAPTURED,PAID,DELIVERED,DELIVERED,200,1,DISCREPANCY,NONE,NONE,322,501,64061,2,0,0.0773,0.0321,1,0,SETTLEMENT_MISMATCH
18972.11,UPI,KOTAK,PAYU,SUCCESS,SUCCESS,AUTHORIZED,CAPTURED,PAID,PROCESSING,DELIVERED,200,3,SETTLED,NONE,NONE,60860,64510,247429,6,0,0.5178,0.0642,1,0,DELAYED_CONFIRMATION
12846.44,NET_BANKING,INDUSIND,STRIPE,SUCCESS,SUCCESS,AUTHORIZED,CAPTURED,PENDING_PAYMENT,UNFULFILLED,TIMED_OUT,500,3,ON_HOLD,NONE,NONE,568,829,176708,20,0,0.0277,0.0793,1,0,MISSING_WEBHOOK
573.9,WALLET,INDUSIND,CASHFREE,SUCCESS,SUCCESS,AUTHORIZED,CAPTURED,PAID,PROCESSING,DELIVERED,200,3,SETTLED,NONE,NONE,105565,106991,127849,16,0,-0.2029,0.0371,1,0,DELAYED_CONFIRMATION
22461.73,CREDIT_CARD,AXIS,BILLDESK,SUCCESS,SUCCESS,AUTHORIZED,CAPTURED,REFUNDED,RETURNED,DELIVERED,200,1,REVERSED,FAILED,REJECTED_BY_BANK,648,732,237034,8,0,3.6795,0.0624,1,0,REFUND_UNCERTAINTY
506.81,UPI,ICICI,RAZORPAY,SUCCESS,SUCCESS,AUTHORIZED,CAPTURED,PAID,PROCESSING,DELIVERED,200,3,SETTLED,NONE,NONE,55183,57366,257467,9,0,0.2067,0.0452,1,0,DELAYED_CONFIRMATION
1006.4,NET_BANKING,KOTAK,STRIPE,SUCCESS,SUCCESS,AUTHORIZED,CAPTURED,PAID,PROCESSING,DELIVERED,200,1,PENDING,NONE,NONE,1544,2065,76102,3,0,0.3978,0.0314,1,0,NORMAL
1896.47,DEBIT_CARD,AXIS,STRIPE,SUCCESS,SUCCESS,AUTHORIZED,CAPTURED,PAID,PROCESSING,DELIVERED,200,1,PENDING,NONE,NONE,3117,3734,19536,0,0,-0.3227,0.026,1,0,NORMAL
7446.46,UPI,KOTAK,RAZORPAY,SUCCESS,SUCCESS,AUTHORIZED,CAPTURED,PAID,DELIVERED,DELIVERED,200,1,SETTLED,NONE,NONE,245,377,177105,12,0,0.5513,0.0542,1,0,NORMAL
388.14,UPI,AXIS,STRIPE,SUCCESS,SUCCESS,AUTHORIZED,CAPTURED,PAID,DELIVERED,DELIVERED,200,3,SETTLED,NONE,NONE,316,537,100619,5,0,-0.1914,0.0462,1,0,NORMAL
12504.1,WALLET,YES_BANK,PAYU,SUCCESS,SUCCESS,AUTHORIZED,CAPTURED,PAID,PROCESSING,DELIVERED,200,1,PENDING,NONE,NONE,422,653,46193,5,0,2.5726,0.0453,1,0,NORMAL
1003.33,UPI,PNB,CASHFREE,SUCCESS,SUCCESS,AUTHORIZED,CAPTURED,PAID,DELIVERED,DELIVERED,200,1,ON_HOLD,INITIATED,AWAITING_ACK,599,820,132240,20,1,-0.4719,0.0483,1,1,DUPLICATE_PAYMENT
2405.77,UPI,PNB,CASHFREE,SUCCESS,SUCCESS,AUTHORIZED,CAPTURED,PAID,DELIVERED,DELIVERED,200,1,SETTLED,NONE,NONE,1957,2515,123777,9,0,-0.3126,0.0336,1,0,NORMAL
645.07,UPI,AXIS,CASHFREE,SUCCESS,SUCCESS,AUTHORIZED,PENDING,PENDING_PAYMENT,PROCESSING,DELIVERED,200,2,SETTLED,NONE,NONE,52122,57712,225880,3,0,-0.1041,0.0276,1,0,DELAYED_CONFIRMATION
473.57,UPI,PNB,RAZORPAY,SUCCESS,SUCCESS,AUTHORIZED,CAPTURED,CANCELLED,CANCELLED,DELIVERED,200,1,ON_HOLD,NONE,NONE,251194,252330,238101,21,0,-0.3423,0.0377,1,0,ORDER_PAYMENT_CONFLICT
180.47,CREDIT_CARD,YES_BANK,BILLDESK,SUCCESS,SUCCESS,AUTHORIZED,CAPTURED,PAID,DELIVERED,DELIVERED,200,1,SETTLED,NONE,NONE,682,859,96630,16,0,-0.7224,0.0355,1,0,NORMAL
2100.62,UPI,YES_BANK,RAZORPAY,SUCCESS,PENDING,FAILED,FAILED,FAILED,RETURNED,DELIVERED,500,1,FAILED,FAILED,AWAITING_ACK,7430,63450,217094,2,0,-0.3998,0.0323,1,0,UNRESOLVED
378.28,DEBIT_CARD,INDUSIND,BILLDESK,SUCCESS,SUCCESS,AUTHORIZED,CAPTURED,PAID,PROCESSING,DELIVERED,200,1,PENDING,NONE,NONE,565,841,30232,17,0,-0.0993,0.0448,1,0,NORMAL
4593.1,UPI,ICICI,CASHFREE,SUCCESS,SUCCESS,AUTHORIZED,CAPTURED,PAID,PROCESSING,DELIVERED,200,1,PENDING,NONE,NONE,625,751,4599,0,0,1.4174,0.044,1,0,NORMAL
1054.65,CREDIT_CARD,ICICI,STRIPE,SUCCESS,SUCCESS,AUTHORIZED,CAPTURED,PAID,PROCESSING,DELIVERED,200,1,PENDING,NONE,NONE,511,761,37940,19,0,-0.0412,0.0557,1,0,NORMAL
4264.49,NET_BANKING,ICICI,BILLDESK,SUCCESS,SUCCESS,AUTHORIZED,CAPTURED,PAID,DELIVERED,DELIVERED,200,1,SETTLED,NONE,NONE,253,510,240112,4,0,0.523,0.0243,1,0,NORMAL
1023.59,UPI,HDFC,STRIPE,SUCCESS,SUCCESS,AUTHORIZED,CAPTURED,PAID,DELIVERED,DELIVERED,200,1,SETTLED,NONE,NONE,230,326,245946,0,0,0.4217,0.0369,1,0,NORMAL
793.11,UPI,YES_BANK,PAYU,SUCCESS,SUCCESS,AUTHORIZED,CAPTURED,PAID,DELIVERED,DELIVERED,200,1,DISCREPANCY,NONE,NONE,691,776,104704,20,0,0.2866,0.0295,1,0,SETTLEMENT_MISMATCH
25264.06,CREDIT_CARD,HDFC,PAYU,SUCCESS,SUCCESS,AUTHORIZED,CAPTURED,PROCESSING,PROCESSING,DELIVERED,200,1,SETTLED,NONE,NONE,68267,71643,249604,19,0,1.0211,0.0763,1,0,DELAYED_CONFIRMATION
3001.77,NET_BANKING,YES_BANK,STRIPE,REVERSED,SUCCESS,AUTHORIZED,CAPTURED,FAILED,UNFULFILLED,DELIVERED,200,1,DISCREPANCY,MANUAL_INTERVENTION_REQUIRED,NOT_INITIATED,43566,54702,67503,13,0,-0.3746,0.0525,1,0,UNRESOLVED
444.68,UPI,INDUSIND,RAZORPAY,SUCCESS,SUCCESS,AUTHORIZED,CAPTURED,PAID,DELIVERED,DELIVERED,200,1,SETTLED,NONE,NONE,196,299,212235,18,0,-0.3824,0.0209,1,0,NORMAL
1081.39,UPI,YES_BANK,STRIPE,SUCCESS,SUCCESS,AUTHORIZED,CAPTURED,PAID,DELIVERED,DELIVERED,200,1,DISCREPANCY,NONE,NONE,448,609,234228,7,0,-0.5868,0.0136,1,0,SETTLEMENT_MISMATCH
206.12,UPI,AXIS,CASHFREE,SUCCESS,SUCCESS,AUTHORIZED,CAPTURED,PAID,DELIVERED,DELIVERED,200,1,ON_HOLD,INITIATED,AWAITING_ACK,421,541,79902,7,4,-0.5092,0.0357,1,1,DUPLICATE_PAYMENT
2376.0,UPI,ICICI,STRIPE,SUCCESS,SUCCESS,AUTHORIZED,CAPTURED,EXPIRED,UNFULFILLED,DROPPED,500,3,ON_HOLD,NONE,NONE,238,518,231441,15,0,-0.3211,0.0313,1,0,MISSING_WEBHOOK
20332.24,UPI,PNB,RAZORPAY,SUCCESS,FAILED,TIMEOUT,FAILED,CANCELLED,CANCELLED,DELIVERED,200,1,ON_HOLD,INITIATED,NOT_INITIATED,1168,84068,225832,2,0,0.6266,0.0649,1,0,BANK_DEBIT_GATEWAY_FAILURE
571.0,DEBIT_CARD,KOTAK,STRIPE,SUCCESS,SUCCESS,AUTHORIZED,CAPTURED,PENDING_PAYMENT,UNFULFILLED,DROPPED,0,3,ON_HOLD,NONE,NONE,528,678,232694,8,0,-0.1215,0.0255,1,0,MISSING_WEBHOOK
1363.4,WALLET,ICICI,RAZORPAY,SUCCESS,SUCCESS,AUTHORIZED,CAPTURED,PAID,DELIVERED,DELIVERED,200,3,SETTLED,NONE,NONE,543,665,172416,7,0,0.2395,0.0407,1,0,NORMAL
2140.62,UPI,ICICI,CASHFREE,SUCCESS,SUCCESS,AUTHORIZED,CAPTURED,PAID,DELIVERED,DELIVERED,200,1,SETTLED,NONE,NONE,540,721,250971,18,0,-0.554,0.061,1,0,NORMAL
528.55,CREDIT_CARD,AXIS,STRIPE,SUCCESS,SUCCESS,AUTHORIZED,CAPTURED,PAID,DELIVERED,DELIVERED,200,1,DISCREPANCY,NONE,NONE,702,938,202407,20,0,0.1779,0.0333,1,0,SETTLEMENT_MISMATCH
6513.33,UPI,ICICI,PAYU,SUCCESS,SUCCESS,AUTHORIZED,CAPTURED,PAID,DELIVERED,DELIVERED,200,3,SETTLED,NONE,NONE,2364,3241,170964,23,0,0.3569,0.0686,1,0,NORMAL
2345.63,CREDIT_CARD,KOTAK,RAZORPAY,SUCCESS,SUCCESS,AUTHORIZED,CAPTURED,PAID,DELIVERED,DELIVERED,200,1,ON_HOLD,PROCESSED,CREDITED_TO_CUSTOMER,412,589,140603,16,1,0.2345,0.0468,1,1,DUPLICATE_PAYMENT
1275.03,CREDIT_CARD,AXIS,STRIPE,REVERSED,SUCCESS,AUTHORIZED,CAPTURED,REFUNDED,RETURNED,DELIVERED,200,1,REVERSED,FAILED,AWAITING_ACK,228,422,121616,13,0,0.7709,0.037,1,0,REFUND_UNCERTAINTY
863.36,UPI,KOTAK,CASHFREE,SUCCESS,SUCCESS,AUTHORIZED,CAPTURED,PAID,DELIVERED,DELIVERED,200,1,SETTLED,NONE,NONE,289,369,161607,2,0,0.1991,0.0384,1,0,NORMAL
440.86,DEBIT_CARD,ICICI,CASHFREE,SUCCESS,SUCCESS,AUTHORIZED,CAPTURED,REFUNDED,RETURNED,DELIVERED,200,1,REVERSED,MANUAL_INTERVENTION_REQUIRED,AWAITING_ACK,258,424,58257,8,0,-0.0815,0.0377,1,0,REFUND_UNCERTAINTY
4685.73,NET_BANKING,YES_BANK,PAYU,SUCCESS,SUCCESS,AUTHORIZED,CAPTURED,PAID,DELIVERED,DELIVERED,200,1,SETTLED,NONE,NONE,522,797,139665,0,0,-0.0238,0.0531,1,0,NORMAL
433.39,DEBIT_CARD,AXIS,RAZORPAY,SUCCESS,SUCCESS,AUTHORIZED,CAPTURED,PAID,DELIVERED,DELIVERED,200,1,ON_HOLD,NONE,AWAITING_ACK,344,508,177033,3,1,-0.0971,0.048,1,1,DUPLICATE_PAYMENT
986.63,CREDIT_CARD,ICICI,RAZORPAY,SUCCESS,SUCCESS,AUTHORIZED,CAPTURED,PAID,DELIVERED,DELIVERED,200,1,SETTLED,NONE,NONE,308,575,210856,18,0,0.5179,0.0375,1,0,NORMAL
25274.93,UPI,AXIS,CASHFREE,SUCCESS,SUCCESS,AUTHORIZED,CAPTURED,PAID,DELIVERED,DELIVERED,200,1,SETTLED,NONE,NONE,269,382,247302,0,0,1.022,0.0691,1,0,NORMAL
418.87,UPI,HDFC,CASHFREE,SUCCESS,SUCCESS,AUTHORIZED,CAPTURED,CANCELLED,CANCELLED,DELIVERED,200,1,ON_HOLD,INITIATED,NONE,342684,343627,246489,18,0,-0.4182,0.0312,1,0,ORDER_PAYMENT_CONFLICT
2134.66,CREDIT_CARD,PNB,STRIPE,SUCCESS,SUCCESS,AUTHORIZED,CAPTURED,PAID,PROCESSING,DELIVERED,200,1,PENDING,NONE,NONE,324,478,43531,20,0,0.1235,0.0504,1,0,NORMAL
1914.3,UPI,YES_BANK,PAYU,DEBITED,SUCCESS,AUTHORIZED,CAPTURED,PAID,PROCESSING,DELIVERED,200,2,SETTLED,NONE,NONE,36776,37960,136121,9,0,0.0075,0.0557,1,0,DELAYED_CONFIRMATION
245.44,DEBIT_CARD,ICICI,CASHFREE,SUCCESS,SUCCESS,AUTHORIZED,CAPTURED,EXPIRED,CANCELLED,DELIVERED,200,1,ON_HOLD,INITIATED,NONE,281090,282092,19293,21,0,-0.4156,0.0397,1,0,ORDER_PAYMENT_CONFLICT
7715.53,UPI,INDUSIND,BILLDESK,SUCCESS,SUCCESS,AUTHORIZED,CAPTURED,PAID,PROCESSING,DELIVERED,200,1,PENDING,NONE,NONE,261,345,1406,19,0,0.6074,0.0639,1,0,NORMAL
474.62,DEBIT_CARD,KOTAK,STRIPE,SUCCESS,SUCCESS,AUTHORIZED,CAPTURED,PAID,PROCESSING,DELIVERED,200,1,PENDING,NONE,NONE,719,963,45509,1,0,-0.2698,0.0345,1,0,NORMAL
11988.51,DEBIT_CARD,AXIS,PAYU,SUCCESS,SUCCESS,AUTHORIZED,CAPTURED,PAID,DELIVERED,DELIVERED,200,1,ON_HOLD,PROCESSED,CREDITED_TO_CUSTOMER,636,636,106496,11,2,-0.0409,0.0717,1,1,DUPLICATE_PAYMENT
2884.56,EMI,KOTAK,STRIPE,SUCCESS,SUCCESS,AUTHORIZED,CAPTURED,EXPIRED,UNFULFILLED,FAILED,502,4,PENDING,NONE,NONE,213,402,191556,12,0,0.5182,0.0447,1,0,MISSING_WEBHOOK
4011.69,CREDIT_CARD,SBI,RAZORPAY,SUCCESS,SUCCESS,AUTHORIZED,CAPTURED,PAID,DELIVERED,DELIVERED,200,1,SETTLED,NONE,NONE,533,763,247817,14,0,-0.1642,0.068,1,0,NORMAL
461.17,UPI,KOTAK,PAYU,SUCCESS,SUCCESS,AUTHORIZED,CAPTURED,PAID,DELIVERED,DELIVERED,200,1,SETTLED,NONE,NONE,645,891,182876,1,1,-0.3595,0.0315,1,0,NORMAL
846.12,CREDIT_CARD,HDFC,RAZORPAY,SUCCESS,SUCCESS,AUTHORIZED,CAPTURED,CANCELLED,CANCELLED,DELIVERED,200,1,ON_HOLD,INITIATED,NONE,269544,270112,130533,13,0,0.3017,0.0234,1,0,ORDER_PAYMENT_CONFLICT
1390.4,CREDIT_CARD,YES_BANK,PAYU,SUCCESS,SUCCESS,AUTHORIZED,CAPTURED,PAID,PROCESSING,DELIVERED,200,1,PENDING,NONE,NONE,454,663,52098,16,0,0.264,0.0595,1,0,NORMAL
17489.54,CREDIT_CARD,INDUSIND,RAZORPAY,SUCCESS,SUCCESS,AUTHORIZED,CAPTURED,PAID,DELIVERED,DELIVERED,200,1,SETTLED,NONE,NONE,219,438,119195,8,0,0.3992,0.0697,1,0,NORMAL
2924.79,UPI,SBI,RAZORPAY,SUCCESS,FAILED,TIMEOUT,FAILED,EXPIRED,CANCELLED,DELIVERED,200,1,ON_HOLD,NONE,NOT_INITIATED,560,87318,48117,20,0,-0.3907,0.0534,1,0,BANK_DEBIT_GATEWAY_FAILURE
1014.91,CREDIT_CARD,SBI,STRIPE,SUCCESS,SUCCESS,AUTHORIZED,CAPTURED,PAID,DELIVERED,DELIVERED,200,1,ON_HOLD,INITIATED,AWAITING_ACK,456,649,236897,9,4,-0.0774,0.058,1,1,DUPLICATE_PAYMENT
6975.95,UPI,KOTAK,PAYU,SUCCESS,SUCCESS,AUTHORIZED,CAPTURED,PAID,DELIVERED,DELIVERED,200,1,DISCREPANCY,NONE,NONE,590,728,68615,13,0,0.5052,0.0521,1,0,SETTLEMENT_MISMATCH
13066.58,UPI,YES_BANK,CASHFREE,DEBITED,FAILED,TIMEOUT,FAILED,CANCELLED,CANCELLED,FAILED,504,1,ON_HOLD,NONE,NOT_INITIATED,951,58973,227252,11,0,1.7222,0.0617,1,0,BANK_DEBIT_GATEWAY_FAILURE
27741.05,DEBIT_CARD,INDUSIND,RAZORPAY,SUCCESS,SUCCESS,AUTHORIZED,CAPTURED,PROCESSING,PROCESSING,DELIVERED,200,3,SETTLED,NONE,NONE,78166,83676,175995,16,0,1.2193,0.0757,1,0,DELAYED_CONFIRMATION
24575.54,NET_BANKING,KOTAK,BILLDESK,SUCCESS,SUCCESS,AUTHORIZED,CAPTURED,PAID,DELIVERED,DELIVERED,200,1,SETTLED,NONE,NONE,512,723,197434,0,0,0.966,0.0707,1,0,NORMAL
5948.94,DEBIT_CARD,ICICI,STRIPE,SUCCESS,SUCCESS,AUTHORIZED,CAPTURED,CANCELLED,CANCELLED,DELIVERED,200,1,ON_HOLD,NONE,NONE,265710,266808,27873,14,0,0.2394,0.0654,1,0,ORDER_PAYMENT_CONFLICT
482.47,NET_BANKING,HDFC,STRIPE,SUCCESS,SUCCESS,AUTHORIZED,CAPTURED,PENDING_PAYMENT,UNFULFILLED,FAILED,504,3,ON_HOLD,NONE,NONE,663,923,12969,10,0,0.0051,0.0477,1,0,MISSING_WEBHOOK
1420.84,UPI,INDUSIND,RAZORPAY,SUCCESS,SUCCESS,AUTHORIZED,CAPTURED,PAID,PROCESSING,DELIVERED,200,3,PENDING,NONE,NONE,660,958,1822,11,0,-0.4926,0.0164,1,0,NORMAL
4127.97,UPI,YES_BANK,STRIPE,SUCCESS,SUCCESS,AUTHORIZED,CAPTURED,REFUNDED,RETURNED,DELIVERED,200,1,REVERSED,PENDING,AWAITING_ACK,554,739,169190,17,0,-0.6698,0.0785,1,0,REFUND_UNCERTAINTY
3502.53,UPI,INDUSIND,STRIPE,SUCCESS,SUCCESS,AUTHORIZED,CAPTURED,PAID,DELIVERED,DELIVERED,200,1,SETTLED,NONE,NONE,3295,4097,224941,14,0,0.0007,0.0357,1,0,NORMAL
139.23,UPI,KOTAK,BILLDESK,PENDING,FAILED,TIMEOUT,PENDING,CANCELLED,RETURNED,RETRYING,0,1,ON_HOLD,FAILED,REJECTED_BY_BANK,91121,11258,193378,20,1,-0.6685,0.0489,1,0,UNRESOLVED
825.11,NET_BANKING,HDFC,CASHFREE,SUCCESS,SUCCESS,AUTHORIZED,CAPTURED,PAID,DELIVERED,DELIVERED,200,1,SETTLED,NONE,NONE,3417,3942,144525,12,0,0.9645,0.0419,1,0,NORMAL
2381.84,CREDIT_CARD,SBI,STRIPE,SUCCESS,SUCCESS,AUTHORIZED,CAPTURED,PAID,DELIVERED,DELIVERED,200,1,SETTLED,NONE,NONE,620,725,89576,20,0,-0.3195,0.03,1,0,NORMAL
1727.99,NET_BANKING,INDUSIND,BILLDESK,SUCCESS,FAILED,TIMEOUT,FAILED,CANCELLED,CANCELLED,FAILED,500,1,ON_HOLD,NONE,NOT_INITIATED,659,78295,198023,6,0,-0.0905,0.05,1,0,BANK_DEBIT_GATEWAY_FAILURE
4227.05,EMI,SBI,RAZORPAY,SUCCESS,SUCCESS,AUTHORIZED,CAPTURED,REFUNDED,RETURNED,DELIVERED,200,1,REVERSED,MANUAL_INTERVENTION_REQUIRED,AWAITING_ACK,648,743,27618,21,0,-0.6618,0.0793,1,0,REFUND_UNCERTAINTY
6815.94,UPI,PNB,CASHFREE,SUCCESS,SUCCESS,AUTHORIZED,CAPTURED,PAID,DELIVERED,DELIVERED,200,1,SETTLED,NONE,NONE,434,677,156886,2,0,0.42,0.0555,1,0,NORMAL
4627.09,UPI,ICICI,CASHFREE,SUCCESS,SUCCESS,AUTHORIZED,CAPTURED,PAID,DELIVERED,DELIVERED,200,1,ON_HOLD,PROCESSED,CREDITED_TO_CUSTOMER,617,722,224188,3,4,3.2064,0.0564,1,1,DUPLICATE_PAYMENT
281.66,NET_BANKING,AXIS,CASHFREE,SUCCESS,SUCCESS,AUTHORIZED,CAPTURED,PAID,DELIVERED,DELIVERED,200,1,SETTLED,NONE,NONE,416,689,142960,11,0,-0.6088,0.0373,1,0,NORMAL
2802.37,WALLET,PNB,RAZORPAY,SUCCESS,SUCCESS,AUTHORIZED,CAPTURED,PAID,DELIVERED,DELIVERED,200,1,SETTLED,NONE,NONE,279,450,99625,2,0,0.4749,0.0431,1,0,NORMAL
484.13,UPI,INDUSIND,RAZORPAY,SUCCESS,SUCCESS,AUTHORIZED,CAPTURED,PAID,DELIVERED,DELIVERED,200,3,SETTLED,NONE,NONE,369,473,109091,20,0,0.0086,0.0301,1,0,NORMAL
5397.41,UPI,HDFC,PAYU,REVERSED,PENDING,AUTHORIZED,CAPTURED,PAID,CANCELLED,DELIVERED,0,1,FAILED,FAILED,REJECTED_BY_BANK,102572,59547,227802,18,0,-0.5682,0.0616,1,0,UNRESOLVED
1676.79,UPI,AXIS,RAZORPAY,SUCCESS,SUCCESS,AUTHORIZED,CAPTURED,CANCELLED,CANCELLED,DELIVERED,200,1,ON_HOLD,NONE,NONE,329822,330358,168374,19,0,1.5797,0.0341,1,0,ORDER_PAYMENT_CONFLICT
2170.77,UPI,HDFC,CASHFREE,SUCCESS,SUCCESS,AUTHORIZED,CAPTURED,EXPIRED,UNFULFILLED,TIMED_OUT,504,5,ON_HOLD,NONE,NONE,392,657,7540,10,0,-0.3798,0.0408,1,0,MISSING_WEBHOOK
756.96,CREDIT_CARD,PNB,PAYU,SUCCESS,SUCCESS,AUTHORIZED,CAPTURED,PAID,DELIVERED,DELIVERED,200,1,SETTLED,NONE,NONE,514,672,158704,17,0,0.8023,0.0356,1,0,NORMAL
860.23,DEBIT_CARD,AXIS,BILLDESK,SUCCESS,SUCCESS,AUTHORIZED,CAPTURED,PAID,PROCESSING,DELIVERED,200,1,PENDING,NONE,NONE,185,408,44503,15,0,0.1948,0.0251,1,0,NORMAL
2333.43,NET_BANKING,PNB,PAYU,SUCCESS,SUCCESS,AUTHORIZED,CAPTURED,PAID,DELIVERED,DELIVERED,200,1,SETTLED,NONE,NONE,2725,3544,142335,23,0,-0.3333,0.0396,1,0,NORMAL
5197.17,EMI,AXIS,CASHFREE,SUCCESS,SUCCESS,AUTHORIZED,CAPTURED,CANCELLED,CANCELLED,DELIVERED,200,1,ON_HOLD,PROCESSED,NONE,297561,298988,86835,5,0,0.0827,0.0642,1,0,ORDER_PAYMENT_CONFLICT
584.1,WALLET,HDFC,PAYU,SUCCESS,SUCCESS,AUTHORIZED,CAPTURED,PAID,DELIVERED,DELIVERED,200,1,ON_HOLD,PROCESSED,CREDITED_TO_CUSTOMER,685,892,258209,11,4,0.3907,0.0324,1,1,DUPLICATE_PAYMENT
3009.7,CREDIT_CARD,KOTAK,CASHFREE,SUCCESS,SUCCESS,AUTHORIZED,CAPTURED,PAID,DELIVERED,DELIVERED,200,1,SETTLED,NONE,NONE,408,543,209007,19,0,-0.1401,0.0476,1,0,NORMAL
789.52,UPI,INDUSIND,STRIPE,SUCCESS,SUCCESS,AUTHORIZED,CAPTURED,PAID,DELIVERED,DELIVERED,200,1,SETTLED,NONE,NONE,2531,3017,175191,19,0,0.2146,0.0256,1,0,NORMAL
2689.13,DEBIT_CARD,ICICI,STRIPE,SUCCESS,SUCCESS,AUTHORIZED,CAPTURED,PAID,PROCESSING,DELIVERED,200,1,SETTLED,NONE,NONE,55182,60799,214980,0,0,-0.4398,0.0561,1,0,DELAYED_CONFIRMATION
18377.17,CREDIT_CARD,HDFC,RAZORPAY,SUCCESS,SUCCESS,AUTHORIZED,CAPTURED,EXPIRED,CANCELLED,DELIVERED,200,1,ON_HOLD,INITIATED,NONE,358960,360533,258523,2,0,0.4702,0.0729,1,0,ORDER_PAYMENT_CONFLICT
2929.4,CREDIT_CARD,KOTAK,PAYU,SUCCESS,SUCCESS,AUTHORIZED,CAPTURED,PAID,DELIVERED,DELIVERED,200,1,SETTLED,NONE,NONE,695,906,162105,13,0,-0.163,0.033,1,0,NORMAL
620.66,UPI,YES_BANK,RAZORPAY,SUCCESS,SUCCESS,AUTHORIZED,CAPTURED,REFUNDED,RETURNED,DELIVERED,200,1,REVERSED,PENDING,AWAITING_ACK,412,646,98850,20,0,0.293,0.0457,1,0,REFUND_UNCERTAINTY
594.1,CREDIT_CARD,AXIS,CASHFREE,SUCCESS,SUCCESS,AUTHORIZED,CAPTURED,PAID,PROCESSING,DELIVERED,200,1,PENDING,NONE,NONE,191,417,84579,12,0,-0.1749,0.0203,1,0,NORMAL
7968.37,UPI,PNB,CASHFREE,SUCCESS,SUCCESS,AUTHORIZED,CAPTURED,PENDING_PAYMENT,UNFULFILLED,DROPPED,500,3,ON_HOLD,NONE,NONE,494,732,35978,23,0,0.6601,0.0696,1,0,MISSING_WEBHOOK
571.22,UPI,SBI,STRIPE,SUCCESS,SUCCESS,AUTHORIZED,CAPTURED,PENDING_PAYMENT,UNFULFILLED,DROPPED,502,4,ON_HOLD,NONE,NONE,488,641,6030,11,0,-0.4807,0.0467,1,0,MISSING_WEBHOOK
5831.66,UPI,ICICI,PAYU,SUCCESS,SUCCESS,AUTHORIZED,CAPTURED,PAID,DELIVERED,DELIVERED,200,1,SETTLED,NONE,NONE,556,740,102535,9,0,0.6662,0.0439,1,0,NORMAL
7913.03,UPI,SBI,PAYU,SUCCESS,PENDING,FAILED,PENDING,FAILED,UNFULFILLED,FAILED,504,1,ON_HOLD,FAILED,NOT_INITIATED,97705,117333,183519,23,1,0.6485,0.0521,1,0,UNRESOLVED
4725.21,CREDIT_CARD,KOTAK,BILLDESK,DEBITED,FAILED,AUTHORIZED,FAILED,PENDING_PAYMENT,UNFULFILLED,RETRYING,500,1,FAILED,NONE,NOT_INITIATED,74884,31886,173261,17,1,0.6876,0.0261,1,0,UNRESOLVED
438.76,UPI,PNB,RAZORPAY,SUCCESS,SUCCESS,AUTHORIZED,CAPTURED,PAID,DELIVERED,DELIVERED,200,2,SETTLED,NONE,NONE,2713,3252,199645,7,0,-0.3906,0.0347,1,0,NORMAL
2074.52,CREDIT_CARD,SBI,CASHFREE,SUCCESS,FAILED,TIMEOUT,FAILED,CANCELLED,CANCELLED,NONE,500,1,ON_HOLD,PROCESSED,CREDITED_TO_CUSTOMER,1133,51353,186840,10,0,0.8859,0.0586,1,0,BANK_DEBIT_GATEWAY_FAILURE
809.02,UPI,AXIS,RAZORPAY,SUCCESS,PENDING,TIMEOUT,FAILED,CANCELLED,CANCELLED,DELIVERED,200,1,ON_HOLD,NONE,NOT_INITIATED,1008,54052,29291,16,0,-0.5742,0.0549,1,0,BANK_DEBIT_GATEWAY_FAILURE
5983.4,UPI,HDFC,RAZORPAY,SUCCESS,SUCCESS,AUTHORIZED,CAPTURED,PAID,DELIVERED,DELIVERED,200,1,SETTLED,NONE,NONE,199,334,121809,14,0,0.2465,0.0666,1,0,NORMAL
741.62,UPI,PNB,PAYU,SUCCESS,PENDING,NONE,FAILED,CANCELLED,CANCELLED,FAILED,504,1,ON_HOLD,INITIATED,NOT_INITIATED,1226,65785,180458,4,0,0.03,0.0253,1,0,BANK_DEBIT_GATEWAY_FAILURE
317.54,CREDIT_CARD,KOTAK,RAZORPAY,SUCCESS,SUCCESS,AUTHORIZED,CAPTURED,PAID,DELIVERED,DELIVERED,200,1,SETTLED,NONE,NONE,487,781,206530,7,0,-0.5115,0.0281,1,0,NORMAL
25688.61,NET_BANKING,HDFC,STRIPE,DEBITED,SUCCESS,AUTHORIZED,CAPTURED,PAID,PROCESSING,DELIVERED,200,1,PENDING,NONE,NONE,78874,81732,26223,9,0,1.0551,0.0613,1,0,DELAYED_CONFIRMATION
476.47,EMI,AXIS,BILLDESK,PENDING,SUCCESS,TIMEOUT,FAILED,FAILED,CANCELLED,FAILED,500,1,ON_HOLD,NONE,NOT_INITIATED,10959,53527,233025,21,1,-0.0074,0.0489,1,0,UNRESOLVED
5269.6,UPI,KOTAK,BILLDESK,SUCCESS,SUCCESS,AUTHORIZED,CAPTURED,PENDING_PAYMENT,UNFULFILLED,DROPPED,500,5,ON_HOLD,NONE,NONE,232,382,248393,12,0,0.882,0.0109,1,0,MISSING_WEBHOOK
1207.73,UPI,ICICI,CASHFREE,SUCCESS,SUCCESS,AUTHORIZED,CAPTURED,PAID,DELIVERED,DELIVERED,200,1,SETTLED,NONE,NONE,441,668,189648,22,0,0.858,0.0278,1,0,NORMAL
571.87,UPI,INDUSIND,BILLDESK,SUCCESS,SUCCESS,AUTHORIZED,CAPTURED,PAID,DELIVERED,DELIVERED,200,1,SETTLED,NONE,NONE,304,562,138759,19,0,-0.1202,0.0207,1,0,NORMAL
19155.21,DEBIT_CARD,SBI,BILLDESK,SUCCESS,SUCCESS,AUTHORIZED,CAPTURED,PAID,DELIVERED,DELIVERED,200,1,ON_HOLD,INITIATED,AWAITING_ACK,680,769,229298,11,1,0.5324,0.0689,1,1,DUPLICATE_PAYMENT
618.65,UPI,SBI,PAYU,SUCCESS,SUCCESS,AUTHORIZED,CAPTURED,PAID,DELIVERED,DELIVERED,200,1,SETTLED,NONE,NONE,519,573,108399,10,1,0.473,0.0472,1,0,NORMAL
12635.86,NET_BANKING,SBI,BILLDESK,DEBITED,TIMED_OUT,FAILED,FAILED,EXPIRED,CANCELLED,FAILED,0,1,ON_HOLD,NONE,NOT_INITIATED,1475,74987,107883,12,0,0.0109,0.0676,1,0,BANK_DEBIT_GATEWAY_FAILURE
1070.57,WALLET,PNB,CASHFREE,SUCCESS,SUCCESS,AUTHORIZED,CAPTURED,PENDING_PAYMENT,UNFULFILLED,DROPPED,0,5,ON_HOLD,NONE,NONE,674,785,24341,12,0,0.647,0.0344,1,0,MISSING_WEBHOOK
745.09,UPI,AXIS,CASHFREE,SUCCESS,SUCCESS,AUTHORIZED,CAPTURED,PAID,PROCESSING,DELIVERED,200,1,PENDING,NONE,NONE,3606,4324,25420,11,0,-0.3226,0.0488,1,0,NORMAL
14363.54,UPI,INDUSIND,RAZORPAY,SUCCESS,SUCCESS,AUTHORIZED,CAPTURED,PAID,DELIVERED,DELIVERED,200,1,DISCREPANCY,NONE,NONE,507,659,173296,20,0,0.2239,0.0619,1,0,SETTLEMENT_MISMATCH
514.59,UPI,AXIS,PAYU,SUCCESS,FAILED,FAILED,FAILED,CANCELLED,CANCELLED,NONE,504,1,ON_HOLD,INITIATED,NOT_INITIATED,710,65916,204509,4,0,-0.7292,0.0436,1,0,BANK_DEBIT_GATEWAY_FAILURE
1005.12,CREDIT_CARD,ICICI,STRIPE,SUCCESS,SUCCESS,AUTHORIZED,CAPTURED,REFUNDED,RETURNED,DELIVERED,200,1,REVERSED,PENDING,NOT_INITIATED,510,713,149796,6,0,0.396,0.025,1,0,REFUND_UNCERTAINTY
3207.68,DEBIT_CARD,ICICI,CASHFREE,SUCCESS,SUCCESS,AUTHORIZED,CAPTURED,PENDING_PAYMENT,UNFULFILLED,FAILED,502,3,ON_HOLD,NONE,NONE,742,966,191922,13,0,0.6883,0.0576,1,0,MISSING_WEBHOOK
1378.11,UPI,KOTAK,CASHFREE,SUCCESS,SUCCESS,AUTHORIZED,CAPTURED,PAID,PROCESSING,DELIVERED,200,2,PENDING,NONE,NONE,2440,2935,22168,22,0,-0.2747,0.0567,1,0,NORMAL
1954.27,UPI,YES_BANK,RAZORPAY,DEBITED,FAILED,TIMEOUT,NOT_REQUESTED,CANCELLED,CANCELLED,FAILED,504,1,ON_HOLD,NONE,NOT_INITIATED,327,88360,7185,18,0,0.0286,0.0508,1,0,BANK_DEBIT_GATEWAY_FAILURE
240.57,UPI,PNB,STRIPE,SUCCESS,SUCCESS,AUTHORIZED,CAPTURED,PAID,PROCESSING,DELIVERED,200,3,SETTLED,NONE,NONE,81985,85887,146046,12,0,-0.6299,0.0382,1,0,DELAYED_CONFIRMATION
3223.82,UPI,HDFC,RAZORPAY,SUCCESS,SUCCESS,AUTHORIZED,CAPTURED,PAID,PROCESSING,RETRYING,200,2,SETTLED,NONE,NONE,79848,84628,258829,0,0,-0.0789,0.0443,1,0,DELAYED_CONFIRMATION
2529.85,UPI,AXIS,STRIPE,SUCCESS,SUCCESS,AUTHORIZED,CAPTURED,REFUNDED,RETURNED,DELIVERED,200,1,REVERSED,MANUAL_INTERVENTION_REQUIRED,NOT_INITIATED,368,662,178066,2,0,-0.2772,0.042,1,0,REFUND_UNCERTAINTY
640.14,WALLET,YES_BANK,CASHFREE,SUCCESS,SUCCESS,AUTHORIZED,CAPTURED,EXPIRED,UNFULFILLED,FAILED,502,2,ON_HOLD,NONE,NONE,281,661,43387,5,0,0.3336,0.0442,1,0,MISSING_WEBHOOK
145.62,CREDIT_CARD,INDUSIND,BILLDESK,REVERSED,FAILED,TIMEOUT,FAILED,FAILED,CANCELLED,DELIVERED,404,1,ON_HOLD,FAILED,AWAITING_ACK,34498,48498,238136,5,0,-0.6533,0.0348,1,0,UNRESOLVED
6471.72,UPI,HDFC,CASHFREE,SUCCESS,SUCCESS,AUTHORIZED,CAPTURED,CANCELLED,CANCELLED,DELIVERED,200,1,ON_HOLD,PROCESSED,NONE,357301,358473,213905,8,0,-0.4823,0.0628,1,0,ORDER_PAYMENT_CONFLICT
371.25,DEBIT_CARD,INDUSIND,RAZORPAY,SUCCESS,SUCCESS,AUTHORIZED,CAPTURED,PAID,DELIVERED,DELIVERED,200,1,ON_HOLD,INITIATED,AWAITING_ACK,361,516,210481,21,1,-0.1161,0.0477,1,1,DUPLICATE_PAYMENT
579.68,CREDIT_CARD,YES_BANK,STRIPE,SUCCESS,SUCCESS,AUTHORIZED,CAPTURED,PAID,DELIVERED,DELIVERED,200,1,ON_HOLD,INITIATED,AWAITING_ACK,280,529,216448,2,4,-0.793,0.0134,1,1,DUPLICATE_PAYMENT
1318.83,UPI,ICICI,PAYU,REVERSED,SUCCESS,AUTHORIZED,CAPTURED,REFUNDED,RETURNED,DELIVERED,200,1,REVERSED,PENDING,AWAITING_ACK,443,575,14704,20,0,1.7476,0.0302,1,0,REFUND_UNCERTAINTY
7776.67,UPI,AXIS,STRIPE,SUCCESS,SUCCESS,AUTHORIZED,CAPTURED,PAID,PROCESSING,DELIVERED,200,1,PENDING,NONE,NONE,555,669,63030,11,0,1.7774,0.0251,1,0,NORMAL
8188.42,UPI,PNB,PAYU,SUCCESS,SUCCESS,AUTHORIZED,CAPTURED,PAID,DELIVERED,DELIVERED,200,1,SETTLED,NONE,NONE,297,580,176237,12,0,-0.3449,0.0605,1,0,NORMAL
2339.37,CREDIT_CARD,INDUSIND,CASHFREE,SUCCESS,SUCCESS,AUTHORIZED,CAPTURED,PAID,DELIVERED,DELIVERED,200,1,DISCREPANCY,NONE,NONE,519,693,31447,18,0,1.1527,0.0467,1,0,SETTLEMENT_MISMATCH
357.08,NET_BANKING,ICICI,BILLDESK,SUCCESS,SUCCESS,AUTHORIZED,CAPTURED,PAID,DELIVERED,DELIVERED,200,1,SETTLED,NONE,NONE,333,548,105441,5,0,-0.6754,0.0528,1,0,NORMAL
881.39,UPI,YES_BANK,CASHFREE,SUCCESS,SUCCESS,AUTHORIZED,CAPTURED,PAID,DELIVERED,DELIVERED,200,1,SETTLED,NONE,NONE,587,877,137988,2,0,-0.1987,0.0427,1,0,NORMAL
4973.59,UPI,YES_BANK,CASHFREE,SUCCESS,SUCCESS,AUTHORIZED,CAPTURED,CANCELLED,CANCELLED,DELIVERED,200,1,ON_HOLD,INITIATED,NONE,246216,247821,201441,15,0,0.7763,0.0256,1,0,ORDER_PAYMENT_CONFLICT
30684.42,CREDIT_CARD,YES_BANK,RAZORPAY,SUCCESS,SUCCESS,AUTHORIZED,CAPTURED,PENDING_PAYMENT,UNFULFILLED,FAILED,502,4,ON_HOLD,NONE,NONE,414,623,128795,3,0,1.4548,0.0627,1,0,MISSING_WEBHOOK
290.48,DEBIT_CARD,SBI,STRIPE,REVERSED,SUCCESS,AUTHORIZED,CAPTURED,REFUNDED,RETURNED,DELIVERED,200,1,REVERSED,FAILED,AWAITING_ACK,678,907,147816,13,0,-0.3084,0.0416,1,0,REFUND_UNCERTAINTY
1033.18,UPI,SBI,STRIPE,SUCCESS,SUCCESS,AUTHORIZED,CAPTURED,PAID,DELIVERED,DELIVERED,200,1,SETTLED,NONE,NONE,387,687,179349,17,0,1.1525,0.039,1,0,NORMAL
8064.8,UPI,ICICI,STRIPE,SUCCESS,SUCCESS,AUTHORIZED,CAPTURED,PAID,DELIVERED,DELIVERED,200,1,SETTLED,NONE,NONE,339,556,255440,6,0,-0.3548,0.0631,1,0,NORMAL
1101.19,UPI,INDUSIND,BILLDESK,SUCCESS,SUCCESS,AUTHORIZED,CAPTURED,PAID,DELIVERED,DELIVERED,200,1,ON_HOLD,NONE,AWAITING_ACK,577,702,28813,16,1,-0.6067,0.0234,1,1,DUPLICATE_PAYMENT
440.15,UPI,KOTAK,CASHFREE,SUCCESS,SUCCESS,AUTHORIZED,CAPTURED,PAID,DELIVERED,DELIVERED,200,1,SETTLED,NONE,NONE,534,705,180066,1,0,-0.3228,0.0354,1,0,NORMAL
217.3,CREDIT_CARD,AXIS,RAZORPAY,SUCCESS,SUCCESS,AUTHORIZED,CAPTURED,PAID,DELIVERED,DELIVERED,200,1,DISCREPANCY,NONE,NONE,529,622,58902,7,0,-0.5257,0.0411,1,0,SETTLEMENT_MISMATCH
1396.32,UPI,INDUSIND,PAYU,SUCCESS,SUCCESS,AUTHORIZED,CAPTURED,REFUNDED,RETURNED,DELIVERED,200,1,REVERSED,PENDING,AWAITING_ACK,656,911,20392,19,0,-0.6011,0.0315,1,0,REFUND_UNCERTAINTY
756.44,UPI,PNB,CASHFREE,SUCCESS,SUCCESS,AUTHORIZED,CAPTURED,PAID,DELIVERED,DELIVERED,200,1,SETTLED,NONE,NONE,603,846,232761,18,0,0.0506,0.0317,1,0,NORMAL
7441.35,CREDIT_CARD,AXIS,CASHFREE,SUCCESS,SUCCESS,AUTHORIZED,CAPTURED,PAID,DELIVERED,DELIVERED,200,1,SETTLED,NONE,NONE,257,476,182978,8,0,1.1261,0.0375,1,0,NORMAL
5264.01,EMI,YES_BANK,PAYU,SUCCESS,SUCCESS,AUTHORIZED,CAPTURED,PAID,DELIVERED,DELIVERED,200,1,SETTLED,NONE,NONE,3482,4216,95755,4,0,0.504,0.0365,1,0,NORMAL
24070.64,CREDIT_CARD,YES_BANK,PAYU,REVERSED,SUCCESS,AUTHORIZED,CAPTURED,REFUNDED,RETURNED,DELIVERED,200,1,REVERSED,MANUAL_INTERVENTION_REQUIRED,AWAITING_ACK,713,982,82714,14,0,0.9257,0.0681,1,0,REFUND_UNCERTAINTY
1574.4,CREDIT_CARD,INDUSIND,BILLDESK,SUCCESS,SUCCESS,AUTHORIZED,CAPTURED,PAID,PROCESSING,DELIVERED,200,3,SETTLED,NONE,NONE,40935,43147,223822,8,0,-0.672,0.0579,1,0,DELAYED_CONFIRMATION
1944.64,CREDIT_CARD,HDFC,RAZORPAY,SUCCESS,SUCCESS,AUTHORIZED,CAPTURED,PAID,DELIVERED,DELIVERED,200,1,DISCREPANCY,NONE,NONE,279,542,127020,16,0,-0.2659,0.0259,1,0,SETTLEMENT_MISMATCH
1861.39,UPI,PNB,BILLDESK,PENDING,FAILED,NONE,PENDING,CANCELLED,UNFULFILLED,RETRYING,404,1,DISCREPANCY,NONE,AWAITING_ACK,68491,17957,151784,4,0,-0.3352,0.0182,1,0,UNRESOLVED
929.51,DEBIT_CARD,YES_BANK,PAYU,SUCCESS,SUCCESS,AUTHORIZED,CAPTURED,PAID,DELIVERED,DELIVERED,200,1,SETTLED,NONE,NONE,414,517,199445,1,0,-0.155,0.0562,1,0,NORMAL
2592.56,DEBIT_CARD,PNB,PAYU,SUCCESS,SUCCESS,AUTHORIZED,CAPTURED,REFUNDED,RETURNED,DELIVERED,200,1,REVERSED,FAILED,AWAITING_ACK,506,620,147347,20,0,-0.2593,0.0405,1,0,REFUND_UNCERTAINTY
969.22,CREDIT_CARD,KOTAK,BILLDESK,SUCCESS,PENDING,TIMEOUT,AUTO_REFUNDED,PENDING_PAYMENT,DELIVERED,RETRYING,500,1,ON_HOLD,PENDING,NOT_INITIATED,115945,4140,191260,22,2,1.0192,0.0427,1,0,UNRESOLVED
923.45,UPI,INDUSIND,CASHFREE,SUCCESS,SUCCESS,AUTHORIZED,CAPTURED,PAID,DELIVERED,DELIVERED,200,1,ON_HOLD,INITIATED,AWAITING_ACK,350,531,54461,14,3,0.2826,0.0299,1,1,DUPLICATE_PAYMENT
287.12,WALLET,INDUSIND,PAYU,SUCCESS,FAILED,TIMEOUT,NOT_REQUESTED,CANCELLED,CANCELLED,FAILED,0,1,ON_HOLD,PROCESSED,CREDITED_TO_CUSTOMER,433,69854,235924,1,0,-0.4018,0.0402,1,0,BANK_DEBIT_GATEWAY_FAILURE
431.78,EMI,INDUSIND,RAZORPAY,SUCCESS,SUCCESS,AUTHORIZED,CAPTURED,PAID,DELIVERED,DELIVERED,200,1,ON_HOLD,PROCESSED,CREDITED_TO_CUSTOMER,624,711,47472,21,1,-0.4003,0.0305,1,1,DUPLICATE_PAYMENT
1582.08,UPI,AXIS,RAZORPAY,SUCCESS,SUCCESS,AUTHORIZED,CAPTURED,PAID,DELIVERED,DELIVERED,200,1,ON_HOLD,NONE,AWAITING_ACK,580,864,66324,14,4,-0.1673,0.0433,1,1,DUPLICATE_PAYMENT
315.42,UPI,HDFC,PAYU,SUCCESS,SUCCESS,AUTHORIZED,CAPTURED,PAID,DELIVERED,DELIVERED,200,1,SETTLED,NONE,NONE,347,574,171638,14,0,-0.7133,0.0479,1,0,NORMAL
7778.0,UPI,ICICI,CASHFREE,SUCCESS,SUCCESS,AUTHORIZED,CAPTURED,CANCELLED,UNFULFILLED,DROPPED,0,5,ON_HOLD,NONE,NONE,547,701,38991,3,0,3.0937,0.0472,1,0,MISSING_WEBHOOK
443.19,CREDIT_CARD,KOTAK,RAZORPAY,SUCCESS,SUCCESS,AUTHORIZED,CAPTURED,PAID,PROCESSING,DELIVERED,200,1,PENDING,NONE,NONE,2869,3341,35570,15,0,0.0552,0.0382,1,0,NORMAL
329.83,UPI,YES_BANK,PAYU,PENDING,PENDING,AUTHORIZED,CAPTURED,FAILED,DELIVERED,FAILED,200,1,FAILED,FAILED,REJECTED_BY_BANK,105501,64024,191377,1,1,-0.5419,0.0295,1,0,UNRESOLVED
2473.23,CREDIT_CARD,ICICI,BILLDESK,SUCCESS,SUCCESS,AUTHORIZED,CAPTURED,CANCELLED,CANCELLED,DELIVERED,200,1,ON_HOLD,PROCESSED,NONE,307920,310457,24681,12,0,0.3017,0.051,1,0,ORDER_PAYMENT_CONFLICT
337.93,UPI,INDUSIND,BILLDESK,SUCCESS,SUCCESS,AUTHORIZED,CAPTURED,CANCELLED,UNFULFILLED,FAILED,504,2,PENDING,NONE,NONE,544,797,198256,0,0,-0.4801,0.0276,1,0,MISSING_WEBHOOK
667.2,UPI,PNB,PAYU,SUCCESS,SUCCESS,AUTHORIZED,CAPTURED,PAID,DELIVERED,DELIVERED,200,1,DISCREPANCY,NONE,NONE,748,899,54713,1,0,0.6493,0.0379,1,0,SETTLEMENT_MISMATCH
461.24,UPI,HDFC,STRIPE,SUCCESS,FAILED,NONE,FAILED,CANCELLED,CANCELLED,NONE,500,1,ON_HOLD,INITIATED,NOT_INITIATED,592,47162,121300,12,0,-0.2904,0.0271,1,0,BANK_DEBIT_GATEWAY_FAILURE
265.99,WALLET,KOTAK,CASHFREE,SUCCESS,SUCCESS,AUTHORIZED,CAPTURED,PENDING_PAYMENT,UNFULFILLED,FAILED,500,3,PENDING,NONE,NONE,270,460,245956,6,0,-0.3667,0.0472,1,0,MISSING_WEBHOOK
1588.37,NET_BANKING,PNB,CASHFREE,SUCCESS,SUCCESS,AUTHORIZED,CAPTURED,PAID,DELIVERED,DELIVERED,200,1,DISCREPANCY,NONE,NONE,749,960,198822,10,0,0.4675,0.0549,1,0,SETTLEMENT_MISMATCH
432.76,UPI,INDUSIND,CASHFREE,SUCCESS,SUCCESS,AUTHORIZED,CAPTURED,PAID,DELIVERED,DELIVERED,200,1,SETTLED,NONE,NONE,554,842,197718,23,0,-0.3989,0.0329,1,0,NORMAL
1013.8,UPI,PNB,RAZORPAY,SUCCESS,SUCCESS,AUTHORIZED,CAPTURED,PAID,DELIVERED,DELIVERED,200,1,SETTLED,NONE,NONE,3523,4249,182748,6,0,-0.4664,0.0425,1,0,NORMAL
1626.09,NET_BANKING,PNB,PAYU,SUCCESS,SUCCESS,AUTHORIZED,CAPTURED,PAID,PROCESSING,DELIVERED,200,1,PENDING,NONE,NONE,339,434,68484,17,0,-0.4193,0.0152,1,0,NORMAL
2874.56,CREDIT_CARD,PNB,CASHFREE,SUCCESS,SUCCESS,AUTHORIZED,CAPTURED,REFUNDED,RETURNED,DELIVERED,200,1,REVERSED,PENDING,AWAITING_ACK,353,598,238594,6,0,0.5129,0.0527,1,0,REFUND_UNCERTAINTY
4172.19,EMI,ICICI,BILLDESK,SUCCESS,FAILED,TIMEOUT,FAILED,CANCELLED,CANCELLED,DELIVERED,200,1,ON_HOLD,NONE,NOT_INITIATED,646,47826,208343,18,0,0.4901,0.0195,1,0,BANK_DEBIT_GATEWAY_FAILURE
1948.85,EMI,ICICI,BILLDESK,SUCCESS,SUCCESS,AUTHORIZED,CAPTURED,PAID,PROCESSING,DELIVERED,200,1,PENDING,NONE,NONE,744,876,67491,20,0,-0.4432,0.0407,1,0,NORMAL
435.89,CREDIT_CARD,PNB,RAZORPAY,SUCCESS,SUCCESS,AUTHORIZED,CAPTURED,REFUNDED,RETURNED,DELIVERED,200,1,REVERSED,MANUAL_INTERVENTION_REQUIRED,REJECTED_BY_BANK,511,687,199095,9,0,0.0378,0.0355,1,0,REFUND_UNCERTAINTY
1295.99,UPI,YES_BANK,BILLDESK,SUCCESS,SUCCESS,AUTHORIZED,CAPTURED,PAID,PROCESSING,DELIVERED,200,3,SETTLED,NONE,NONE,93340,94899,249133,18,0,1.7,0.0362,1,0,DELAYED_CONFIRMATION
1488.78,CREDIT_CARD,HDFC,PAYU,SUCCESS,SUCCESS,AUTHORIZED,CAPTURED,PROCESSING,PROCESSING,DELIVERED,200,1,SETTLED,NONE,NONE,88372,90747,134174,6,0,-0.6898,0.0531,1,0,DELAYED_CONFIRMATION
792.74,UPI,ICICI,CASHFREE,SUCCESS,SUCCESS,AUTHORIZED,CAPTURED,PAID,PROCESSING,DELIVERED,200,1,PENDING,NONE,NONE,625,763,28456,13,0,0.2196,0.0217,1,0,NORMAL
5435.8,UPI,KOTAK,BILLDESK,SUCCESS,SUCCESS,AUTHORIZED,CAPTURED,EXPIRED,UNFULFILLED,DROPPED,502,4,ON_HOLD,NONE,NONE,694,949,195336,22,0,-0.5651,0.0622,1,0,MISSING_WEBHOOK
1201.15,UPI,HDFC,RAZORPAY,SUCCESS,SUCCESS,AUTHORIZED,CAPTURED,PAID,DELIVERED,DELIVERED,200,1,ON_HOLD,PROCESSED,CREDITED_TO_CUSTOMER,712,795,68316,21,4,1.5024,0.0474,1,1,DUPLICATE_PAYMENT
3939.83,UPI,AXIS,STRIPE,SUCCESS,SUCCESS,AUTHORIZED,CAPTURED,PAID,DELIVERED,DELIVERED,200,1,SETTLED,NONE,NONE,592,820,242490,11,0,0.1257,0.0375,1,0,NORMAL
6569.55,UPI,INDUSIND,STRIPE,SUCCESS,SUCCESS,AUTHORIZED,CAPTURED,PAID,PROCESSING,DELIVERED,200,1,PENDING,NONE,NONE,540,771,29041,22,0,-0.4744,0.0689,1,0,NORMAL
2422.41,UPI,PNB,BILLDESK,SUCCESS,SUCCESS,AUTHORIZED,CAPTURED,CANCELLED,CANCELLED,DELIVERED,200,1,ON_HOLD,NONE,NONE,302089,303188,9907,7,0,-0.1349,0.0272,1,0,ORDER_PAYMENT_CONFLICT
24143.62,DEBIT_CARD,SBI,PAYU,SUCCESS,SUCCESS,AUTHORIZED,CAPTURED,PAID,DELIVERED,DELIVERED,200,1,SETTLED,NONE,NONE,335,465,129872,16,0,0.9315,0.0774,1,0,NORMAL
1640.77,UPI,AXIS,STRIPE,SUCCESS,SUCCESS,AUTHORIZED,CAPTURED,PAID,DELIVERED,DELIVERED,200,1,SETTLED,NONE,NONE,660,856,118220,10,0,1.5243,0.0315,1,0,NORMAL
3036.59,UPI,SBI,CASHFREE,SUCCESS,SUCCESS,AUTHORIZED,CAPTURED,CANCELLED,CANCELLED,DELIVERED,200,1,ON_HOLD,INITIATED,NONE,320188,321004,38595,16,0,0.0845,0.0194,1,0,ORDER_PAYMENT_CONFLICT
358.13,UPI,PNB,PAYU,SUCCESS,SUCCESS,AUTHORIZED,CAPTURED,PAID,DELIVERED,DELIVERED,200,1,ON_HOLD,NONE,AWAITING_ACK,389,490,44744,1,2,-0.1473,0.0356,1,1,DUPLICATE_PAYMENT
556.42,UPI,ICICI,CASHFREE,SUCCESS,SUCCESS,AUTHORIZED,CAPTURED,PAID,DELIVERED,DELIVERED,200,1,SETTLED,NONE,NONE,1312,1756,160183,23,0,0.3248,0.047,1,0,NORMAL
253.23,CREDIT_CARD,KOTAK,RAZORPAY,SUCCESS,SUCCESS,AUTHORIZED,CAPTURED,PAID,DELIVERED,DELIVERED,200,1,DISCREPANCY,NONE,NONE,549,787,64802,12,0,-0.5316,0.0329,1,0,SETTLEMENT_MISMATCH
1379.79,DEBIT_CARD,INDUSIND,STRIPE,SUCCESS,FAILED,NONE,FAILED,CANCELLED,CANCELLED,FAILED,504,1,ON_HOLD,NONE,NOT_INITIATED,684,81497,75673,6,0,-0.7125,0.0669,1,0,BANK_DEBIT_GATEWAY_FAILURE
1201.6,CREDIT_CARD,YES_BANK,PAYU,SUCCESS,SUCCESS,AUTHORIZED,CAPTURED,PAID,PROCESSING,DELIVERED,200,1,PENDING,NONE,NONE,526,812,52724,7,0,0.8486,0.0332,1,0,NORMAL
12752.41,UPI,KOTAK,RAZORPAY,SUCCESS,SUCCESS,AUTHORIZED,CAPTURED,CANCELLED,UNFULFILLED,DROPPED,404,4,PENDING,NONE,NONE,553,847,174697,14,0,2.6435,0.0316,1,0,MISSING_WEBHOOK
2804.99,DEBIT_CARD,HDFC,STRIPE,SUCCESS,SUCCESS,AUTHORIZED,CAPTURED,REFUNDED,RETURNED,DELIVERED,200,1,REVERSED,MANUAL_INTERVENTION_REQUIRED,AWAITING_ACK,381,545,221987,19,0,-0.1986,0.0335,1,0,REFUND_UNCERTAINTY
10346.79,CREDIT_CARD,PNB,PAYU,SUCCESS,TIMED_OUT,FAILED,FAILED,CANCELLED,CANCELLED,NONE,0,1,ON_HOLD,INITIATED,NOT_INITIATED,718,59374,164622,22,0,-0.1723,0.0746,1,0,BANK_DEBIT_GATEWAY_FAILURE
1913.99,UPI,HDFC,BILLDESK,SUCCESS,SUCCESS,AUTHORIZED,CAPTURED,CANCELLED,CANCELLED,DELIVERED,200,1,ON_HOLD,PROCESSED,NONE,284083,285474,213502,6,0,0.0074,0.0565,1,0,ORDER_PAYMENT_CONFLICT
694.78,UPI,YES_BANK,PAYU,SUCCESS,FAILED,TIMEOUT,FAILED,CANCELLED,CANCELLED,DELIVERED,200,1,ON_HOLD,NONE,NOT_INITIATED,1342,71406,79876,3,0,-0.035,0.0319,1,0,BANK_DEBIT_GATEWAY_FAILURE
220.08,CREDIT_CARD,PNB,CASHFREE,SUCCESS,SUCCESS,AUTHORIZED,CAPTURED,PAID,DELIVERED,DELIVERED,200,1,SETTLED,NONE,NONE,525,789,199652,17,0,-0.6943,0.0252,1,0,NORMAL
842.47,UPI,INDUSIND,RAZORPAY,SUCCESS,SUCCESS,AUTHORIZED,CAPTURED,PAID,PROCESSING,DELIVERED,200,2,SETTLED,NONE,NONE,80172,81267,254066,17,0,-0.5566,0.0433,1,0,DELAYED_CONFIRMATION
3149.94,UPI,SBI,RAZORPAY,SUCCESS,SUCCESS,AUTHORIZED,CAPTURED,PAID,PROCESSING,DELIVERED,200,1,PENDING,NONE,NONE,741,1003,72123,4,0,-0.3438,0.0515,1,0,NORMAL
3166.07,UPI,KOTAK,PAYU,SUCCESS,SUCCESS,AUTHORIZED,CAPTURED,PAID,PROCESSING,DELIVERED,200,3,PENDING,NONE,NONE,267,497,63984,20,0,-0.0954,0.0483,1,0,NORMAL
418.56,UPI,KOTAK,BILLDESK,SUCCESS,SUCCESS,AUTHORIZED,CAPTURED,PENDING_PAYMENT,PROCESSING,DELIVERED,200,1,SETTLED,NONE,NONE,44891,50532,217073,20,0,-0.4187,0.0364,1,0,DELAYED_CONFIRMATION
252.31,CREDIT_CARD,KOTAK,BILLDESK,SUCCESS,SUCCESS,AUTHORIZED,CAPTURED,PAID,PROCESSING,RETRYING,200,2,PENDING,NONE,NONE,91973,95841,56534,20,0,-0.6496,0.0378,1,0,DELAYED_CONFIRMATION
5390.39,CREDIT_CARD,YES_BANK,RAZORPAY,SUCCESS,SUCCESS,AUTHORIZED,CAPTURED,PAID,DELIVERED,DELIVERED,200,1,SETTLED,NONE,NONE,627,831,233477,19,0,0.5401,0.0369,1,0,NORMAL
2356.93,UPI,SBI,RAZORPAY,SUCCESS,SUCCESS,AUTHORIZED,CAPTURED,PAID,DELIVERED,DELIVERED,200,1,SETTLED,NONE,NONE,205,425,149815,13,0,2.2735,0.028,1,0,NORMAL
558.33,CREDIT_CARD,ICICI,CASHFREE,SUCCESS,SUCCESS,AUTHORIZED,CAPTURED,PAID,DELIVERED,DELIVERED,200,1,ON_HOLD,PROCESSED,CREDITED_TO_CUSTOMER,617,864,173116,22,3,-0.4924,0.0519,1,1,DUPLICATE_PAYMENT
373.92,UPI,AXIS,PAYU,SUCCESS,SUCCESS,AUTHORIZED,CAPTURED,REFUNDED,RETURNED,DELIVERED,200,1,REVERSED,FAILED,REJECTED_BY_BANK,295,476,235525,3,0,-0.1097,0.0304,1,0,REFUND_UNCERTAINTY
1273.39,NET_BANKING,PNB,PAYU,SUCCESS,SUCCESS,AUTHORIZED,CAPTURED,PAID,PROCESSING,DELIVERED,200,1,PENDING,NONE,NONE,468,774,29789,1,0,0.7686,0.0362,1,0,NORMAL
1181.21,DEBIT_CARD,AXIS,BILLDESK,SUCCESS,SUCCESS,AUTHORIZED,CAPTURED,CANCELLED,CANCELLED,DELIVERED,200,1,ON_HOLD,PROCESSED,NONE,341544,343428,238248,2,0,1.4609,0.0374,1,0,ORDER_PAYMENT_CONFLICT
1270.02,UPI,AXIS,PAYU,REVERSED,SUCCESS,FAILED,CAPTURED,PAID,CANCELLED,DELIVERED,500,1,ON_HOLD,FAILED,REJECTED_BY_BANK,78034,93718,156556,20,3,0.7639,0.0262,1,0,UNRESOLVED
309.32,CREDIT_CARD,KOTAK,BILLDESK,SUCCESS,SUCCESS,AUTHORIZED,CAPTURED,PAID,DELIVERED,DELIVERED,200,1,SETTLED,NONE,NONE,418,633,120677,20,0,-0.5241,0.0272,1,0,NORMAL
775.23,WALLET,ICICI,CASHFREE,SUCCESS,SUCCESS,AUTHORIZED,CAPTURED,EXPIRED,UNFULFILLED,DROPPED,504,3,PENDING,NONE,NONE,515,803,16643,9,0,0.8458,0.0475,1,0,MISSING_WEBHOOK
3163.91,UPI,YES_BANK,STRIPE,SUCCESS,SUCCESS,AUTHORIZED,CAPTURED,PAID,DELIVERED,DELIVERED,200,1,DISCREPANCY,NONE,NONE,735,996,65061,23,0,-0.0601,0.048,1,0,SETTLEMENT_MISMATCH
2552.68,CREDIT_CARD,PNB,CASHFREE,SUCCESS,SUCCESS,AUTHORIZED,CAPTURED,PAID,DELIVERED,DELIVERED,200,1,SETTLED,NONE,NONE,236,395,229781,0,0,-0.2707,0.0464,1,0,NORMAL
614.67,UPI,ICICI,STRIPE,SUCCESS,SUCCESS,AUTHORIZED,CAPTURED,PAID,DELIVERED,DELIVERED,200,1,SETTLED,NONE,NONE,526,820,127213,6,0,0.4635,0.035,1,0,NORMAL
186.78,UPI,INDUSIND,CASHFREE,SUCCESS,SUCCESS,AUTHORIZED,CAPTURED,PAID,DELIVERED,DELIVERED,200,1,ON_HOLD,PROCESSED,CREDITED_TO_CUSTOMER,335,630,42663,14,3,-0.5553,0.0345,1,1,DUPLICATE_PAYMENT
21260.85,EMI,SBI,CASHFREE,SUCCESS,SUCCESS,AUTHORIZED,CAPTURED,PAID,DELIVERED,DELIVERED,200,1,SETTLED,NONE,NONE,303,435,92855,1,0,0.7009,0.0737,1,0,NORMAL
717.82,DEBIT_CARD,YES_BANK,STRIPE,REVERSED,SUCCESS,AUTHORIZED,CAPTURED,REFUNDED,RETURNED,DELIVERED,200,1,REVERSED,PENDING,AWAITING_ACK,428,644,23369,20,0,0.1043,0.0224,1,0,REFUND_UNCERTAINTY
1176.76,UPI,PNB,RAZORPAY,SUCCESS,SUCCESS,AUTHORIZED,CAPTURED,PAID,PROCESSING,DELIVERED,200,1,PENDING,NONE,NONE,648,925,27341,12,0,0.6344,0.0212,1,0,NORMAL
30117.85,NET_BANKING,SBI,RAZORPAY,SUCCESS,SUCCESS,AUTHORIZED,CAPTURED,PAID,PROCESSING,DELIVERED,200,1,PENDING,NONE,NONE,370,467,21030,16,0,1.4094,0.0695,1,0,NORMAL
1084.65,UPI,YES_BANK,CASHFREE,SUCCESS,SUCCESS,AUTHORIZED,CAPTURED,PAID,DELIVERED,DELIVERED,200,1,DISCREPANCY,NONE,NONE,439,706,14010,12,0,-0.5552,0.0112,1,0,SETTLEMENT_MISMATCH
1080.99,UPI,YES_BANK,RAZORPAY,SUCCESS,SUCCESS,AUTHORIZED,CAPTURED,PAID,DELIVERED,DELIVERED,200,1,DISCREPANCY,NONE,NONE,89,351,170906,10,0,-0.3792,0.0484,1,0,SETTLEMENT_MISMATCH
2892.54,NET_BANKING,HDFC,RAZORPAY,SUCCESS,SUCCESS,AUTHORIZED,CAPTURED,PAID,DELIVERED,DELIVERED,200,1,SETTLED,NONE,NONE,209,507,122297,8,0,-0.1736,0.0426,1,0,NORMAL
4236.52,UPI,YES_BANK,RAZORPAY,SUCCESS,SUCCESS,AUTHORIZED,CAPTURED,PAID,PROCESSING,DELIVERED,200,1,PENDING,NONE,NONE,314,448,58834,7,0,-0.1174,0.0572,1,0,NORMAL
501.91,UPI,ICICI,BILLDESK,SUCCESS,SUCCESS,AUTHORIZED,CAPTURED,PAID,DELIVERED,DELIVERED,200,1,SETTLED,NONE,NONE,561,858,161719,10,0,-0.3029,0.0385,1,0,NORMAL
1117.99,UPI,AXIS,STRIPE,PENDING,PENDING,TIMEOUT,AUTO_REFUNDED,PENDING_PAYMENT,UNFULFILLED,FAILED,404,1,FAILED,NONE,AWAITING_ACK,82992,12347,125826,13,2,-0.4116,0.053,1,0,UNRESOLVED
3819.86,UPI,ICICI,CASHFREE,SUCCESS,SUCCESS,AUTHORIZED,CAPTURED,PAID,DELIVERED,DELIVERED,200,1,SETTLED,NONE,NONE,303,393,194694,20,0,0.3642,0.0217,1,0,NORMAL
1234.29,NET_BANKING,PNB,CASHFREE,DEBITED,SUCCESS,AUTHORIZED,CAPTURED,CANCELLED,RETURNED,DROPPED,500,1,DISCREPANCY,FAILED,AWAITING_ACK,54459,115586,104685,15,0,0.8989,0.0284,1,0,UNRESOLVED
333.24,CREDIT_CARD,AXIS,PAYU,SUCCESS,TIMED_OUT,TIMEOUT,FAILED,CANCELLED,CANCELLED,DELIVERED,200,1,ON_HOLD,NONE,NOT_INITIATED,768,88413,169163,21,0,-0.3057,0.0372,1,0,BANK_DEBIT_GATEWAY_FAILURE
2312.75,UPI,KOTAK,CASHFREE,SUCCESS,SUCCESS,AUTHORIZED,CAPTURED,PAID,PROCESSING,DELIVERED,200,1,PENDING,NONE,NONE,398,692,13886,7,0,-0.3392,0.0326,1,0,NORMAL
164.39,UPI,PNB,STRIPE,SUCCESS,SUCCESS,AUTHORIZED,CAPTURED,PAID,DELIVERED,DELIVERED,200,1,SETTLED,NONE,NONE,722,834,105274,4,0,-0.6575,0.0363,1,0,NORMAL
644.82,UPI,KOTAK,PAYU,SUCCESS,SUCCESS,AUTHORIZED,CAPTURED,PAID,DELIVERED,DELIVERED,200,1,SETTLED,NONE,NONE,348,482,161715,0,0,-0.6606,0.0455,1,0,NORMAL
10764.84,UPI,PNB,STRIPE,SUCCESS,SUCCESS,AUTHORIZED,CAPTURED,EXPIRED,UNFULFILLED,DROPPED,504,2,ON_HOLD,NONE,NONE,477,766,36192,11,0,-0.1388,0.0762,1,0,MISSING_WEBHOOK
10614.3,UPI,KOTAK,PAYU,SUCCESS,SUCCESS,AUTHORIZED,CAPTURED,EXPIRED,UNFULFILLED,DROPPED,0,5,ON_HOLD,NONE,NONE,508,768,164510,0,0,-0.1509,0.0668,1,0,MISSING_WEBHOOK
1281.05,CREDIT_CARD,PNB,STRIPE,SUCCESS,FAILED,TIMEOUT,AUTO_REFUNDED,CANCELLED,CANCELLED,DELIVERED,200,1,ON_HOLD,INITIATED,NOT_INITIATED,501,48485,226013,21,0,0.7792,0.0366,1,0,BANK_DEBIT_GATEWAY_FAILURE
5459.57,UPI,PNB,BILLDESK,SUCCESS,SUCCESS,AUTHORIZED,CAPTURED,PAID,DELIVERED,DELIVERED,200,1,ON_HOLD,PROCESSED,CREDITED_TO_CUSTOMER,438,540,201461,5,4,-0.5632,0.0759,1,1,DUPLICATE_PAYMENT
979.87,UPI,ICICI,BILLDESK,SUCCESS,TIMED_OUT,FAILED,FAILED,CANCELLED,CANCELLED,DELIVERED,200,1,ON_HOLD,NONE,NOT_INITIATED,741,76244,56844,20,0,0.3609,0.0202,1,0,BANK_DEBIT_GATEWAY_FAILURE
692.42,UPI,AXIS,RAZORPAY,SUCCESS,SUCCESS,AUTHORIZED,CAPTURED,PAID,PROCESSING,DELIVERED,200,1,PENDING,NONE,NONE,192,306,79436,1,0,0.0653,0.0323,1,0,NORMAL
179.49,CREDIT_CARD,ICICI,PAYU,SUCCESS,SUCCESS,AUTHORIZED,CAPTURED,PAID,DELIVERED,DELIVERED,200,1,SETTLED,NONE,NONE,182,277,223918,7,0,-0.6261,0.0453,1,0,NORMAL
9096.63,UPI,INDUSIND,CASHFREE,SUCCESS,SUCCESS,AUTHORIZED,CAPTURED,PAID,PROCESSING,DELIVERED,200,1,PENDING,NONE,NONE,3487,4035,69186,2,0,0.8951,0.0695,1,0,NORMAL
763.08,WALLET,HDFC,BILLDESK,SUCCESS,SUCCESS,AUTHORIZED,CAPTURED,PAID,DELIVERED,DELIVERED,200,1,SETTLED,NONE,NONE,363,503,93599,2,0,-0.3063,0.0502,1,0,NORMAL
2889.32,UPI,INDUSIND,BILLDESK,SUCCESS,SUCCESS,AUTHORIZED,CAPTURED,PAID,DELIVERED,DELIVERED,200,1,ON_HOLD,PROCESSED,CREDITED_TO_CUSTOMER,216,413,117690,0,4,1.6267,0.0409,1,1,DUPLICATE_PAYMENT
1017.36,NET_BANKING,INDUSIND,STRIPE,SUCCESS,SUCCESS,AUTHORIZED,CAPTURED,PROCESSING,PROCESSING,DELIVERED,200,1,SETTLED,NONE,NONE,44627,49194,232455,18,0,-0.6367,0.0223,1,0,DELAYED_CONFIRMATION
10433.97,NET_BANKING,HDFC,RAZORPAY,SUCCESS,SUCCESS,AUTHORIZED,CAPTURED,PAID,DELIVERED,DELIVERED,200,1,SETTLED,NONE,NONE,318,516,112388,20,0,-0.1653,0.0707,1,0,NORMAL
1468.93,CREDIT_CARD,HDFC,CASHFREE,SUCCESS,SUCCESS,AUTHORIZED,CAPTURED,PAID,DELIVERED,DELIVERED,200,1,SETTLED,NONE,NONE,219,346,171629,3,0,1.0402,0.0229,1,0,NORMAL
2531.66,DEBIT_CARD,PNB,PAYU,SUCCESS,FAILED,TIMEOUT,FAILED,CANCELLED,CANCELLED,DELIVERED,200,1,ON_HOLD,INITIATED,NOT_INITIATED,399,72268,137950,0,0,-0.4726,0.0586,1,0,BANK_DEBIT_GATEWAY_FAILURE
2333.24,UPI,HDFC,STRIPE,SUCCESS,SUCCESS,AUTHORIZED,CAPTURED,PAID,DELIVERED,DELIVERED,200,1,SETTLED,NONE,NONE,445,645,218448,10,0,0.228,0.0446,1,0,NORMAL
345.68,CREDIT_CARD,HDFC,STRIPE,DEBITED,FAILED,TIMEOUT,FAILED,CANCELLED,CANCELLED,DELIVERED,200,1,ON_HOLD,PROCESSED,CREDITED_TO_CUSTOMER,1494,73137,215838,7,0,-0.5199,0.0379,1,0,BANK_DEBIT_GATEWAY_FAILURE
15788.58,WALLET,KOTAK,STRIPE,SUCCESS,PENDING,AUTHORIZED,PENDING,PENDING_PAYMENT,CANCELLED,DELIVERED,0,1,DISCREPANCY,MANUAL_INTERVENTION_REQUIRED,AWAITING_ACK,10407,52231,174040,15,3,7.3098,0.0448,1,0,UNRESOLVED
1418.47,UPI,INDUSIND,PAYU,SUCCESS,SUCCESS,AUTHORIZED,CAPTURED,PAID,DELIVERED,DELIVERED,200,1,SETTLED,NONE,NONE,228,345,201815,9,0,-0.2534,0.0434,1,0,NORMAL
1501.92,CREDIT_CARD,YES_BANK,CASHFREE,SUCCESS,SUCCESS,AUTHORIZED,CAPTURED,PAID,DELIVERED,DELIVERED,200,1,SETTLED,NONE,NONE,310,449,251879,6,0,2.129,0.0355,1,0,NORMAL
593.76,CREDIT_CARD,INDUSIND,CASHFREE,SUCCESS,SUCCESS,AUTHORIZED,CAPTURED,PAID,DELIVERED,DELIVERED,200,1,SETTLED,NONE,NONE,653,938,209293,9,0,-0.0865,0.0204,1,0,NORMAL
2085.22,UPI,KOTAK,CASHFREE,SUCCESS,SUCCESS,AUTHORIZED,CAPTURED,PAID,DELIVERED,DELIVERED,200,1,SETTLED,NONE,NONE,525,651,156826,6,0,-0.5656,0.0616,1,0,NORMAL
898.68,UPI,ICICI,RAZORPAY,SUCCESS,SUCCESS,AUTHORIZED,CAPTURED,REFUNDED,RETURNED,DELIVERED,200,1,REVERSED,MANUAL_INTERVENTION_REQUIRED,AWAITING_ACK,322,571,74621,16,0,-0.183,0.0405,1,0,REFUND_UNCERTAINTY
10796.54,UPI,AXIS,CASHFREE,REVERSED,SUCCESS,AUTHORIZED,CAPTURED,REFUNDED,RETURNED,DELIVERED,200,1,REVERSED,MANUAL_INTERVENTION_REQUIRED,AWAITING_ACK,703,813,125281,11,0,1.2493,0.0578,1,0,REFUND_UNCERTAINTY
3023.7,CREDIT_CARD,ICICI,PAYU,SUCCESS,SUCCESS,AUTHORIZED,CAPTURED,PAID,DELIVERED,DELIVERED,200,1,SETTLED,NONE,NONE,578,799,194793,0,0,0.0799,0.0133,1,0,NORMAL
860.47,UPI,INDUSIND,CASHFREE,SUCCESS,SUCCESS,AUTHORIZED,CAPTURED,PENDING_PAYMENT,UNFULFILLED,FAILED,404,4,ON_HOLD,NONE,NONE,457,551,55164,15,0,-0.2178,0.0597,1,0,MISSING_WEBHOOK
361.63,UPI,SBI,CASHFREE,SUCCESS,SUCCESS,AUTHORIZED,CAPTURED,PAID,DELIVERED,DELIVERED,200,1,SETTLED,NONE,NONE,188,424,139099,2,0,-0.2466,0.0476,1,0,NORMAL
217.38,UPI,KOTAK,STRIPE,SUCCESS,SUCCESS,AUTHORIZED,CAPTURED,PAID,DELIVERED,DELIVERED,200,1,SETTLED,NONE,NONE,252,545,192522,1,0,-0.5471,0.0459,1,0,NORMAL
14035.05,CREDIT_CARD,INDUSIND,RAZORPAY,SUCCESS,SUCCESS,AUTHORIZED,CAPTURED,PAID,DELIVERED,DELIVERED,200,1,SETTLED,NONE,NONE,341,533,243675,3,0,3.01,0.0309,1,0,NORMAL
375.15,UPI,AXIS,PAYU,SUCCESS,SUCCESS,AUTHORIZED,CAPTURED,PAID,DELIVERED,DELIVERED,200,1,DISCREPANCY,NONE,NONE,523,738,229986,16,0,-0.0741,0.0336,1,0,SETTLEMENT_MISMATCH
2017.74,UPI,SBI,STRIPE,SUCCESS,SUCCESS,AUTHORIZED,CAPTURED,REFUNDED,RETURNED,DELIVERED,200,1,REVERSED,MANUAL_INTERVENTION_REQUIRED,NOT_INITIATED,649,737,258052,0,0,-0.4235,0.0464,1,0,REFUND_UNCERTAINTY
16161.64,DEBIT_CARD,KOTAK,CASHFREE,DEBITED,TIMED_OUT,TIMEOUT,FAILED,CANCELLED,CANCELLED,FAILED,0,1,ON_HOLD,NONE,NOT_INITIATED,453,56593,258213,17,0,0.2929,0.0763,1,0,BANK_DEBIT_GATEWAY_FAILURE
4141.86,UPI,INDUSIND,PAYU,SUCCESS,SUCCESS,AUTHORIZED,CAPTURED,PAID,DELIVERED,DELIVERED,200,1,SETTLED,NONE,NONE,622,854,104461,10,0,0.1834,0.0383,1,0,NORMAL
859.31,UPI,PNB,PAYU,SUCCESS,SUCCESS,AUTHORIZED,CAPTURED,PAID,DELIVERED,DELIVERED,200,1,SETTLED,NONE,NONE,266,535,219000,4,0,-0.5477,0.0523,1,0,NORMAL
1598.29,NET_BANKING,KOTAK,STRIPE,SUCCESS,SUCCESS,AUTHORIZED,CAPTURED,PAID,DELIVERED,DELIVERED,200,1,SETTLED,NONE,NONE,589,719,160450,19,0,0.453,0.0584,1,0,NORMAL
8661.58,CREDIT_CARD,HDFC,BILLDESK,DEBITED,TIMED_OUT,TIMEOUT,FAILED,CANCELLED,CANCELLED,DELIVERED,200,1,ON_HOLD,INITIATED,NOT_INITIATED,1195,73769,94140,14,0,-0.3071,0.0702,1,0,BANK_DEBIT_GATEWAY_FAILURE
240.81,CREDIT_CARD,ICICI,CASHFREE,REVERSED,SUCCESS,AUTHORIZED,CAPTURED,REFUNDED,RETURNED,DELIVERED,200,1,REVERSED,FAILED,AWAITING_ACK,330,618,98533,0,0,-0.7811,0.0429,1,0,REFUND_UNCERTAINTY
1128.74,CREDIT_CARD,HDFC,STRIPE,SUCCESS,FAILED,NONE,PENDING,PENDING_PAYMENT,UNFULFILLED,FAILED,200,1,DISCREPANCY,FAILED,REJECTED_BY_BANK,5705,36801,67234,1,3,-0.4059,0.0572,1,0,UNRESOLVED
4305.91,DEBIT_CARD,YES_BANK,PAYU,SUCCESS,SUCCESS,AUTHORIZED,CAPTURED,PAID,DELIVERED,DELIVERED,200,1,SETTLED,NONE,NONE,429,546,219339,0,0,-0.6555,0.0613,1,0,NORMAL
7690.35,CREDIT_CARD,HDFC,BILLDESK,SUCCESS,SUCCESS,AUTHORIZED,CAPTURED,PAID,PROCESSING,DELIVERED,200,1,PENDING,NONE,NONE,316,513,61782,4,0,-0.3848,0.0662,1,0,NORMAL
3339.33,UPI,ICICI,PAYU,SUCCESS,SUCCESS,AUTHORIZED,CAPTURED,PAID,DELIVERED,DELIVERED,200,1,SETTLED,NONE,NONE,717,852,246917,23,0,-0.3043,0.0503,1,0,NORMAL
689.91,CREDIT_CARD,SBI,BILLDESK,SUCCESS,SUCCESS,AUTHORIZED,CAPTURED,PAID,PROCESSING,DELIVERED,200,1,PENDING,NONE,NONE,388,552,66875,7,0,0.6426,0.0494,1,0,NORMAL
2932.08,UPI,SBI,CASHFREE,SUCCESS,SUCCESS,AUTHORIZED,CAPTURED,PAID,DELIVERED,DELIVERED,200,1,SETTLED,NONE,NONE,1466,2185,252783,17,1,0.0472,0.022,1,0,NORMAL
3421.57,NET_BANKING,INDUSIND,PAYU,SUCCESS,SUCCESS,AUTHORIZED,CAPTURED,PAID,DELIVERED,DELIVERED,200,1,DISCREPANCY,NONE,NONE,487,786,32853,23,0,-0.2183,0.052,1,0,SETTLEMENT_MISMATCH
1057.41,NET_BANKING,SBI,CASHFREE,SUCCESS,SUCCESS,AUTHORIZED,CAPTURED,PAID,PROCESSING,DELIVERED,200,2,SETTLED,NONE,NONE,35587,37160,194293,5,0,0.4686,0.0269,1,0,DELAYED_CONFIRMATION
2209.23,UPI,YES_BANK,BILLDESK,SUCCESS,SUCCESS,AUTHORIZED,CAPTURED,PAID,DELIVERED,DELIVERED,200,1,ON_HOLD,PROCESSED,CREDITED_TO_CUSTOMER,599,844,13571,5,2,-0.3688,0.0461,1,1,DUPLICATE_PAYMENT
1507.49,EMI,KOTAK,PAYU,DEBITED,FAILED,FAILED,FAILED,CANCELLED,CANCELLED,FAILED,500,1,ON_HOLD,PROCESSED,CREDITED_TO_CUSTOMER,395,90102,152642,7,0,-0.4616,0.0142,1,0,BANK_DEBIT_GATEWAY_FAILURE
1999.49,UPI,PNB,STRIPE,SUCCESS,SUCCESS,AUTHORIZED,CAPTURED,CANCELLED,CANCELLED,DELIVERED,200,1,ON_HOLD,INITIATED,NONE,255568,257128,232737,17,0,0.8177,0.056,1,0,ORDER_PAYMENT_CONFLICT
2208.96,UPI,AXIS,RAZORPAY,SUCCESS,SUCCESS,AUTHORIZED,CAPTURED,PAID,DELIVERED,DELIVERED,200,1,DISCREPANCY,NONE,NONE,529,777,64358,1,0,-0.3409,0.0431,1,0,SETTLEMENT_MISMATCH
13974.46,CREDIT_CARD,YES_BANK,BILLDESK,SUCCESS,SUCCESS,AUTHORIZED,CAPTURED,CANCELLED,CANCELLED,DELIVERED,200,1,ON_HOLD,INITIATED,NONE,319099,321383,122759,15,0,0.118,0.0693,1,0,ORDER_PAYMENT_CONFLICT
484.03,CREDIT_CARD,HDFC,CASHFREE,SUCCESS,SUCCESS,AUTHORIZED,CAPTURED,PAID,DELIVERED,DELIVERED,200,1,SETTLED,NONE,NONE,518,743,256208,4,0,0.0084,0.0417,1,0,NORMAL
1451.46,NET_BANKING,HDFC,CASHFREE,SUCCESS,SUCCESS,AUTHORIZED,CAPTURED,PAID,DELIVERED,DELIVERED,200,1,SETTLED,NONE,NONE,636,761,128162,11,0,0.3195,0.0479,1,0,NORMAL
1809.4,NET_BANKING,HDFC,STRIPE,SUCCESS,SUCCESS,AUTHORIZED,CAPTURED,PAID,PROCESSING,DELIVERED,200,1,PENDING,NONE,NONE,696,917,56846,1,0,0.6449,0.0543,1,0,NORMAL
3037.07,NET_BANKING,YES_BANK,BILLDESK,SUCCESS,SUCCESS,AUTHORIZED,CAPTURED,PAID,DELIVERED,DELIVERED,200,1,DISCREPANCY,NONE,NONE,750,1033,258660,17,0,-0.0872,0.0441,1,0,SETTLEMENT_MISMATCH
1327.07,UPI,KOTAK,RAZORPAY,SUCCESS,SUCCESS,AUTHORIZED,CAPTURED,PAID,DELIVERED,DELIVERED,200,1,SETTLED,NONE,NONE,687,860,196161,13,1,-0.6208,0.0401,1,0,NORMAL
5791.81,UPI,SBI,PAYU,SUCCESS,FAILED,FAILED,FAILED,CANCELLED,CANCELLED,DELIVERED,200,1,ON_HOLD,NONE,NOT_INITIATED,702,66632,197269,21,0,0.6548,0.0416,1,0,BANK_DEBIT_GATEWAY_FAILURE
589.27,NET_BANKING,SBI,PAYU,REVERSED,SUCCESS,AUTHORIZED,CAPTURED,REFUNDED,RETURNED,DELIVERED,200,1,REVERSED,PENDING,AWAITING_ACK,400,517,19606,17,0,0.2276,0.0499,1,0,REFUND_UNCERTAINTY
263.78,UPI,HDFC,BILLDESK,SUCCESS,SUCCESS,AUTHORIZED,CAPTURED,PAID,PROCESSING,DELIVERED,200,1,PENDING,NONE,NONE,273,569,19787,16,0,-0.5942,0.0226,1,0,NORMAL
472.07,UPI,KOTAK,RAZORPAY,SUCCESS,SUCCESS,AUTHORIZED,CAPTURED,REFUNDED,RETURNED,DELIVERED,200,1,REVERSED,MANUAL_INTERVENTION_REQUIRED,AWAITING_ACK,748,871,167268,7,0,-0.2737,0.0395,1,0,REFUND_UNCERTAINTY
2389.34,CREDIT_CARD,SBI,CASHFREE,SUCCESS,SUCCESS,AUTHORIZED,CAPTURED,PAID,PROCESSING,DELIVERED,200,1,PENDING,NONE,NONE,725,963,31078,13,0,0.2575,0.042,1,0,NORMAL
989.99,CREDIT_CARD,AXIS,RAZORPAY,SUCCESS,SUCCESS,AUTHORIZED,CAPTURED,PAID,PROCESSING,DELIVERED,200,1,PENDING,NONE,NONE,699,864,41115,10,0,1.0625,0.0461,1,0,NORMAL
2546.74,DEBIT_CARD,INDUSIND,RAZORPAY,SUCCESS,SUCCESS,AUTHORIZED,CAPTURED,PAID,DELIVERED,DELIVERED,200,1,SETTLED,NONE,NONE,307,408,117065,20,0,-0.0905,0.0289,1,0,NORMAL
3348.83,DEBIT_CARD,ICICI,STRIPE,SUCCESS,FAILED,TIMEOUT,NOT_REQUESTED,CANCELLED,CANCELLED,NONE,504,1,ON_HOLD,NONE,NOT_INITIATED,1352,78929,184325,16,0,2.0444,0.0527,1,0,BANK_DEBIT_GATEWAY_FAILURE
306.81,EMI,HDFC,BILLDESK,SUCCESS,SUCCESS,AUTHORIZED,CAPTURED,REFUNDED,RETURNED,DELIVERED,200,1,REVERSED,PENDING,NOT_INITIATED,454,841,220556,9,0,-0.3608,0.0366,1,0,REFUND_UNCERTAINTY
3588.79,CREDIT_CARD,PNB,PAYU,SUCCESS,SUCCESS,AUTHORIZED,CAPTURED,PAID,PROCESSING,DELIVERED,200,1,PENDING,NONE,NONE,416,649,1315,15,0,0.8888,0.0533,1,0,NORMAL
2517.75,UPI,PNB,RAZORPAY,SUCCESS,SUCCESS,AUTHORIZED,CAPTURED,PAID,PROCESSING,DELIVERED,200,1,PENDING,NONE,NONE,1490,1855,13916,19,0,1.2889,0.0589,1,0,NORMAL
568.98,UPI,ICICI,CASHFREE,SUCCESS,SUCCESS,AUTHORIZED,CAPTURED,REFUNDED,RETURNED,DELIVERED,200,1,REVERSED,MANUAL_INTERVENTION_REQUIRED,NOT_INITIATED,750,803,163373,5,0,-0.1246,0.0312,1,0,REFUND_UNCERTAINTY
1379.81,UPI,KOTAK,PAYU,SUCCESS,SUCCESS,AUTHORIZED,CAPTURED,PENDING_PAYMENT,UNFULFILLED,FAILED,502,4,ON_HOLD,NONE,NONE,701,918,1572,3,0,-0.5072,0.026,1,0,MISSING_WEBHOOK
238.59,UPI,HDFC,PAYU,SUCCESS,SUCCESS,AUTHORIZED,CAPTURED,PAID,DELIVERED,DELIVERED,200,1,SETTLED,NONE,NONE,2017,2410,243587,6,0,-0.6686,0.0246,1,0,NORMAL
736.56,UPI,PNB,BILLDESK,DEBITED,SUCCESS,FAILED,FAILED,CANCELLED,DELIVERED,FAILED,504,1,ON_HOLD,FAILED,REJECTED_BY_BANK,18594,29181,223165,21,3,-0.3304,0.0442,1,0,UNRESOLVED
409.79,UPI,AXIS,CASHFREE,SUCCESS,SUCCESS,AUTHORIZED,CAPTURED,PAID,DELIVERED,DELIVERED,200,1,SETTLED,NONE,NONE,558,664,138898,10,0,-0.4308,0.0394,1,0,NORMAL
713.46,UPI,INDUSIND,PAYU,SUCCESS,SUCCESS,AUTHORIZED,CAPTURED,PAID,PROCESSING,DELIVERED,200,1,PENDING,NONE,NONE,1413,2254,22058,19,1,0.6987,0.0323,1,0,NORMAL
15609.13,CREDIT_CARD,INDUSIND,PAYU,SUCCESS,SUCCESS,AUTHORIZED,CAPTURED,PENDING_PAYMENT,UNFULFILLED,DROPPED,502,2,PENDING,NONE,NONE,200,434,3986,10,0,0.2487,0.0654,1,0,MISSING_WEBHOOK
1631.04,CREDIT_CARD,SBI,CASHFREE,SUCCESS,SUCCESS,AUTHORIZED,CAPTURED,PENDING_PAYMENT,UNFULFILLED,DROPPED,0,5,PENDING,NONE,NONE,416,516,126320,1,0,-0.4175,0.0298,1,0,MISSING_WEBHOOK
3215.68,UPI,INDUSIND,PAYU,SUCCESS,SUCCESS,AUTHORIZED,CAPTURED,PAID,PROCESSING,DELIVERED,200,1,PENDING,NONE,NONE,333,418,69534,0,0,0.1485,0.0195,1,0,NORMAL
4652.79,UPI,INDUSIND,BILLDESK,SUCCESS,SUCCESS,AUTHORIZED,CAPTURED,PAID,DELIVERED,DELIVERED,200,1,SETTLED,NONE,NONE,739,937,173190,8,0,1.4488,0.041,1,0,NORMAL
20298.57,UPI,AXIS,STRIPE,SUCCESS,SUCCESS,AUTHORIZED,CAPTURED,PAID,DELIVERED,DELIVERED,200,1,ON_HOLD,INITIATED,AWAITING_ACK,624,727,85627,23,2,0.6239,0.0794,1,1,DUPLICATE_PAYMENT
1439.48,UPI,AXIS,RAZORPAY,SUCCESS,SUCCESS,AUTHORIZED,CAPTURED,PAID,PROCESSING,DELIVERED,200,2,PENDING,NONE,NONE,102595,105666,37362,6,0,2.4273,0.0342,1,0,DELAYED_CONFIRMATION
676.1,UPI,AXIS,STRIPE,SUCCESS,SUCCESS,AUTHORIZED,CAPTURED,PAID,DELIVERED,DELIVERED,200,1,SETTLED,NONE,NONE,570,675,234173,8,0,0.6098,0.0359,1,0,NORMAL
1086.82,UPI,YES_BANK,CASHFREE,SUCCESS,SUCCESS,AUTHORIZED,CAPTURED,PAID,DELIVERED,DELIVERED,200,1,DISCREPANCY,NONE,NONE,607,760,143043,19,0,0.7275,0.0398,1,0,SETTLEMENT_MISMATCH
627.0,CREDIT_CARD,PNB,PAYU,SUCCESS,SUCCESS,AUTHORIZED,CAPTURED,REFUNDED,RETURNED,DELIVERED,200,1,REVERSED,MANUAL_INTERVENTION_REQUIRED,AWAITING_ACK,461,622,71530,16,0,-0.0354,0.0392,1,0,REFUND_UNCERTAINTY
3994.12,UPI,AXIS,CASHFREE,SUCCESS,SUCCESS,AUTHORIZED,CAPTURED,PAID,DELIVERED,DELIVERED,200,1,SETTLED,NONE,NONE,661,786,222228,8,0,1.1022,0.059,1,0,NORMAL
1161.05,EMI,ICICI,CASHFREE,SUCCESS,SUCCESS,AUTHORIZED,CAPTURED,CANCELLED,CANCELLED,DELIVERED,200,1,ON_HOLD,INITIATED,NONE,282724,284647,217410,18,0,-0.3889,0.0567,1,0,ORDER_PAYMENT_CONFLICT
1554.06,UPI,YES_BANK,RAZORPAY,SUCCESS,SUCCESS,AUTHORIZED,CAPTURED,PAID,DELIVERED,DELIVERED,200,1,ON_HOLD,INITIATED,AWAITING_ACK,687,803,40263,23,3,1.3909,0.0342,1,1,DUPLICATE_PAYMENT
905.7,CREDIT_CARD,SBI,PAYU,DEBITED,SUCCESS,TIMEOUT,PENDING,FAILED,UNFULFILLED,FAILED,404,1,ON_HOLD,PENDING,NOT_INITIATED,70607,58411,78499,17,1,0.2579,0.0318,1,0,UNRESOLVED
787.44,CREDIT_CARD,INDUSIND,CASHFREE,REVERSED,SUCCESS,AUTHORIZED,CAPTURED,REFUNDED,RETURNED,DELIVERED,200,1,REVERSED,PENDING,AWAITING_ACK,591,763,107299,1,0,-0.2841,0.0571,1,0,REFUND_UNCERTAINTY
4500.71,UPI,AXIS,RAZORPAY,SUCCESS,SUCCESS,AUTHORIZED,CAPTURED,PAID,DELIVERED,DELIVERED,200,1,SETTLED,NONE,NONE,270,434,148124,4,0,-0.0624,0.0547,1,0,NORMAL
164.47,CREDIT_CARD,ICICI,STRIPE,SUCCESS,SUCCESS,AUTHORIZED,CAPTURED,PAID,PROCESSING,DELIVERED,200,1,PENDING,NONE,NONE,638,845,49697,10,0,-0.6084,0.0453,1,0,NORMAL
2811.15,UPI,SBI,BILLDESK,SUCCESS,SUCCESS,AUTHORIZED,CAPTURED,CANCELLED,CANCELLED,DELIVERED,200,1,ON_HOLD,PROCESSED,NONE,256509,258455,37097,0,0,-0.1968,0.0481,1,0,ORDER_PAYMENT_CONFLICT
273.95,CREDIT_CARD,PNB,STRIPE,SUCCESS,SUCCESS,AUTHORIZED,CAPTURED,PAID,PROCESSING,DELIVERED,200,2,SETTLED,NONE,NONE,74064,78249,159019,3,0,-0.3477,0.0376,1,0,DELAYED_CONFIRMATION
781.57,UPI,HDFC,BILLDESK,SUCCESS,SUCCESS,AUTHORIZED,CAPTURED,PAID,DELIVERED,DELIVERED,200,1,DISCREPANCY,NONE,NONE,408,696,159141,3,0,0.1322,0.0249,1,0,SETTLEMENT_MISMATCH
1707.15,UPI,SBI,PAYU,SUCCESS,SUCCESS,AUTHORIZED,CAPTURED,PAID,DELIVERED,DELIVERED,200,1,DISCREPANCY,NONE,NONE,400,569,248754,3,0,-0.4903,0.0351,1,0,SETTLEMENT_MISMATCH
1136.44,UPI,SBI,STRIPE,REVERSED,SUCCESS,AUTHORIZED,CAPTURED,REFUNDED,RETURNED,DELIVERED,200,1,REVERSED,MANUAL_INTERVENTION_REQUIRED,AWAITING_ACK,464,691,53155,16,0,-0.5941,0.0296,1,0,REFUND_UNCERTAINTY
2619.47,CREDIT_CARD,INDUSIND,CASHFREE,SUCCESS,SUCCESS,AUTHORIZED,CAPTURED,EXPIRED,CANCELLED,DELIVERED,200,1,ON_HOLD,NONE,NONE,261799,263457,214497,4,0,-0.2516,0.0429,1,0,ORDER_PAYMENT_CONFLICT
12621.52,NET_BANKING,SBI,STRIPE,REVERSED,FAILED,FAILED,PENDING,CANCELLED,RETURNED,DELIVERED,404,1,ON_HOLD,NONE,NOT_INITIATED,103351,100528,196653,5,2,0.0097,0.0684,1,0,UNRESOLVED
1484.37,UPI,PNB,STRIPE,SUCCESS,SUCCESS,AUTHORIZED,CAPTURED,PAID,DELIVERED,DELIVERED,200,1,SETTLED,NONE,NONE,307,571,173933,10,0,-0.4699,0.0173,1,0,NORMAL
184.4,DEBIT_CARD,YES_BANK,RAZORPAY,SUCCESS,SUCCESS,AUTHORIZED,CAPTURED,PAID,DELIVERED,DELIVERED,200,1,SETTLED,NONE,NONE,191,433,196029,7,0,-0.6158,0.037,1,0,NORMAL
20311.68,CREDIT_CARD,SBI,PAYU,SUCCESS,SUCCESS,AUTHORIZED,CAPTURED,CANCELLED,CANCELLED,DELIVERED,200,1,ON_HOLD,PROCESSED,NONE,290869,293345,240409,20,0,0.6249,0.0671,1,0,ORDER_PAYMENT_CONFLICT
6165.22,CREDIT_CARD,KOTAK,STRIPE,SUCCESS,SUCCESS,AUTHORIZED,CAPTURED,REFUNDED,RETURNED,DELIVERED,200,1,REVERSED,MANUAL_INTERVENTION_REQUIRED,AWAITING_ACK,632,732,125877,9,0,1.2019,0.0232,1,0,REFUND_UNCERTAINTY
617.05,UPI,AXIS,CASHFREE,SUCCESS,SUCCESS,AUTHORIZED,CAPTURED,PAID,DELIVERED,DELIVERED,200,1,DISCREPANCY,NONE,NONE,341,452,99562,5,0,-0.0296,0.0287,1,0,SETTLEMENT_MISMATCH
871.71,CREDIT_CARD,INDUSIND,BILLDESK,SUCCESS,SUCCESS,AUTHORIZED,CAPTURED,PENDING_PAYMENT,UNFULFILLED,FAILED,504,2,ON_HOLD,NONE,NONE,298,454,168248,9,0,0.8161,0.0444,1,0,MISSING_WEBHOOK
278.17,DEBIT_CARD,ICICI,RAZORPAY,SUCCESS,SUCCESS,AUTHORIZED,CAPTURED,PAID,DELIVERED,DELIVERED,200,1,ON_HOLD,INITIATED,AWAITING_ACK,615,954,236716,1,4,-0.3377,0.0365,1,1,DUPLICATE_PAYMENT
2917.19,WALLET,AXIS,BILLDESK,SUCCESS,SUCCESS,AUTHORIZED,CAPTURED,PAID,PROCESSING,DELIVERED,200,1,PENDING,NONE,NONE,586,717,20486,6,0,0.5354,0.0479,1,0,NORMAL
1585.04,UPI,HDFC,RAZORPAY,SUCCESS,SUCCESS,AUTHORIZED,CAPTURED,PAID,PROCESSING,DELIVERED,200,1,PENDING,NONE,NONE,471,635,16315,15,0,-0.4339,0.0197,1,0,NORMAL
290.53,UPI,ICICI,RAZORPAY,SUCCESS,SUCCESS,AUTHORIZED,CAPTURED,PENDING_PAYMENT,PROCESSING,DELIVERED,200,1,SETTLED,NONE,NONE,101960,107021,103170,5,0,-0.553,0.0231,1,0,DELAYED_CONFIRMATION
2465.51,UPI,SBI,PAYU,SUCCESS,SUCCESS,AUTHORIZED,CAPTURED,PAID,DELIVERED,DELIVERED,200,1,DISCREPANCY,NONE,NONE,584,776,137641,18,0,1.3029,0.0508,1,0,SETTLEMENT_MISMATCH
5469.34,CREDIT_CARD,HDFC,CASHFREE,SUCCESS,SUCCESS,AUTHORIZED,CAPTURED,PAID,DELIVERED,DELIVERED,200,1,SETTLED,NONE,NONE,536,698,147586,17,0,-0.5625,0.0667,1,0,NORMAL
552.5,CREDIT_CARD,ICICI,CASHFREE,SUCCESS,SUCCESS,AUTHORIZED,CAPTURED,PAID,DELIVERED,DELIVERED,200,1,SETTLED,NONE,NONE,580,680,145306,1,0,-0.4977,0.0592,1,0,NORMAL
490.26,WALLET,KOTAK,PAYU,SUCCESS,SUCCESS,AUTHORIZED,CAPTURED,PAID,PROCESSING,DELIVERED,200,1,PENDING,NONE,NONE,491,757,9290,5,0,0.0214,0.0384,1,0,NORMAL
9053.41,CREDIT_CARD,AXIS,BILLDESK,SUCCESS,SUCCESS,AUTHORIZED,CAPTURED,PENDING_PAYMENT,UNFULFILLED,DROPPED,0,4,ON_HOLD,NONE,NONE,295,403,14454,16,0,-0.2757,0.0708,1,0,MISSING_WEBHOOK
389.01,CREDIT_CARD,AXIS,PAYU,SUCCESS,SUCCESS,AUTHORIZED,CAPTURED,CANCELLED,CANCELLED,DELIVERED,200,1,ON_HOLD,PROCESSED,NONE,307901,309771,181220,18,0,-0.4597,0.0237,1,0,ORDER_PAYMENT_CONFLICT
3164.13,CREDIT_CARD,PNB,PAYU,SUCCESS,SUCCESS,AUTHORIZED,CAPTURED,PAID,DELIVERED,DELIVERED,200,1,SETTLED,NONE,NONE,393,685,191030,2,0,-0.096,0.0495,1,0,NORMAL
479.8,UPI,INDUSIND,BILLDESK,SUCCESS,SUCCESS,AUTHORIZED,CAPTURED,PAID,DELIVERED,DELIVERED,200,1,SETTLED,NONE,NONE,568,847,91912,13,0,-0.0004,0.0433,1,0,NORMAL
3611.48,CREDIT_CARD,INDUSIND,CASHFREE,SUCCESS,SUCCESS,AUTHORIZED,CAPTURED,PAID,PROCESSING,DELIVERED,200,2,SETTLED,NONE,NONE,102951,104534,227850,23,0,0.0319,0.0436,1,0,DELAYED_CONFIRMATION
1119.44,UPI,YES_BANK,STRIPE,SUCCESS,SUCCESS,AUTHORIZED,CAPTURED,PAID,DELIVERED,DELIVERED,200,1,DISCREPANCY,NONE,NONE,707,954,41933,5,0,0.049,0.0575,1,0,SETTLEMENT_MISMATCH
565.26,UPI,SBI,PAYU,SUCCESS,SUCCESS,AUTHORIZED,CAPTURED,CANCELLED,CANCELLED,DELIVERED,200,1,ON_HOLD,PROCESSED,NONE,356887,358588,14012,7,0,-0.2149,0.0261,1,0,ORDER_PAYMENT_CONFLICT
569.81,UPI,HDFC,CASHFREE,SUCCESS,SUCCESS,AUTHORIZED,CAPTURED,PAID,PROCESSING,DELIVERED,200,1,PENDING,NONE,NONE,190,328,24144,7,0,0.1871,0.037,1,0,NORMAL
127.88,CREDIT_CARD,AXIS,RAZORPAY,SUCCESS,SUCCESS,AUTHORIZED,CAPTURED,CANCELLED,CANCELLED,DELIVERED,200,1,ON_HOLD,NONE,NONE,252630,253480,6635,20,0,-0.6955,0.048,1,0,ORDER_PAYMENT_CONFLICT
6182.26,UPI,HDFC,BILLDESK,SUCCESS,SUCCESS,AUTHORIZED,CAPTURED,EXPIRED,UNFULFILLED,DROPPED,502,2,ON_HOLD,NONE,NONE,328,611,67046,11,0,0.288,0.0506,1,0,MISSING_WEBHOOK
2945.6,UPI,HDFC,BILLDESK,SUCCESS,SUCCESS,AUTHORIZED,CAPTURED,PAID,DELIVERED,DELIVERED,200,1,SETTLED,NONE,NONE,3426,3968,174358,21,0,0.5503,0.0494,1,0,NORMAL
587.22,EMI,YES_BANK,CASHFREE,SUCCESS,SUCCESS,AUTHORIZED,CAPTURED,PAID,DELIVERED,DELIVERED,200,1,ON_HOLD,NONE,AWAITING_ACK,461,661,29039,7,1,-0.4662,0.0439,1,1,DUPLICATE_PAYMENT
469.5,DEBIT_CARD,HDFC,RAZORPAY,SUCCESS,SUCCESS,AUTHORIZED,CAPTURED,EXPIRED,UNFULFILLED,DROPPED,0,3,ON_HOLD,NONE,NONE,639,876,77142,19,0,0.1179,0.0405,1,0,MISSING_WEBHOOK
1186.49,CREDIT_CARD,AXIS,RAZORPAY,SUCCESS,SUCCESS,AUTHORIZED,CAPTURED,PAID,PROCESSING,DELIVERED,200,1,PENDING,NONE,NONE,709,1004,66694,7,0,-0.3755,0.0488,1,0,NORMAL
451.96,CREDIT_CARD,INDUSIND,RAZORPAY,SUCCESS,SUCCESS,AUTHORIZED,CAPTURED,PAID,PROCESSING,DELIVERED,200,1,PENDING,NONE,NONE,200,471,9821,8,0,-0.3047,0.021,1,0,NORMAL
807.01,UPI,HDFC,BILLDESK,SUCCESS,SUCCESS,AUTHORIZED,CAPTURED,PAID,PROCESSING,DELIVERED,200,1,PENDING,NONE,NONE,192,371,82930,20,0,-0.7118,0.0121,1,0,NORMAL
3291.76,UPI,ICICI,PAYU,SUCCESS,SUCCESS,AUTHORIZED,CAPTURED,REFUNDED,RETURNED,DELIVERED,200,1,REVERSED,PENDING,REJECTED_BY_BANK,503,797,45105,11,0,-0.3142,0.0688,1,0,REFUND_UNCERTAINTY
1214.3,UPI,HDFC,RAZORPAY,SUCCESS,SUCCESS,AUTHORIZED,CAPTURED,PAID,DELIVERED,DELIVERED,200,1,SETTLED,NONE,NONE,479,625,128846,12,0,0.1039,0.0546,1,0,NORMAL
5084.62,NET_BANKING,YES_BANK,BILLDESK,SUCCESS,SUCCESS,AUTHORIZED,CAPTURED,EXPIRED,CANCELLED,DELIVERED,200,1,ON_HOLD,INITIATED,NONE,303028,305445,101827,2,0,-0.5932,0.062,1,0,ORDER_PAYMENT_CONFLICT
1680.06,CREDIT_CARD,KOTAK,PAYU,SUCCESS,SUCCESS,AUTHORIZED,CAPTURED,CANCELLED,CANCELLED,DELIVERED,200,1,ON_HOLD,NONE,NONE,251491,253228,234410,5,0,-0.52,0.0495,1,0,ORDER_PAYMENT_CONFLICT
588.0,UPI,AXIS,STRIPE,SUCCESS,SUCCESS,AUTHORIZED,CAPTURED,PAID,DELIVERED,DELIVERED,200,1,SETTLED,NONE,NONE,406,600,136029,23,0,0.4,0.0321,1,0,NORMAL
398.64,UPI,HDFC,RAZORPAY,REVERSED,FAILED,TIMEOUT,PENDING,FAILED,RETURNED,RETRYING,504,1,ON_HOLD,FAILED,NOT_INITIATED,32865,2298,211398,23,2,-0.3867,0.0253,1,0,UNRESOLVED
4945.7,UPI,YES_BANK,CASHFREE,SUCCESS,SUCCESS,AUTHORIZED,PENDING,PAID,PROCESSING,DELIVERED,200,1,SETTLED,NONE,NONE,95905,97177,130005,4,0,1.603,0.0519,1,0,DELAYED_CONFIRMATION
866.4,UPI,KOTAK,PAYU,SUCCESS,SUCCESS,AUTHORIZED,CAPTURED,REFUNDED,RETURNED,DELIVERED,200,1,REVERSED,MANUAL_INTERVENTION_REQUIRED,REJECTED_BY_BANK,672,954,43214,2,0,-0.6906,0.0216,1,0,REFUND_UNCERTAINTY
477.98,UPI,HDFC,BILLDESK,DEBITED,TIMED_OUT,FAILED,AUTO_REFUNDED,CANCELLED,CANCELLED,NONE,0,1,ON_HOLD,NONE,NOT_INITIATED,518,52501,162820,14,0,-0.0042,0.0391,1,0,BANK_DEBIT_GATEWAY_FAILURE
2270.38,UPI,KOTAK,STRIPE,SUCCESS,SUCCESS,AUTHORIZED,CAPTURED,PAID,PROCESSING,DELIVERED,200,1,PENDING,NONE,NONE,279,380,39647,1,0,-0.527,0.0593,1,0,NORMAL
485.55,UPI,YES_BANK,PAYU,SUCCESS,SUCCESS,AUTHORIZED,CAPTURED,PAID,DELIVERED,DELIVERED,200,1,SETTLED,NONE,NONE,467,973,160298,3,0,0.0116,0.0314,1,0,NORMAL
10600.36,UPI,AXIS,CASHFREE,SUCCESS,SUCCESS,AUTHORIZED,CAPTURED,PAID,DELIVERED,DELIVERED,200,1,SETTLED,NONE,NONE,510,701,135186,18,0,2.7858,0.0264,1,0,NORMAL
2361.1,DEBIT_CARD,INDUSIND,CASHFREE,DEBITED,FAILED,FAILED,FAILED,CANCELLED,CANCELLED,NONE,504,1,ON_HOLD,INITIATED,NOT_INITIATED,347,54622,36629,18,0,-0.1568,0.025,1,0,BANK_DEBIT_GATEWAY_FAILURE
1265.23,UPI,SBI,STRIPE,SUCCESS,SUCCESS,AUTHORIZED,CAPTURED,PAID,PROCESSING,DELIVERED,200,1,PENDING,NONE,NONE,198,326,39372,9,0,1.6359,0.0439,1,0,NORMAL
2041.09,EMI,YES_BANK,RAZORPAY,DEBITED,PENDING,AUTHORIZED,FAILED,FAILED,CANCELLED,FAILED,504,1,DISCREPANCY,PENDING,NOT_INITIATED,33070,111089,27281,3,1,-0.4168,0.0351,1,0,UNRESOLVED
375.46,WALLET,YES_BANK,STRIPE,SUCCESS,SUCCESS,AUTHORIZED,CAPTURED,PAID,DELIVERED,DELIVERED,200,1,SETTLED,NONE,NONE,453,708,237820,15,0,-0.4785,0.0391,1,0,NORMAL
280.5,UPI,ICICI,PAYU,SUCCESS,SUCCESS,AUTHORIZED,CAPTURED,PAID,PROCESSING,DELIVERED,200,1,PENDING,NONE,NONE,574,845,14395,17,0,-0.4156,0.0471,1,0,NORMAL
1341.54,UPI,PNB,CASHFREE,SUCCESS,SUCCESS,AUTHORIZED,CAPTURED,PAID,PROCESSING,DELIVERED,200,2,PENDING,NONE,NONE,84027,86874,70273,6,0,0.2196,0.0583,1,0,DELAYED_CONFIRMATION
818.25,UPI,KOTAK,PAYU,SUCCESS,SUCCESS,AUTHORIZED,CAPTURED,PAID,PROCESSING,DELIVERED,200,1,PENDING,NONE,NONE,513,798,57267,8,0,0.1365,0.0399,1,0,NORMAL
422.75,DEBIT_CARD,HDFC,STRIPE,SUCCESS,SUCCESS,AUTHORIZED,CAPTURED,PROCESSING,PROCESSING,DELIVERED,200,1,SETTLED,NONE,NONE,108315,113336,108804,6,0,-0.1193,0.0451,1,0,DELAYED_CONFIRMATION
1131.74,CREDIT_CARD,ICICI,PAYU,DEBITED,TIMED_OUT,NONE,FAILED,CANCELLED,CANCELLED,NONE,0,1,ON_HOLD,NONE,NOT_INITIATED,722,74040,166560,22,0,-0.4043,0.0485,1,0,BANK_DEBIT_GATEWAY_FAILURE
2743.58,CREDIT_CARD,HDFC,RAZORPAY,SUCCESS,SUCCESS,AUTHORIZED,CAPTURED,PENDING_PAYMENT,UNFULFILLED,FAILED,0,3,PENDING,NONE,NONE,638,755,197982,8,0,-0.0202,0.019,1,0,MISSING_WEBHOOK
349.42,UPI,YES_BANK,CASHFREE,SUCCESS,SUCCESS,AUTHORIZED,CAPTURED,PAID,DELIVERED,DELIVERED,200,1,ON_HOLD,NONE,AWAITING_ACK,675,875,167763,21,2,-0.272,0.0338,1,1,DUPLICATE_PAYMENT
1027.41,CREDIT_CARD,YES_BANK,PAYU,SUCCESS,TIMED_OUT,TIMEOUT,NOT_REQUESTED,CANCELLED,CANCELLED,NONE,504,1,ON_HOLD,INITIATED,NOT_INITIATED,1415,45197,13713,14,0,0.427,0.0287,1,0,BANK_DEBIT_GATEWAY_FAILURE
4256.7,NET_BANKING,HDFC,BILLDESK,PENDING,SUCCESS,TIMEOUT,FAILED,FAILED,UNFULFILLED,DROPPED,200,1,DISCREPANCY,MANUAL_INTERVENTION_REQUIRED,AWAITING_ACK,73520,96902,234658,7,1,-0.1132,0.0661,1,0,UNRESOLVED
1796.87,UPI,PNB,BILLDESK,SUCCESS,SUCCESS,AUTHORIZED,CAPTURED,PAID,DELIVERED,DELIVERED,200,1,SETTLED,NONE,NONE,280,410,120292,6,0,0.6335,0.0444,1,0,NORMAL
2855.4,CREDIT_CARD,HDFC,CASHFREE,SUCCESS,SUCCESS,AUTHORIZED,CAPTURED,PAID,PROCESSING,RETRYING,200,3,SETTLED,NONE,NONE,82674,84399,135222,9,0,1.5958,0.047,1,0,DELAYED_CONFIRMATION
2042.48,UPI,AXIS,RAZORPAY,SUCCESS,SUCCESS,AUTHORIZED,CAPTURED,PAID,DELIVERED,DELIVERED,200,1,SETTLED,NONE,NONE,4453,5035,165943,7,0,-0.2705,0.0172,1,0,NORMAL
629.64,UPI,PNB,STRIPE,SUCCESS,SUCCESS,AUTHORIZED,CAPTURED,PAID,DELIVERED,DELIVERED,200,1,SETTLED,NONE,NONE,546,745,186833,21,0,0.4991,0.0319,1,0,NORMAL
502.34,CREDIT_CARD,INDUSIND,BILLDESK,SUCCESS,SUCCESS,AUTHORIZED,CAPTURED,PAID,DELIVERED,DELIVERED,200,1,SETTLED,NONE,NONE,492,696,94071,14,0,0.0465,0.0327,1,0,NORMAL
5369.9,CREDIT_CARD,PNB,PAYU,DEBITED,SUCCESS,NONE,AUTO_REFUNDED,CANCELLED,DELIVERED,DROPPED,0,1,ON_HOLD,MANUAL_INTERVENTION_REQUIRED,REJECTED_BY_BANK,101423,90734,109677,14,3,0.1187,0.0566,1,0,UNRESOLVED
907.21,DEBIT_CARD,ICICI,RAZORPAY,SUCCESS,SUCCESS,AUTHORIZED,CAPTURED,PAID,DELIVERED,DELIVERED,200,1,DISCREPANCY,NONE,NONE,361,568,88269,19,0,-0.1221,0.0526,1,0,SETTLEMENT_MISMATCH
216.34,UPI,YES_BANK,PAYU,SUCCESS,SUCCESS,AUTHORIZED,CAPTURED,PAID,DELIVERED,DELIVERED,200,1,SETTLED,NONE,NONE,547,753,197059,10,0,-0.4849,0.049,1,0,NORMAL
5802.4,UPI,ICICI,CASHFREE,SUCCESS,SUCCESS,AUTHORIZED,CAPTURED,CANCELLED,CANCELLED,DELIVERED,200,1,ON_HOLD,NONE,NONE,283964,286428,28287,6,0,0.6578,0.0419,1,0,ORDER_PAYMENT_CONFLICT
8285.97,CREDIT_CARD,SBI,PAYU,SUCCESS,SUCCESS,AUTHORIZED,CAPTURED,PAID,PROCESSING,DELIVERED,200,1,PENDING,NONE,NONE,44693,50036,46149,19,0,1.3674,0.0471,1,0,DELAYED_CONFIRMATION
531.55,DEBIT_CARD,ICICI,STRIPE,SUCCESS,SUCCESS,AUTHORIZED,CAPTURED,PAID,PROCESSING,DELIVERED,200,1,PENDING,NONE,NONE,569,714,16173,6,0,-0.2617,0.027,1,0,NORMAL
6248.35,UPI,YES_BANK,CASHFREE,SUCCESS,SUCCESS,AUTHORIZED,CAPTURED,PAID,DELIVERED,DELIVERED,200,1,SETTLED,NONE,NONE,338,533,88326,4,0,0.3017,0.0639,1,0,NORMAL
702.64,UPI,HDFC,CASHFREE,SUCCESS,SUCCESS,AUTHORIZED,CAPTURED,PAID,DELIVERED,DELIVERED,200,1,SETTLED,NONE,NONE,629,711,129625,20,0,0.673,0.0423,1,0,NORMAL
9826.2,DEBIT_CARD,YES_BANK,RAZORPAY,SUCCESS,SUCCESS,AUTHORIZED,CAPTURED,PAID,DELIVERED,DELIVERED,200,2,SETTLED,NONE,NONE,625,870,140999,6,1,2.5094,0.0234,1,0,NORMAL
5629.7,CREDIT_CARD,HDFC,BILLDESK,PENDING,FAILED,NONE,CAPTURED,PENDING_PAYMENT,DELIVERED,RETRYING,404,1,ON_HOLD,PENDING,NOT_INITIATED,96478,90888,192798,1,0,1.0106,0.0258,1,0,UNRESOLVED
2007.54,UPI,INDUSIND,RAZORPAY,SUCCESS,SUCCESS,AUTHORIZED,CAPTURED,PAID,DELIVERED,DELIVERED,200,1,SETTLED,NONE,NONE,547,774,100002,7,1,0.0566,0.044,1,0,NORMAL
2742.55,UPI,SBI,RAZORPAY,SUCCESS,SUCCESS,AUTHORIZED,CAPTURED,EXPIRED,UNFULFILLED,DROPPED,502,2,PENDING,NONE,NONE,336,427,89380,16,0,-0.0205,0.0142,1,0,MISSING_WEBHOOK
2860.54,UPI,ICICI,BILLDESK,SUCCESS,SUCCESS,AUTHORIZED,CAPTURED,PAID,PROCESSING,DELIVERED,200,1,PENDING,NONE,NONE,564,754,61599,13,0,-0.1827,0.0346,1,0,NORMAL
4194.76,UPI,KOTAK,STRIPE,SUCCESS,SUCCESS,AUTHORIZED,CAPTURED,PAID,PROCESSING,DELIVERED,200,1,PENDING,NONE,NONE,283,400,2928,5,0,-0.1261,0.0514,1,0,NORMAL
3830.51,UPI,ICICI,CASHFREE,SUCCESS,SUCCESS,AUTHORIZED,CAPTURED,PAID,PROCESSING,DELIVERED,200,1,PENDING,NONE,NONE,504,726,61024,15,0,0.0944,0.0371,1,0,NORMAL
930.82,DEBIT_CARD,KOTAK,BILLDESK,SUCCESS,TIMED_OUT,TIMEOUT,FAILED,CANCELLED,CANCELLED,NONE,504,1,ON_HOLD,NONE,NOT_INITIATED,1027,93183,208836,21,0,-0.5101,0.0527,1,0,BANK_DEBIT_GATEWAY_FAILURE
4344.82,UPI,AXIS,STRIPE,SUCCESS,SUCCESS,AUTHORIZED,CAPTURED,PAID,DELIVERED,DELIVERED,200,1,DISCREPANCY,NONE,NONE,296,461,41840,0,0,0.28,0.0339,1,0,SETTLEMENT_MISMATCH
180.51,UPI,HDFC,STRIPE,SUCCESS,SUCCESS,AUTHORIZED,CAPTURED,PAID,PROCESSING,DELIVERED,200,1,PENDING,NONE,NONE,712,793,30918,16,0,-0.5702,0.0352,1,0,NORMAL
2078.06,UPI,KOTAK,BILLDESK,SUCCESS,SUCCESS,AUTHORIZED,CAPTURED,PAID,DELIVERED,DELIVERED,200,1,SETTLED,NONE,NONE,646,868,156758,10,0,0.8891,0.0514,1,0,NORMAL
4909.44,UPI,INDUSIND,RAZORPAY,SUCCESS,SUCCESS,AUTHORIZED,CAPTURED,CANCELLED,CANCELLED,DELIVERED,200,1,ON_HOLD,NONE,NONE,261741,264008,204333,3,0,0.0228,0.069,1,0,ORDER_PAYMENT_CONFLICT
1833.7,CREDIT_CARD,YES_BANK,PAYU,SUCCESS,PENDING,AUTHORIZED,CAPTURED,PROCESSING,PROCESSING,DELIVERED,200,3,SETTLED,NONE,NONE,105111,110181,135250,10,0,-0.4761,0.0367,1,0,DELAYED_CONFIRMATION
1198.34,UPI,PNB,STRIPE,DEBITED,FAILED,FAILED,FAILED,CANCELLED,CANCELLED,FAILED,500,1,ON_HOLD,NONE,NOT_INITIATED,851,77161,166520,12,0,-0.6576,0.0363,1,0,BANK_DEBIT_GATEWAY_FAILURE
1939.51,CREDIT_CARD,KOTAK,PAYU,SUCCESS,SUCCESS,AUTHORIZED,CAPTURED,EXPIRED,UNFULFILLED,DROPPED,504,4,ON_HOLD,NONE,NONE,632,742,44754,23,0,0.7632,0.0427,1,0,MISSING_WEBHOOK
7748.45,UPI,HDFC,PAYU,SUCCESS,SUCCESS,AUTHORIZED,CAPTURED,PAID,DELIVERED,DELIVERED,200,1,SETTLED,NONE,NONE,284,537,224462,23,0,1.7673,0.0261,1,0,NORMAL
3564.73,UPI,INDUSIND,BILLDESK,SUCCESS,SUCCESS,AUTHORIZED,CAPTURED,PENDING_PAYMENT,UNFULFILLED,DROPPED,500,2,ON_HOLD,NONE,NONE,323,444,87839,23,0,-0.2573,0.0677,1,0,MISSING_WEBHOOK
710.26,UPI,KOTAK,BILLDESK,SUCCESS,SUCCESS,AUTHORIZED,CAPTURED,CANCELLED,CANCELLED,DELIVERED,200,1,ON_HOLD,INITIATED,NONE,349935,352407,88748,23,0,0.0927,0.0395,1,0,ORDER_PAYMENT_CONFLICT
3620.74,WALLET,SBI,CASHFREE,DEBITED,TIMED_OUT,TIMEOUT,FAILED,CANCELLED,CANCELLED,FAILED,0,1,ON_HOLD,NONE,NOT_INITIATED,1382,67917,109094,0,0,-0.7103,0.0792,1,0,BANK_DEBIT_GATEWAY_FAILURE
3019.02,UPI,AXIS,CASHFREE,SUCCESS,SUCCESS,AUTHORIZED,CAPTURED,PENDING_PAYMENT,UNFULFILLED,FAILED,404,4,ON_HOLD,NONE,NONE,516,601,245306,4,0,0.589,0.0585,1,0,MISSING_WEBHOOK
404.13,CREDIT_CARD,INDUSIND,BILLDESK,SUCCESS,SUCCESS,AUTHORIZED,CAPTURED,PAID,DELIVERED,DELIVERED,200,1,SETTLED,NONE,NONE,252,481,236515,13,0,-0.0378,0.04,1,0,NORMAL
2295.23,DEBIT_CARD,AXIS,BILLDESK,SUCCESS,SUCCESS,AUTHORIZED,CAPTURED,PAID,PROCESSING,DELIVERED,200,1,PENDING,NONE,NONE,2388,2967,23493,14,0,-0.1803,0.0176,1,0,NORMAL
1742.13,DEBIT_CARD,INDUSIND,RAZORPAY,SUCCESS,FAILED,FAILED,NOT_REQUESTED,CANCELLED,CANCELLED,FAILED,504,1,ON_HOLD,INITIATED,NOT_INITIATED,319,76974,12409,2,0,-0.6371,0.055,1,0,BANK_DEBIT_GATEWAY_FAILURE
1244.99,UPI,SBI,RAZORPAY,DEBITED,FAILED,FAILED,NOT_REQUESTED,CANCELLED,CANCELLED,DELIVERED,200,1,ON_HOLD,NONE,NOT_INITIATED,756,71152,43564,1,0,0.1318,0.0426,1,0,BANK_DEBIT_GATEWAY_FAILURE
1117.89,UPI,ICICI,CASHFREE,SUCCESS,SUCCESS,AUTHORIZED,CAPTURED,PAID,PROCESSING,DELIVERED,200,1,PENDING,NONE,NONE,693,851,80560,6,0,0.0163,0.0565,1,0,NORMAL
2561.65,CREDIT_CARD,YES_BANK,PAYU,SUCCESS,SUCCESS,AUTHORIZED,CAPTURED,PAID,DELIVERED,DELIVERED,200,1,SETTLED,NONE,NONE,551,822,204757,14,0,0.3482,0.0542,1,0,NORMAL
538.36,NET_BANKING,HDFC,PAYU,SUCCESS,SUCCESS,AUTHORIZED,CAPTURED,PAID,DELIVERED,DELIVERED,200,1,SETTLED,NONE,NONE,320,578,252757,21,0,0.2818,0.0359,1,0,NORMAL
2583.21,CREDIT_CARD,INDUSIND,STRIPE,SUCCESS,SUCCESS,AUTHORIZED,CAPTURED,PAID,DELIVERED,DELIVERED,200,1,SETTLED,NONE,NONE,464,759,185645,17,0,-0.0774,0.0296,1,0,NORMAL
1556.03,CREDIT_CARD,PNB,STRIPE,SUCCESS,SUCCESS,AUTHORIZED,CAPTURED,PAID,PROCESSING,DELIVERED,200,1,PENDING,NONE,NONE,410,496,50119,0,0,-0.181,0.0431,1,0,NORMAL
11354.9,CREDIT_CARD,KOTAK,RAZORPAY,SUCCESS,SUCCESS,AUTHORIZED,CAPTURED,PAID,DELIVERED,DELIVERED,200,1,SETTLED,NONE,NONE,732,812,109854,2,0,-0.0916,0.0637,1,0,NORMAL
285.88,UPI,INDUSIND,CASHFREE,SUCCESS,SUCCESS,AUTHORIZED,CAPTURED,PAID,DELIVERED,DELIVERED,200,1,DISCREPANCY,NONE,NONE,356,603,63735,14,0,-0.2693,0.0499,1,0,SETTLEMENT_MISMATCH
1958.53,UPI,ICICI,CASHFREE,SUCCESS,SUCCESS,AUTHORIZED,CAPTURED,PAID,DELIVERED,DELIVERED,200,1,DISCREPANCY,NONE,NONE,415,565,204683,20,0,-0.5164,0.064,1,0,SETTLEMENT_MISMATCH
412.77,UPI,SBI,RAZORPAY,SUCCESS,SUCCESS,AUTHORIZED,CAPTURED,PAID,DELIVERED,DELIVERED,200,1,SETTLED,NONE,NONE,669,841,204776,21,0,-0.365,0.0225,1,0,NORMAL
12725.18,DEBIT_CARD,KOTAK,STRIPE,SUCCESS,SUCCESS,AUTHORIZED,CAPTURED,PAID,DELIVERED,DELIVERED,200,2,SETTLED,NONE,NONE,1305,2052,248726,5,1,0.018,0.0757,1,0,NORMAL
3785.28,NET_BANKING,SBI,RAZORPAY,SUCCESS,SUCCESS,AUTHORIZED,CAPTURED,CANCELLED,CANCELLED,DELIVERED,200,1,ON_HOLD,NONE,NONE,306847,309120,168566,3,0,0.3519,0.028,1,0,ORDER_PAYMENT_CONFLICT
2919.81,UPI,INDUSIND,RAZORPAY,SUCCESS,SUCCESS,AUTHORIZED,CAPTURED,PAID,DELIVERED,DELIVERED,200,1,SETTLED,NONE,NONE,515,701,101556,6,0,-0.3917,0.0592,1,0,NORMAL
12372.63,CREDIT_CARD,SBI,PAYU,SUCCESS,SUCCESS,AUTHORIZED,CAPTURED,PAID,DELIVERED,DELIVERED,200,1,SETTLED,NONE,NONE,428,655,234460,0,0,1.5776,0.0678,1,0,NORMAL
7420.8,UPI,HDFC,PAYU,SUCCESS,SUCCESS,AUTHORIZED,CAPTURED,REFUNDED,RETURNED,DELIVERED,200,1,REVERSED,FAILED,AWAITING_ACK,558,692,2139,17,0,1.1202,0.0439,1,0,REFUND_UNCERTAINTY
3595.08,UPI,AXIS,BILLDESK,SUCCESS,SUCCESS,AUTHORIZED,CAPTURED,CANCELLED,CANCELLED,DELIVERED,200,1,ON_HOLD,INITIATED,NONE,302777,303989,175516,11,0,0.8921,0.0536,1,0,ORDER_PAYMENT_CONFLICT
294.33,DEBIT_CARD,PNB,STRIPE,SUCCESS,SUCCESS,AUTHORIZED,CAPTURED,PAID,DELIVERED,DELIVERED,200,1,SETTLED,NONE,NONE,347,599,197939,11,1,-0.5472,0.0279,1,0,NORMAL
170.09,UPI,YES_BANK,RAZORPAY,SUCCESS,SUCCESS,AUTHORIZED,CAPTURED,EXPIRED,CANCELLED,DELIVERED,200,1,ON_HOLD,NONE,NONE,358339,359335,89569,20,0,-0.595,0.0457,1,0,ORDER_PAYMENT_CONFLICT
558.2,DEBIT_CARD,ICICI,BILLDESK,SUCCESS,SUCCESS,AUTHORIZED,CAPTURED,PAID,PROCESSING,DELIVERED,200,2,PENDING,NONE,NONE,693,968,25143,6,0,-0.2247,0.0232,1,0,NORMAL
602.43,CREDIT_CARD,ICICI,RAZORPAY,SUCCESS,SUCCESS,AUTHORIZED,CAPTURED,PAID,DELIVERED,DELIVERED,200,1,SETTLED,NONE,NONE,2368,2932,86861,22,0,0.4344,0.0393,1,0,NORMAL
425.18,UPI,PNB,BILLDESK,SUCCESS,SUCCESS,AUTHORIZED,CAPTURED,PAID,DELIVERED,DELIVERED,200,1,DISCREPANCY,NONE,NONE,244,469,172221,10,0,0.0483,0.0443,1,0,SETTLEMENT_MISMATCH
10639.89,UPI,HDFC,CASHFREE,SUCCESS,SUCCESS,AUTHORIZED,CAPTURED,PAID,DELIVERED,DELIVERED,200,1,SETTLED,NONE,NONE,252,483,87461,22,0,-0.1488,0.0752,1,0,NORMAL
444.37,UPI,PNB,PAYU,SUCCESS,SUCCESS,AUTHORIZED,CAPTURED,PAID,PROCESSING,DELIVERED,200,1,PENDING,NONE,NONE,2541,2909,51448,3,0,-0.3828,0.0233,1,0,NORMAL
2417.21,CREDIT_CARD,SBI,CASHFREE,SUCCESS,SUCCESS,AUTHORIZED,CAPTURED,CANCELLED,CANCELLED,DELIVERED,200,1,ON_HOLD,PROCESSED,NONE,336081,337723,247288,16,0,-0.4964,0.0693,1,0,ORDER_PAYMENT_CONFLICT
739.96,CREDIT_CARD,HDFC,CASHFREE,SUCCESS,SUCCESS,AUTHORIZED,CAPTURED,PAID,DELIVERED,DELIVERED,200,1,SETTLED,NONE,NONE,535,748,249857,15,0,0.0277,0.0224,1,0,NORMAL
646.17,UPI,HDFC,BILLDESK,SUCCESS,SUCCESS,AUTHORIZED,CAPTURED,PAID,DELIVERED,DELIVERED,200,1,ON_HOLD,PROCESSED,CREDITED_TO_CUSTOMER,438,664,216834,22,1,-0.0059,0.0272,1,1,DUPLICATE_PAYMENT
3816.03,UPI,ICICI,PAYU,REVERSED,SUCCESS,AUTHORIZED,CAPTURED,REFUNDED,RETURNED,DELIVERED,200,1,REVERSED,MANUAL_INTERVENTION_REQUIRED,AWAITING_ACK,403,621,80232,7,0,1.0084,0.0592,1,0,REFUND_UNCERTAINTY
2061.37,UPI,KOTAK,STRIPE,SUCCESS,SUCCESS,AUTHORIZED,CAPTURED,PAID,DELIVERED,DELIVERED,200,1,DISCREPANCY,NONE,NONE,642,771,22838,7,0,0.1168,0.0556,1,0,SETTLEMENT_MISMATCH
637.18,UPI,HDFC,CASHFREE,SUCCESS,SUCCESS,AUTHORIZED,CAPTURED,PAID,PROCESSING,DELIVERED,200,3,PENDING,NONE,NONE,634,933,23536,20,0,-0.115,0.0314,1,0,NORMAL
38615.49,NET_BANKING,SBI,CASHFREE,SUCCESS,SUCCESS,AUTHORIZED,CAPTURED,CANCELLED,CANCELLED,DELIVERED,200,1,ON_HOLD,INITIATED,NONE,259915,260939,219184,22,0,2.0892,0.0719,1,0,ORDER_PAYMENT_CONFLICT
486.47,UPI,SBI,CASHFREE,SUCCESS,SUCCESS,AUTHORIZED,CAPTURED,PAID,DELIVERED,DELIVERED,200,1,DISCREPANCY,NONE,NONE,567,778,902,10,0,-0.2722,0.0373,1,0,SETTLEMENT_MISMATCH
699.49,UPI,KOTAK,RAZORPAY,SUCCESS,SUCCESS,AUTHORIZED,CAPTURED,PAID,DELIVERED,DELIVERED,200,1,SETTLED,NONE,NONE,526,776,223417,12,0,0.0761,0.0299,1,0,NORMAL
251.12,DEBIT_CARD,YES_BANK,CASHFREE,SUCCESS,SUCCESS,AUTHORIZED,CAPTURED,CANCELLED,UNFULFILLED,DROPPED,502,5,PENDING,NONE,NONE,742,852,165275,9,0,-0.4768,0.0364,1,0,MISSING_WEBHOOK
351.62,DEBIT_CARD,PNB,CASHFREE,SUCCESS,SUCCESS,AUTHORIZED,CAPTURED,EXPIRED,UNFULFILLED,FAILED,0,4,ON_HOLD,NONE,NONE,352,462,111659,14,0,-0.5116,0.023,1,0,MISSING_WEBHOOK
5651.42,UPI,INDUSIND,PAYU,PENDING,PENDING,AUTHORIZED,FAILED,CANCELLED,CANCELLED,DELIVERED,200,1,ON_HOLD,NONE,NOT_INITIATED,59664,40525,237176,18,0,1.9744,0.0436,1,0,UNRESOLVED
28752.69,UPI,ICICI,CASHFREE,SUCCESS,SUCCESS,AUTHORIZED,CAPTURED,PAID,PROCESSING,DELIVERED,200,1,PENDING,NONE,NONE,363,594,40729,15,0,1.3002,0.0769,1,0,NORMAL
357.94,EMI,AXIS,STRIPE,SUCCESS,SUCCESS,AUTHORIZED,CAPTURED,PAID,DELIVERED,DELIVERED,200,1,DISCREPANCY,NONE,NONE,414,532,148114,10,0,-0.3937,0.0293,1,0,SETTLEMENT_MISMATCH
2442.18,CREDIT_CARD,PNB,CASHFREE,SUCCESS,SUCCESS,AUTHORIZED,CAPTURED,PAID,DELIVERED,DELIVERED,200,2,SETTLED,NONE,NONE,2142,2797,214708,22,0,0.2854,0.0404,1,0,NORMAL
885.06,DEBIT_CARD,AXIS,PAYU,SUCCESS,SUCCESS,AUTHORIZED,CAPTURED,CANCELLED,CANCELLED,DELIVERED,200,1,ON_HOLD,NONE,NONE,341793,343368,259130,23,0,-0.1954,0.0406,1,0,ORDER_PAYMENT_CONFLICT
729.37,CREDIT_CARD,INDUSIND,STRIPE,SUCCESS,SUCCESS,AUTHORIZED,CAPTURED,CANCELLED,CANCELLED,DELIVERED,200,1,ON_HOLD,PROCESSED,NONE,332767,335117,205072,23,0,0.7366,0.0412,1,0,ORDER_PAYMENT_CONFLICT
2691.07,UPI,KOTAK,BILLDESK,SUCCESS,SUCCESS,AUTHORIZED,CAPTURED,PAID,PROCESSING,DELIVERED,200,1,PENDING,NONE,NONE,2840,3595,78826,0,0,-0.0389,0.0182,1,0,NORMAL
375.1,UPI,HDFC,BILLDESK,DEBITED,TIMED_OUT,TIMEOUT,FAILED,CANCELLED,CANCELLED,NONE,500,1,ON_HOLD,NONE,NOT_INITIATED,838,93776,202131,21,0,-0.4229,0.0242,1,0,BANK_DEBIT_GATEWAY_FAILURE
1669.38,DEBIT_CARD,INDUSIND,RAZORPAY,SUCCESS,SUCCESS,AUTHORIZED,CAPTURED,PAID,DELIVERED,DELIVERED,200,1,SETTLED,NONE,NONE,545,708,248335,11,0,1.3186,0.0265,1,0,NORMAL
2652.17,UPI,ICICI,RAZORPAY,SUCCESS,SUCCESS,AUTHORIZED,CAPTURED,CANCELLED,CANCELLED,DELIVERED,200,1,ON_HOLD,INITIATED,NONE,280596,281741,97208,9,0,1.4111,0.0446,1,0,ORDER_PAYMENT_CONFLICT
3357.58,NET_BANKING,ICICI,STRIPE,SUCCESS,SUCCESS,AUTHORIZED,CAPTURED,PAID,PROCESSING,DELIVERED,200,1,PENDING,NONE,NONE,196,310,81147,21,0,-0.3005,0.0523,1,0,NORMAL
1236.61,NET_BANKING,INDUSIND,PAYU,SUCCESS,SUCCESS,AUTHORIZED,CAPTURED,PENDING_PAYMENT,UNFULFILLED,FAILED,0,5,ON_HOLD,NONE,NONE,429,529,85253,17,0,0.9025,0.0399,1,0,MISSING_WEBHOOK
464.07,UPI,INDUSIND,STRIPE,SUCCESS,SUCCESS,AUTHORIZED,CAPTURED,EXPIRED,UNFULFILLED,FAILED,500,4,ON_HOLD,NONE,NONE,393,663,94356,18,0,-0.286,0.03,1,0,MISSING_WEBHOOK
258.73,UPI,PNB,BILLDESK,SUCCESS,SUCCESS,AUTHORIZED,CAPTURED,PAID,DELIVERED,DELIVERED,200,1,ON_HOLD,INITIATED,AWAITING_ACK,259,373,180932,22,3,-0.461,0.0454,1,1,DUPLICATE_PAYMENT
8153.08,DEBIT_CARD,SBI,BILLDESK,SUCCESS,SUCCESS,AUTHORIZED,CAPTURED,PENDING_PAYMENT,PROCESSING,DELIVERED,200,2,SETTLED,NONE,NONE,72417,73880,178640,13,0,-0.3478,0.0708,1,0,DELAYED_CONFIRMATION
1873.67,UPI,SBI,PAYU,SUCCESS,SUCCESS,AUTHORIZED,CAPTURED,PENDING_PAYMENT,PROCESSING,RETRYING,200,1,SETTLED,NONE,NONE,91646,94170,248108,6,0,-0.6097,0.0673,1,0,DELAYED_CONFIRMATION
429.67,DEBIT_CARD,PNB,CASHFREE,SUCCESS,SUCCESS,AUTHORIZED,CAPTURED,PAID,DELIVERED,DELIVERED,200,3,SETTLED,NONE,NONE,479,762,222646,9,0,-0.4032,0.034,1,0,NORMAL
1688.93,UPI,HDFC,CASHFREE,SUCCESS,SUCCESS,AUTHORIZED,CAPTURED,PAID,DELIVERED,DELIVERED,200,1,SETTLED,NONE,NONE,521,721,98934,22,0,3.0213,0.0322,1,0,NORMAL
9552.29,UPI,HDFC,PAYU,SUCCESS,SUCCESS,AUTHORIZED,CAPTURED,PAID,DELIVERED,DELIVERED,200,1,ON_HOLD,PROCESSED,CREDITED_TO_CUSTOMER,280,548,28463,18,4,1.7292,0.034,1,1,DUPLICATE_PAYMENT
1392.03,CREDIT_CARD,SBI,STRIPE,SUCCESS,SUCCESS,AUTHORIZED,CAPTURED,PAID,DELIVERED,DELIVERED,200,1,SETTLED,NONE,NONE,2642,3517,182039,17,0,0.9334,0.0396,1,0,NORMAL
13942.23,NET_BANKING,ICICI,RAZORPAY,SUCCESS,SUCCESS,AUTHORIZED,CAPTURED,EXPIRED,CANCELLED,DELIVERED,200,1,ON_HOLD,INITIATED,NONE,270743,272250,165899,14,0,0.1154,0.073,1,0,ORDER_PAYMENT_CONFLICT
386.3,CREDIT_CARD,HDFC,STRIPE,PENDING,SUCCESS,AUTHORIZED,PENDING,PAID,PROCESSING,DELIVERED,200,3,PENDING,NONE,NONE,102481,105716,440,0,0,-0.0802,0.0389,1,0,DELAYED_CONFIRMATION
472.02,UPI,HDFC,RAZORPAY,REVERSED,SUCCESS,AUTHORIZED,FAILED,CANCELLED,DELIVERED,RETRYING,500,1,DISCREPANCY,FAILED,AWAITING_ACK,32839,38985,206674,17,2,-0.3444,0.0361,1,0,UNRESOLVED
198.64,UPI,PNB,CASHFREE,SUCCESS,SUCCESS,AUTHORIZED,CAPTURED,REFUNDED,RETURNED,DELIVERED,200,1,REVERSED,MANUAL_INTERVENTION_REQUIRED,AWAITING_ACK,589,752,228,13,0,-0.5862,0.0358,1,0,REFUND_UNCERTAINTY
7779.74,NET_BANKING,KOTAK,STRIPE,SUCCESS,TIMED_OUT,NONE,FAILED,CANCELLED,CANCELLED,DELIVERED,200,1,ON_HOLD,NONE,NOT_INITIATED,756,84324,164476,19,0,1.7785,0.0166,1,0,BANK_DEBIT_GATEWAY_FAILURE
505.6,NET_BANKING,YES_BANK,CASHFREE,SUCCESS,SUCCESS,AUTHORIZED,CAPTURED,PAID,PROCESSING,DELIVERED,200,1,PENDING,NONE,NONE,692,802,29372,7,0,0.0533,0.0434,1,0,NORMAL
2307.64,UPI,YES_BANK,BILLDESK,SUCCESS,SUCCESS,AUTHORIZED,CAPTURED,PAID,DELIVERED,DELIVERED,200,1,SETTLED,NONE,NONE,509,685,117071,0,0,-0.1758,0.0165,1,0,NORMAL
2215.67,CREDIT_CARD,AXIS,CASHFREE,SUCCESS,SUCCESS,AUTHORIZED,CAPTURED,REFUNDED,RETURNED,DELIVERED,200,1,REVERSED,PENDING,NOT_INITIATED,653,759,241189,23,0,0.1661,0.0432,1,0,REFUND_UNCERTAINTY
1193.53,CREDIT_CARD,PNB,CASHFREE,SUCCESS,PENDING,FAILED,CAPTURED,CANCELLED,DELIVERED,DROPPED,500,1,FAILED,FAILED,NOT_INITIATED,110905,54279,217764,14,1,-0.659,0.0489,1,0,UNRESOLVED
4166.46,CREDIT_CARD,HDFC,STRIPE,SUCCESS,SUCCESS,AUTHORIZED,CAPTURED,PAID,DELIVERED,DELIVERED,200,1,ON_HOLD,PROCESSED,CREDITED_TO_CUSTOMER,717,876,146247,19,4,-0.132,0.0597,1,1,DUPLICATE_PAYMENT
176.0,NET_BANKING,KOTAK,CASHFREE,SUCCESS,SUCCESS,AUTHORIZED,CAPTURED,PAID,DELIVERED,DELIVERED,200,1,SETTLED,NONE,NONE,624,961,201511,9,0,-0.581,0.0428,1,0,NORMAL
377.83,UPI,PNB,PAYU,SUCCESS,PENDING,TIMEOUT,PENDING,PAID,UNFULFILLED,DROPPED,200,1,FAILED,NONE,REJECTED_BY_BANK,72138,116981,220205,1,2,-0.4752,0.032,1,0,UNRESOLVED
384.98,UPI,HDFC,RAZORPAY,SUCCESS,PENDING,AUTHORIZED,CAPTURED,PENDING_PAYMENT,PROCESSING,RETRYING,200,1,SETTLED,NONE,NONE,46997,51619,181710,21,0,-0.4077,0.0363,1,0,DELAYED_CONFIRMATION
709.81,NET_BANKING,ICICI,BILLDESK,SUCCESS,SUCCESS,AUTHORIZED,CAPTURED,PAID,DELIVERED,DELIVERED,200,1,SETTLED,NONE,NONE,449,551,129333,13,0,0.092,0.0343,1,0,NORMAL
1721.34,EMI,YES_BANK,BILLDESK,SUCCESS,SUCCESS,AUTHORIZED,CAPTURED,PAID,DELIVERED,DELIVERED,200,1,SETTLED,NONE,NONE,688,890,242689,9,0,-0.3852,0.0268,1,0,NORMAL
798.1,UPI,HDFC,STRIPE,SUCCESS,SUCCESS,AUTHORIZED,CAPTURED,PAID,PROCESSING,DELIVERED,200,1,PENDING,NONE,NONE,412,679,42176,14,0,0.6627,0.0372,1,0,NORMAL
2233.09,UPI,INDUSIND,STRIPE,SUCCESS,SUCCESS,AUTHORIZED,CAPTURED,EXPIRED,UNFULFILLED,DROPPED,500,3,PENDING,NONE,NONE,338,486,162008,5,0,1.0301,0.0416,1,0,MISSING_WEBHOOK
193.62,WALLET,SBI,RAZORPAY,DEBITED,FAILED,TIMEOUT,NOT_REQUESTED,EXPIRED,CANCELLED,DELIVERED,200,1,ON_HOLD,PROCESSED,CREDITED_TO_CUSTOMER,925,60677,245982,16,0,-0.7021,0.0238,1,0,BANK_DEBIT_GATEWAY_FAILURE
3449.48,CREDIT_CARD,ICICI,RAZORPAY,SUCCESS,SUCCESS,AUTHORIZED,CAPTURED,PAID,DELIVERED,DELIVERED,200,1,ON_HOLD,PROCESSED,CREDITED_TO_CUSTOMER,213,356,45261,9,1,-0.0144,0.047,1,1,DUPLICATE_PAYMENT
642.71,UPI,YES_BANK,BILLDESK,SUCCESS,SUCCESS,AUTHORIZED,CAPTURED,PAID,DELIVERED,DELIVERED,200,1,SETTLED,NONE,NONE,380,495,103332,18,0,0.339,0.0354,1,0,NORMAL
2353.63,UPI,AXIS,RAZORPAY,SUCCESS,SUCCESS,AUTHORIZED,CAPTURED,REFUNDED,RETURNED,DELIVERED,200,1,REVERSED,PENDING,NOT_INITIATED,211,350,41062,5,0,-0.5097,0.054,1,0,REFUND_UNCERTAINTY
9162.09,UPI,PNB,STRIPE,SUCCESS,SUCCESS,AUTHORIZED,CAPTURED,REFUNDED,RETURNED,DELIVERED,200,1,REVERSED,PENDING,AWAITING_ACK,367,453,168413,15,0,-0.267,0.064,1,0,REFUND_UNCERTAINTY
5963.23,UPI,YES_BANK,CASHFREE,SUCCESS,SUCCESS,AUTHORIZED,CAPTURED,PENDING_PAYMENT,PROCESSING,DELIVERED,200,3,PENDING,NONE,NONE,89267,94587,863,3,0,0.2423,0.0572,1,0,DELAYED_CONFIRMATION
1157.66,DEBIT_CARD,KOTAK,PAYU,SUCCESS,SUCCESS,AUTHORIZED,CAPTURED,PAID,DELIVERED,DELIVERED,200,1,ON_HOLD,INITIATED,AWAITING_ACK,118,441,126729,16,2,-0.5866,0.029,1,1,DUPLICATE_PAYMENT
42565.13,UPI,YES_BANK,STRIPE,SUCCESS,SUCCESS,AUTHORIZED,CAPTURED,PAID,DELIVERED,DELIVERED,200,1,ON_HOLD,INITIATED,AWAITING_ACK,187,414,110085,7,4,2.4052,0.0784,1,1,DUPLICATE_PAYMENT
1176.32,NET_BANKING,KOTAK,STRIPE,SUCCESS,SUCCESS,AUTHORIZED,CAPTURED,PAID,DELIVERED,DELIVERED,200,1,ON_HOLD,INITIATED,AWAITING_ACK,623,723,147774,5,2,0.0694,0.0486,1,1,DUPLICATE_PAYMENT
28432.97,NET_BANKING,ICICI,PAYU,SUCCESS,SUCCESS,AUTHORIZED,CAPTURED,PENDING_PAYMENT,UNFULFILLED,DROPPED,500,3,PENDING,NONE,NONE,609,859,227376,14,0,1.2746,0.0604,1,0,MISSING_WEBHOOK
9047.19,UPI,YES_BANK,PAYU,PENDING,FAILED,AUTHORIZED,AUTO_REFUNDED,PENDING_PAYMENT,DELIVERED,RETRYING,500,1,DISCREPANCY,FAILED,REJECTED_BY_BANK,1292,69057,149052,10,1,-0.2762,0.078,1,0,UNRESOLVED
159.7,UPI,HDFC,STRIPE,DEBITED,FAILED,TIMEOUT,FAILED,CANCELLED,CANCELLED,NONE,500,1,ON_HOLD,PROCESSED,CREDITED_TO_CUSTOMER,1176,77113,137978,23,0,-0.6198,0.0462,1,0,BANK_DEBIT_GATEWAY_FAILURE
4679.86,UPI,PNB,RAZORPAY,SUCCESS,SUCCESS,AUTHORIZED,CAPTURED,PAID,DELIVERED,DELIVERED,200,1,SETTLED,NONE,NONE,521,688,179817,3,0,1.4631,0.0558,1,0,NORMAL
3278.7,UPI,SBI,RAZORPAY,SUCCESS,SUCCESS,AUTHORIZED,CAPTURED,CANCELLED,UNFULFILLED,TIMED_OUT,0,4,ON_HOLD,NONE,NONE,320,476,242296,16,0,-0.7377,0.066,1,0,MISSING_WEBHOOK
11561.64,CREDIT_CARD,ICICI,CASHFREE,SUCCESS,TIMED_OUT,FAILED,FAILED,EXPIRED,CANCELLED,DELIVERED,200,1,ON_HOLD,INITIATED,NOT_INITIATED,831,84678,80419,4,0,-0.0751,0.062,1,0,BANK_DEBIT_GATEWAY_FAILURE
194.2,UPI,SBI,PAYU,SUCCESS,SUCCESS,AUTHORIZED,CAPTURED,CANCELLED,CANCELLED,DELIVERED,200,1,ON_HOLD,PROCESSED,NONE,299883,301241,168885,3,0,-0.5376,0.0487,1,0,ORDER_PAYMENT_CONFLICT
2807.02,CREDIT_CARD,KOTAK,CASHFREE,SUCCESS,SUCCESS,AUTHORIZED,CAPTURED,PAID,DELIVERED,DELIVERED,200,2,SETTLED,NONE,NONE,486,653,234743,4,0,0.4774,0.0527,1,0,NORMAL
3012.39,UPI,HDFC,BILLDESK,SUCCESS,SUCCESS,AUTHORIZED,CAPTURED,PAID,DELIVERED,DELIVERED,200,1,SETTLED,NONE,NONE,555,764,204895,15,0,-0.1393,0.0326,1,0,NORMAL
2077.59,DEBIT_CARD,HDFC,RAZORPAY,SUCCESS,SUCCESS,AUTHORIZED,CAPTURED,CANCELLED,CANCELLED,DELIVERED,200,1,ON_HOLD,NONE,NONE,349098,350468,175484,16,0,-0.258,0.0256,1,0,ORDER_PAYMENT_CONFLICT
6366.3,WALLET,AXIS,RAZORPAY,SUCCESS,FAILED,TIMEOUT,AUTO_REFUNDED,CANCELLED,CANCELLED,DELIVERED,200,1,ON_HOLD,NONE,NOT_INITIATED,586,75050,190837,4,0,2.3507,0.0478,1,0,BANK_DEBIT_GATEWAY_FAILURE
434.52,NET_BANKING,YES_BANK,STRIPE,SUCCESS,SUCCESS,AUTHORIZED,CAPTURED,PAID,DELIVERED,DELIVERED,200,1,SETTLED,NONE,NONE,337,631,188390,15,0,0.0346,0.0408,1,0,NORMAL
10086.6,CREDIT_CARD,AXIS,STRIPE,DEBITED,FAILED,TIMEOUT,FAILED,CANCELLED,CANCELLED,DELIVERED,200,1,ON_HOLD,NONE,NOT_INITIATED,1379,81156,64457,6,0,1.1014,0.0621,1,0,BANK_DEBIT_GATEWAY_FAILURE
720.9,UPI,ICICI,PAYU,SUCCESS,SUCCESS,AUTHORIZED,CAPTURED,PROCESSING,PROCESSING,DELIVERED,200,2,SETTLED,NONE,NONE,42503,48032,224369,9,0,0.7164,0.0352,1,0,DELAYED_CONFIRMATION
2437.01,UPI,PNB,PAYU,SUCCESS,SUCCESS,AUTHORIZED,CAPTURED,PAID,PROCESSING,DELIVERED,200,1,PENDING,NONE,NONE,518,729,50294,3,0,0.2826,0.0533,1,0,NORMAL
1712.55,UPI,AXIS,STRIPE,SUCCESS,SUCCESS,AUTHORIZED,CAPTURED,PAID,DELIVERED,DELIVERED,200,1,SETTLED,NONE,NONE,271,495,189590,23,0,-0.5107,0.0482,1,0,NORMAL
228.67,UPI,KOTAK,CASHFREE,SUCCESS,FAILED,TIMEOUT,AUTO_REFUNDED,CANCELLED,CANCELLED,NONE,504,1,ON_HOLD,NONE,NOT_INITIATED,1102,51419,82346,1,0,-0.6824,0.0306,1,0,BANK_DEBIT_GATEWAY_FAILURE
579.73,UPI,KOTAK,RAZORPAY,SUCCESS,SUCCESS,AUTHORIZED,CAPTURED,PAID,DELIVERED,DELIVERED,200,1,SETTLED,NONE,NONE,377,659,102155,14,0,-0.1081,0.0306,1,0,NORMAL
237.68,UPI,INDUSIND,BILLDESK,SUCCESS,SUCCESS,AUTHORIZED,CAPTURED,PAID,DELIVERED,DELIVERED,200,1,DISCREPANCY,NONE,NONE,738,1006,15220,2,0,-0.738,0.0529,1,0,SETTLEMENT_MISMATCH
514.05,UPI,AXIS,CASHFREE,SUCCESS,SUCCESS,AUTHORIZED,CAPTURED,PAID,DELIVERED,DELIVERED,200,1,SETTLED,NONE,NONE,442,739,147485,2,0,0.0709,0.0325,1,0,NORMAL
1086.8,NET_BANKING,SBI,PAYU,SUCCESS,SUCCESS,AUTHORIZED,CAPTURED,PENDING_PAYMENT,UNFULFILLED,TIMED_OUT,502,2,ON_HOLD,NONE,NONE,366,595,56223,8,0,0.672,0.0361,1,0,MISSING_WEBHOOK
639.6,UPI,SBI,CASHFREE,SUCCESS,SUCCESS,AUTHORIZED,CAPTURED,PAID,DELIVERED,DELIVERED,200,1,SETTLED,NONE,NONE,2337,3119,145799,5,0,-0.1117,0.0228,1,0,NORMAL
351.98,UPI,KOTAK,STRIPE,SUCCESS,SUCCESS,AUTHORIZED,CAPTURED,PAID,DELIVERED,DELIVERED,200,1,ON_HOLD,NONE,AWAITING_ACK,502,680,7409,13,3,-0.162,0.0387,1,1,DUPLICATE_PAYMENT
394.13,UPI,HDFC,CASHFREE,SUCCESS,SUCCESS,AUTHORIZED,CAPTURED,CANCELLED,CANCELLED,DELIVERED,200,1,ON_HOLD,NONE,NONE,339440,341919,169281,3,0,-0.4526,0.0338,1,0,ORDER_PAYMENT_CONFLICT
2636.9,UPI,HDFC,RAZORPAY,SUCCESS,SUCCESS,AUTHORIZED,CAPTURED,PAID,PROCESSING,DELIVERED,200,1,PENDING,NONE,NONE,538,690,36132,8,0,-0.4506,0.0561,1,0,NORMAL
810.06,UPI,AXIS,STRIPE,SUCCESS,FAILED,TIMEOUT,NOT_REQUESTED,CANCELLED,CANCELLED,FAILED,504,1,ON_HOLD,NONE,NOT_INITIATED,1463,53419,242577,8,0,0.6876,0.0419,1,0,BANK_DEBIT_GATEWAY_FAILURE
1431.99,NET_BANKING,YES_BANK,RAZORPAY,SUCCESS,SUCCESS,AUTHORIZED,CAPTURED,PENDING_PAYMENT,UNFULFILLED,DROPPED,404,2,ON_HOLD,NONE,NONE,559,858,175272,16,0,-0.2463,0.0511,1,0,MISSING_WEBHOOK
875.17,UPI,ICICI,STRIPE,SUCCESS,SUCCESS,AUTHORIZED,CAPTURED,PAID,DELIVERED,DELIVERED,200,1,SETTLED,NONE,NONE,187,344,192955,5,1,0.8233,0.044,1,0,NORMAL
5479.18,CREDIT_CARD,INDUSIND,STRIPE,SUCCESS,SUCCESS,AUTHORIZED,CAPTURED,CANCELLED,CANCELLED,DELIVERED,200,1,ON_HOLD,NONE,NONE,307091,308854,139274,12,0,0.9569,0.0241,1,0,ORDER_PAYMENT_CONFLICT
1320.95,UPI,AXIS,PAYU,SUCCESS,SUCCESS,AUTHORIZED,CAPTURED,CANCELLED,CANCELLED,DELIVERED,200,1,ON_HOLD,INITIATED,NONE,301065,302620,222711,23,0,1.0322,0.0259,1,0,ORDER_PAYMENT_CONFLICT
1241.08,UPI,KOTAK,CASHFREE,SUCCESS,FAILED,FAILED,FAILED,CANCELLED,CANCELLED,DELIVERED,200,1,ON_HOLD,NONE,NOT_INITIATED,610,57308,30792,12,0,-0.3468,0.0409,1,0,BANK_DEBIT_GATEWAY_FAILURE
2422.92,UPI,ICICI,BILLDESK,SUCCESS,SUCCESS,AUTHORIZED,CAPTURED,REFUNDED,RETURNED,DELIVERED,200,1,REVERSED,PENDING,AWAITING_ACK,209,309,182921,15,0,-0.3077,0.0422,1,0,REFUND_UNCERTAINTY
1240.59,UPI,AXIS,STRIPE,SUCCESS,SUCCESS,AUTHORIZED,CAPTURED,PENDING_PAYMENT,UNFULFILLED,DROPPED,504,4,PENDING,NONE,NONE,373,639,190589,17,0,0.1278,0.0498,1,0,MISSING_WEBHOOK
1534.05,UPI,INDUSIND,BILLDESK,SUCCESS,FAILED,FAILED,PENDING,CANCELLED,DELIVERED,RETRYING,200,1,FAILED,PENDING,NOT_INITIATED,2690,78787,240345,20,1,1.3601,0.0327,1,0,UNRESOLVED
10300.42,UPI,KOTAK,RAZORPAY,SUCCESS,SUCCESS,AUTHORIZED,CAPTURED,PAID,PROCESSING,DELIVERED,200,1,PENDING,NONE,NONE,404,552,44127,15,0,2.6787,0.0189,1,0,NORMAL
859.56,UPI,HDFC,STRIPE,SUCCESS,SUCCESS,AUTHORIZED,CAPTURED,PENDING_PAYMENT,UNFULFILLED,DROPPED,504,4,ON_HOLD,NONE,NONE,244,499,226428,12,0,0.1938,0.0352,1,0,MISSING_WEBHOOK
4809.43,UPI,HDFC,BILLDESK,SUCCESS,SUCCESS,AUTHORIZED,CAPTURED,PAID,PROCESSING,DELIVERED,200,1,PENDING,NONE,NONE,2303,2633,48850,20,0,0.3741,0.0458,1,0,NORMAL
4417.85,UPI,HDFC,STRIPE,SUCCESS,SUCCESS,AUTHORIZED,CAPTURED,PAID,DELIVERED,DELIVERED,200,1,SETTLED,NONE,NONE,619,751,215606,13,0,0.5778,0.0193,1,0,NORMAL
473.86,UPI,ICICI,CASHFREE,SUCCESS,SUCCESS,AUTHORIZED,CAPTURED,PAID,PROCESSING,DELIVERED,200,1,PENDING,NONE,NONE,298,573,41726,14,0,0.1282,0.0439,1,0,NORMAL
718.65,NET_BANKING,AXIS,BILLDESK,SUCCESS,SUCCESS,AUTHORIZED,CAPTURED,PAID,DELIVERED,DELIVERED,200,1,SETTLED,NONE,NONE,629,811,117159,1,0,0.7111,0.0305,1,0,NORMAL
2899.94,UPI,ICICI,BILLDESK,REVERSED,PENDING,AUTHORIZED,AUTO_REFUNDED,FAILED,DELIVERED,RETRYING,504,1,FAILED,FAILED,AWAITING_ACK,86928,27472,137205,21,0,0.0357,0.013,1,0,UNRESOLVED
2527.44,UPI,KOTAK,CASHFREE,SUCCESS,SUCCESS,AUTHORIZED,CAPTURED,REFUNDED,RETURNED,DELIVERED,200,1,REVERSED,FAILED,REJECTED_BY_BANK,431,512,223214,15,0,0.3302,0.0448,1,0,REFUND_UNCERTAINTY
2554.78,UPI,YES_BANK,STRIPE,SUCCESS,FAILED,FAILED,FAILED,EXPIRED,CANCELLED,DELIVERED,200,1,ON_HOLD,NONE,NOT_INITIATED,1191,73271,153975,10,0,-0.2701,0.0348,1,0,BANK_DEBIT_GATEWAY_FAILURE
293.62,CREDIT_CARD,INDUSIND,CASHFREE,SUCCESS,SUCCESS,AUTHORIZED,CAPTURED,PENDING_PAYMENT,UNFULFILLED,FAILED,500,3,PENDING,NONE,NONE,532,720,21110,16,0,-0.3009,0.0443,1,0,MISSING_WEBHOOK
415.24,UPI,AXIS,STRIPE,SUCCESS,SUCCESS,AUTHORIZED,CAPTURED,PAID,DELIVERED,DELIVERED,200,1,SETTLED,NONE,NONE,250,353,193210,0,0,-0.0113,0.0371,1,0,NORMAL
1065.17,DEBIT_CARD,KOTAK,CASHFREE,SUCCESS,SUCCESS,AUTHORIZED,CAPTURED,PAID,PROCESSING,DELIVERED,200,3,SETTLED,NONE,NONE,42455,46535,148345,18,0,-0.4394,0.0554,1,0,DELAYED_CONFIRMATION
416.63,CREDIT_CARD,YES_BANK,CASHFREE,SUCCESS,FAILED,TIMEOUT,AUTO_REFUNDED,EXPIRED,CANCELLED,NONE,0,1,ON_HOLD,PROCESSED,CREDITED_TO_CUSTOMER,850,90375,220720,10,0,-0.132,0.0477,1,0,BANK_DEBIT_GATEWAY_FAILURE
8754.33,EMI,KOTAK,CASHFREE,SUCCESS,SUCCESS,AUTHORIZED,CAPTURED,PAID,DELIVERED,DELIVERED,200,1,SETTLED,NONE,NONE,396,655,222468,9,0,2.1265,0.0173,1,0,NORMAL
2015.52,CREDIT_CARD,SBI,STRIPE,REVERSED,SUCCESS,AUTHORIZED,CAPTURED,REFUNDED,RETURNED,DELIVERED,200,1,REVERSED,FAILED,NOT_INITIATED,637,719,47469,5,0,-0.2802,0.0204,1,0,REFUND_UNCERTAINTY
12810.69,UPI,HDFC,BILLDESK,SUCCESS,SUCCESS,AUTHORIZED,CAPTURED,PAID,DELIVERED,DELIVERED,200,1,SETTLED,NONE,NONE,4327,4839,256414,16,1,0.0249,0.0768,1,0,NORMAL
2804.54,UPI,HDFC,PAYU,SUCCESS,SUCCESS,AUTHORIZED,CAPTURED,PROCESSING,PROCESSING,DELIVERED,200,1,SETTLED,NONE,NONE,77216,80858,91958,9,0,-0.1987,0.0484,1,0,DELAYED_CONFIRMATION
8214.44,EMI,HDFC,PAYU,SUCCESS,SUCCESS,AUTHORIZED,CAPTURED,PAID,PROCESSING,DELIVERED,200,1,PENDING,NONE,NONE,4410,4994,21659,15,0,-0.3428,0.061,1,0,NORMAL
1174.45,CREDIT_CARD,ICICI,BILLDESK,SUCCESS,SUCCESS,AUTHORIZED,CAPTURED,PAID,PROCESSING,DELIVERED,200,3,SETTLED,NONE,NONE,99326,103660,101647,14,0,0.6312,0.0259,1,0,DELAYED_CONFIRMATION
2761.54,UPI,INDUSIND,CASHFREE,SUCCESS,SUCCESS,AUTHORIZED,CAPTURED,CANCELLED,CANCELLED,DELIVERED,200,1,ON_HOLD,NONE,NONE,274187,274818,191226,18,0,-0.0137,0.017,1,0,ORDER_PAYMENT_CONFLICT
2265.85,NET_BANKING,ICICI,BILLDESK,SUCCESS,SUCCESS,AUTHORIZED,CAPTURED,PAID,DELIVERED,DELIVERED,200,1,SETTLED,NONE,NONE,379,641,159196,9,0,-0.5279,0.0697,1,0,NORMAL
199.21,UPI,PNB,RAZORPAY,SUCCESS,SUCCESS,AUTHORIZED,CAPTURED,PAID,DELIVERED,DELIVERED,200,1,DISCREPANCY,NONE,NONE,244,344,95573,17,0,-0.5434,0.0355,1,0,SETTLEMENT_MISMATCH
2014.84,DEBIT_CARD,KOTAK,RAZORPAY,SUCCESS,SUCCESS,AUTHORIZED,CAPTURED,PAID,DELIVERED,DELIVERED,200,1,ON_HOLD,INITIATED,AWAITING_ACK,515,795,10010,10,1,0.0604,0.0533,1,1,DUPLICATE_PAYMENT
16929.6,UPI,SBI,PAYU,SUCCESS,SUCCESS,AUTHORIZED,CAPTURED,CANCELLED,CANCELLED,DELIVERED,200,1,ON_HOLD,NONE,NONE,354216,356131,26982,0,0,0.3544,0.0744,1,0,ORDER_PAYMENT_CONFLICT
7558.62,NET_BANKING,SBI,RAZORPAY,SUCCESS,SUCCESS,AUTHORIZED,CAPTURED,PAID,PROCESSING,DELIVERED,200,1,PENDING,NONE,NONE,264,505,85435,7,0,0.5747,0.0643,1,0,NORMAL
1283.96,UPI,INDUSIND,BILLDESK,SUCCESS,SUCCESS,AUTHORIZED,CAPTURED,PAID,DELIVERED,DELIVERED,200,1,SETTLED,NONE,NONE,348,438,225945,17,0,0.7833,0.0267,1,0,NORMAL
373.96,UPI,PNB,RAZORPAY,SUCCESS,SUCCESS,AUTHORIZED,CAPTURED,PAID,DELIVERED,DELIVERED,200,1,DISCREPANCY,NONE,NONE,420,697,70143,14,0,-0.5914,0.0467,1,0,SETTLEMENT_MISMATCH
4685.09,WALLET,HDFC,STRIPE,SUCCESS,SUCCESS,AUTHORIZED,CAPTURED,PAID,DELIVERED,DELIVERED,200,1,SETTLED,NONE,NONE,556,788,182859,2,0,0.3386,0.0455,1,0,NORMAL
3589.24,DEBIT_CARD,INDUSIND,PAYU,SUCCESS,SUCCESS,AUTHORIZED,CAPTURED,PAID,DELIVERED,DELIVERED,200,1,DISCREPANCY,NONE,NONE,795,1097,103713,22,0,0.9347,0.0473,1,0,SETTLEMENT_MISMATCH
5030.33,UPI,PNB,STRIPE,SUCCESS,SUCCESS,AUTHORIZED,CAPTURED,PAID,DELIVERED,DELIVERED,200,1,ON_HOLD,INITIATED,AWAITING_ACK,412,582,56287,22,2,0.048,0.0672,1,1,DUPLICATE_PAYMENT
632.67,CREDIT_CARD,HDFC,BILLDESK,SUCCESS,FAILED,FAILED,NOT_REQUESTED,CANCELLED,CANCELLED,FAILED,500,1,ON_HOLD,INITIATED,NOT_INITIATED,568,73682,205445,11,0,0.3181,0.0396,1,0,BANK_DEBIT_GATEWAY_FAILURE
5710.05,UPI,SBI,PAYU,SUCCESS,SUCCESS,AUTHORIZED,CAPTURED,PAID,DELIVERED,DELIVERED,200,1,SETTLED,NONE,NONE,611,712,91707,7,0,1.0393,0.0293,1,0,NORMAL
2103.68,DEBIT_CARD,ICICI,PAYU,SUCCESS,SUCCESS,AUTHORIZED,CAPTURED,CANCELLED,CANCELLED,DELIVERED,200,1,ON_HOLD,PROCESSED,NONE,275533,277238,45491,19,0,-0.2487,0.0186,1,0,ORDER_PAYMENT_CONFLICT
5859.97,UPI,YES_BANK,BILLDESK,SUCCESS,SUCCESS,AUTHORIZED,CAPTURED,PAID,DELIVERED,DELIVERED,200,3,SETTLED,NONE,NONE,713,930,211471,0,0,1.0928,0.014,1,0,NORMAL
59113.94,UPI,AXIS,STRIPE,SUCCESS,SUCCESS,AUTHORIZED,CAPTURED,PAID,PROCESSING,DELIVERED,200,1,PENDING,NONE,NONE,240,479,19765,20,0,3.7291,0.0643,1,0,NORMAL
1693.28,UPI,INDUSIND,CASHFREE,SUCCESS,SUCCESS,AUTHORIZED,CAPTURED,CANCELLED,CANCELLED,DELIVERED,200,1,ON_HOLD,NONE,NONE,246216,247283,140066,8,0,-0.5162,0.0459,1,0,ORDER_PAYMENT_CONFLICT
94.56,CREDIT_CARD,AXIS,PAYU,REVERSED,PENDING,TIMEOUT,PENDING,FAILED,RETURNED,FAILED,0,1,DISCREPANCY,FAILED,NOT_INITIATED,10559,36213,56491,9,2,-0.803,0.0307,1,0,UNRESOLVED
470.9,CREDIT_CARD,AXIS,CASHFREE,SUCCESS,SUCCESS,AUTHORIZED,CAPTURED,PAID,DELIVERED,DELIVERED,200,1,SETTLED,NONE,NONE,677,807,236858,4,0,0.1212,0.0473,1,0,NORMAL
405.61,CREDIT_CARD,SBI,PAYU,SUCCESS,SUCCESS,AUTHORIZED,CAPTURED,PAID,DELIVERED,DELIVERED,200,3,SETTLED,NONE,NONE,555,671,193772,4,0,-0.376,0.0312,1,0,NORMAL
1148.57,UPI,AXIS,RAZORPAY,SUCCESS,SUCCESS,AUTHORIZED,CAPTURED,PENDING_PAYMENT,UNFULFILLED,DROPPED,500,5,PENDING,NONE,NONE,698,869,256796,16,0,-0.3955,0.0524,1,0,MISSING_WEBHOOK
1243.35,UPI,AXIS,RAZORPAY,SUCCESS,SUCCESS,AUTHORIZED,CAPTURED,PAID,DELIVERED,DELIVERED,200,2,SETTLED,NONE,NONE,1328,1966,185586,2,0,-0.6448,0.0418,1,0,NORMAL
5968.77,DEBIT_CARD,ICICI,RAZORPAY,SUCCESS,SUCCESS,AUTHORIZED,CAPTURED,PAID,PROCESSING,DELIVERED,200,1,PENDING,NONE,NONE,450,614,19701,9,0,0.7054,0.0352,1,0,NORMAL
11974.38,UPI,INDUSIND,RAZORPAY,SUCCESS,SUCCESS,AUTHORIZED,CAPTURED,PAID,DELIVERED,DELIVERED,200,1,SETTLED,NONE,NONE,604,684,94705,16,1,-0.042,0.0734,1,0,NORMAL
380.24,UPI,HDFC,RAZORPAY,SUCCESS,SUCCESS,AUTHORIZED,CAPTURED,CANCELLED,CANCELLED,DELIVERED,200,1,ON_HOLD,NONE,NONE,322458,324160,242597,1,0,-0.415,0.0214,1,0,ORDER_PAYMENT_CONFLICT
4646.15,CREDIT_CARD,INDUSIND,BILLDESK,SUCCESS,SUCCESS,AUTHORIZED,CAPTURED,PAID,PROCESSING,DELIVERED,200,1,PENDING,NONE,NONE,590,833,70372,15,1,-0.0321,0.0536,1,0,NORMAL
16931.4,DEBIT_CARD,KOTAK,RAZORPAY,SUCCESS,SUCCESS,AUTHORIZED,CAPTURED,PAID,DELIVERED,DELIVERED,200,1,DISCREPANCY,NONE,NONE,447,538,104256,6,0,0.3829,0.0776,1,0,SETTLEMENT_MISMATCH
9492.91,CREDIT_CARD,YES_BANK,CASHFREE,SUCCESS,SUCCESS,AUTHORIZED,CAPTURED,PENDING_PAYMENT,UNFULFILLED,DROPPED,504,5,ON_HOLD,NONE,NONE,457,657,98766,2,0,-0.2406,0.073,1,0,MISSING_WEBHOOK
1732.86,NET_BANKING,ICICI,PAYU,SUCCESS,SUCCESS,AUTHORIZED,CAPTURED,PROCESSING,PROCESSING,DELIVERED,200,2,SETTLED,NONE,NONE,54056,55819,119612,20,0,-0.5049,0.049,1,0,DELAYED_CONFIRMATION
3768.85,CREDIT_CARD,AXIS,RAZORPAY,SUCCESS,SUCCESS,AUTHORIZED,CAPTURED,PENDING_PAYMENT,PROCESSING,DELIVERED,200,3,SETTLED,NONE,NONE,89152,95062,242710,22,0,-0.2148,0.0541,1,0,DELAYED_CONFIRMATION
1207.27,UPI,AXIS,BILLDESK,SUCCESS,SUCCESS,AUTHORIZED,CAPTURED,EXPIRED,UNFULFILLED,TIMED_OUT,500,3,PENDING,NONE,NONE,625,763,153484,19,0,0.6768,0.0303,1,0,MISSING_WEBHOOK
2230.18,UPI,INDUSIND,RAZORPAY,SUCCESS,SUCCESS,AUTHORIZED,CAPTURED,PAID,DELIVERED,DELIVERED,200,1,SETTLED,NONE,NONE,617,883,151508,3,0,3.6462,0.033,1,0,NORMAL
8768.08,UPI,AXIS,CASHFREE,SUCCESS,FAILED,TIMEOUT,FAILED,PENDING_PAYMENT,UNFULFILLED,DELIVERED,200,1,DISCREPANCY,MANUAL_INTERVENTION_REQUIRED,AWAITING_ACK,67628,107536,183707,1,1,-0.2986,0.0745,1,0,UNRESOLVED
3981.57,UPI,SBI,PAYU,SUCCESS,SUCCESS,AUTHORIZED,CAPTURED,PAID,PROCESSING,DELIVERED,200,1,PENDING,NONE,NONE,141,536,66907,5,0,2.6196,0.0472,1,0,NORMAL
1840.65,NET_BANKING,INDUSIND,RAZORPAY,SUCCESS,FAILED,TIMEOUT,NOT_REQUESTED,CANCELLED,CANCELLED,FAILED,504,1,ON_HOLD,INITIATED,NOT_INITIATED,479,84983,147135,3,0,0.6733,0.0547,1,0,BANK_DEBIT_GATEWAY_FAILURE
3523.12,UPI,KOTAK,PAYU,SUCCESS,SUCCESS,AUTHORIZED,CAPTURED,PAID,DELIVERED,DELIVERED,200,1,SETTLED,NONE,NONE,366,583,233913,13,0,0.8543,0.0445,1,0,NORMAL
207.18,CREDIT_CARD,SBI,CASHFREE,PENDING,SUCCESS,TIMEOUT,FAILED,FAILED,RETURNED,RETRYING,404,1,DISCREPANCY,MANUAL_INTERVENTION_REQUIRED,REJECTED_BY_BANK,103625,839,203648,7,0,-0.5067,0.0337,1,0,UNRESOLVED
1513.01,UPI,YES_BANK,RAZORPAY,SUCCESS,SUCCESS,AUTHORIZED,CAPTURED,REFUNDED,RETURNED,DELIVERED,200,1,REVERSED,MANUAL_INTERVENTION_REQUIRED,AWAITING_ACK,380,478,211122,19,0,-0.4596,0.0228,1,0,REFUND_UNCERTAINTY
7985.99,UPI,PNB,BILLDESK,SUCCESS,SUCCESS,AUTHORIZED,CAPTURED,PAID,DELIVERED,DELIVERED,200,1,SETTLED,NONE,NONE,284,515,105751,21,0,1.2817,0.03,1,0,NORMAL
515.27,UPI,SBI,RAZORPAY,SUCCESS,SUCCESS,AUTHORIZED,CAPTURED,PAID,PROCESSING,DELIVERED,200,3,PENDING,NONE,NONE,449,680,71446,7,0,-0.2073,0.0248,1,0,NORMAL
7058.9,UPI,YES_BANK,STRIPE,SUCCESS,SUCCESS,AUTHORIZED,CAPTURED,PAID,DELIVERED,DELIVERED,200,1,DISCREPANCY,NONE,NONE,430,614,126017,13,0,5.497,0.0482,1,0,SETTLEMENT_MISMATCH
2360.13,CREDIT_CARD,SBI,BILLDESK,SUCCESS,SUCCESS,AUTHORIZED,CAPTURED,PAID,DELIVERED,DELIVERED,200,1,DISCREPANCY,NONE,NONE,357,449,245038,5,0,-0.1061,0.0247,1,0,SETTLEMENT_MISMATCH
52391.89,CREDIT_CARD,ICICI,CASHFREE,SUCCESS,SUCCESS,AUTHORIZED,CAPTURED,PAID,DELIVERED,DELIVERED,200,1,ON_HOLD,INITIATED,AWAITING_ACK,387,592,232736,23,2,3.1914,0.0765,1,1,DUPLICATE_PAYMENT
310.83,CREDIT_CARD,PNB,CASHFREE,SUCCESS,SUCCESS,AUTHORIZED,CAPTURED,PAID,DELIVERED,DELIVERED,200,1,SETTLED,NONE,NONE,299,582,99338,16,0,-0.5218,0.0238,1,0,NORMAL
1859.79,CREDIT_CARD,KOTAK,PAYU,SUCCESS,SUCCESS,AUTHORIZED,CAPTURED,REFUNDED,RETURNED,DELIVERED,200,1,REVERSED,MANUAL_INTERVENTION_REQUIRED,AWAITING_ACK,640,777,25884,12,0,-0.4686,0.0478,1,0,REFUND_UNCERTAINTY
512.62,UPI,INDUSIND,BILLDESK,SUCCESS,SUCCESS,AUTHORIZED,CAPTURED,CANCELLED,CANCELLED,DELIVERED,200,1,ON_HOLD,PROCESSED,NONE,271175,273592,195959,20,0,0.068,0.0415,1,0,ORDER_PAYMENT_CONFLICT
7427.53,UPI,PNB,STRIPE,SUCCESS,SUCCESS,AUTHORIZED,CAPTURED,PAID,PROCESSING,DELIVERED,200,1,PENDING,NONE,NONE,311,597,6061,3,0,0.5474,0.0684,1,0,NORMAL
4167.56,EMI,AXIS,PAYU,SUCCESS,SUCCESS,AUTHORIZED,CAPTURED,PAID,DELIVERED,DELIVERED,200,1,ON_HOLD,PROCESSED,CREDITED_TO_CUSTOMER,390,529,227732,4,4,0.1907,0.0497,1,1,DUPLICATE_PAYMENT
331.95,UPI,PNB,PAYU,SUCCESS,SUCCESS,AUTHORIZED,CAPTURED,PAID,DELIVERED,DELIVERED,200,2,SETTLED,NONE,NONE,336,591,250008,11,0,-0.2096,0.0446,1,0,NORMAL
3425.7,UPI,YES_BANK,RAZORPAY,SUCCESS,PENDING,TIMEOUT,FAILED,CANCELLED,CANCELLED,DELIVERED,200,1,ON_HOLD,PROCESSED,CREDITED_TO_CUSTOMER,744,61593,57687,20,0,0.2235,0.0294,1,0,BANK_DEBIT_GATEWAY_FAILURE
829.18,DEBIT_CARD,ICICI,CASHFREE,SUCCESS,SUCCESS,AUTHORIZED,CAPTURED,PAID,DELIVERED,DELIVERED,200,1,SETTLED,NONE,NONE,219,499,236381,15,0,-0.2462,0.0537,1,0,NORMAL
565.88,UPI,YES_BANK,RAZORPAY,SUCCESS,TIMED_OUT,TIMEOUT,FAILED,CANCELLED,CANCELLED,NONE,500,1,ON_HOLD,NONE,NOT_INITIATED,1047,81477,111117,21,0,0.3473,0.0431,1,0,BANK_DEBIT_GATEWAY_FAILURE
1295.09,UPI,SBI,BILLDESK,SUCCESS,SUCCESS,AUTHORIZED,CAPTURED,PAID,DELIVERED,DELIVERED,200,1,SETTLED,NONE,NONE,259,433,116989,6,0,2.0835,0.0316,1,0,NORMAL
10830.53,CREDIT_CARD,ICICI,RAZORPAY,SUCCESS,SUCCESS,AUTHORIZED,CAPTURED,PAID,PROCESSING,DELIVERED,200,1,PENDING,NONE,NONE,3574,3968,31254,8,0,-0.1336,0.0754,1,0,NORMAL
6953.15,UPI,KOTAK,BILLDESK,SUCCESS,SUCCESS,AUTHORIZED,CAPTURED,PAID,DELIVERED,DELIVERED,200,1,SETTLED,NONE,NONE,302,477,214537,22,0,-0.4437,0.0696,1,0,NORMAL
249.24,UPI,PNB,RAZORPAY,SUCCESS,SUCCESS,AUTHORIZED,CAPTURED,PAID,DELIVERED,DELIVERED,200,1,SETTLED,NONE,NONE,407,693,190989,12,0,-0.4807,0.0339,1,0,NORMAL
1536.68,UPI,PNB,BILLDESK,SUCCESS,SUCCESS,AUTHORIZED,CAPTURED,PAID,PROCESSING,DELIVERED,200,1,PENDING,NONE,NONE,2603,2965,38861,3,0,-0.5609,0.0409,1,0,NORMAL
1064.44,CREDIT_CARD,INDUSIND,RAZORPAY,SUCCESS,SUCCESS,AUTHORIZED,CAPTURED,PAID,DELIVERED,DELIVERED,200,1,SETTLED,NONE,NONE,236,432,116810,16,0,0.6376,0.0336,1,0,NORMAL
359.95,EMI,YES_BANK,RAZORPAY,SUCCESS,FAILED,TIMEOUT,AUTO_REFUNDED,EXPIRED,CANCELLED,DELIVERED,200,1,ON_HOLD,INITIATED,NOT_INITIATED,484,76619,9191,10,0,-0.4462,0.0248,1,0,BANK_DEBIT_GATEWAY_FAILURE
316.41,UPI,AXIS,PAYU,PENDING,SUCCESS,AUTHORIZED,CAPTURED,PENDING_PAYMENT,PROCESSING,DELIVERED,200,1,PENDING,NONE,NONE,92923,96821,26371,9,0,-0.3408,0.0413,1,0,DELAYED_CONFIRMATION
3418.39,UPI,INDUSIND,CASHFREE,SUCCESS,SUCCESS,AUTHORIZED,CAPTURED,PAID,DELIVERED,DELIVERED,200,1,SETTLED,NONE,NONE,512,673,185015,23,0,0.7992,0.046,1,0,NORMAL
1055.37,DEBIT_CARD,KOTAK,STRIPE,SUCCESS,SUCCESS,AUTHORIZED,CAPTURED,PENDING_PAYMENT,UNFULFILLED,DROPPED,0,3,PENDING,NONE,NONE,198,382,163322,3,0,0.4658,0.0233,1,0,MISSING_WEBHOOK
594.16,DEBIT_CARD,ICICI,STRIPE,SUCCESS,SUCCESS,AUTHORIZED,CAPTURED,PAID,PROCESSING,DELIVERED,200,3,PENDING,NONE,NONE,647,850,16983,16,0,0.2378,0.0316,1,0,NORMAL
1227.86,NET_BANKING,ICICI,PAYU,SUCCESS,SUCCESS,AUTHORIZED,CAPTURED,PAID,DELIVERED,DELIVERED,200,1,ON_HOLD,PROCESSED,CREDITED_TO_CUSTOMER,634,880,202659,3,1,0.889,0.0334,1,1,DUPLICATE_PAYMENT
13760.75,UPI,KOTAK,BILLDESK,SUCCESS,SUCCESS,AUTHORIZED,CAPTURED,PAID,DELIVERED,DELIVERED,200,1,SETTLED,NONE,NONE,481,717,110775,5,0,1.8668,0.058,1,0,NORMAL
1885.41,UPI,YES_BANK,CASHFREE,SUCCESS,SUCCESS,AUTHORIZED,CAPTURED,CANCELLED,CANCELLED,DELIVERED,200,1,ON_HOLD,INITIATED,NONE,359799,361918,158623,23,0,-0.4613,0.0442,1,0,ORDER_PAYMENT_CONFLICT
5274.61,CREDIT_CARD,ICICI,RAZORPAY,SUCCESS,SUCCESS,AUTHORIZED,CAPTURED,PAID,DELIVERED,DELIVERED,200,1,SETTLED,NONE,NONE,1488,2387,214457,2,0,0.507,0.0301,1,0,NORMAL
210.55,UPI,INDUSIND,PAYU,SUCCESS,SUCCESS,AUTHORIZED,CAPTURED,PENDING_PAYMENT,UNFULFILLED,DROPPED,404,4,ON_HOLD,NONE,NONE,299,555,205267,12,0,-0.5614,0.0408,1,0,MISSING_WEBHOOK
751.23,EMI,KOTAK,RAZORPAY,SUCCESS,SUCCESS,AUTHORIZED,CAPTURED,PAID,DELIVERED,DELIVERED,200,1,ON_HOLD,INITIATED,AWAITING_ACK,159,352,257865,22,4,0.1557,0.0295,1,1,DUPLICATE_PAYMENT
1813.0,DEBIT_CARD,KOTAK,CASHFREE,PENDING,FAILED,AUTHORIZED,FAILED,PENDING_PAYMENT,DELIVERED,DROPPED,0,1,ON_HOLD,MANUAL_INTERVENTION_REQUIRED,AWAITING_ACK,60024,29265,133669,17,3,1.5181,0.0385,1,0,UNRESOLVED
10225.28,UPI,HDFC,RAZORPAY,SUCCESS,SUCCESS,AUTHORIZED,CAPTURED,PAID,DELIVERED,DELIVERED,200,1,SETTLED,NONE,NONE,737,899,87550,20,0,-0.182,0.0649,1,0,NORMAL
403.34,UPI,HDFC,PAYU,REVERSED,SUCCESS,AUTHORIZED,CAPTURED,REFUNDED,RETURNED,DELIVERED,200,1,REVERSED,MANUAL_INTERVENTION_REQUIRED,AWAITING_ACK,550,664,252633,7,0,-0.4398,0.0384,1,0,REFUND_UNCERTAINTY
8591.05,UPI,HDFC,RAZORPAY,SUCCESS,SUCCESS,AUTHORIZED,CAPTURED,CANCELLED,CANCELLED,DELIVERED,200,1,ON_HOLD,PROCESSED,NONE,330986,332135,32182,15,0,0.7898,0.0659,1,0,ORDER_PAYMENT_CONFLICT
396.34,CREDIT_CARD,HDFC,CASHFREE,SUCCESS,SUCCESS,AUTHORIZED,CAPTURED,PAID,PROCESSING,DELIVERED,200,3,SETTLED,NONE,NONE,73388,76881,103246,20,0,-0.0563,0.043,1,0,DELAYED_CONFIRMATION
310.88,CREDIT_CARD,AXIS,BILLDESK,SUCCESS,SUCCESS,AUTHORIZED,CAPTURED,PAID,PROCESSING,RETRYING,200,2,SETTLED,NONE,NONE,75954,80369,155803,7,0,-0.2598,0.0327,1,0,DELAYED_CONFIRMATION
860.22,NET_BANKING,AXIS,PAYU,SUCCESS,SUCCESS,AUTHORIZED,CAPTURED,REFUNDED,RETURNED,DELIVERED,200,1,REVERSED,PENDING,AWAITING_ACK,665,945,188737,23,0,-0.218,0.0544,1,0,REFUND_UNCERTAINTY
375.14,CREDIT_CARD,SBI,STRIPE,SUCCESS,SUCCESS,AUTHORIZED,CAPTURED,PENDING_PAYMENT,UNFULFILLED,DROPPED,404,2,ON_HOLD,NONE,NONE,510,967,142102,22,0,-0.1068,0.0318,1,0,MISSING_WEBHOOK
343.95,UPI,INDUSIND,PAYU,SUCCESS,SUCCESS,AUTHORIZED,CAPTURED,PAID,DELIVERED,DELIVERED,200,1,SETTLED,NONE,NONE,342,513,257390,0,0,-0.2834,0.0493,1,0,NORMAL
7263.02,UPI,KOTAK,STRIPE,SUCCESS,SUCCESS,AUTHORIZED,CAPTURED,PROCESSING,PROCESSING,DELIVERED,200,1,PENDING,NONE,NONE,86162,89137,68213,14,0,1.5939,0.0184,1,0,DELAYED_CONFIRMATION
812.57,UPI,HDFC,STRIPE,SUCCESS,SUCCESS,AUTHORIZED,CAPTURED,PAID,PROCESSING,DELIVERED,200,1,PENDING,NONE,NONE,409,635,30771,5,0,-0.2613,0.0487,1,0,NORMAL
10094.95,UPI,PNB,CASHFREE,SUCCESS,SUCCESS,AUTHORIZED,CAPTURED,PAID,PROCESSING,DELIVERED,200,2,PENDING,NONE,NONE,466,660,72114,5,0,1.8843,0.0377,1,0,NORMAL
27126.01,UPI,YES_BANK,PAYU,SUCCESS,SUCCESS,AUTHORIZED,CAPTURED,PENDING_PAYMENT,UNFULFILLED,FAILED,404,4,ON_HOLD,NONE,NONE,532,626,41581,8,0,1.1701,0.061,1,0,MISSING_WEBHOOK
3097.56,UPI,KOTAK,BILLDESK,SUCCESS,SUCCESS,AUTHORIZED,CAPTURED,PAID,DELIVERED,DELIVERED,200,1,SETTLED,NONE,NONE,458,688,182489,8,0,-0.115,0.0396,1,0,NORMAL
2640.86,UPI,YES_BANK,PAYU,SUCCESS,SUCCESS,AUTHORIZED,CAPTURED,PAID,DELIVERED,DELIVERED,200,1,DISCREPANCY,NONE,NONE,319,568,39786,12,0,0.0214,0.0197,1,0,SETTLEMENT_MISMATCH
473.02,UPI,PNB,CASHFREE,SUCCESS,SUCCESS,AUTHORIZED,CAPTURED,CANCELLED,CANCELLED,DELIVERED,200,1,ON_HOLD,PROCESSED,NONE,329631,331156,227198,11,0,-0.0145,0.0375,1,0,ORDER_PAYMENT_CONFLICT
1160.4,UPI,INDUSIND,PAYU,SUCCESS,SUCCESS,AUTHORIZED,CAPTURED,CANCELLED,CANCELLED,DELIVERED,200,1,ON_HOLD,NONE,NONE,344288,346027,121136,18,0,-0.3893,0.0549,1,0,ORDER_PAYMENT_CONFLICT
109.65,UPI,INDUSIND,PAYU,SUCCESS,SUCCESS,AUTHORIZED,CAPTURED,PAID,DELIVERED,DELIVERED,200,1,SETTLED,NONE,NONE,558,779,105539,9,0,-0.7389,0.0429,1,0,NORMAL
451.37,UPI,YES_BANK,PAYU,SUCCESS,SUCCESS,AUTHORIZED,CAPTURED,PAID,DELIVERED,DELIVERED,200,1,SETTLED,NONE,NONE,728,913,159059,23,0,-0.3056,0.0234,1,0,NORMAL
396.48,UPI,INDUSIND,BILLDESK,SUCCESS,SUCCESS,AUTHORIZED,CAPTURED,PAID,DELIVERED,DELIVERED,200,1,SETTLED,NONE,NONE,521,636,208041,19,0,-0.056,0.0371,1,0,NORMAL
517.78,UPI,SBI,BILLDESK,SUCCESS,SUCCESS,AUTHORIZED,CAPTURED,PENDING_PAYMENT,UNFULFILLED,DROPPED,404,5,PENDING,NONE,NONE,577,833,222352,8,0,0.0787,0.036,1,0,MISSING_WEBHOOK
722.72,CREDIT_CARD,KOTAK,CASHFREE,SUCCESS,SUCCESS,AUTHORIZED,CAPTURED,PAID,PROCESSING,DELIVERED,200,1,SETTLED,NONE,NONE,37046,39443,152165,18,0,0.5057,0.0312,1,0,DELAYED_CONFIRMATION
1682.04,UPI,ICICI,CASHFREE,SUCCESS,SUCCESS,AUTHORIZED,CAPTURED,PAID,DELIVERED,DELIVERED,200,1,ON_HOLD,INITIATED,AWAITING_ACK,501,599,109670,17,4,1.3362,0.0313,1,1,DUPLICATE_PAYMENT
1590.12,CREDIT_CARD,YES_BANK,BILLDESK,SUCCESS,SUCCESS,AUTHORIZED,CAPTURED,PAID,PROCESSING,DELIVERED,200,1,PENDING,NONE,NONE,4465,5224,38080,8,0,0.4456,0.0447,1,0,NORMAL
3089.82,CREDIT_CARD,PNB,STRIPE,SUCCESS,SUCCESS,AUTHORIZED,CAPTURED,PAID,PROCESSING,DELIVERED,200,1,PENDING,NONE,NONE,393,686,18878,13,0,-0.3563,0.0598,1,0,NORMAL
3247.32,WALLET,YES_BANK,CASHFREE,SUCCESS,SUCCESS,AUTHORIZED,CAPTURED,PAID,DELIVERED,DELIVERED,200,1,ON_HOLD,INITIATED,AWAITING_ACK,574,705,237540,21,1,-0.0722,0.033,1,1,DUPLICATE_PAYMENT
1782.83,NET_BANKING,INDUSIND,RAZORPAY,SUCCESS,SUCCESS,AUTHORIZED,CAPTURED,CANCELLED,CANCELLED,DELIVERED,200,1,ON_HOLD,PROCESSED,NONE,264587,266297,251483,20,0,-0.0617,0.0506,1,0,ORDER_PAYMENT_CONFLICT
13072.32,UPI,KOTAK,CASHFREE,SUCCESS,SUCCESS,AUTHORIZED,CAPTURED,EXPIRED,UNFULFILLED,DROPPED,504,3,PENDING,NONE,NONE,466,602,220027,10,0,2.7349,0.0353,1,0,MISSING_WEBHOOK
1674.06,EMI,PNB,PAYU,SUCCESS,SUCCESS,AUTHORIZED,CAPTURED,PENDING_PAYMENT,UNFULFILLED,DROPPED,500,5,PENDING,NONE,NONE,654,931,172594,17,0,-0.5217,0.0365,1,0,MISSING_WEBHOOK
1512.7,CREDIT_CARD,YES_BANK,CASHFREE,SUCCESS,SUCCESS,AUTHORIZED,CAPTURED,PAID,DELIVERED,DELIVERED,200,1,ON_HOLD,NONE,AWAITING_ACK,672,756,196651,0,4,0.3752,0.0539,1,1,DUPLICATE_PAYMENT
212.72,UPI,INDUSIND,BILLDESK,SUCCESS,SUCCESS,AUTHORIZED,CAPTURED,REFUNDED,RETURNED,DELIVERED,200,1,REVERSED,FAILED,AWAITING_ACK,736,857,197268,4,0,-0.4935,0.0471,1,0,REFUND_UNCERTAINTY
6390.95,CREDIT_CARD,AXIS,CASHFREE,SUCCESS,SUCCESS,AUTHORIZED,CAPTURED,PAID,DELIVERED,DELIVERED,200,1,SETTLED,NONE,NONE,194,415,144429,9,0,0.826,0.0495,1,0,NORMAL
15028.03,CREDIT_CARD,YES_BANK,STRIPE,SUCCESS,SUCCESS,AUTHORIZED,CAPTURED,PENDING_PAYMENT,UNFULFILLED,DROPPED,502,5,ON_HOLD,NONE,NONE,297,536,107457,14,0,0.2022,0.0705,1,0,MISSING_WEBHOOK
492.09,UPI,YES_BANK,RAZORPAY,SUCCESS,SUCCESS,AUTHORIZED,CAPTURED,PAID,DELIVERED,DELIVERED,200,1,SETTLED,NONE,NONE,485,568,173994,7,0,0.1716,0.0309,1,0,NORMAL
287.52,DEBIT_CARD,HDFC,PAYU,SUCCESS,SUCCESS,AUTHORIZED,CAPTURED,PAID,PROCESSING,DELIVERED,200,1,PENDING,NONE,NONE,437,533,8009,23,0,-0.3154,0.0346,1,0,NORMAL
3055.47,UPI,YES_BANK,RAZORPAY,SUCCESS,SUCCESS,AUTHORIZED,CAPTURED,PAID,PROCESSING,DELIVERED,200,1,PENDING,NONE,NONE,84362,86110,43158,22,0,0.0912,0.0297,1,0,DELAYED_CONFIRMATION
234.3,UPI,KOTAK,STRIPE,SUCCESS,SUCCESS,AUTHORIZED,CAPTURED,PROCESSING,PROCESSING,DELIVERED,200,3,SETTLED,NONE,NONE,105917,109909,160750,5,0,-0.5119,0.0444,1,0,DELAYED_CONFIRMATION
2678.44,NET_BANKING,SBI,PAYU,SUCCESS,SUCCESS,AUTHORIZED,CAPTURED,PAID,PROCESSING,DELIVERED,200,3,SETTLED,NONE,NONE,61415,65852,125271,0,0,-0.0434,0.0111,1,0,DELAYED_CONFIRMATION
1017.37,UPI,AXIS,CASHFREE,SUCCESS,SUCCESS,AUTHORIZED,CAPTURED,PAID,DELIVERED,DELIVERED,200,1,SETTLED,NONE,NONE,519,691,87031,21,0,-0.0751,0.0507,1,0,NORMAL
6085.41,CREDIT_CARD,PNB,RAZORPAY,REVERSED,SUCCESS,AUTHORIZED,CAPTURED,REFUNDED,RETURNED,DELIVERED,200,1,REVERSED,PENDING,REJECTED_BY_BANK,477,725,139376,3,0,-0.5132,0.0792,1,0,REFUND_UNCERTAINTY
209.71,UPI,HDFC,PAYU,SUCCESS,SUCCESS,AUTHORIZED,CAPTURED,PAID,DELIVERED,DELIVERED,200,1,SETTLED,NONE,NONE,727,1022,164266,12,0,-0.5631,0.0313,1,0,NORMAL
743.41,CREDIT_CARD,KOTAK,CASHFREE,SUCCESS,SUCCESS,AUTHORIZED,CAPTURED,PAID,DELIVERED,DELIVERED,200,1,SETTLED,NONE,NONE,1351,2018,121330,14,0,0.1437,0.0261,1,0,NORMAL
2945.3,UPI,SBI,PAYU,SUCCESS,SUCCESS,AUTHORIZED,CAPTURED,CANCELLED,CANCELLED,DELIVERED,200,1,ON_HOLD,PROCESSED,NONE,255545,257542,141777,14,0,-0.3864,0.0517,1,0,ORDER_PAYMENT_CONFLICT
1247.75,UPI,AXIS,STRIPE,SUCCESS,SUCCESS,AUTHORIZED,CAPTURED,PAID,DELIVERED,DELIVERED,200,1,SETTLED,NONE,NONE,626,741,230804,1,0,-0.5544,0.0153,1,0,NORMAL
2237.38,DEBIT_CARD,AXIS,CASHFREE,SUCCESS,SUCCESS,AUTHORIZED,CAPTURED,REFUNDED,RETURNED,DELIVERED,200,1,REVERSED,MANUAL_INTERVENTION_REQUIRED,REJECTED_BY_BANK,717,813,220904,4,0,0.1776,0.0469,1,0,REFUND_UNCERTAINTY
7310.43,CREDIT_CARD,INDUSIND,STRIPE,REVERSED,SUCCESS,AUTHORIZED,CAPTURED,REFUNDED,RETURNED,DELIVERED,200,1,REVERSED,PENDING,AWAITING_ACK,735,1002,227350,14,0,1.6109,0.0241,1,0,REFUND_UNCERTAINTY
607.51,UPI,HDFC,PAYU,SUCCESS,SUCCESS,AUTHORIZED,CAPTURED,PAID,DELIVERED,DELIVERED,200,1,ON_HOLD,INITIATED,AWAITING_ACK,202,446,218527,4,3,0.2656,0.043,1,1,DUPLICATE_PAYMENT
7818.76,UPI,YES_BANK,CASHFREE,SUCCESS,FAILED,TIMEOUT,FAILED,EXPIRED,CANCELLED,FAILED,500,1,ON_HOLD,INITIATED,NOT_INITIATED,529,83671,146474,5,0,-0.3745,0.0661,1,0,BANK_DEBIT_GATEWAY_FAILURE
1652.13,CREDIT_CARD,INDUSIND,BILLDESK,SUCCESS,SUCCESS,AUTHORIZED,CAPTURED,PAID,DELIVERED,DELIVERED,200,3,SETTLED,NONE,NONE,684,927,138753,19,0,0.5019,0.0408,1,0,NORMAL
127.45,CREDIT_CARD,HDFC,STRIPE,SUCCESS,SUCCESS,AUTHORIZED,CAPTURED,PAID,DELIVERED,DELIVERED,200,1,SETTLED,NONE,NONE,473,751,130244,23,0,-0.6965,0.0355,1,0,NORMAL
707.95,UPI,PNB,CASHFREE,SUCCESS,SUCCESS,AUTHORIZED,CAPTURED,PAID,DELIVERED,DELIVERED,200,1,SETTLED,NONE,NONE,253,397,158885,8,0,-0.6274,0.0586,1,0,NORMAL
856.32,UPI,AXIS,BILLDESK,SUCCESS,SUCCESS,AUTHORIZED,CAPTURED,PAID,PROCESSING,DELIVERED,200,1,PENDING,NONE,NONE,370,536,46354,21,1,-0.2215,0.0446,1,0,NORMAL
5164.1,CREDIT_CARD,YES_BANK,RAZORPAY,SUCCESS,SUCCESS,AUTHORIZED,CAPTURED,PAID,PROCESSING,DELIVERED,200,1,PENDING,NONE,NONE,185,428,64067,11,0,0.4755,0.0414,1,0,NORMAL
2248.62,WALLET,YES_BANK,PAYU,DEBITED,FAILED,NONE,FAILED,CANCELLED,CANCELLED,FAILED,0,1,ON_HOLD,PROCESSED,CREDITED_TO_CUSTOMER,1323,69429,120368,9,0,-0.1969,0.0209,1,0,BANK_DEBIT_GATEWAY_FAILURE
348.0,UPI,YES_BANK,STRIPE,SUCCESS,SUCCESS,AUTHORIZED,CAPTURED,PAID,PROCESSING,DELIVERED,200,1,PENDING,NONE,NONE,213,388,61028,17,0,-0.275,0.0323,1,0,NORMAL
613.78,UPI,AXIS,CASHFREE,SUCCESS,SUCCESS,AUTHORIZED,CAPTURED,PAID,DELIVERED,DELIVERED,200,1,SETTLED,NONE,NONE,2574,3189,122426,15,0,0.2787,0.0483,1,0,NORMAL
1804.97,CREDIT_CARD,PNB,CASHFREE,SUCCESS,SUCCESS,AUTHORIZED,CAPTURED,PAID,PROCESSING,DELIVERED,200,1,PENDING,NONE,NONE,224,494,21229,13,0,1.7769,0.0396,1,0,NORMAL
1678.98,CREDIT_CARD,AXIS,RAZORPAY,SUCCESS,SUCCESS,AUTHORIZED,CAPTURED,PAID,PROCESSING,DELIVERED,200,1,PENDING,NONE,NONE,653,932,26275,2,0,-0.5203,0.0433,1,0,NORMAL
1318.34,UPI,ICICI,RAZORPAY,PENDING,FAILED,AUTHORIZED,CAPTURED,PENDING_PAYMENT,CANCELLED,DELIVERED,504,1,DISCREPANCY,MANUAL_INTERVENTION_REQUIRED,REJECTED_BY_BANK,77831,49481,146640,22,2,-0.6233,0.0336,1,0,UNRESOLVED
187.1,CREDIT_CARD,SBI,RAZORPAY,SUCCESS,SUCCESS,AUTHORIZED,CAPTURED,PAID,DELIVERED,DELIVERED,200,1,SETTLED,NONE,NONE,695,800,106797,10,1,-0.6102,0.045,1,0,NORMAL
469.4,UPI,YES_BANK,BILLDESK,SUCCESS,SUCCESS,AUTHORIZED,CAPTURED,PAID,DELIVERED,DELIVERED,200,1,SETTLED,NONE,NONE,315,483,89716,22,0,-0.0221,0.0373,1,0,NORMAL
3044.44,UPI,HDFC,BILLDESK,SUCCESS,SUCCESS,AUTHORIZED,CAPTURED,PAID,DELIVERED,DELIVERED,200,1,DISCREPANCY,NONE,NONE,232,677,226355,21,0,0.146,0.0171,1,0,SETTLEMENT_MISMATCH
184.63,UPI,AXIS,STRIPE,SUCCESS,SUCCESS,AUTHORIZED,CAPTURED,PAID,DELIVERED,DELIVERED,200,1,SETTLED,NONE,NONE,610,755,185340,3,0,-0.5604,0.0482,1,0,NORMAL
1495.26,UPI,SBI,STRIPE,SUCCESS,SUCCESS,AUTHORIZED,CAPTURED,REFUNDED,RETURNED,DELIVERED,200,1,REVERSED,MANUAL_INTERVENTION_REQUIRED,AWAITING_ACK,495,581,72458,15,0,-0.466,0.0269,1,0,REFUND_UNCERTAINTY
1034.32,CREDIT_CARD,SBI,PAYU,SUCCESS,SUCCESS,AUTHORIZED,CAPTURED,PROCESSING,PROCESSING,DELIVERED,200,1,SETTLED,NONE,NONE,38210,42686,214799,11,0,1.1548,0.0389,1,0,DELAYED_CONFIRMATION
870.88,DEBIT_CARD,HDFC,BILLDESK,SUCCESS,FAILED,TIMEOUT,NOT_REQUESTED,CANCELLED,CANCELLED,NONE,0,1,ON_HOLD,NONE,NOT_INITIATED,594,62985,148778,21,0,0.3398,0.0381,1,0,BANK_DEBIT_GATEWAY_FAILURE
435.72,UPI,AXIS,BILLDESK,SUCCESS,SUCCESS,AUTHORIZED,CAPTURED,PAID,DELIVERED,DELIVERED,200,1,DISCREPANCY,NONE,NONE,741,879,133969,10,0,-0.3258,0.0233,1,0,SETTLEMENT_MISMATCH
10726.96,UPI,KOTAK,CASHFREE,SUCCESS,SUCCESS,AUTHORIZED,CAPTURED,REFUNDED,RETURNED,DELIVERED,200,1,REVERSED,PENDING,AWAITING_ACK,484,571,219184,2,0,-0.1418,0.0789,1,0,REFUND_UNCERTAINTY
1917.04,UPI,SBI,PAYU,SUCCESS,FAILED,TIMEOUT,FAILED,CANCELLED,CANCELLED,NONE,0,1,ON_HOLD,INITIATED,NOT_INITIATED,639,85457,131909,13,0,2.9938,0.0417,1,0,BANK_DEBIT_GATEWAY_FAILURE
630.6,UPI,INDUSIND,BILLDESK,SUCCESS,SUCCESS,AUTHORIZED,CAPTURED,PAID,PROCESSING,DELIVERED,200,1,PENDING,NONE,NONE,247,521,46900,5,0,-0.1242,0.0298,1,0,NORMAL
6287.18,DEBIT_CARD,YES_BANK,STRIPE,PENDING,FAILED,NONE,FAILED,FAILED,DELIVERED,DROPPED,504,1,FAILED,NONE,AWAITING_ACK,87241,4628,47430,6,2,0.3098,0.051,1,0,UNRESOLVED
1596.92,UPI,KOTAK,STRIPE,SUCCESS,SUCCESS,AUTHORIZED,CAPTURED,EXPIRED,CANCELLED,DELIVERED,200,1,ON_HOLD,INITIATED,NONE,272740,274640,83829,23,0,1.4568,0.0269,1,0,ORDER_PAYMENT_CONFLICT
476.57,CREDIT_CARD,INDUSIND,STRIPE,SUCCESS,SUCCESS,AUTHORIZED,CAPTURED,PAID,DELIVERED,DELIVERED,200,1,ON_HOLD,NONE,AWAITING_ACK,679,964,131424,2,3,0.1347,0.0424,1,1,DUPLICATE_PAYMENT
547.1,CREDIT_CARD,INDUSIND,PAYU,DEBITED,SUCCESS,FAILED,AUTO_REFUNDED,PENDING_PAYMENT,RETURNED,DROPPED,404,1,DISCREPANCY,NONE,REJECTED_BY_BANK,71915,11345,144592,5,0,-0.5026,0.0438,1,0,UNRESOLVED
160.19,EMI,SBI,PAYU,SUCCESS,SUCCESS,AUTHORIZED,CAPTURED,PAID,DELIVERED,DELIVERED,200,3,SETTLED,NONE,NONE,226,457,200367,6,0,-0.6186,0.0365,1,0,NORMAL
928.35,UPI,YES_BANK,BILLDESK,SUCCESS,SUCCESS,AUTHORIZED,CAPTURED,PAID,DELIVERED,DELIVERED,200,1,SETTLED,NONE,NONE,435,590,89975,0,0,0.2894,0.0309,1,0,NORMAL
20571.98,UPI,YES_BANK,RAZORPAY,SUCCESS,SUCCESS,AUTHORIZED,CAPTURED,PAID,PROCESSING,DELIVERED,200,1,PENDING,NONE,NONE,376,576,75530,5,0,0.6458,0.0788,1,0,NORMAL
2503.14,UPI,ICICI,PAYU,SUCCESS,SUCCESS,AUTHORIZED,CAPTURED,PAID,DELIVERED,DELIVERED,200,1,SETTLED,NONE,NONE,503,732,238383,19,0,2.4766,0.0392,1,0,NORMAL
593.44,NET_BANKING,INDUSIND,PAYU,SUCCESS,FAILED,FAILED,FAILED,CANCELLED,CANCELLED,DELIVERED,200,1,ON_HOLD,NONE,NOT_INITIATED,829,54425,180783,23,0,-0.087,0.0329,1,0,BANK_DEBIT_GATEWAY_FAILURE
641.52,DEBIT_CARD,ICICI,STRIPE,SUCCESS,SUCCESS,AUTHORIZED,CAPTURED,PAID,DELIVERED,DELIVERED,200,1,SETTLED,NONE,NONE,719,808,218951,17,0,-0.109,0.0215,1,0,NORMAL
3607.95,NET_BANKING,INDUSIND,CASHFREE,SUCCESS,SUCCESS,AUTHORIZED,CAPTURED,PAID,DELIVERED,DELIVERED,200,1,ON_HOLD,NONE,AWAITING_ACK,534,617,177882,20,4,-0.2483,0.0516,1,1,DUPLICATE_PAYMENT
27423.36,UPI,YES_BANK,STRIPE,DEBITED,FAILED,TIMEOUT,CAPTURED,PAID,DELIVERED,DELIVERED,500,1,ON_HOLD,NONE,NOT_INITIATED,107997,24884,106446,15,1,1.1939,0.0629,1,0,UNRESOLVED
4432.84,CREDIT_CARD,PNB,RAZORPAY,SUCCESS,SUCCESS,AUTHORIZED,CAPTURED,PAID,DELIVERED,DELIVERED,200,1,SETTLED,NONE,NONE,394,689,163266,15,0,0.2665,0.0433,1,0,NORMAL
3044.19,NET_BANKING,ICICI,BILLDESK,SUCCESS,SUCCESS,AUTHORIZED,CAPTURED,REFUNDED,RETURNED,DELIVERED,200,1,REVERSED,PENDING,AWAITING_ACK,186,442,175621,6,0,-0.3658,0.0534,1,0,REFUND_UNCERTAINTY
4288.32,UPI,HDFC,BILLDESK,SUCCESS,SUCCESS,AUTHORIZED,CAPTURED,PROCESSING,PROCESSING,DELIVERED,200,2,PENDING,NONE,NONE,51134,54567,39013,2,0,0.2252,0.0373,1,0,DELAYED_CONFIRMATION
12418.76,WALLET,KOTAK,CASHFREE,SUCCESS,SUCCESS,AUTHORIZED,CAPTURED,PAID,DELIVERED,DELIVERED,200,1,ON_HOLD,PROCESSED,CREDITED_TO_CUSTOMER,747,840,55594,23,4,-0.0065,0.0618,1,1,DUPLICATE_PAYMENT
17013.38,UPI,ICICI,PAYU,SUCCESS,SUCCESS,AUTHORIZED,CAPTURED,PAID,DELIVERED,DELIVERED,200,1,SETTLED,NONE,NONE,648,886,221677,11,0,0.3611,0.0678,1,0,NORMAL
1541.33,DEBIT_CARD,HDFC,STRIPE,SUCCESS,SUCCESS,AUTHORIZED,CAPTURED,EXPIRED,CANCELLED,DELIVERED,200,1,ON_HOLD,PROCESSED,NONE,284473,285578,231669,22,0,1.1407,0.0356,1,0,ORDER_PAYMENT_CONFLICT
6950.02,NET_BANKING,INDUSIND,RAZORPAY,REVERSED,PENDING,TIMEOUT,PENDING,FAILED,UNFULFILLED,DELIVERED,200,1,FAILED,PENDING,NOT_INITIATED,97680,1483,106496,8,3,-0.444,0.0725,1,0,UNRESOLVED
1189.73,CREDIT_CARD,PNB,CASHFREE,SUCCESS,SUCCESS,AUTHORIZED,CAPTURED,PAID,PROCESSING,DELIVERED,200,1,PENDING,NONE,NONE,290,519,21685,12,0,0.8304,0.0253,1,0,NORMAL
433.93,NET_BANKING,HDFC,CASHFREE,SUCCESS,SUCCESS,AUTHORIZED,CAPTURED,PAID,DELIVERED,DELIVERED,200,1,SETTLED,NONE,NONE,3048,3693,204152,2,0,-0.3324,0.0397,1,0,NORMAL
1305.18,NET_BANKING,PNB,STRIPE,SUCCESS,SUCCESS,AUTHORIZED,CAPTURED,PAID,DELIVERED,DELIVERED,200,2,SETTLED,NONE,NONE,315,441,153635,3,0,1.008,0.0313,1,0,NORMAL
231.81,UPI,KOTAK,RAZORPAY,SUCCESS,SUCCESS,AUTHORIZED,CAPTURED,PAID,PROCESSING,DELIVERED,200,3,PENDING,NONE,NONE,472,643,50126,20,0,-0.4481,0.0498,1,0,NORMAL
948.73,UPI,YES_BANK,PAYU,SUCCESS,SUCCESS,AUTHORIZED,CAPTURED,CANCELLED,CANCELLED,DELIVERED,200,1,ON_HOLD,INITIATED,NONE,256377,257133,253473,22,0,-0.6612,0.0285,1,0,ORDER_PAYMENT_CONFLICT
550.7,NET_BANKING,KOTAK,BILLDESK,SUCCESS,SUCCESS,AUTHORIZED,CAPTURED,PAID,PROCESSING,DELIVERED,200,2,SETTLED,NONE,NONE,108446,113495,231232,7,0,0.1473,0.047,1,0,DELAYED_CONFIRMATION
7446.84,UPI,AXIS,STRIPE,SUCCESS,SUCCESS,AUTHORIZED,CAPTURED,EXPIRED,UNFULFILLED,DROPPED,0,4,ON_HOLD,NONE,NONE,520,619,130989,23,0,0.5514,0.0624,1,0,MISSING_WEBHOOK
1973.22,UPI,SBI,PAYU,SUCCESS,SUCCESS,AUTHORIZED,CAPTURED,CANCELLED,CANCELLED,DELIVERED,200,1,ON_HOLD,INITIATED,NONE,273460,274164,136384,9,0,-0.5889,0.0534,1,0,ORDER_PAYMENT_CONFLICT
768.89,CREDIT_CARD,KOTAK,STRIPE,SUCCESS,SUCCESS,AUTHORIZED,CAPTURED,PAID,PROCESSING,DELIVERED,200,1,PENDING,NONE,NONE,267,396,32478,20,0,0.1829,0.0373,1,0,NORMAL
796.04,UPI,SBI,CASHFREE,SUCCESS,SUCCESS,AUTHORIZED,CAPTURED,PENDING_PAYMENT,UNFULFILLED,DROPPED,0,3,ON_HOLD,NONE,NONE,719,904,209176,13,0,0.6584,0.0488,1,0,MISSING_WEBHOOK
1051.64,UPI,KOTAK,PAYU,PENDING,SUCCESS,AUTHORIZED,FAILED,PENDING_PAYMENT,UNFULFILLED,DELIVERED,200,1,ON_HOLD,PENDING,NOT_INITIATED,83049,12315,115226,1,0,-0.044,0.048,1,0,UNRESOLVED
709.6,EMI,YES_BANK,STRIPE,SUCCESS,SUCCESS,AUTHORIZED,CAPTURED,PAID,DELIVERED,DELIVERED,200,1,SETTLED,NONE,NONE,217,399,173636,5,1,0.4783,0.0429,1,0,NORMAL
1195.2,DEBIT_CARD,YES_BANK,RAZORPAY,DEBITED,TIMED_OUT,TIMEOUT,AUTO_REFUNDED,CANCELLED,CANCELLED,NONE,500,1,ON_HOLD,NONE,NOT_INITIATED,320,55554,113044,16,0,-0.3709,0.0507,1,0,BANK_DEBIT_GATEWAY_FAILURE
356.77,DEBIT_CARD,AXIS,PAYU,SUCCESS,SUCCESS,AUTHORIZED,CAPTURED,PAID,DELIVERED,DELIVERED,200,1,DISCREPANCY,NONE,NONE,432,607,13515,8,0,-0.4574,0.0239,1,0,SETTLEMENT_MISMATCH
4121.61,UPI,PNB,CASHFREE,SUCCESS,SUCCESS,AUTHORIZED,CAPTURED,REFUNDED,RETURNED,DELIVERED,200,1,REVERSED,MANUAL_INTERVENTION_REQUIRED,AWAITING_ACK,337,606,72447,15,0,-0.1413,0.0627,1,0,REFUND_UNCERTAINTY
6468.79,UPI,ICICI,RAZORPAY,SUCCESS,SUCCESS,AUTHORIZED,CAPTURED,PAID,DELIVERED,DELIVERED,200,1,SETTLED,NONE,NONE,492,711,186177,10,0,0.8482,0.0329,1,0,NORMAL
275.71,UPI,INDUSIND,PAYU,REVERSED,SUCCESS,AUTHORIZED,CAPTURED,PAID,DELIVERED,DROPPED,200,1,DISCREPANCY,MANUAL_INTERVENTION_REQUIRED,NOT_INITIATED,73663,122489,203053,21,2,-0.4256,0.0305,1,0,UNRESOLVED
276.07,NET_BANKING,AXIS,STRIPE,SUCCESS,SUCCESS,AUTHORIZED,CAPTURED,PAID,PROCESSING,DELIVERED,200,1,PENDING,NONE,NONE,235,433,86377,16,0,-0.4249,0.0416,1,0,NORMAL
566.65,UPI,SBI,STRIPE,SUCCESS,SUCCESS,AUTHORIZED,CAPTURED,PENDING_PAYMENT,UNFULFILLED,DROPPED,500,3,ON_HOLD,NONE,NONE,312,550,162824,21,0,0.1805,0.0419,1,0,MISSING_WEBHOOK
1206.84,UPI,YES_BANK,BILLDESK,SUCCESS,SUCCESS,AUTHORIZED,CAPTURED,PENDING_PAYMENT,UNFULFILLED,TIMED_OUT,500,5,ON_HOLD,NONE,NONE,427,537,188950,19,0,0.0971,0.0546,1,0,MISSING_WEBHOOK
398.38,CREDIT_CARD,AXIS,CASHFREE,DEBITED,FAILED,FAILED,AUTO_REFUNDED,CANCELLED,CANCELLED,NONE,0,1,ON_HOLD,INITIATED,NOT_INITIATED,545,56064,112357,17,0,-0.0515,0.0325,1,0,BANK_DEBIT_GATEWAY_FAILURE
977.25,UPI,HDFC,BILLDESK,REVERSED,SUCCESS,AUTHORIZED,CAPTURED,REFUNDED,RETURNED,DELIVERED,200,1,REVERSED,PENDING,REJECTED_BY_BANK,526,746,143725,8,0,-0.4857,0.0413,1,0,REFUND_UNCERTAINTY
18746.96,DEBIT_CARD,PNB,BILLDESK,SUCCESS,SUCCESS,AUTHORIZED,CAPTURED,PAID,PROCESSING,DELIVERED,200,1,PENDING,NONE,NONE,1754,1948,23003,9,0,2.9056,0.0561,1,0,NORMAL
5707.82,UPI,PNB,RAZORPAY,SUCCESS,SUCCESS,AUTHORIZED,CAPTURED,PAID,DELIVERED,DELIVERED,200,1,SETTLED,NONE,NONE,556,766,231148,18,0,1.0385,0.0146,1,0,NORMAL
758.6,NET_BANKING,AXIS,BILLDESK,SUCCESS,SUCCESS,AUTHORIZED,CAPTURED,PAID,PROCESSING,DELIVERED,200,1,PENDING,NONE,NONE,417,615,37547,18,0,0.0536,0.0216,1,0,NORMAL
1368.68,UPI,HDFC,CASHFREE,SUCCESS,SUCCESS,AUTHORIZED,CAPTURED,PAID,DELIVERED,DELIVERED,200,1,SETTLED,NONE,NONE,311,453,253937,4,0,-0.2796,0.0525,1,0,NORMAL
4403.76,DEBIT_CARD,AXIS,BILLDESK,SUCCESS,SUCCESS,AUTHORIZED,CAPTURED,EXPIRED,UNFULFILLED,DROPPED,0,2,ON_HOLD,NONE,NONE,525,698,71829,2,0,0.5728,0.028,1,0,MISSING_WEBHOOK
495.51,CREDIT_CARD,AXIS,PAYU,SUCCESS,SUCCESS,AUTHORIZED,CAPTURED,PAID,PROCESSING,DELIVERED,200,1,PENDING,NONE,NONE,635,799,77439,10,0,-0.2377,0.0292,1,0,NORMAL
316.76,UPI,YES_BANK,BILLDESK,SUCCESS,SUCCESS,AUTHORIZED,CAPTURED,PAID,DELIVERED,DELIVERED,200,1,DISCREPANCY,NONE,NONE,417,547,57233,9,0,-0.1762,0.0437,1,0,SETTLEMENT_MISMATCH
414.41,EMI,INDUSIND,CASHFREE,SUCCESS,SUCCESS,AUTHORIZED,CAPTURED,REFUNDED,RETURNED,DELIVERED,200,1,REVERSED,PENDING,REJECTED_BY_BANK,646,919,198284,3,0,-0.6233,0.0418,1,0,REFUND_UNCERTAINTY
4015.68,CREDIT_CARD,HDFC,BILLDESK,SUCCESS,SUCCESS,AUTHORIZED,CAPTURED,PROCESSING,PROCESSING,DELIVERED,200,1,PENDING,NONE,NONE,42732,45980,14866,9,0,0.1473,0.0357,1,0,DELAYED_CONFIRMATION
628.33,UPI,INDUSIND,BILLDESK,SUCCESS,SUCCESS,AUTHORIZED,CAPTURED,PAID,PROCESSING,DELIVERED,200,1,PENDING,NONE,NONE,1746,2063,34746,12,0,0.496,0.0472,1,0,NORMAL
7765.41,DEBIT_CARD,KOTAK,PAYU,SUCCESS,SUCCESS,AUTHORIZED,CAPTURED,PAID,PROCESSING,DELIVERED,200,1,PENDING,NONE,NONE,698,984,50437,7,0,1.2187,0.0414,1,0,NORMAL
993.42,UPI,SBI,CASHFREE,SUCCESS,SUCCESS,AUTHORIZED,CAPTURED,PAID,DELIVERED,DELIVERED,200,1,SETTLED,NONE,NONE,590,697,240106,11,0,0.3797,0.0391,1,0,NORMAL
4117.53,UPI,SBI,PAYU,SUCCESS,SUCCESS,AUTHORIZED,CAPTURED,PAID,DELIVERED,DELIVERED,200,1,SETTLED,NONE,NONE,182,369,176043,16,0,0.4705,0.0252,1,0,NORMAL
628.61,UPI,INDUSIND,PAYU,SUCCESS,SUCCESS,AUTHORIZED,CAPTURED,PAID,DELIVERED,DELIVERED,200,1,SETTLED,NONE,NONE,258,376,136927,15,0,-0.0329,0.0309,1,0,NORMAL
1504.08,UPI,AXIS,PAYU,SUCCESS,SUCCESS,AUTHORIZED,CAPTURED,CANCELLED,CANCELLED,DELIVERED,200,1,ON_HOLD,INITIATED,NONE,299585,300693,134457,23,0,0.3673,0.041,1,0,ORDER_PAYMENT_CONFLICT
8475.7,UPI,PNB,RAZORPAY,SUCCESS,SUCCESS,AUTHORIZED,CAPTURED,PAID,DELIVERED,DELIVERED,200,1,SETTLED,NONE,NONE,339,447,236972,12,0,-0.3219,0.0636,1,0,NORMAL
465.59,CREDIT_CARD,KOTAK,CASHFREE,DEBITED,FAILED,TIMEOUT,FAILED,EXPIRED,CANCELLED,NONE,500,1,ON_HOLD,NONE,NOT_INITIATED,1119,74635,176373,11,0,-0.2837,0.0291,1,0,BANK_DEBIT_GATEWAY_FAILURE
1155.78,UPI,YES_BANK,PAYU,SUCCESS,SUCCESS,AUTHORIZED,CAPTURED,PAID,PROCESSING,DELIVERED,200,1,PENDING,NONE,NONE,502,729,64883,7,0,0.7781,0.0252,1,0,NORMAL
709.91,UPI,ICICI,BILLDESK,SUCCESS,SUCCESS,AUTHORIZED,CAPTURED,PAID,DELIVERED,DELIVERED,200,1,ON_HOLD,INITIATED,AWAITING_ACK,489,613,62446,8,1,0.0922,0.0326,1,1,DUPLICATE_PAYMENT
1871.16,UPI,YES_BANK,CASHFREE,SUCCESS,SUCCESS,AUTHORIZED,CAPTURED,PAID,DELIVERED,DELIVERED,200,1,DISCREPANCY,NONE,NONE,513,779,75096,3,0,0.0386,0.0417,1,0,SETTLEMENT_MISMATCH
5860.18,UPI,HDFC,CASHFREE,SUCCESS,FAILED,TIMEOUT,AUTO_REFUNDED,CANCELLED,CANCELLED,FAILED,500,1,ON_HOLD,INITIATED,NOT_INITIATED,774,73938,65955,11,0,0.2209,0.0627,1,0,BANK_DEBIT_GATEWAY_FAILURE
362.79,UPI,SBI,RAZORPAY,SUCCESS,SUCCESS,AUTHORIZED,CAPTURED,CANCELLED,CANCELLED,DELIVERED,200,1,ON_HOLD,INITIATED,NONE,306882,308795,116706,4,0,-0.1362,0.0358,1,0,ORDER_PAYMENT_CONFLICT
2120.29,CREDIT_CARD,ICICI,RAZORPAY,SUCCESS,SUCCESS,AUTHORIZED,CAPTURED,PAID,PROCESSING,DELIVERED,200,1,PENDING,NONE,NONE,530,651,38253,5,0,-0.3942,0.0482,1,0,NORMAL
6886.57,CREDIT_CARD,KOTAK,PAYU,DEBITED,FAILED,FAILED,FAILED,PENDING_PAYMENT,CANCELLED,DROPPED,500,1,FAILED,FAILED,NOT_INITIATED,900,45987,217082,5,1,-0.4491,0.0723,1,0,UNRESOLVED
543.15,UPI,AXIS,STRIPE,SUCCESS,SUCCESS,AUTHORIZED,CAPTURED,PAID,DELIVERED,DELIVERED,200,1,SETTLED,NONE,NONE,341,541,114498,1,0,-0.7141,0.0566,1,0,NORMAL
3142.62,UPI,KOTAK,STRIPE,SUCCESS,SUCCESS,AUTHORIZED,CAPTURED,PAID,DELIVERED,DELIVERED,200,1,SETTLED,NONE,NONE,721,952,233229,12,0,1.8569,0.044,1,0,NORMAL
631.84,CREDIT_CARD,KOTAK,STRIPE,SUCCESS,SUCCESS,AUTHORIZED,CAPTURED,PAID,DELIVERED,DELIVERED,200,1,SETTLED,NONE,NONE,746,987,186643,10,0,-0.1224,0.0283,1,0,NORMAL
4052.53,CREDIT_CARD,AXIS,BILLDESK,REVERSED,FAILED,NONE,CAPTURED,PENDING_PAYMENT,CANCELLED,FAILED,504,1,ON_HOLD,PENDING,AWAITING_ACK,63564,25695,174142,15,1,-0.1557,0.0588,1,0,UNRESOLVED
254.06,CREDIT_CARD,AXIS,STRIPE,SUCCESS,SUCCESS,AUTHORIZED,CAPTURED,PENDING_PAYMENT,UNFULFILLED,FAILED,500,5,PENDING,NONE,NONE,566,752,105652,6,0,-0.6091,0.0263,1,0,MISSING_WEBHOOK
3401.58,CREDIT_CARD,YES_BANK,BILLDESK,SUCCESS,SUCCESS,AUTHORIZED,CAPTURED,REFUNDED,RETURNED,DELIVERED,200,1,REVERSED,PENDING,AWAITING_ACK,446,712,27267,6,0,3.7244,0.0307,1,0,REFUND_UNCERTAINTY
1052.97,UPI,INDUSIND,PAYU,SUCCESS,SUCCESS,AUTHORIZED,CAPTURED,PAID,DELIVERED,DELIVERED,200,1,SETTLED,NONE,NONE,267,419,242292,1,0,-0.0428,0.0584,1,0,NORMAL
239.26,CREDIT_CARD,AXIS,BILLDESK,SUCCESS,SUCCESS,AUTHORIZED,CAPTURED,PAID,DELIVERED,DELIVERED,200,1,SETTLED,NONE,NONE,578,659,112634,18,0,-0.4303,0.0379,1,0,NORMAL
254.12,UPI,SBI,PAYU,REVERSED,PENDING,NONE,FAILED,PENDING_PAYMENT,UNFULFILLED,DROPPED,0,1,FAILED,FAILED,NOT_INITIATED,31404,43936,208249,5,3,-0.395,0.0494,1,0,UNRESOLVED
1471.41,CREDIT_CARD,AXIS,PAYU,SUCCESS,SUCCESS,AUTHORIZED,CAPTURED,PAID,DELIVERED,DELIVERED,200,1,SETTLED,NONE,NONE,490,600,259016,10,0,2.5034,0.0448,1,0,NORMAL
8402.21,UPI,AXIS,STRIPE,SUCCESS,SUCCESS,AUTHORIZED,CAPTURED,PAID,DELIVERED,DELIVERED,200,1,SETTLED,NONE,NONE,363,585,248412,20,0,2.0008,0.0206,1,0,NORMAL
14555.55,UPI,INDUSIND,PAYU,SUCCESS,SUCCESS,AUTHORIZED,CAPTURED,PAID,DELIVERED,DELIVERED,200,1,SETTLED,NONE,NONE,505,755,113879,12,0,0.1644,0.074,1,0,NORMAL
3251.93,WALLET,INDUSIND,BILLDESK,SUCCESS,SUCCESS,AUTHORIZED,CAPTURED,PAID,DELIVERED,DELIVERED,200,1,SETTLED,NONE,NONE,275,411,112629,9,0,0.1614,0.012,1,0,NORMAL
214.81,NET_BANKING,SBI,RAZORPAY,SUCCESS,SUCCESS,AUTHORIZED,CAPTURED,PAID,DELIVERED,DELIVERED,200,1,ON_HOLD,INITIATED,AWAITING_ACK,243,409,129136,20,4,-0.5525,0.0345,1,1,DUPLICATE_PAYMENT
3717.43,UPI,KOTAK,PAYU,SUCCESS,SUCCESS,AUTHORIZED,CAPTURED,REFUNDED,RETURNED,DELIVERED,200,1,REVERSED,PENDING,AWAITING_ACK,547,896,61655,15,0,0.9565,0.0492,1,0,REFUND_UNCERTAINTY
391.96,UPI,SBI,CASHFREE,SUCCESS,SUCCESS,AUTHORIZED,CAPTURED,EXPIRED,UNFULFILLED,DROPPED,0,3,PENDING,NONE,NONE,516,773,87777,15,0,-0.7937,0.0513,1,0,MISSING_WEBHOOK
1426.55,CREDIT_CARD,HDFC,PAYU,SUCCESS,SUCCESS,AUTHORIZED,CAPTURED,PAID,DELIVERED,DELIVERED,200,1,SETTLED,NONE,NONE,342,466,93626,8,1,-0.2492,0.0447,1,0,NORMAL
426.15,UPI,ICICI,PAYU,SUCCESS,SUCCESS,AUTHORIZED,CAPTURED,PAID,PROCESSING,DELIVERED,200,1,PENDING,NONE,NONE,4292,5184,67968,20,0,0.0146,0.0342,1,0,NORMAL
10634.3,CREDIT_CARD,INDUSIND,BILLDESK,SUCCESS,SUCCESS,AUTHORIZED,CAPTURED,PAID,DELIVERED,DELIVERED,200,1,SETTLED,NONE,NONE,418,679,231677,5,0,-0.1493,0.0699,1,0,NORMAL
3614.26,UPI,AXIS,RAZORPAY,PENDING,SUCCESS,AUTHORIZED,CAPTURED,PAID,PROCESSING,DELIVERED,200,3,SETTLED,NONE,NONE,104108,105909,184717,4,0,0.2908,0.0172,1,0,DELAYED_CONFIRMATION
5614.58,UPI,YES_BANK,PAYU,SUCCESS,SUCCESS,AUTHORIZED,CAPTURED,PAID,DELIVERED,DELIVERED,200,1,SETTLED,NONE,NONE,609,706,189989,10,0,0.1697,0.069,1,0,NORMAL
306.28,UPI,ICICI,RAZORPAY,SUCCESS,SUCCESS,AUTHORIZED,CAPTURED,CANCELLED,CANCELLED,DELIVERED,200,1,ON_HOLD,PROCESSED,NONE,288303,289513,20997,22,0,-0.3619,0.0334,1,0,ORDER_PAYMENT_CONFLICT
768.98,EMI,ICICI,BILLDESK,SUCCESS,SUCCESS,AUTHORIZED,CAPTURED,PAID,DELIVERED,DELIVERED,200,1,SETTLED,NONE,NONE,333,488,131273,17,0,0.183,0.0274,1,0,NORMAL
9056.54,UPI,PNB,RAZORPAY,DEBITED,SUCCESS,AUTHORIZED,CAPTURED,PAID,PROCESSING,RETRYING,200,1,PENDING,NONE,NONE,68560,73969,22456,22,0,0.8868,0.0689,1,0,DELAYED_CONFIRMATION
290.99,CREDIT_CARD,INDUSIND,STRIPE,SUCCESS,SUCCESS,AUTHORIZED,CAPTURED,REFUNDED,RETURNED,DELIVERED,200,1,REVERSED,PENDING,NOT_INITIATED,288,467,143406,9,0,-0.3072,0.0307,1,0,REFUND_UNCERTAINTY
437.37,UPI,INDUSIND,BILLDESK,SUCCESS,SUCCESS,AUTHORIZED,CAPTURED,PAID,DELIVERED,DELIVERED,200,1,SETTLED,NONE,NONE,253,446,197553,0,0,-0.3271,0.0205,1,0,NORMAL
117.2,UPI,HDFC,BILLDESK,SUCCESS,PENDING,AUTHORIZED,CAPTURED,PENDING_PAYMENT,PROCESSING,DELIVERED,200,1,PENDING,NONE,NONE,36285,41795,39585,21,0,-0.721,0.0355,1,0,DELAYED_CONFIRMATION
1173.29,UPI,AXIS,BILLDESK,SUCCESS,SUCCESS,AUTHORIZED,CAPTURED,PAID,DELIVERED,DELIVERED,200,1,SETTLED,NONE,NONE,262,416,240746,18,0,0.8051,0.0343,1,0,NORMAL
1302.24,NET_BANKING,YES_BANK,BILLDESK,SUCCESS,SUCCESS,AUTHORIZED,CAPTURED,PAID,PROCESSING,DELIVERED,200,1,PENDING,NONE,NONE,665,785,8109,21,0,1.0034,0.0256,1,0,NORMAL
1615.96,DEBIT_CARD,PNB,CASHFREE,SUCCESS,SUCCESS,AUTHORIZED,CAPTURED,PAID,DELIVERED,DELIVERED,200,1,SETTLED,NONE,NONE,722,909,197478,4,0,-0.1495,0.0474,1,0,NORMAL
466.68,CREDIT_CARD,INDUSIND,CASHFREE,SUCCESS,SUCCESS,AUTHORIZED,CAPTURED,PAID,DELIVERED,DELIVERED,200,1,SETTLED,NONE,NONE,665,873,149549,6,0,-0.282,0.0268,1,0,NORMAL
2821.93,UPI,HDFC,RAZORPAY,SUCCESS,SUCCESS,AUTHORIZED,CAPTURED,PAID,DELIVERED,DELIVERED,200,1,SETTLED,NONE,NONE,402,604,210964,6,0,0.0078,0.011,1,0,NORMAL
2757.62,UPI,AXIS,CASHFREE,SUCCESS,SUCCESS,AUTHORIZED,CAPTURED,REFUNDED,RETURNED,DELIVERED,200,1,REVERSED,PENDING,AWAITING_ACK,438,717,178534,21,0,-0.2121,0.0471,1,0,REFUND_UNCERTAINTY
322.56,UPI,PNB,CASHFREE,SUCCESS,SUCCESS,AUTHORIZED,CAPTURED,PAID,PROCESSING,DELIVERED,200,1,PENDING,NONE,NONE,436,543,16681,20,0,-0.5038,0.0255,1,0,NORMAL
696.38,UPI,YES_BANK,BILLDESK,SUCCESS,SUCCESS,AUTHORIZED,CAPTURED,PAID,DELIVERED,DELIVERED,200,1,SETTLED,NONE,NONE,584,750,236023,7,0,-0.0328,0.0373,1,0,NORMAL
1839.01,UPI,ICICI,BILLDESK,SUCCESS,SUCCESS,AUTHORIZED,CAPTURED,PAID,PROCESSING,DELIVERED,200,1,PENDING,NONE,NONE,544,797,69752,23,0,1.5542,0.0256,1,0,NORMAL
274.42,CREDIT_CARD,KOTAK,PAYU,SUCCESS,SUCCESS,AUTHORIZED,CAPTURED,PAID,PROCESSING,DELIVERED,200,1,PENDING,NONE,NONE,606,764,14467,4,0,-0.6189,0.0281,1,0,NORMAL
1033.72,NET_BANKING,INDUSIND,PAYU,SUCCESS,SUCCESS,AUTHORIZED,CAPTURED,EXPIRED,CANCELLED,DELIVERED,200,1,ON_HOLD,INITIATED,NONE,349567,350510,128987,21,0,0.5903,0.0314,1,0,ORDER_PAYMENT_CONFLICT
21076.88,UPI,AXIS,STRIPE,SUCCESS,SUCCESS,AUTHORIZED,CAPTURED,PAID,DELIVERED,DELIVERED,200,1,ON_HOLD,INITIATED,AWAITING_ACK,309,605,18005,5,1,0.6862,0.0781,1,1,DUPLICATE_PAYMENT
2805.17,UPI,INDUSIND,BILLDESK,REVERSED,PENDING,AUTHORIZED,FAILED,FAILED,DELIVERED,DROPPED,500,1,FAILED,NONE,NOT_INITIATED,19687,45143,44014,0,3,1.5502,0.0429,1,0,UNRESOLVED
1554.53,CREDIT_CARD,HDFC,PAYU,SUCCESS,SUCCESS,AUTHORIZED,CAPTURED,PAID,DELIVERED,DELIVERED,200,1,SETTLED,NONE,NONE,348,518,217728,22,0,1.3916,0.0235,1,0,NORMAL
5655.62,UPI,AXIS,BILLDESK,SUCCESS,FAILED,TIMEOUT,FAILED,EXPIRED,CANCELLED,FAILED,500,1,ON_HOLD,NONE,NOT_INITIATED,605,53120,65107,23,0,1.0199,0.0181,1,0,BANK_DEBIT_GATEWAY_FAILURE
700.87,CREDIT_CARD,PNB,BILLDESK,SUCCESS,SUCCESS,AUTHORIZED,CAPTURED,PAID,DELIVERED,DELIVERED,200,1,SETTLED,NONE,NONE,219,423,99636,0,0,0.0783,0.0285,1,0,NORMAL
8220.14,UPI,AXIS,BILLDESK,REVERSED,PENDING,AUTHORIZED,FAILED,PENDING_PAYMENT,CANCELLED,RETRYING,200,1,ON_HOLD,PENDING,AWAITING_ACK,53002,109649,209771,3,2,3.3264,0.0491,1,0,UNRESOLVED
406.04,DEBIT_CARD,HDFC,STRIPE,SUCCESS,SUCCESS,AUTHORIZED,CAPTURED,PAID,DELIVERED,DELIVERED,200,1,SETTLED,NONE,NONE,3688,4048,108026,4,0,-0.1541,0.0421,1,0,NORMAL
357.11,DEBIT_CARD,SBI,PAYU,SUCCESS,SUCCESS,AUTHORIZED,CAPTURED,PAID,DELIVERED,DELIVERED,200,1,SETTLED,NONE,NONE,672,847,168111,1,0,-0.504,0.0363,1,0,NORMAL
1723.23,CREDIT_CARD,YES_BANK,CASHFREE,SUCCESS,SUCCESS,AUTHORIZED,CAPTURED,PAID,DELIVERED,DELIVERED,200,1,SETTLED,NONE,NONE,654,954,103038,11,0,-0.641,0.0502,1,0,NORMAL
1944.15,CREDIT_CARD,KOTAK,STRIPE,SUCCESS,SUCCESS,AUTHORIZED,CAPTURED,PAID,PROCESSING,DELIVERED,200,2,PENDING,NONE,NONE,435,685,82617,0,1,1.991,0.0364,1,0,NORMAL
4359.76,UPI,SBI,RAZORPAY,SUCCESS,SUCCESS,AUTHORIZED,CAPTURED,PAID,DELIVERED,DELIVERED,200,2,SETTLED,NONE,NONE,3904,4784,180050,23,0,1.2946,0.0421,1,0,NORMAL
3750.92,UPI,KOTAK,STRIPE,SUCCESS,SUCCESS,AUTHORIZED,CAPTURED,REFUNDED,RETURNED,DELIVERED,200,1,REVERSED,FAILED,AWAITING_ACK,641,872,89025,13,0,-0.2186,0.057,1,0,REFUND_UNCERTAINTY
546.64,DEBIT_CARD,PNB,PAYU,SUCCESS,SUCCESS,AUTHORIZED,CAPTURED,PENDING_PAYMENT,UNFULFILLED,DROPPED,504,3,ON_HOLD,NONE,NONE,353,586,222601,5,0,0.1388,0.0419,1,0,MISSING_WEBHOOK
2624.09,WALLET,PNB,CASHFREE,REVERSED,FAILED,FAILED,PENDING,PAID,DELIVERED,DELIVERED,0,1,FAILED,FAILED,AWAITING_ACK,95963,10639,131548,10,1,-0.0628,0.0171,1,0,UNRESOLVED
2740.39,CREDIT_CARD,SBI,CASHFREE,SUCCESS,SUCCESS,AUTHORIZED,CAPTURED,PAID,PROCESSING,DELIVERED,200,1,PENDING,NONE,NONE,705,899,58354,20,0,1.4913,0.0582,1,0,NORMAL
688.59,NET_BANKING,ICICI,RAZORPAY,SUCCESS,SUCCESS,AUTHORIZED,CAPTURED,PAID,PROCESSING,DELIVERED,200,1,PENDING,NONE,NONE,3224,3894,74075,4,0,0.0594,0.0222,1,0,NORMAL
1527.11,CREDIT_CARD,ICICI,PAYU,SUCCESS,SUCCESS,AUTHORIZED,CAPTURED,PAID,DELIVERED,DELIVERED,200,1,ON_HOLD,NONE,AWAITING_ACK,346,552,238028,23,3,1.121,0.0298,1,1,DUPLICATE_PAYMENT
1089.85,DEBIT_CARD,HDFC,RAZORPAY,SUCCESS,SUCCESS,AUTHORIZED,CAPTURED,CANCELLED,CANCELLED,DELIVERED,200,1,ON_HOLD,INITIATED,NONE,353645,355633,218027,19,0,0.5137,0.0252,1,0,ORDER_PAYMENT_CONFLICT
3251.79,DEBIT_CARD,AXIS,CASHFREE,SUCCESS,SUCCESS,AUTHORIZED,CAPTURED,PAID,PROCESSING,DELIVERED,200,1,PENDING,NONE,NONE,423,504,53266,13,0,0.1614,0.0157,1,0,NORMAL
1108.91,UPI,HDFC,CASHFREE,SUCCESS,SUCCESS,AUTHORIZED,CAPTURED,REFUNDED,RETURNED,DELIVERED,200,1,REVERSED,MANUAL_INTERVENTION_REQUIRED,AWAITING_ACK,189,477,31083,12,0,0.0081,0.0586,1,0,REFUND_UNCERTAINTY
7994.77,EMI,AXIS,STRIPE,SUCCESS,SUCCESS,AUTHORIZED,CAPTURED,PAID,PROCESSING,DELIVERED,200,1,PENDING,NONE,NONE,276,381,10841,4,1,-0.3604,0.0614,1,0,NORMAL
251.79,UPI,INDUSIND,CASHFREE,SUCCESS,SUCCESS,AUTHORIZED,CAPTURED,PAID,PROCESSING,DELIVERED,200,1,SETTLED,NONE,NONE,98532,103714,133184,17,0,-0.4754,0.0483,1,0,DELAYED_CONFIRMATION
3694.2,NET_BANKING,KOTAK,CASHFREE,SUCCESS,SUCCESS,AUTHORIZED,CAPTURED,PAID,DELIVERED,DELIVERED,200,1,SETTLED,NONE,NONE,691,881,127572,6,0,0.9443,0.0566,1,0,NORMAL
9806.09,CREDIT_CARD,INDUSIND,PAYU,SUCCESS,SUCCESS,AUTHORIZED,CAPTURED,PAID,DELIVERED,DELIVERED,200,1,SETTLED,NONE,NONE,349,625,139625,0,0,1.0429,0.0532,1,0,NORMAL
2100.91,UPI,KOTAK,BILLDESK,SUCCESS,SUCCESS,AUTHORIZED,CAPTURED,PAID,DELIVERED,DELIVERED,200,1,SETTLED,NONE,NONE,499,621,153029,3,0,-0.2497,0.015,1,0,NORMAL
1529.14,UPI,KOTAK,BILLDESK,SUCCESS,SUCCESS,NONE,PENDING,FAILED,CANCELLED,RETRYING,0,1,FAILED,FAILED,NOT_INITIATED,66776,8973,101662,19,1,1.1238,0.0384,1,0,UNRESOLVED
245.41,UPI,HDFC,CASHFREE,SUCCESS,SUCCESS,AUTHORIZED,CAPTURED,PAID,DELIVERED,DELIVERED,200,1,DISCREPANCY,NONE,NONE,380,491,186313,5,0,-0.5935,0.0257,1,0,SETTLEMENT_MISMATCH
2219.5,CREDIT_CARD,SBI,PAYU,SUCCESS,SUCCESS,AUTHORIZED,CAPTURED,PAID,PROCESSING,DELIVERED,200,1,PENDING,NONE,NONE,3733,4379,65231,2,0,-0.3659,0.0416,1,0,NORMAL
2338.53,UPI,PNB,PAYU,PENDING,SUCCESS,AUTHORIZED,PENDING,PAID,CANCELLED,FAILED,404,1,ON_HOLD,MANUAL_INTERVENTION_REQUIRED,REJECTED_BY_BANK,96136,9664,182701,17,2,0.2308,0.0437,1,0,UNRESOLVED
671.28,UPI,AXIS,CASHFREE,SUCCESS,SUCCESS,AUTHORIZED,CAPTURED,PAID,DELIVERED,DELIVERED,200,1,SETTLED,NONE,NONE,466,552,244289,4,0,-0.0677,0.0288,1,0,NORMAL
2162.87,CREDIT_CARD,ICICI,RAZORPAY,SUCCESS,SUCCESS,AUTHORIZED,CAPTURED,PENDING_PAYMENT,UNFULFILLED,DROPPED,404,2,PENDING,NONE,NONE,332,615,83228,14,0,-0.2275,0.0256,1,0,MISSING_WEBHOOK
1020.97,NET_BANKING,HDFC,RAZORPAY,SUCCESS,SUCCESS,AUTHORIZED,CAPTURED,PAID,PROCESSING,DELIVERED,200,1,PENDING,NONE,NONE,439,558,76585,19,0,0.418,0.039,1,0,NORMAL
7173.68,UPI,AXIS,STRIPE,SUCCESS,SUCCESS,AUTHORIZED,CAPTURED,PAID,DELIVERED,DELIVERED,200,1,SETTLED,NONE,NONE,656,881,255274,2,0,0.4945,0.0623,1,0,NORMAL
488.59,UPI,PNB,CASHFREE,SUCCESS,SUCCESS,AUTHORIZED,CAPTURED,PAID,PROCESSING,DELIVERED,200,1,PENDING,NONE,NONE,424,679,35854,1,0,-0.3214,0.0245,1,0,NORMAL
241.48,NET_BANKING,PNB,STRIPE,SUCCESS,SUCCESS,AUTHORIZED,CAPTURED,PAID,DELIVERED,DELIVERED,200,1,DISCREPANCY,NONE,NONE,244,466,245789,16,0,-0.3486,0.0393,1,0,SETTLEMENT_MISMATCH
557.71,UPI,INDUSIND,PAYU,DEBITED,FAILED,NONE,FAILED,CANCELLED,CANCELLED,FAILED,0,1,ON_HOLD,NONE,NOT_INITIATED,1221,75407,192269,17,0,0.3279,0.0439,1,0,BANK_DEBIT_GATEWAY_FAILURE
210.24,DEBIT_CARD,HDFC,PAYU,SUCCESS,SUCCESS,AUTHORIZED,CAPTURED,PROCESSING,PROCESSING,DELIVERED,200,2,SETTLED,NONE,NONE,75013,78856,155780,14,0,-0.4994,0.0461,1,0,DELAYED_CONFIRMATION
2290.12,NET_BANKING,PNB,BILLDESK,SUCCESS,SUCCESS,AUTHORIZED,CAPTURED,PAID,DELIVERED,DELIVERED,200,2,SETTLED,NONE,NONE,628,896,232083,2,0,0.2053,0.0539,1,0,NORMAL
3367.14,CREDIT_CARD,INDUSIND,CASHFREE,SUCCESS,SUCCESS,AUTHORIZED,CAPTURED,PAID,PROCESSING,DELIVERED,200,1,PENDING,NONE,NONE,423,648,61755,16,0,0.2025,0.0266,1,0,NORMAL
9935.39,UPI,HDFC,STRIPE,SUCCESS,SUCCESS,AUTHORIZED,CAPTURED,PAID,DELIVERED,DELIVERED,200,1,SETTLED,NONE,NONE,236,426,184362,1,0,1.8387,0.0444,1,0,NORMAL
458.29,UPI,ICICI,BILLDESK,DEBITED,FAILED,FAILED,AUTO_REFUNDED,PAID,RETURNED,FAILED,0,1,FAILED,MANUAL_INTERVENTION_REQUIRED,NOT_INITIATED,88017,12531,257436,10,0,0.0912,0.0329,1,0,UNRESOLVED
232.65,CREDIT_CARD,ICICI,CASHFREE,SUCCESS,SUCCESS,AUTHORIZED,CAPTURED,EXPIRED,UNFULFILLED,TIMED_OUT,404,3,PENDING,NONE,NONE,216,373,221045,0,0,-0.4461,0.0342,1,0,MISSING_WEBHOOK
484.42,NET_BANKING,PNB,RAZORPAY,SUCCESS,TIMED_OUT,TIMEOUT,AUTO_REFUNDED,CANCELLED,CANCELLED,FAILED,500,1,ON_HOLD,NONE,NOT_INITIATED,808,82088,213667,23,0,-0.5596,0.0403,1,0,BANK_DEBIT_GATEWAY_FAILURE
493.56,UPI,YES_BANK,BILLDESK,SUCCESS,SUCCESS,AUTHORIZED,CAPTURED,PAID,DELIVERED,DELIVERED,200,1,SETTLED,NONE,NONE,446,539,104541,13,0,0.0283,0.0352,1,0,NORMAL
963.88,UPI,ICICI,CASHFREE,SUCCESS,FAILED,FAILED,AUTO_REFUNDED,CANCELLED,DELIVERED,DELIVERED,504,1,ON_HOLD,MANUAL_INTERVENTION_REQUIRED,REJECTED_BY_BANK,48202,14159,212469,15,3,-0.4927,0.0457,1,0,UNRESOLVED
817.18,UPI,INDUSIND,CASHFREE,SUCCESS,SUCCESS,AUTHORIZED,CAPTURED,PAID,PROCESSING,DELIVERED,200,1,PENDING,NONE,NONE,707,953,30791,1,0,0.135,0.0385,1,0,NORMAL
711.47,UPI,PNB,CASHFREE,SUCCESS,SUCCESS,AUTHORIZED,CAPTURED,PENDING_PAYMENT,UNFULFILLED,DROPPED,0,4,ON_HOLD,NONE,NONE,292,457,104287,2,0,-0.0118,0.0377,1,0,MISSING_WEBHOOK
763.51,UPI,YES_BANK,PAYU,SUCCESS,TIMED_OUT,TIMEOUT,FAILED,CANCELLED,CANCELLED,FAILED,500,1,ON_HOLD,PROCESSED,CREDITED_TO_CUSTOMER,797,50657,127197,14,0,0.8179,0.0321,1,0,BANK_DEBIT_GATEWAY_FAILURE
4724.96,UPI,AXIS,STRIPE,SUCCESS,SUCCESS,AUTHORIZED,CAPTURED,REFUNDED,RETURNED,DELIVERED,200,1,REVERSED,FAILED,AWAITING_ACK,306,530,208618,5,0,-0.0156,0.0585,1,0,REFUND_UNCERTAINTY
11147.39,UPI,YES_BANK,BILLDESK,SUCCESS,SUCCESS,AUTHORIZED,CAPTURED,PAID,DELIVERED,DELIVERED,200,1,ON_HOLD,INITIATED,AWAITING_ACK,302,302,205419,13,3,-0.1082,0.071,1,1,DUPLICATE_PAYMENT
360.5,UPI,INDUSIND,BILLDESK,SUCCESS,SUCCESS,AUTHORIZED,CAPTURED,PAID,DELIVERED,DELIVERED,200,1,SETTLED,NONE,NONE,623,722,228649,20,0,-0.4454,0.0259,1,0,NORMAL
4669.53,UPI,HDFC,PAYU,SUCCESS,SUCCESS,AUTHORIZED,CAPTURED,CANCELLED,CANCELLED,DELIVERED,200,1,ON_HOLD,PROCESSED,NONE,252732,253642,205944,19,0,-0.0272,0.0663,1,0,ORDER_PAYMENT_CONFLICT
9021.08,CREDIT_CARD,AXIS,BILLDESK,DEBITED,SUCCESS,TIMEOUT,PENDING,PENDING_PAYMENT,RETURNED,DROPPED,504,1,ON_HOLD,NONE,AWAITING_ACK,65352,84835,207031,23,1,-0.2783,0.0703,1,0,UNRESOLVED
390.78,DEBIT_CARD,AXIS,BILLDESK,SUCCESS,SUCCESS,AUTHORIZED,CAPTURED,PAID,DELIVERED,DELIVERED,200,1,ON_HOLD,NONE,AWAITING_ACK,331,442,164554,8,2,-0.3988,0.0202,1,1,DUPLICATE_PAYMENT
273.11,NET_BANKING,INDUSIND,BILLDESK,SUCCESS,SUCCESS,AUTHORIZED,CAPTURED,PAID,PROCESSING,DELIVERED,200,1,PENDING,NONE,NONE,666,774,17165,0,0,-0.431,0.0458,1,0,NORMAL
3241.04,UPI,PNB,PAYU,DEBITED,PENDING,AUTHORIZED,FAILED,CANCELLED,CANCELLED,RETRYING,0,1,DISCREPANCY,MANUAL_INTERVENTION_REQUIRED,REJECTED_BY_BANK,5274,76484,225934,4,0,-0.3248,0.0567,1,0,UNRESOLVED
3491.44,CREDIT_CARD,AXIS,STRIPE,SUCCESS,SUCCESS,AUTHORIZED,CAPTURED,PAID,DELIVERED,DELIVERED,200,1,SETTLED,NONE,NONE,264,692,177689,10,0,-0.2726,0.0655,1,0,NORMAL
891.82,CREDIT_CARD,AXIS,BILLDESK,SUCCESS,SUCCESS,AUTHORIZED,CAPTURED,PAID,PROCESSING,DELIVERED,200,1,PENDING,NONE,NONE,1430,1968,81046,17,1,0.858,0.049,1,0,NORMAL
26924.81,DEBIT_CARD,INDUSIND,PAYU,SUCCESS,SUCCESS,AUTHORIZED,PENDING,PAID,PROCESSING,DELIVERED,200,2,SETTLED,NONE,NONE,103503,108796,103253,5,0,1.154,0.0786,1,0,DELAYED_CONFIRMATION
6108.11,UPI,KOTAK,PAYU,REVERSED,FAILED,NONE,FAILED,PAID,UNFULFILLED,FAILED,500,1,DISCREPANCY,PENDING,REJECTED_BY_BANK,48615,125734,43617,10,1,0.7452,0.0373,1,0,UNRESOLVED
664.92,NET_BANKING,ICICI,CASHFREE,SUCCESS,SUCCESS,AUTHORIZED,CAPTURED,PAID,PROCESSING,DELIVERED,200,1,PENDING,NONE,NONE,488,595,2708,0,0,-0.0765,0.0258,1,0,NORMAL
45219.7,UPI,PNB,STRIPE,SUCCESS,FAILED,FAILED,AUTO_REFUNDED,PAID,DELIVERED,DELIVERED,500,1,ON_HOLD,NONE,REJECTED_BY_BANK,115141,35874,58247,14,2,2.6176,0.0782,1,0,UNRESOLVED
560.81,UPI,HDFC,RAZORPAY,SUCCESS,SUCCESS,AUTHORIZED,CAPTURED,PAID,DELIVERED,DELIVERED,200,1,SETTLED,NONE,NONE,248,493,108795,3,0,0.3353,0.0326,1,0,NORMAL
240.98,CREDIT_CARD,AXIS,CASHFREE,SUCCESS,SUCCESS,AUTHORIZED,CAPTURED,CANCELLED,CANCELLED,DELIVERED,200,1,ON_HOLD,PROCESSED,NONE,344572,346286,28567,11,0,-0.4262,0.0464,1,0,ORDER_PAYMENT_CONFLICT
198.22,UPI,YES_BANK,RAZORPAY,SUCCESS,SUCCESS,AUTHORIZED,CAPTURED,PAID,DELIVERED,DELIVERED,200,1,SETTLED,NONE,NONE,673,827,180027,11,0,-0.695,0.0251,1,0,NORMAL
2705.22,UPI,PNB,PAYU,SUCCESS,SUCCESS,AUTHORIZED,CAPTURED,PAID,DELIVERED,DELIVERED,200,1,ON_HOLD,PROCESSED,CREDITED_TO_CUSTOMER,266,360,155838,18,4,-0.0339,0.0155,1,1,DUPLICATE_PAYMENT
7685.83,DEBIT_CARD,AXIS,PAYU,SUCCESS,SUCCESS,AUTHORIZED,CAPTURED,PAID,DELIVERED,DELIVERED,200,2,SETTLED,NONE,NONE,275,462,247941,20,0,0.6012,0.0597,1,0,NORMAL
6993.05,CREDIT_CARD,PNB,CASHFREE,SUCCESS,SUCCESS,AUTHORIZED,CAPTURED,PAID,PROCESSING,DELIVERED,200,3,SETTLED,NONE,NONE,38268,40847,89591,14,0,0.998,0.0398,1,0,DELAYED_CONFIRMATION
4396.82,UPI,HDFC,CASHFREE,SUCCESS,SUCCESS,AUTHORIZED,CAPTURED,PAID,PROCESSING,DELIVERED,200,1,PENDING,NONE,NONE,564,684,76224,3,0,0.2562,0.0448,1,0,NORMAL
451.15,UPI,KOTAK,CASHFREE,SUCCESS,SUCCESS,AUTHORIZED,CAPTURED,PENDING_PAYMENT,UNFULFILLED,DROPPED,404,3,ON_HOLD,NONE,NONE,231,503,107349,18,0,-0.3734,0.0292,1,0,MISSING_WEBHOOK
482.48,CREDIT_CARD,KOTAK,RAZORPAY,SUCCESS,SUCCESS,AUTHORIZED,CAPTURED,EXPIRED,UNFULFILLED,DROPPED,500,4,ON_HOLD,NONE,NONE,592,827,208194,23,0,-0.3299,0.0332,1,0,MISSING_WEBHOOK
968.42,UPI,PNB,RAZORPAY,SUCCESS,SUCCESS,AUTHORIZED,CAPTURED,PAID,DELIVERED,DELIVERED,200,1,SETTLED,NONE,NONE,276,490,118447,10,0,0.345,0.0252,1,0,NORMAL
7858.97,CREDIT_CARD,PNB,PAYU,SUCCESS,SUCCESS,AUTHORIZED,CAPTURED,PAID,DELIVERED,DELIVERED,200,1,DISCREPANCY,NONE,NONE,742,825,985,8,0,-0.3074,0.0766,1,0,SETTLEMENT_MISMATCH
20044.99,UPI,YES_BANK,BILLDESK,SUCCESS,SUCCESS,AUTHORIZED,CAPTURED,PAID,PROCESSING,DELIVERED,200,1,PENDING,NONE,NONE,268,450,85994,16,0,0.6036,0.0735,1,0,NORMAL
471.96,UPI,HDFC,RAZORPAY,SUCCESS,SUCCESS,AUTHORIZED,CAPTURED,PAID,PROCESSING,DELIVERED,200,1,PENDING,NONE,NONE,571,785,80109,6,0,0.1237,0.032,1,0,NORMAL
625.03,UPI,KOTAK,BILLDESK,SUCCESS,SUCCESS,AUTHORIZED,CAPTURED,PAID,DELIVERED,DELIVERED,200,1,ON_HOLD,PROCESSED,CREDITED_TO_CUSTOMER,404,534,123128,15,2,-0.671,0.0536,1,1,DUPLICATE_PAYMENT
421.62,DEBIT_CARD,AXIS,STRIPE,SUCCESS,SUCCESS,AUTHORIZED,CAPTURED,PAID,DELIVERED,DELIVERED,200,1,SETTLED,NONE,NONE,704,897,144338,8,0,0.0039,0.0334,1,0,NORMAL
11669.67,UPI,PNB,STRIPE,SUCCESS,SUCCESS,AUTHORIZED,CAPTURED,CANCELLED,CANCELLED,DELIVERED,200,1,ON_HOLD,NONE,NONE,278031,278762,155075,9,0,-0.0664,0.0791,1,0,ORDER_PAYMENT_CONFLICT
899.39,CREDIT_CARD,ICICI,RAZORPAY,SUCCESS,SUCCESS,AUTHORIZED,CAPTURED,REFUNDED,RETURNED,DELIVERED,200,1,REVERSED,PENDING,AWAITING_ACK,461,680,78892,17,0,-0.6788,0.0194,1,0,REFUND_UNCERTAINTY
507.92,UPI,HDFC,PAYU,SUCCESS,SUCCESS,AUTHORIZED,CAPTURED,PAID,DELIVERED,DELIVERED,200,1,SETTLED,NONE,NONE,504,765,222388,21,0,-0.7327,0.0597,1,0,NORMAL
3876.81,CREDIT_CARD,AXIS,PAYU,SUCCESS,SUCCESS,AUTHORIZED,CAPTURED,PENDING_PAYMENT,UNFULFILLED,DROPPED,502,5,ON_HOLD,NONE,NONE,493,784,238470,9,0,1.0404,0.0523,1,0,MISSING_WEBHOOK
1002.24,UPI,KOTAK,STRIPE,REVERSED,SUCCESS,AUTHORIZED,FAILED,CANCELLED,RETURNED,FAILED,404,1,ON_HOLD,FAILED,REJECTED_BY_BANK,88913,30861,26108,13,0,-0.4725,0.0547,1,0,UNRESOLVED
3374.22,CREDIT_CARD,SBI,RAZORPAY,SUCCESS,SUCCESS,AUTHORIZED,CAPTURED,PAID,DELIVERED,DELIVERED,200,1,SETTLED,NONE,NONE,590,871,133289,6,0,0.2051,0.0189,1,0,NORMAL
978.63,EMI,HDFC,BILLDESK,SUCCESS,SUCCESS,AUTHORIZED,CAPTURED,PAID,PROCESSING,RETRYING,200,3,SETTLED,NONE,NONE,88559,91140,143564,5,0,0.3592,0.0385,1,0,DELAYED_CONFIRMATION
981.63,CREDIT_CARD,SBI,PAYU,SUCCESS,SUCCESS,AUTHORIZED,CAPTURED,PAID,PROCESSING,DELIVERED,200,3,PENDING,NONE,NONE,55473,57690,78134,10,0,0.5102,0.0254,1,0,DELAYED_CONFIRMATION
2070.95,UPI,AXIS,STRIPE,DEBITED,SUCCESS,AUTHORIZED,CAPTURED,PAID,PROCESSING,DELIVERED,200,2,PENDING,NONE,NONE,70744,75172,83540,2,0,0.09,0.0449,1,0,DELAYED_CONFIRMATION
5780.86,UPI,ICICI,BILLDESK,SUCCESS,SUCCESS,AUTHORIZED,CAPTURED,PAID,DELIVERED,DELIVERED,200,1,ON_HOLD,NONE,AWAITING_ACK,598,768,5851,16,3,0.2043,0.0666,1,1,DUPLICATE_PAYMENT
491.87,WALLET,AXIS,CASHFREE,SUCCESS,SUCCESS,AUTHORIZED,CAPTURED,EXPIRED,UNFULFILLED,TIMED_OUT,502,4,ON_HOLD,NONE,NONE,592,841,237980,20,0,-0.2433,0.0251,1,0,MISSING_WEBHOOK
702.36,UPI,HDFC,STRIPE,SUCCESS,SUCCESS,AUTHORIZED,CAPTURED,EXPIRED,CANCELLED,DELIVERED,200,1,ON_HOLD,NONE,NONE,299945,301681,37259,6,0,0.6723,0.042,1,0,ORDER_PAYMENT_CONFLICT
997.52,UPI,AXIS,CASHFREE,SUCCESS,SUCCESS,AUTHORIZED,CAPTURED,PAID,DELIVERED,DELIVERED,200,1,SETTLED,NONE,NONE,718,1014,160836,17,0,0.3854,0.022,1,0,NORMAL
9577.18,UPI,AXIS,BILLDESK,SUCCESS,SUCCESS,AUTHORIZED,CAPTURED,PAID,DELIVERED,DELIVERED,200,1,SETTLED,NONE,NONE,474,590,231059,3,0,1.7363,0.045,1,0,NORMAL
8995.61,UPI,HDFC,CASHFREE,SUCCESS,SUCCESS,AUTHORIZED,CAPTURED,EXPIRED,UNFULFILLED,FAILED,502,4,PENDING,NONE,NONE,668,833,164252,12,0,2.2127,0.0291,1,0,MISSING_WEBHOOK
435.46,CREDIT_CARD,ICICI,PAYU,SUCCESS,SUCCESS,AUTHORIZED,CAPTURED,PAID,DELIVERED,DELIVERED,200,1,SETTLED,NONE,NONE,516,804,98774,17,0,0.0368,0.0326,1,0,NORMAL
2455.08,UPI,KOTAK,RAZORPAY,SUCCESS,SUCCESS,AUTHORIZED,CAPTURED,CANCELLED,CANCELLED,DELIVERED,200,1,ON_HOLD,PROCESSED,NONE,324728,326161,168760,12,0,-0.8036,0.0622,1,0,ORDER_PAYMENT_CONFLICT
6974.96,UPI,AXIS,CASHFREE,SUCCESS,SUCCESS,AUTHORIZED,CAPTURED,PAID,DELIVERED,DELIVERED,200,1,SETTLED,NONE,NONE,339,612,98024,21,0,0.4531,0.0625,1,0,NORMAL
4753.5,CREDIT_CARD,ICICI,STRIPE,SUCCESS,PENDING,NONE,PENDING,PAID,RETURNED,DELIVERED,404,1,DISCREPANCY,MANUAL_INTERVENTION_REQUIRED,REJECTED_BY_BANK,111815,122644,254295,8,3,-0.0097,0.0653,1,0,UNRESOLVED
2226.53,UPI,HDFC,RAZORPAY,REVERSED,SUCCESS,AUTHORIZED,CAPTURED,REFUNDED,RETURNED,DELIVERED,200,1,REVERSED,FAILED,AWAITING_ACK,236,454,227015,17,0,-0.3638,0.0422,1,0,REFUND_UNCERTAINTY
9203.94,UPI,HDFC,STRIPE,SUCCESS,SUCCESS,AUTHORIZED,CAPTURED,REFUNDED,RETURNED,DELIVERED,200,1,REVERSED,MANUAL_INTERVENTION_REQUIRED,AWAITING_ACK,627,886,238985,10,0,-0.2637,0.079,1,0,REFUND_UNCERTAINTY
7006.67,CREDIT_CARD,INDUSIND,STRIPE,SUCCESS,SUCCESS,AUTHORIZED,PENDING,PENDING_PAYMENT,UNFULFILLED,DELIVERED,200,1,DISCREPANCY,NONE,AWAITING_ACK,49928,107945,188782,19,0,1.0019,0.0436,1,0,UNRESOLVED
555.72,NET_BANKING,PNB,STRIPE,SUCCESS,SUCCESS,AUTHORIZED,CAPTURED,PAID,DELIVERED,DELIVERED,200,1,SETTLED,NONE,NONE,572,760,107460,20,0,0.3231,0.0448,1,0,NORMAL
790.32,UPI,YES_BANK,PAYU,SUCCESS,SUCCESS,AUTHORIZED,CAPTURED,PAID,DELIVERED,DELIVERED,200,1,SETTLED,NONE,NONE,670,773,236527,4,0,0.8817,0.0331,1,0,NORMAL
702.85,UPI,HDFC,RAZORPAY,SUCCESS,SUCCESS,AUTHORIZED,CAPTURED,PAID,DELIVERED,DELIVERED,200,1,DISCREPANCY,NONE,NONE,288,561,37987,5,0,0.7017,0.0307,1,0,SETTLEMENT_MISMATCH
4907.11,DEBIT_CARD,AXIS,PAYU,SUCCESS,SUCCESS,AUTHORIZED,CAPTURED,REFUNDED,RETURNED,DELIVERED,200,1,REVERSED,MANUAL_INTERVENTION_REQUIRED,NOT_INITIATED,336,555,32049,21,0,0.0223,0.0553,1,0,REFUND_UNCERTAINTY
9868.46,UPI,PNB,BILLDESK,SUCCESS,SUCCESS,AUTHORIZED,CAPTURED,PAID,PROCESSING,DELIVERED,200,1,PENDING,NONE,NONE,572,833,55661,21,0,1.0559,0.0517,1,0,NORMAL
4552.45,CREDIT_CARD,AXIS,STRIPE,SUCCESS,SUCCESS,AUTHORIZED,CAPTURED,PAID,DELIVERED,DELIVERED,200,1,SETTLED,NONE,NONE,199,365,177457,8,0,-0.6358,0.0664,1,0,NORMAL
33307.67,UPI,AXIS,STRIPE,SUCCESS,SUCCESS,AUTHORIZED,CAPTURED,PAID,DELIVERED,DELIVERED,200,1,SETTLED,NONE,NONE,654,747,94647,9,0,1.6646,0.0747,1,0,NORMAL
87495.24,CREDIT_CARD,INDUSIND,BILLDESK,SUCCESS,TIMED_OUT,TIMEOUT,FAILED,EXPIRED,CANCELLED,FAILED,500,1,ON_HOLD,NONE,NOT_INITIATED,1048,92821,1203,23,0,5.9996,0.0672,1,0,BANK_DEBIT_GATEWAY_FAILURE
1082.63,UPI,INDUSIND,RAZORPAY,SUCCESS,SUCCESS,AUTHORIZED,CAPTURED,PAID,PROCESSING,DELIVERED,200,2,PENDING,NONE,NONE,335,570,75020,2,0,-0.0158,0.0474,1,0,NORMAL
838.11,CREDIT_CARD,PNB,STRIPE,SUCCESS,SUCCESS,AUTHORIZED,CAPTURED,CANCELLED,CANCELLED,DELIVERED,200,1,ON_HOLD,PROCESSED,NONE,356061,357525,136624,12,0,0.7461,0.0394,1,0,ORDER_PAYMENT_CONFLICT
3141.03,UPI,SBI,STRIPE,SUCCESS,SUCCESS,AUTHORIZED,CAPTURED,REFUNDED,RETURNED,DELIVERED,200,1,REVERSED,MANUAL_INTERVENTION_REQUIRED,AWAITING_ACK,323,562,126459,5,0,0.6532,0.0591,1,0,REFUND_UNCERTAINTY
3977.58,UPI,HDFC,STRIPE,SUCCESS,SUCCESS,AUTHORIZED,CAPTURED,PAID,DELIVERED,DELIVERED,200,1,SETTLED,NONE,NONE,415,672,141445,11,0,2.616,0.052,1,0,NORMAL
656.49,UPI,HDFC,BILLDESK,SUCCESS,SUCCESS,AUTHORIZED,CAPTURED,PAID,DELIVERED,DELIVERED,200,1,DISCREPANCY,NONE,NONE,560,811,142070,14,0,-0.0378,0.0322,1,0,SETTLEMENT_MISMATCH
275.78,CREDIT_CARD,SBI,BILLDESK,SUCCESS,SUCCESS,AUTHORIZED,CAPTURED,PAID,DELIVERED,DELIVERED,200,1,ON_HOLD,PROCESSED,CREDITED_TO_CUSTOMER,367,608,236154,2,1,-0.617,0.0273,1,1,DUPLICATE_PAYMENT
5015.64,UPI,PNB,CASHFREE,SUCCESS,SUCCESS,AUTHORIZED,CAPTURED,PAID,DELIVERED,DELIVERED,200,1,SETTLED,NONE,NONE,3040,3711,192250,22,0,0.7913,0.0277,1,0,NORMAL
80.78,DEBIT_CARD,AXIS,CASHFREE,SUCCESS,SUCCESS,AUTHORIZED,CAPTURED,PAID,DELIVERED,DELIVERED,200,1,SETTLED,NONE,NONE,502,621,195053,14,0,-0.8077,0.0303,1,0,NORMAL
1490.0,CREDIT_CARD,INDUSIND,STRIPE,SUCCESS,SUCCESS,AUTHORIZED,CAPTURED,CANCELLED,CANCELLED,DELIVERED,200,1,ON_HOLD,INITIATED,NONE,343180,344540,148190,16,0,1.0694,0.0396,1,0,ORDER_PAYMENT_CONFLICT
1032.76,UPI,PNB,STRIPE,SUCCESS,SUCCESS,AUTHORIZED,CAPTURED,PAID,DELIVERED,DELIVERED,200,1,SETTLED,NONE,NONE,578,736,159849,15,0,0.5889,0.0298,1,0,NORMAL
417.68,EMI,YES_BANK,BILLDESK,SUCCESS,SUCCESS,AUTHORIZED,CAPTURED,PAID,DELIVERED,DELIVERED,200,1,SETTLED,NONE,NONE,268,384,219054,4,0,-0.4199,0.0361,1,0,NORMAL
21409.45,UPI,HDFC,RAZORPAY,SUCCESS,SUCCESS,AUTHORIZED,CAPTURED,PAID,DELIVERED,DELIVERED,200,3,SETTLED,NONE,NONE,687,817,128530,15,0,0.7128,0.0663,1,0,NORMAL
415.85,CREDIT_CARD,ICICI,STRIPE,SUCCESS,SUCCESS,AUTHORIZED,CAPTURED,CANCELLED,CANCELLED,DELIVERED,200,1,ON_HOLD,PROCESSED,NONE,240559,241449,200925,6,0,-0.0099,0.0385,1,0,ORDER_PAYMENT_CONFLICT
675.22,UPI,HDFC,CASHFREE,SUCCESS,SUCCESS,AUTHORIZED,CAPTURED,PAID,DELIVERED,DELIVERED,200,1,SETTLED,NONE,NONE,678,926,231998,23,0,-0.0622,0.0227,1,0,NORMAL
4190.16,UPI,KOTAK,RAZORPAY,PENDING,FAILED,NONE,PENDING,PAID,RETURNED,DELIVERED,200,1,DISCREPANCY,MANUAL_INTERVENTION_REQUIRED,AWAITING_ACK,16542,24550,70422,4,1,4.8197,0.0209,1,0,UNRESOLVED
265.03,CREDIT_CARD,KOTAK,PAYU,SUCCESS,SUCCESS,AUTHORIZED,CAPTURED,PAID,DELIVERED,DELIVERED,200,1,SETTLED,NONE,NONE,2578,3104,141500,15,0,-0.369,0.0405,1,0,NORMAL
3039.41,UPI,PNB,BILLDESK,SUCCESS,FAILED,TIMEOUT,FAILED,PAID,UNFULFILLED,DROPPED,504,1,DISCREPANCY,MANUAL_INTERVENTION_REQUIRED,NOT_INITIATED,22899,37336,40737,13,3,-0.3668,0.0588,1,0,UNRESOLVED
516.66,CREDIT_CARD,YES_BANK,BILLDESK,SUCCESS,SUCCESS,AUTHORIZED,CAPTURED,PAID,PROCESSING,DELIVERED,200,1,PENDING,NONE,NONE,615,891,82717,4,0,0.0764,0.0482,1,0,NORMAL
653.43,UPI,YES_BANK,PAYU,SUCCESS,SUCCESS,AUTHORIZED,CAPTURED,PAID,DELIVERED,DELIVERED,200,1,ON_HOLD,PROCESSED,CREDITED_TO_CUSTOMER,588,758,170385,3,1,0.0053,0.0361,1,1,DUPLICATE_PAYMENT
318.48,UPI,INDUSIND,RAZORPAY,SUCCESS,SUCCESS,AUTHORIZED,CAPTURED,PENDING_PAYMENT,UNFULFILLED,DROPPED,500,2,PENDING,NONE,NONE,569,795,249621,22,0,-0.2417,0.0473,1,0,MISSING_WEBHOOK
16122.7,EMI,INDUSIND,STRIPE,SUCCESS,SUCCESS,AUTHORIZED,CAPTURED,PAID,DELIVERED,DELIVERED,200,1,SETTLED,NONE,NONE,630,740,143129,8,0,0.2898,0.0681,1,0,NORMAL
9330.37,CREDIT_CARD,PNB,RAZORPAY,SUCCESS,SUCCESS,AUTHORIZED,CAPTURED,PAID,DELIVERED,DELIVERED,200,1,SETTLED,NONE,NONE,565,687,169695,9,0,2.3323,0.0243,1,0,NORMAL
16505.63,UPI,YES_BANK,PAYU,SUCCESS,SUCCESS,AUTHORIZED,CAPTURED,PAID,PROCESSING,DELIVERED,200,1,PENDING,NONE,NONE,629,874,30588,17,0,0.3205,0.076,1,0,NORMAL
914.5,UPI,AXIS,RAZORPAY,SUCCESS,SUCCESS,AUTHORIZED,CAPTURED,PAID,DELIVERED,DELIVERED,200,1,SETTLED,NONE,NONE,501,661,129664,20,0,-0.1686,0.0418,1,0,NORMAL
1801.37,WALLET,AXIS,BILLDESK,PENDING,SUCCESS,FAILED,PENDING,PENDING_PAYMENT,CANCELLED,RETRYING,0,1,DISCREPANCY,FAILED,AWAITING_ACK,20143,44889,135832,14,3,0.6376,0.0556,1,0,UNRESOLVED
741.62,EMI,ICICI,CASHFREE,SUCCESS,SUCCESS,AUTHORIZED,CAPTURED,PAID,PROCESSING,DELIVERED,200,1,PENDING,NONE,NONE,619,706,41158,18,0,0.545,0.045,1,0,NORMAL
431.1,EMI,INDUSIND,RAZORPAY,DEBITED,TIMED_OUT,FAILED,NOT_REQUESTED,CANCELLED,CANCELLED,DELIVERED,200,1,ON_HOLD,NONE,NOT_INITIATED,533,66961,90695,2,0,-0.1019,0.0354,1,0,BANK_DEBIT_GATEWAY_FAILURE
181.92,UPI,ICICI,CASHFREE,SUCCESS,SUCCESS,AUTHORIZED,CAPTURED,CANCELLED,UNFULFILLED,DROPPED,0,5,PENDING,NONE,NONE,457,698,192007,5,0,-0.5669,0.0409,1,0,MISSING_WEBHOOK
1173.5,UPI,AXIS,STRIPE,SUCCESS,SUCCESS,AUTHORIZED,CAPTURED,PAID,DELIVERED,DELIVERED,200,1,SETTLED,NONE,NONE,371,471,201811,13,1,0.6299,0.0343,1,0,NORMAL
1112.02,NET_BANKING,KOTAK,RAZORPAY,DEBITED,FAILED,TIMEOUT,FAILED,CANCELLED,CANCELLED,NONE,500,1,ON_HOLD,INITIATED,NOT_INITIATED,716,58967,176318,5,0,-0.4147,0.0499,1,0,BANK_DEBIT_GATEWAY_FAILURE
650.77,NET_BANKING,INDUSIND,BILLDESK,SUCCESS,SUCCESS,AUTHORIZED,CAPTURED,PAID,DELIVERED,DELIVERED,200,1,SETTLED,NONE,NONE,668,927,198646,9,0,0.3558,0.049,1,0,NORMAL
5609.51,CREDIT_CARD,ICICI,STRIPE,SUCCESS,SUCCESS,AUTHORIZED,CAPTURED,PAID,PROCESSING,DELIVERED,200,1,PENDING,NONE,NONE,188,471,72013,1,0,1.9524,0.0487,1,0,NORMAL
17064.57,UPI,YES_BANK,STRIPE,SUCCESS,SUCCESS,AUTHORIZED,CAPTURED,PAID,DELIVERED,DELIVERED,200,1,DISCREPANCY,NONE,NONE,708,897,107813,14,0,0.4221,0.0754,1,0,SETTLEMENT_MISMATCH
526.63,UPI,HDFC,PAYU,SUCCESS,SUCCESS,AUTHORIZED,CAPTURED,PAID,DELIVERED,DELIVERED,200,1,SETTLED,NONE,NONE,348,617,174260,17,0,-0.5212,0.0509,1,0,NORMAL
240.77,UPI,KOTAK,BILLDESK,SUCCESS,SUCCESS,AUTHORIZED,CAPTURED,PAID,PROCESSING,DELIVERED,200,1,PENDING,NONE,NONE,700,941,39651,10,0,-0.4267,0.0326,1,0,NORMAL
2416.32,CREDIT_CARD,HDFC,STRIPE,SUCCESS,SUCCESS,AUTHORIZED,CAPTURED,REFUNDED,RETURNED,DELIVERED,200,1,REVERSED,MANUAL_INTERVENTION_REQUIRED,AWAITING_ACK,662,762,74454,10,0,-0.8067,0.0771,1,0,REFUND_UNCERTAINTY
4436.48,UPI,AXIS,RAZORPAY,SUCCESS,SUCCESS,AUTHORIZED,CAPTURED,PAID,PROCESSING,DELIVERED,200,1,PENDING,NONE,NONE,2331,2649,81683,22,0,-0.0757,0.0501,1,0,NORMAL
875.68,UPI,AXIS,CASHFREE,SUCCESS,SUCCESS,AUTHORIZED,CAPTURED,PAID,PROCESSING,DELIVERED,200,2,PENDING,NONE,NONE,738,840,26898,23,0,0.3472,0.0205,1,0,NORMAL
316.8,UPI,HDFC,PAYU,SUCCESS,SUCCESS,AUTHORIZED,CAPTURED,PAID,DELIVERED,DELIVERED,200,1,ON_HOLD,NONE,AWAITING_ACK,445,598,197588,15,4,-0.712,0.047,1,1,DUPLICATE_PAYMENT
797.01,UPI,HDFC,RAZORPAY,SUCCESS,SUCCESS,AUTHORIZED,CAPTURED,PAID,PROCESSING,DELIVERED,200,1,PENDING,NONE,NONE,721,832,66303,12,0,0.107,0.0225,1,0,NORMAL
3215.06,CREDIT_CARD,PNB,BILLDESK,SUCCESS,SUCCESS,AUTHORIZED,CAPTURED,PAID,DELIVERED,DELIVERED,200,1,ON_HOLD,PROCESSED,CREDITED_TO_CUSTOMER,522,738,10721,20,2,-0.0814,0.0311,1,1,DUPLICATE_PAYMENT
5119.79,UPI,SBI,CASHFREE,SUCCESS,SUCCESS,AUTHORIZED,CAPTURED,PAID,DELIVERED,DELIVERED,200,1,SETTLED,NONE,NONE,609,746,144960,1,0,0.4628,0.0394,1,0,NORMAL
25638.03,DEBIT_CARD,ICICI,RAZORPAY,SUCCESS,SUCCESS,AUTHORIZED,CAPTURED,PAID,PROCESSING,DELIVERED,200,1,PENDING,NONE,NONE,2767,3491,81871,16,0,1.051,0.067,1,0,NORMAL
2553.16,UPI,PNB,STRIPE,SUCCESS,SUCCESS,AUTHORIZED,CAPTURED,PAID,PROCESSING,DELIVERED,200,1,PENDING,NONE,NONE,535,743,52581,15,0,1.3211,0.0484,1,0,NORMAL
397.11,DEBIT_CARD,HDFC,STRIPE,SUCCESS,SUCCESS,AUTHORIZED,CAPTURED,PAID,DELIVERED,DELIVERED,200,1,SETTLED,NONE,NONE,200,365,212927,10,0,-0.0545,0.0431,1,0,NORMAL
186.34,CREDIT_CARD,HDFC,BILLDESK,SUCCESS,SUCCESS,AUTHORIZED,PENDING,PAID,PROCESSING,SCHEDULED,200,3,SETTLED,NONE,NONE,80984,84952,220882,23,0,-0.6118,0.031,1,0,DELAYED_CONFIRMATION
654.97,EMI,SBI,CASHFREE,SUCCESS,SUCCESS,AUTHORIZED,CAPTURED,PAID,DELIVERED,DELIVERED,200,1,ON_HOLD,INITIATED,AWAITING_ACK,337,481,106328,11,3,0.3645,0.033,1,1,DUPLICATE_PAYMENT
2225.98,UPI,SBI,RAZORPAY,SUCCESS,SUCCESS,AUTHORIZED,CAPTURED,PAID,DELIVERED,DELIVERED,200,1,SETTLED,NONE,NONE,400,645,96512,1,0,-0.364,0.0361,1,0,NORMAL
3647.0,UPI,ICICI,STRIPE,SUCCESS,SUCCESS,AUTHORIZED,CAPTURED,PAID,DELIVERED,DELIVERED,200,1,SETTLED,NONE,NONE,602,872,95186,16,0,0.3025,0.0193,1,0,NORMAL
2303.09,UPI,AXIS,STRIPE,SUCCESS,SUCCESS,AUTHORIZED,CAPTURED,PAID,PROCESSING,DELIVERED,200,1,PENDING,NONE,NONE,436,718,24543,3,0,-0.5202,0.0679,1,0,NORMAL
453.32,UPI,KOTAK,PAYU,SUCCESS,SUCCESS,AUTHORIZED,CAPTURED,PAID,DELIVERED,DELIVERED,200,1,SETTLED,NONE,NONE,265,369,212282,4,0,-0.0556,0.0395,1,0,NORMAL
6709.26,UPI,INDUSIND,RAZORPAY,SUCCESS,SUCCESS,AUTHORIZED,CAPTURED,PENDING_PAYMENT,UNFULFILLED,FAILED,404,3,ON_HOLD,NONE,NONE,186,503,183797,13,0,-0.4633,0.0754,1,0,MISSING_WEBHOOK
1060.88,UPI,INDUSIND,CASHFREE,SUCCESS,SUCCESS,AUTHORIZED,CAPTURED,PENDING_PAYMENT,UNFULFILLED,FAILED,404,5,ON_HOLD,NONE,NONE,826,826,242356,2,0,0.4734,0.02,1,0,MISSING_WEBHOOK
382.47,DEBIT_CARD,SBI,RAZORPAY,SUCCESS,SUCCESS,AUTHORIZED,CAPTURED,PAID,DELIVERED,DELIVERED,200,1,DISCREPANCY,NONE,NONE,438,620,65619,5,0,-0.143,0.0409,1,0,SETTLEMENT_MISMATCH
1842.39,DEBIT_CARD,PNB,RAZORPAY,SUCCESS,FAILED,TIMEOUT,FAILED,CANCELLED,CANCELLED,FAILED,0,1,ON_HOLD,INITIATED,NOT_INITIATED,628,74891,183040,10,0,0.6749,0.0493,1,0,BANK_DEBIT_GATEWAY_FAILURE
786.59,UPI,INDUSIND,PAYU,SUCCESS,SUCCESS,AUTHORIZED,CAPTURED,PAID,DELIVERED,DELIVERED,200,1,SETTLED,NONE,NONE,300,441,131200,9,0,-0.2849,0.0561,1,0,NORMAL
4508.26,UPI,YES_BANK,CASHFREE,SUCCESS,SUCCESS,AUTHORIZED,CAPTURED,EXPIRED,UNFULFILLED,DROPPED,0,3,ON_HOLD,NONE,NONE,239,427,88451,4,0,0.6101,0.0212,1,0,MISSING_WEBHOOK
802.01,DEBIT_CARD,HDFC,PAYU,SUCCESS,SUCCESS,AUTHORIZED,CAPTURED,PAID,PROCESSING,DELIVERED,200,3,SETTLED,NONE,NONE,70097,71303,238339,20,0,0.6709,0.0403,1,0,DELAYED_CONFIRMATION
2296.79,NET_BANKING,HDFC,PAYU,SUCCESS,FAILED,NONE,CAPTURED,PAID,RETURNED,DROPPED,0,1,DISCREPANCY,MANUAL_INTERVENTION_REQUIRED,REJECTED_BY_BANK,74991,111325,21382,0,3,2.19,0.04,1,0,UNRESOLVED
171.15,EMI,AXIS,STRIPE,SUCCESS,SUCCESS,AUTHORIZED,CAPTURED,REFUNDED,RETURNED,DELIVERED,200,1,REVERSED,FAILED,AWAITING_ACK,357,560,241515,23,0,-0.5925,0.0498,1,0,REFUND_UNCERTAINTY
463.1,DEBIT_CARD,SBI,RAZORPAY,REVERSED,FAILED,AUTHORIZED,CAPTURED,PENDING_PAYMENT,CANCELLED,DELIVERED,500,1,ON_HOLD,NONE,NOT_INITIATED,54772,33445,24200,8,0,-0.2875,0.0344,1,0,UNRESOLVED
784.69,UPI,SBI,PAYU,SUCCESS,SUCCESS,AUTHORIZED,CAPTURED,PAID,PROCESSING,RETRYING,200,2,SETTLED,NONE,NONE,93554,99346,90689,21,0,0.8683,0.0305,1,0,DELAYED_CONFIRMATION
3025.04,DEBIT_CARD,KOTAK,RAZORPAY,SUCCESS,SUCCESS,AUTHORIZED,CAPTURED,REFUNDED,RETURNED,DELIVERED,200,1,REVERSED,MANUAL_INTERVENTION_REQUIRED,NOT_INITIATED,481,707,130572,20,0,0.5921,0.0402,1,0,REFUND_UNCERTAINTY
1489.42,UPI,PNB,CASHFREE,PENDING,SUCCESS,AUTHORIZED,AUTO_REFUNDED,FAILED,CANCELLED,RETRYING,404,1,DISCREPANCY,MANUAL_INTERVENTION_REQUIRED,REJECTED_BY_BANK,4990,120878,68460,3,3,-0.5745,0.0471,1,0,UNRESOLVED
752.27,UPI,YES_BANK,CASHFREE,PENDING,FAILED,AUTHORIZED,CAPTURED,PENDING_PAYMENT,RETURNED,FAILED,500,1,DISCREPANCY,MANUAL_INTERVENTION_REQUIRED,NOT_INITIATED,80295,11484,240398,3,0,-0.3161,0.0467,1,0,UNRESOLVED
19686.28,CREDIT_CARD,YES_BANK,CASHFREE,SUCCESS,SUCCESS,AUTHORIZED,CAPTURED,PAID,PROCESSING,DELIVERED,200,1,PENDING,NONE,NONE,217,434,22123,9,0,0.5749,0.073,1,0,NORMAL
452.3,DEBIT_CARD,INDUSIND,CASHFREE,SUCCESS,SUCCESS,AUTHORIZED,CAPTURED,PAID,DELIVERED,DELIVERED,200,1,ON_HOLD,INITIATED,AWAITING_ACK,405,520,79951,17,2,0.0769,0.0331,1,1,DUPLICATE_PAYMENT
9830.98,WALLET,YES_BANK,PAYU,SUCCESS,SUCCESS,AUTHORIZED,CAPTURED,PENDING_PAYMENT,UNFULFILLED,FAILED,502,5,ON_HOLD,NONE,NONE,381,554,211089,15,0,2.5111,0.0153,1,0,MISSING_WEBHOOK
1869.19,UPI,INDUSIND,STRIPE,SUCCESS,SUCCESS,AUTHORIZED,CAPTURED,PAID,PROCESSING,DELIVERED,200,1,PENDING,NONE,NONE,413,677,27504,10,0,0.6993,0.0516,1,0,NORMAL
1491.84,UPI,KOTAK,RAZORPAY,SUCCESS,SUCCESS,AUTHORIZED,CAPTURED,PAID,DELIVERED,DELIVERED,200,1,SETTLED,NONE,NONE,619,764,177192,1,0,0.3562,0.0465,1,0,NORMAL
11053.43,UPI,INDUSIND,CASHFREE,SUCCESS,SUCCESS,AUTHORIZED,CAPTURED,PAID,DELIVERED,DELIVERED,200,1,SETTLED,NONE,NONE,330,630,135893,12,1,1.3028,0.064,1,0,NORMAL
4020.37,UPI,HDFC,RAZORPAY,SUCCESS,SUCCESS,AUTHORIZED,CAPTURED,PAID,PROCESSING,DELIVERED,200,1,PENDING,NONE,NONE,652,754,56702,14,0,-0.1624,0.0549,1,0,NORMAL
452.44,UPI,ICICI,PAYU,SUCCESS,SUCCESS,AUTHORIZED,CAPTURED,PAID,DELIVERED,DELIVERED,200,1,DISCREPANCY,NONE,NONE,210,312,172692,10,0,-0.2458,0.0376,1,0,SETTLEMENT_MISMATCH
940.94,DEBIT_CARD,INDUSIND,STRIPE,REVERSED,SUCCESS,AUTHORIZED,CAPTURED,REFUNDED,RETURNED,DELIVERED,200,1,REVERSED,MANUAL_INTERVENTION_REQUIRED,AWAITING_ACK,679,866,211637,0,0,-0.1446,0.042,1,0,REFUND_UNCERTAINTY
6014.24,DEBIT_CARD,SBI,BILLDESK,SUCCESS,SUCCESS,AUTHORIZED,CAPTURED,PAID,DELIVERED,DELIVERED,200,1,SETTLED,NONE,NONE,235,346,163868,19,0,0.7184,0.0469,1,0,NORMAL
1166.54,CREDIT_CARD,HDFC,PAYU,DEBITED,FAILED,TIMEOUT,AUTO_REFUNDED,CANCELLED,CANCELLED,DELIVERED,200,1,ON_HOLD,NONE,NOT_INITIATED,968,89033,100848,6,0,-0.386,0.0584,1,0,BANK_DEBIT_GATEWAY_FAILURE
1302.4,EMI,ICICI,STRIPE,SUCCESS,SUCCESS,AUTHORIZED,CAPTURED,REFUNDED,RETURNED,DELIVERED,200,1,REVERSED,MANUAL_INTERVENTION_REQUIRED,AWAITING_ACK,405,694,59475,5,0,-0.5349,0.0137,1,0,REFUND_UNCERTAINTY
415.07,UPI,PNB,CASHFREE,SUCCESS,SUCCESS,AUTHORIZED,CAPTURED,EXPIRED,CANCELLED,DELIVERED,200,1,ON_HOLD,NONE,NONE,274983,276119,181950,15,0,-0.4235,0.0332,1,0,ORDER_PAYMENT_CONFLICT
1385.07,UPI,ICICI,STRIPE,SUCCESS,SUCCESS,AUTHORIZED,CAPTURED,PAID,PROCESSING,DELIVERED,200,1,PENDING,NONE,NONE,2787,3621,34821,21,0,0.2592,0.0462,1,0,NORMAL
2133.94,CREDIT_CARD,SBI,BILLDESK,SUCCESS,SUCCESS,AUTHORIZED,CAPTURED,PAID,DELIVERED,DELIVERED,200,1,SETTLED,NONE,NONE,523,784,86726,18,0,-0.5554,0.0507,1,0,NORMAL
16135.2,DEBIT_CARD,AXIS,PAYU,SUCCESS,SUCCESS,AUTHORIZED,CAPTURED,PAID,DELIVERED,DELIVERED,200,1,SETTLED,NONE,NONE,192,487,120438,15,0,0.2908,0.0756,1,0,NORMAL
6218.69,UPI,SBI,PAYU,SUCCESS,SUCCESS,AUTHORIZED,CAPTURED,CANCELLED,CANCELLED,DELIVERED,200,1,ON_HOLD,NONE,NONE,303184,305531,186306,11,0,0.7768,0.0459,1,0,ORDER_PAYMENT_CONFLICT
348.85,DEBIT_CARD,HDFC,CASHFREE,SUCCESS,SUCCESS,AUTHORIZED,CAPTURED,PAID,DELIVERED,DELIVERED,200,1,ON_HOLD,NONE,AWAITING_ACK,642,832,41928,16,4,-0.6829,0.0584,1,1,DUPLICATE_PAYMENT
4904.62,UPI,AXIS,CASHFREE,SUCCESS,SUCCESS,AUTHORIZED,CAPTURED,PAID,DELIVERED,DELIVERED,200,1,SETTLED,NONE,NONE,272,416,154899,17,0,1.5814,0.0497,1,0,NORMAL
3037.79,UPI,HDFC,STRIPE,SUCCESS,FAILED,TIMEOUT,FAILED,CANCELLED,CANCELLED,FAILED,0,1,ON_HOLD,NONE,NOT_INITIATED,969,91584,114858,8,0,0.5988,0.0526,1,0,BANK_DEBIT_GATEWAY_FAILURE
3225.35,UPI,SBI,RAZORPAY,SUCCESS,SUCCESS,AUTHORIZED,CAPTURED,PAID,DELIVERED,DELIVERED,200,1,SETTLED,NONE,NONE,499,755,91311,15,0,-0.3281,0.0683,1,0,NORMAL
1724.4,DEBIT_CARD,YES_BANK,BILLDESK,DEBITED,FAILED,FAILED,FAILED,FAILED,RETURNED,DROPPED,0,1,ON_HOLD,NONE,AWAITING_ACK,68875,48252,30749,16,1,0.5676,0.0524,1,0,UNRESOLVED
788.97,UPI,KOTAK,STRIPE,SUCCESS,TIMED_OUT,FAILED,FAILED,CANCELLED,CANCELLED,DELIVERED,200,1,ON_HOLD,NONE,NOT_INITIATED,1322,74918,102725,18,0,0.6437,0.0347,1,0,BANK_DEBIT_GATEWAY_FAILURE
399.58,EMI,KOTAK,BILLDESK,SUCCESS,SUCCESS,AUTHORIZED,CAPTURED,PAID,DELIVERED,DELIVERED,200,1,ON_HOLD,NONE,AWAITING_ACK,584,664,100741,22,3,-0.1675,0.0305,1,1,DUPLICATE_PAYMENT
3450.89,DEBIT_CARD,PNB,RAZORPAY,SUCCESS,SUCCESS,AUTHORIZED,CAPTURED,PAID,PROCESSING,DELIVERED,200,1,PENDING,NONE,NONE,649,928,62513,6,0,-0.014,0.0488,1,0,NORMAL
660.05,CREDIT_CARD,HDFC,RAZORPAY,SUCCESS,SUCCESS,AUTHORIZED,CAPTURED,PAID,DELIVERED,DELIVERED,200,1,DISCREPANCY,NONE,NONE,451,550,136978,13,0,0.4407,0.0485,1,0,SETTLEMENT_MISMATCH
1238.46,CREDIT_CARD,SBI,PAYU,SUCCESS,SUCCESS,AUTHORIZED,CAPTURED,PAID,DELIVERED,DELIVERED,200,1,SETTLED,NONE,NONE,346,433,206221,3,0,0.1259,0.0593,1,0,NORMAL
10428.07,DEBIT_CARD,YES_BANK,PAYU,SUCCESS,SUCCESS,AUTHORIZED,CAPTURED,PAID,DELIVERED,DELIVERED,200,1,SETTLED,NONE,NONE,579,766,101899,18,0,-0.1658,0.0752,1,0,NORMAL
912.79,UPI,YES_BANK,PAYU,SUCCESS,SUCCESS,AUTHORIZED,CAPTURED,PENDING_PAYMENT,UNFULFILLED,DROPPED,404,2,PENDING,NONE,NONE,522,604,214113,5,0,0.2678,0.0234,1,0,MISSING_WEBHOOK
574.17,UPI,KOTAK,CASHFREE,SUCCESS,SUCCESS,AUTHORIZED,CAPTURED,PAID,DELIVERED,DELIVERED,200,1,SETTLED,NONE,NONE,268,464,117537,5,0,0.3671,0.0342,1,0,NORMAL
4860.26,UPI,HDFC,RAZORPAY,SUCCESS,SUCCESS,AUTHORIZED,CAPTURED,PAID,PROCESSING,DELIVERED,200,1,PENDING,NONE,NONE,457,673,46990,17,0,0.0126,0.0508,1,0,NORMAL
1552.09,UPI,INDUSIND,PAYU,SUCCESS,SUCCESS,AUTHORIZED,CAPTURED,PAID,DELIVERED,DELIVERED,200,1,SETTLED,NONE,NONE,466,684,88447,16,0,-0.1831,0.046,1,0,NORMAL
5368.57,CREDIT_CARD,KOTAK,STRIPE,SUCCESS,SUCCESS,AUTHORIZED,CAPTURED,PAID,DELIVERED,DELIVERED,200,1,SETTLED,NONE,NONE,330,475,247563,14,0,0.5339,0.0439,1,0,NORMAL
2115.14,UPI,HDFC,BILLDESK,SUCCESS,PENDING,AUTHORIZED,CAPTURED,PAID,PROCESSING,DELIVERED,200,2,SETTLED,NONE,NONE,87714,90494,163009,0,0,-0.5593,0.051,1,0,DELAYED_CONFIRMATION
25568.72,DEBIT_CARD,KOTAK,BILLDESK,SUCCESS,FAILED,FAILED,AUTO_REFUNDED,CANCELLED,CANCELLED,FAILED,504,1,ON_HOLD,NONE,NOT_INITIATED,1175,62271,99659,21,0,1.0455,0.0766,1,0,BANK_DEBIT_GATEWAY_FAILURE
393.15,UPI,HDFC,PAYU,SUCCESS,SUCCESS,AUTHORIZED,CAPTURED,PAID,DELIVERED,DELIVERED,200,1,ON_HOLD,NONE,AWAITING_ACK,480,613,219982,23,2,-0.454,0.0396,1,1,DUPLICATE_PAYMENT
1294.61,UPI,SBI,STRIPE,SUCCESS,SUCCESS,AUTHORIZED,CAPTURED,PAID,PROCESSING,DELIVERED,200,1,PENDING,NONE,NONE,589,718,16319,4,0,0.1769,0.0507,1,0,NORMAL
7998.79,CREDIT_CARD,KOTAK,STRIPE,SUCCESS,SUCCESS,AUTHORIZED,CAPTURED,PAID,DELIVERED,DELIVERED,200,1,DISCREPANCY,NONE,NONE,461,744,92555,7,0,0.7086,0.0532,1,0,SETTLEMENT_MISMATCH
3578.03,EMI,SBI,STRIPE,SUCCESS,SUCCESS,AUTHORIZED,CAPTURED,PAID,DELIVERED,DELIVERED,200,1,SETTLED,NONE,NONE,591,877,232161,4,0,0.2779,0.0232,1,0,NORMAL
10197.49,UPI,PNB,CASHFREE,SUCCESS,FAILED,NONE,PENDING,CANCELLED,DELIVERED,DELIVERED,504,1,DISCREPANCY,MANUAL_INTERVENTION_REQUIRED,NOT_INITIATED,92920,90359,99522,22,1,-0.1842,0.0754,1,0,UNRESOLVED
493.92,NET_BANKING,HDFC,BILLDESK,SUCCESS,SUCCESS,AUTHORIZED,CAPTURED,PAID,DELIVERED,DELIVERED,200,1,DISCREPANCY,NONE,NONE,416,661,27012,15,0,-0.2718,0.0352,1,0,SETTLEMENT_MISMATCH
4323.98,UPI,PNB,STRIPE,DEBITED,SUCCESS,AUTHORIZED,CAPTURED,PROCESSING,PROCESSING,DELIVERED,200,3,SETTLED,NONE,NONE,35286,39226,173854,4,0,1.2758,0.0429,1,0,DELAYED_CONFIRMATION
392.06,UPI,KOTAK,PAYU,SUCCESS,SUCCESS,AUTHORIZED,CAPTURED,PAID,DELIVERED,DELIVERED,200,1,SETTLED,NONE,NONE,582,841,242786,10,0,-0.0665,0.0432,1,0,NORMAL
582.05,NET_BANKING,INDUSIND,BILLDESK,SUCCESS,SUCCESS,AUTHORIZED,CAPTURED,PAID,DELIVERED,DELIVERED,200,1,DISCREPANCY,NONE,NONE,452,578,61441,2,0,0.266,0.0383,1,0,SETTLEMENT_MISMATCH
388.6,UPI,YES_BANK,RAZORPAY,SUCCESS,SUCCESS,AUTHORIZED,CAPTURED,PENDING_PAYMENT,PROCESSING,DELIVERED,200,1,PENDING,NONE,NONE,54813,57956,39010,10,0,-0.0748,0.0453,1,0,DELAYED_CONFIRMATION
1776.51,CREDIT_CARD,PNB,STRIPE,SUCCESS,SUCCESS,AUTHORIZED,CAPTURED,PAID,PROCESSING,DELIVERED,200,1,PENDING,NONE,NONE,262,527,18583,7,0,-0.3655,0.0116,1,0,NORMAL
1511.29,UPI,PNB,CASHFREE,SUCCESS,SUCCESS,AUTHORIZED,CAPTURED,PAID,DELIVERED,DELIVERED,200,1,SETTLED,NONE,NONE,229,317,187568,15,0,1.099,0.032,1,0,NORMAL
291.65,UPI,ICICI,PAYU,SUCCESS,FAILED,AUTHORIZED,PENDING,CANCELLED,RETURNED,FAILED,504,1,DISCREPANCY,PENDING,REJECTED_BY_BANK,94998,11130,215797,12,0,-0.3056,0.0432,1,0,UNRESOLVED
2770.15,UPI,SBI,PAYU,SUCCESS,SUCCESS,AUTHORIZED,CAPTURED,PAID,DELIVERED,DELIVERED,200,2,SETTLED,NONE,NONE,540,727,119716,9,0,-0.4229,0.0513,1,0,NORMAL
14164.78,CREDIT_CARD,PNB,CASHFREE,SUCCESS,SUCCESS,AUTHORIZED,CAPTURED,PAID,DELIVERED,DELIVERED,200,1,SETTLED,NONE,NONE,585,866,200936,6,0,0.1332,0.0642,1,0,NORMAL
1231.56,CREDIT_CARD,AXIS,STRIPE,SUCCESS,TIMED_OUT,NONE,FAILED,CANCELLED,CANCELLED,NONE,500,1,ON_HOLD,NONE,NOT_INITIATED,305,69087,230799,19,0,0.7105,0.0345,1,0,BANK_DEBIT_GATEWAY_FAILURE
6390.68,CREDIT_CARD,YES_BANK,BILLDESK,SUCCESS,SUCCESS,AUTHORIZED,CAPTURED,PAID,DELIVERED,DELIVERED,200,1,SETTLED,NONE,NONE,2028,2387,248233,4,0,0.3314,0.054,1,0,NORMAL
1882.4,UPI,AXIS,CASHFREE,SUCCESS,SUCCESS,AUTHORIZED,CAPTURED,PAID,DELIVERED,DELIVERED,200,1,SETTLED,NONE,NONE,599,685,244452,0,0,-0.3277,0.0246,1,0,NORMAL
295.17,CREDIT_CARD,ICICI,RAZORPAY,SUCCESS,SUCCESS,AUTHORIZED,CAPTURED,CANCELLED,CANCELLED,DELIVERED,200,1,ON_HOLD,NONE,NONE,339999,340992,56687,5,0,-0.2972,0.0421,1,0,ORDER_PAYMENT_CONFLICT
258.25,UPI,PNB,PAYU,SUCCESS,SUCCESS,AUTHORIZED,CAPTURED,CANCELLED,CANCELLED,DELIVERED,200,1,ON_HOLD,NONE,NONE,247454,249631,150556,5,0,-0.3851,0.041,1,0,ORDER_PAYMENT_CONFLICT
192.62,UPI,ICICI,CASHFREE,SUCCESS,SUCCESS,AUTHORIZED,CAPTURED,PROCESSING,PROCESSING,RETRYING,200,3,SETTLED,NONE,NONE,101505,107171,172969,13,0,-0.5414,0.0336,1,0,DELAYED_CONFIRMATION
3776.04,WALLET,YES_BANK,STRIPE,SUCCESS,FAILED,NONE,AUTO_REFUNDED,CANCELLED,CANCELLED,DELIVERED,200,1,ON_HOLD,INITIATED,NOT_INITIATED,342,66689,142111,13,0,-0.2133,0.0634,1,0,BANK_DEBIT_GATEWAY_FAILURE
593.49,NET_BANKING,HDFC,RAZORPAY,SUCCESS,SUCCESS,AUTHORIZED,CAPTURED,PAID,PROCESSING,DELIVERED,200,1,PENDING,NONE,NONE,491,613,40142,16,0,-0.1757,0.0287,1,0,NORMAL
490.02,UPI,KOTAK,STRIPE,SUCCESS,SUCCESS,AUTHORIZED,CAPTURED,PAID,PROCESSING,DELIVERED,200,1,PENDING,NONE,NONE,510,625,38359,17,0,0.0209,0.0389,1,0,NORMAL
1966.01,UPI,PNB,PAYU,SUCCESS,SUCCESS,AUTHORIZED,CAPTURED,PAID,DELIVERED,DELIVERED,200,1,ON_HOLD,PROCESSED,CREDITED_TO_CUSTOMER,619,912,2599,10,2,0.7873,0.0509,1,1,DUPLICATE_PAYMENT
505.55,UPI,ICICI,STRIPE,SUCCESS,SUCCESS,AUTHORIZED,CAPTURED,PENDING_PAYMENT,UNFULFILLED,DROPPED,504,2,ON_HOLD,NONE,NONE,599,692,26566,3,0,-0.2978,0.036,1,0,MISSING_WEBHOOK
754.21,CREDIT_CARD,SBI,STRIPE,SUCCESS,SUCCESS,AUTHORIZED,CAPTURED,PAID,DELIVERED,DELIVERED,200,1,SETTLED,NONE,NONE,415,517,224164,17,0,0.0475,0.0358,1,0,NORMAL
315.01,UPI,YES_BANK,CASHFREE,SUCCESS,SUCCESS,AUTHORIZED,CAPTURED,PAID,DELIVERED,DELIVERED,200,1,SETTLED,NONE,NONE,742,920,213351,16,0,-0.7136,0.041,1,0,NORMAL
1026.26,UPI,AXIS,BILLDESK,SUCCESS,SUCCESS,AUTHORIZED,CAPTURED,PAID,PROCESSING,DELIVERED,200,1,PENDING,NONE,NONE,2576,3290,71578,7,0,-0.067,0.055,1,0,NORMAL
352.22,NET_BANKING,KOTAK,PAYU,REVERSED,FAILED,AUTHORIZED,AUTO_REFUNDED,FAILED,DELIVERED,RETRYING,500,1,ON_HOLD,PENDING,AWAITING_ACK,67317,128437,76240,17,2,-0.2662,0.0311,1,0,UNRESOLVED
2726.95,UPI,PNB,RAZORPAY,SUCCESS,SUCCESS,AUTHORIZED,CAPTURED,PAID,PROCESSING,DELIVERED,200,1,SETTLED,NONE,NONE,88342,94318,228404,9,0,-0.2209,0.0405,1,0,DELAYED_CONFIRMATION
1019.46,UPI,INDUSIND,RAZORPAY,SUCCESS,SUCCESS,AUTHORIZED,CAPTURED,PAID,DELIVERED,DELIVERED,200,1,SETTLED,NONE,NONE,666,784,191444,18,0,0.4159,0.0229,1,0,NORMAL
4394.17,UPI,KOTAK,STRIPE,SUCCESS,FAILED,TIMEOUT,FAILED,CANCELLED,CANCELLED,DELIVERED,200,1,ON_HOLD,PROCESSED,CREDITED_TO_CUSTOMER,1127,80747,131520,4,0,0.5693,0.0238,1,0,BANK_DEBIT_GATEWAY_FAILURE
3241.06,UPI,KOTAK,PAYU,SUCCESS,SUCCESS,AUTHORIZED,CAPTURED,PAID,DELIVERED,DELIVERED,200,1,SETTLED,NONE,NONE,450,553,115268,22,0,0.1575,0.0155,1,0,NORMAL
4160.98,UPI,ICICI,CASHFREE,SUCCESS,SUCCESS,AUTHORIZED,PENDING,PAID,PROCESSING,DELIVERED,200,2,SETTLED,NONE,NONE,37409,42343,197742,6,0,-0.1331,0.0634,1,0,DELAYED_CONFIRMATION
973.78,WALLET,PNB,STRIPE,DEBITED,FAILED,FAILED,NOT_REQUESTED,CANCELLED,CANCELLED,FAILED,504,1,ON_HOLD,PROCESSED,CREDITED_TO_CUSTOMER,583,60223,58592,23,0,-0.4875,0.0428,1,0,BANK_DEBIT_GATEWAY_FAILURE
6687.07,CREDIT_CARD,HDFC,BILLDESK,DEBITED,SUCCESS,AUTHORIZED,CAPTURED,PAID,PROCESSING,DELIVERED,200,3,SETTLED,NONE,NONE,63519,67527,165190,5,0,1.3882,0.0273,1,0,DELAYED_CONFIRMATION
1312.38,DEBIT_CARD,SBI,CASHFREE,SUCCESS,SUCCESS,AUTHORIZED,CAPTURED,PAID,DELIVERED,DELIVERED,200,1,SETTLED,NONE,NONE,658,857,117837,15,0,0.8228,0.0237,1,0,NORMAL
562.47,UPI,ICICI,BILLDESK,SUCCESS,SUCCESS,AUTHORIZED,CAPTURED,CANCELLED,CANCELLED,DELIVERED,200,1,ON_HOLD,PROCESSED,NONE,358114,359488,97822,5,0,0.1718,0.0399,1,0,ORDER_PAYMENT_CONFLICT
1682.83,UPI,INDUSIND,BILLDESK,SUCCESS,SUCCESS,AUTHORIZED,CAPTURED,REFUNDED,RETURNED,DELIVERED,200,1,REVERSED,PENDING,REJECTED_BY_BANK,370,533,243896,7,0,-0.6494,0.0583,1,0,REFUND_UNCERTAINTY
3549.59,UPI,KOTAK,BILLDESK,SUCCESS,SUCCESS,AUTHORIZED,CAPTURED,PAID,DELIVERED,DELIVERED,200,1,SETTLED,NONE,NONE,250,390,253385,9,0,-0.2605,0.0566,1,0,NORMAL
768.84,WALLET,SBI,RAZORPAY,SUCCESS,SUCCESS,AUTHORIZED,CAPTURED,PAID,PROCESSING,DELIVERED,200,1,PENDING,NONE,NONE,1783,2505,15365,22,0,0.0678,0.0212,1,0,NORMAL
6412.37,UPI,YES_BANK,BILLDESK,SUCCESS,SUCCESS,AUTHORIZED,CAPTURED,PAID,PROCESSING,DELIVERED,200,1,PENDING,NONE,NONE,461,461,58958,18,0,0.3359,0.0604,1,0,NORMAL
1348.85,UPI,PNB,BILLDESK,SUCCESS,FAILED,TIMEOUT,AUTO_REFUNDED,EXPIRED,CANCELLED,NONE,504,1,ON_HOLD,PROCESSED,CREDITED_TO_CUSTOMER,1077,57244,92615,23,0,-0.5183,0.0241,1,0,BANK_DEBIT_GATEWAY_FAILURE
5500.37,WALLET,YES_BANK,PAYU,SUCCESS,SUCCESS,AUTHORIZED,CAPTURED,REFUNDED,RETURNED,DELIVERED,200,1,REVERSED,PENDING,REJECTED_BY_BANK,491,648,98760,19,0,0.5715,0.0345,1,0,REFUND_UNCERTAINTY
20973.4,UPI,KOTAK,BILLDESK,SUCCESS,SUCCESS,AUTHORIZED,CAPTURED,CANCELLED,CANCELLED,DELIVERED,200,1,ON_HOLD,NONE,NONE,339461,340033,96491,0,0,0.6779,0.0796,1,0,ORDER_PAYMENT_CONFLICT
490.92,WALLET,ICICI,CASHFREE,DEBITED,TIMED_OUT,TIMEOUT,FAILED,FAILED,CANCELLED,NONE,504,1,ON_HOLD,NONE,NOT_INITIATED,1423,52145,168958,12,0,-0.3182,0.0318,1,0,BANK_DEBIT_GATEWAY_FAILURE
439.21,DEBIT_CARD,PNB,RAZORPAY,SUCCESS,SUCCESS,AUTHORIZED,CAPTURED,PAID,DELIVERED,DELIVERED,200,1,SETTLED,NONE,NONE,652,744,247043,1,0,-0.3243,0.0381,1,0,NORMAL
612.76,UPI,HDFC,PAYU,SUCCESS,SUCCESS,AUTHORIZED,CAPTURED,PAID,DELIVERED,DELIVERED,200,1,SETTLED,NONE,NONE,254,490,93983,18,0,0.459,0.0325,1,0,NORMAL
4273.44,UPI,HDFC,RAZORPAY,SUCCESS,SUCCESS,AUTHORIZED,CAPTURED,PAID,DELIVERED,DELIVERED,200,1,SETTLED,NONE,NONE,583,899,183600,20,0,-0.1097,0.0501,1,0,NORMAL
1893.25,UPI,PNB,CASHFREE,SUCCESS,SUCCESS,AUTHORIZED,CAPTURED,PENDING_PAYMENT,PROCESSING,DELIVERED,200,1,SETTLED,NONE,NONE,98397,101478,219361,11,0,1.9127,0.0333,1,0,DELAYED_CONFIRMATION
339.23,UPI,ICICI,PAYU,SUCCESS,SUCCESS,AUTHORIZED,CAPTURED,PAID,PROCESSING,DELIVERED,200,1,PENDING,NONE,NONE,223,341,57273,13,0,-0.5288,0.023,1,0,NORMAL
2929.64,UPI,KOTAK,PAYU,SUCCESS,SUCCESS,AUTHORIZED,CAPTURED,PAID,PROCESSING,DELIVERED,200,1,PENDING,NONE,NONE,625,781,24449,22,0,0.0463,0.0257,1,0,NORMAL
5456.31,DEBIT_CARD,ICICI,CASHFREE,SUCCESS,SUCCESS,AUTHORIZED,CAPTURED,PAID,DELIVERED,DELIVERED,200,1,DISCREPANCY,NONE,NONE,544,840,55629,2,0,-0.5357,0.0749,1,0,SETTLEMENT_MISMATCH
2615.59,CREDIT_CARD,SBI,CASHFREE,SUCCESS,SUCCESS,AUTHORIZED,CAPTURED,PAID,DELIVERED,DELIVERED,200,1,SETTLED,NONE,NONE,185,480,87862,14,0,1.3778,0.0539,1,0,NORMAL
309.06,DEBIT_CARD,HDFC,RAZORPAY,SUCCESS,SUCCESS,AUTHORIZED,CAPTURED,PAID,DELIVERED,DELIVERED,200,1,SETTLED,NONE,NONE,4243,4563,97149,14,0,-0.2641,0.0335,1,0,NORMAL
1518.88,DEBIT_CARD,ICICI,STRIPE,SUCCESS,SUCCESS,AUTHORIZED,CAPTURED,PAID,DELIVERED,DELIVERED,200,1,DISCREPANCY,NONE,NONE,309,558,97418,11,0,0.4198,0.056,1,0,SETTLEMENT_MISMATCH
8248.12,NET_BANKING,AXIS,BILLDESK,SUCCESS,SUCCESS,AUTHORIZED,CAPTURED,PAID,PROCESSING,DELIVERED,200,1,PENDING,NONE,NONE,219,508,78747,8,0,-0.3402,0.0714,1,0,NORMAL
383.66,NET_BANKING,SBI,RAZORPAY,SUCCESS,SUCCESS,AUTHORIZED,CAPTURED,REFUNDED,RETURNED,DELIVERED,200,1,REVERSED,FAILED,AWAITING_ACK,348,594,76687,12,0,-0.2007,0.033,1,0,REFUND_UNCERTAINTY
574.25,UPI,SBI,PAYU,SUCCESS,SUCCESS,AUTHORIZED,CAPTURED,PAID,DELIVERED,DELIVERED,200,1,DISCREPANCY,NONE,NONE,242,513,117940,7,0,0.2344,0.0439,1,0,SETTLEMENT_MISMATCH
5221.91,UPI,ICICI,RAZORPAY,SUCCESS,SUCCESS,AUTHORIZED,CAPTURED,PAID,PROCESSING,DELIVERED,200,1,PENDING,NONE,NONE,678,957,38278,9,0,1.7484,0.0453,1,0,NORMAL
12330.24,UPI,YES_BANK,RAZORPAY,DEBITED,FAILED,AUTHORIZED,PENDING,CANCELLED,UNFULFILLED,RETRYING,500,1,ON_HOLD,MANUAL_INTERVENTION_REQUIRED,NOT_INITIATED,85050,14034,127596,20,2,1.5688,0.062,1,0,UNRESOLVED
144.96,UPI,KOTAK,BILLDESK,SUCCESS,SUCCESS,AUTHORIZED,CAPTURED,EXPIRED,UNFULFILLED,FAILED,0,5,ON_HOLD,NONE,NONE,604,738,214154,16,0,-0.698,0.0369,1,0,MISSING_WEBHOOK
418.59,UPI,YES_BANK,RAZORPAY,SUCCESS,SUCCESS,NONE,CAPTURED,FAILED,UNFULFILLED,DELIVERED,0,1,DISCREPANCY,MANUAL_INTERVENTION_REQUIRED,AWAITING_ACK,88835,125861,193510,4,3,-0.356,0.0294,1,0,UNRESOLVED
147.52,UPI,INDUSIND,BILLDESK,SUCCESS,SUCCESS,AUTHORIZED,CAPTURED,PAID,DELIVERED,DELIVERED,200,1,SETTLED,NONE,NONE,258,504,91076,6,0,-0.773,0.0318,1,0,NORMAL
1332.26,UPI,ICICI,BILLDESK,SUCCESS,SUCCESS,AUTHORIZED,CAPTURED,CANCELLED,CANCELLED,DELIVERED,200,1,ON_HOLD,NONE,NONE,294296,296552,75646,1,0,0.8504,0.0207,1,0,ORDER_PAYMENT_CONFLICT
303.28,UPI,KOTAK,CASHFREE,SUCCESS,SUCCESS,AUTHORIZED,CAPTURED,PAID,DELIVERED,DELIVERED,200,1,SETTLED,NONE,NONE,233,341,213298,12,0,-0.2779,0.0482,1,0,NORMAL
657.59,UPI,HDFC,PAYU,SUCCESS,SUCCESS,AUTHORIZED,CAPTURED,PAID,DELIVERED,DELIVERED,200,1,ON_HOLD,INITIATED,AWAITING_ACK,251,532,185337,15,3,0.0117,0.0202,1,1,DUPLICATE_PAYMENT
27604.45,DEBIT_CARD,KOTAK,PAYU,SUCCESS,SUCCESS,AUTHORIZED,CAPTURED,PAID,DELIVERED,DELIVERED,200,1,ON_HOLD,INITIATED,AWAITING_ACK,372,601,48600,9,4,1.2084,0.0718,1,1,DUPLICATE_PAYMENT
4321.63,UPI,ICICI,BILLDESK,SUCCESS,SUCCESS,AUTHORIZED,CAPTURED,PAID,DELIVERED,DELIVERED,200,3,SETTLED,NONE,NONE,740,994,164148,15,0,0.2348,0.0331,1,0,NORMAL
5279.82,CREDIT_CARD,AXIS,RAZORPAY,SUCCESS,SUCCESS,AUTHORIZED,CAPTURED,PAID,DELIVERED,DELIVERED,200,1,SETTLED,NONE,NONE,488,785,202531,22,0,0.8856,0.0115,1,0,NORMAL
6758.96,CREDIT_CARD,YES_BANK,PAYU,SUCCESS,SUCCESS,AUTHORIZED,CAPTURED,PAID,DELIVERED,DELIVERED,200,1,DISCREPANCY,NONE,NONE,621,723,69322,17,0,0.4778,0.0581,1,0,SETTLEMENT_MISMATCH
1305.32,UPI,PNB,BILLDESK,SUCCESS,SUCCESS,AUTHORIZED,CAPTURED,PAID,PROCESSING,DELIVERED,200,1,PENDING,NONE,NONE,268,531,54105,4,0,-0.313,0.0409,1,0,NORMAL
5438.2,CREDIT_CARD,ICICI,STRIPE,SUCCESS,SUCCESS,AUTHORIZED,CAPTURED,EXPIRED,CANCELLED,DELIVERED,200,1,ON_HOLD,PROCESSED,NONE,277512,278442,243404,19,0,0.5538,0.0336,1,0,ORDER_PAYMENT_CONFLICT
984.71,NET_BANKING,HDFC,CASHFREE,SUCCESS,SUCCESS,AUTHORIZED,CAPTURED,PAID,PROCESSING,DELIVERED,200,1,PENDING,NONE,NONE,344,466,30838,6,0,-0.1048,0.0426,1,0,NORMAL
1234.36,UPI,ICICI,RAZORPAY,SUCCESS,SUCCESS,AUTHORIZED,CAPTURED,PAID,PROCESSING,DELIVERED,200,1,PENDING,NONE,NONE,582,731,12881,14,0,-0.3503,0.0571,1,0,NORMAL
1588.81,DEBIT_CARD,INDUSIND,RAZORPAY,SUCCESS,SUCCESS,AUTHORIZED,CAPTURED,PAID,DELIVERED,DELIVERED,200,1,DISCREPANCY,NONE,NONE,530,726,205534,3,0,0.5149,0.0556,1,0,SETTLEMENT_MISMATCH
408.67,UPI,PNB,BILLDESK,SUCCESS,SUCCESS,AUTHORIZED,CAPTURED,PAID,DELIVERED,DELIVERED,200,1,SETTLED,NONE,NONE,207,343,194129,21,0,-0.027,0.0419,1,0,NORMAL
3688.99,DEBIT_CARD,INDUSIND,STRIPE,SUCCESS,SUCCESS,AUTHORIZED,CAPTURED,EXPIRED,UNFULFILLED,DROPPED,500,5,ON_HOLD,NONE,NONE,482,656,217608,5,0,0.9416,0.054,1,0,MISSING_WEBHOOK
4753.29,EMI,HDFC,RAZORPAY,SUCCESS,SUCCESS,AUTHORIZED,CAPTURED,PAID,DELIVERED,DELIVERED,200,1,DISCREPANCY,NONE,NONE,590,764,187597,12,0,0.4313,0.0475,1,0,SETTLEMENT_MISMATCH
2289.08,UPI,INDUSIND,PAYU,SUCCESS,SUCCESS,AUTHORIZED,CAPTURED,PAID,DELIVERED,DELIVERED,200,1,SETTLED,NONE,NONE,390,572,98573,23,0,-0.1825,0.0193,1,0,NORMAL
7980.16,WALLET,SBI,CASHFREE,SUCCESS,SUCCESS,AUTHORIZED,CAPTURED,PAID,PROCESSING,DELIVERED,200,1,PENDING,NONE,NONE,474,699,22886,8,0,1.28,0.0318,1,0,NORMAL
342.67,UPI,HDFC,BILLDESK,DEBITED,FAILED,FAILED,FAILED,CANCELLED,CANCELLED,FAILED,500,1,ON_HOLD,INITIATED,NOT_INITIATED,1349,86988,173689,8,0,-0.1841,0.0478,1,0,BANK_DEBIT_GATEWAY_FAILURE
2170.91,UPI,INDUSIND,RAZORPAY,SUCCESS,SUCCESS,AUTHORIZED,CAPTURED,PAID,DELIVERED,DELIVERED,200,1,SETTLED,NONE,NONE,480,622,240754,4,0,-0.3797,0.035,1,0,NORMAL
736.7,CREDIT_CARD,INDUSIND,BILLDESK,SUCCESS,SUCCESS,AUTHORIZED,CAPTURED,REFUNDED,RETURNED,DELIVERED,200,1,REVERSED,MANUAL_INTERVENTION_REQUIRED,REJECTED_BY_BANK,304,533,113534,15,0,-0.3303,0.046,1,0,REFUND_UNCERTAINTY
3249.87,CREDIT_CARD,HDFC,BILLDESK,SUCCESS,SUCCESS,AUTHORIZED,CAPTURED,PAID,DELIVERED,DELIVERED,200,1,ON_HOLD,PROCESSED,CREDITED_TO_CUSTOMER,383,623,72944,23,2,0.1607,0.011,1,1,DUPLICATE_PAYMENT
325.78,UPI,KOTAK,STRIPE,SUCCESS,SUCCESS,AUTHORIZED,CAPTURED,PAID,DELIVERED,DELIVERED,200,1,SETTLED,NONE,NONE,628,846,216421,6,0,-0.3213,0.0377,1,0,NORMAL
436.65,UPI,AXIS,STRIPE,SUCCESS,SUCCESS,AUTHORIZED,CAPTURED,CANCELLED,UNFULFILLED,DROPPED,404,3,PENDING,NONE,NONE,225,430,99084,1,0,-0.0903,0.0496,1,0,MISSING_WEBHOOK
1156.98,UPI,INDUSIND,RAZORPAY,SUCCESS,SUCCESS,AUTHORIZED,CAPTURED,EXPIRED,UNFULFILLED,TIMED_OUT,504,3,PENDING,NONE,NONE,619,704,219530,7,0,0.0518,0.0509,1,0,MISSING_WEBHOOK
1004.82,CREDIT_CARD,INDUSIND,STRIPE,SUCCESS,SUCCESS,AUTHORIZED,CAPTURED,PAID,DELIVERED,DELIVERED,200,1,SETTLED,NONE,NONE,205,300,257834,18,0,0.3956,0.0269,1,0,NORMAL
678.54,NET_BANKING,PNB,PAYU,SUCCESS,SUCCESS,AUTHORIZED,PENDING,PROCESSING,PROCESSING,DELIVERED,200,3,SETTLED,NONE,NONE,47611,52290,128948,2,0,-0.0576,0.0309,1,0,DELAYED_CONFIRMATION
1132.92,NET_BANKING,INDUSIND,RAZORPAY,SUCCESS,SUCCESS,AUTHORIZED,CAPTURED,REFUNDED,RETURNED,DELIVERED,200,1,REVERSED,PENDING,REJECTED_BY_BANK,351,872,114930,0,0,0.743,0.0373,1,0,REFUND_UNCERTAINTY
319.15,CREDIT_CARD,YES_BANK,RAZORPAY,SUCCESS,SUCCESS,AUTHORIZED,CAPTURED,PAID,DELIVERED,DELIVERED,200,1,DISCREPANCY,NONE,NONE,304,406,21024,1,0,-0.5148,0.037,1,0,SETTLEMENT_MISMATCH
4286.78,CREDIT_CARD,SBI,STRIPE,SUCCESS,SUCCESS,AUTHORIZED,CAPTURED,PAID,DELIVERED,DELIVERED,200,1,DISCREPANCY,NONE,NONE,647,925,179365,12,0,0.2771,0.0422,1,0,SETTLEMENT_MISMATCH
272.55,UPI,ICICI,CASHFREE,SUCCESS,SUCCESS,AUTHORIZED,CAPTURED,PAID,PROCESSING,DELIVERED,200,1,PENDING,NONE,NONE,3834,4198,30931,3,0,-0.5807,0.0286,1,0,NORMAL
8766.68,UPI,SBI,PAYU,SUCCESS,SUCCESS,AUTHORIZED,CAPTURED,REFUNDED,RETURNED,DELIVERED,200,1,REVERSED,PENDING,AWAITING_ACK,535,636,159484,3,0,-0.2987,0.0646,1,0,REFUND_UNCERTAINTY
2743.21,NET_BANKING,ICICI,STRIPE,SUCCESS,SUCCESS,AUTHORIZED,CAPTURED,PAID,DELIVERED,DELIVERED,200,2,SETTLED,NONE,NONE,550,777,217453,9,0,1.4938,0.0425,1,0,NORMAL
12171.68,UPI,SBI,PAYU,SUCCESS,SUCCESS,AUTHORIZED,CAPTURED,PAID,DELIVERED,DELIVERED,200,1,DISCREPANCY,NONE,NONE,450,699,244548,19,0,0.0301,0.0734,1,0,SETTLEMENT_MISMATCH
16504.82,UPI,KOTAK,RAZORPAY,SUCCESS,SUCCESS,AUTHORIZED,CAPTURED,PAID,DELIVERED,DELIVERED,200,1,SETTLED,NONE,NONE,315,445,111800,13,0,0.3204,0.0738,1,0,NORMAL
603.17,UPI,INDUSIND,PAYU,SUCCESS,SUCCESS,AUTHORIZED,CAPTURED,PAID,PROCESSING,DELIVERED,200,2,SETTLED,NONE,NONE,87465,89133,114119,14,0,0.4361,0.0325,1,0,DELAYED_CONFIRMATION
1276.76,DEBIT_CARD,PNB,CASHFREE,SUCCESS,SUCCESS,AUTHORIZED,CAPTURED,PAID,DELIVERED,DELIVERED,200,1,SETTLED,NONE,NONE,653,778,236208,5,0,-0.544,0.0101,1,0,NORMAL
933.73,CREDIT_CARD,HDFC,BILLDESK,SUCCESS,TIMED_OUT,TIMEOUT,FAILED,FAILED,CANCELLED,FAILED,0,1,ON_HOLD,NONE,NOT_INITIATED,1469,87552,185752,18,0,-0.5086,0.0483,1,0,BANK_DEBIT_GATEWAY_FAILURE
1277.18,DEBIT_CARD,SBI,CASHFREE,SUCCESS,SUCCESS,AUTHORIZED,CAPTURED,PAID,DELIVERED,DELIVERED,200,1,ON_HOLD,INITIATED,AWAITING_ACK,681,841,49867,8,1,0.7739,0.0385,1,1,DUPLICATE_PAYMENT
246.52,UPI,HDFC,STRIPE,SUCCESS,SUCCESS,AUTHORIZED,CAPTURED,PAID,DELIVERED,DELIVERED,200,1,SETTLED,NONE,NONE,4201,4840,169911,13,0,-0.4864,0.0327,1,0,NORMAL
355.04,CREDIT_CARD,SBI,PAYU,SUCCESS,SUCCESS,AUTHORIZED,CAPTURED,PAID,DELIVERED,DELIVERED,200,1,DISCREPANCY,NONE,NONE,478,762,141267,1,0,-0.421,0.0336,1,0,SETTLEMENT_MISMATCH
909.8,NET_BANKING,ICICI,STRIPE,SUCCESS,SUCCESS,AUTHORIZED,CAPTURED,PAID,DELIVERED,DELIVERED,200,1,SETTLED,NONE,NONE,383,524,159008,1,0,-0.1729,0.0493,1,0,NORMAL
2331.48,UPI,HDFC,RAZORPAY,SUCCESS,SUCCESS,AUTHORIZED,CAPTURED,PAID,DELIVERED,DELIVERED,200,1,SETTLED,NONE,NONE,4305,4817,193796,21,0,2.2382,0.0209,1,0,NORMAL
115.49,DEBIT_CARD,PNB,RAZORPAY,SUCCESS,SUCCESS,AUTHORIZED,CAPTURED,PAID,DELIVERED,DELIVERED,200,1,SETTLED,NONE,NONE,661,846,181388,0,0,-0.725,0.0473,1,0,NORMAL
4084.45,UPI,AXIS,RAZORPAY,PENDING,PENDING,NONE,AUTO_REFUNDED,PENDING_PAYMENT,DELIVERED,RETRYING,404,1,ON_HOLD,PENDING,NOT_INITIATED,57260,74339,162318,13,0,0.167,0.0339,1,0,UNRESOLVED
635.08,UPI,PNB,CASHFREE,SUCCESS,SUCCESS,AUTHORIZED,CAPTURED,PAID,DELIVERED,DELIVERED,200,1,ON_HOLD,NONE,AWAITING_ACK,564,677,59045,23,3,0.5121,0.0391,1,1,DUPLICATE_PAYMENT
785.01,WALLET,INDUSIND,CASHFREE,SUCCESS,SUCCESS,AUTHORIZED,CAPTURED,PAID,DELIVERED,DELIVERED,200,1,SETTLED,NONE,NONE,3899,4640,211710,15,0,-0.2864,0.0426,1,0,NORMAL
1440.29,CREDIT_CARD,SBI,PAYU,SUCCESS,SUCCESS,AUTHORIZED,CAPTURED,PAID,DELIVERED,DELIVERED,200,1,SETTLED,NONE,NONE,359,535,123801,19,0,0.3094,0.0496,1,0,NORMAL
6357.71,UPI,ICICI,BILLDESK,SUCCESS,SUCCESS,AUTHORIZED,CAPTURED,PAID,DELIVERED,DELIVERED,200,2,SETTLED,NONE,NONE,1212,1856,194206,8,0,-0.4914,0.0671,1,0,NORMAL
574.83,UPI,YES_BANK,RAZORPAY,SUCCESS,SUCCESS,AUTHORIZED,CAPTURED,PAID,DELIVERED,DELIVERED,200,1,SETTLED,NONE,NONE,497,617,143027,3,0,0.1976,0.032,1,0,NORMAL
858.25,DEBIT_CARD,YES_BANK,STRIPE,SUCCESS,PENDING,AUTHORIZED,PENDING,PAID,PROCESSING,DELIVERED,200,2,SETTLED,NONE,NONE,109035,112468,136177,0,0,-0.2198,0.0504,1,0,DELAYED_CONFIRMATION
5442.82,UPI,ICICI,BILLDESK,SUCCESS,SUCCESS,AUTHORIZED,CAPTURED,PENDING_PAYMENT,UNFULFILLED,DROPPED,500,4,ON_HOLD,NONE,NONE,502,648,141922,8,0,0.1339,0.0528,1,0,MISSING_WEBHOOK
4460.39,UPI,YES_BANK,STRIPE,SUCCESS,SUCCESS,AUTHORIZED,PENDING,PAID,PROCESSING,DELIVERED,200,3,SETTLED,NONE,NONE,56207,61991,118631,16,0,0.593,0.0184,1,0,DELAYED_CONFIRMATION
865.8,UPI,ICICI,STRIPE,SUCCESS,SUCCESS,AUTHORIZED,CAPTURED,PAID,DELIVERED,DELIVERED,200,1,ON_HOLD,PROCESSED,CREDITED_TO_CUSTOMER,554,703,249651,10,4,0.2025,0.0392,1,1,DUPLICATE_PAYMENT
2922.03,UPI,KOTAK,CASHFREE,SUCCESS,SUCCESS,AUTHORIZED,CAPTURED,PAID,DELIVERED,DELIVERED,200,1,SETTLED,NONE,NONE,374,581,179102,23,0,-0.3912,0.0563,1,0,NORMAL
987.69,UPI,AXIS,CASHFREE,SUCCESS,SUCCESS,AUTHORIZED,CAPTURED,PAID,DELIVERED,DELIVERED,200,1,SETTLED,NONE,NONE,282,386,99270,12,0,-0.4802,0.0573,1,0,NORMAL
254.46,UPI,ICICI,RAZORPAY,SUCCESS,SUCCESS,AUTHORIZED,CAPTURED,EXPIRED,UNFULFILLED,DROPPED,404,4,PENDING,NONE,NONE,415,532,41529,15,0,-0.6085,0.0381,1,0,MISSING_WEBHOOK
264.33,CREDIT_CARD,HDFC,BILLDESK,SUCCESS,SUCCESS,AUTHORIZED,CAPTURED,PAID,DELIVERED,DELIVERED,200,1,ON_HOLD,NONE,AWAITING_ACK,432,632,116861,1,2,-0.3706,0.0311,1,1,DUPLICATE_PAYMENT
823.86,UPI,KOTAK,RAZORPAY,SUCCESS,SUCCESS,AUTHORIZED,CAPTURED,PENDING_PAYMENT,UNFULFILLED,DROPPED,502,3,PENDING,NONE,NONE,332,472,21127,5,0,-0.251,0.0544,1,0,MISSING_WEBHOOK
1211.08,DEBIT_CARD,KOTAK,PAYU,SUCCESS,SUCCESS,AUTHORIZED,CAPTURED,PAID,DELIVERED,DELIVERED,200,1,ON_HOLD,NONE,AWAITING_ACK,279,511,98418,3,3,0.8632,0.0338,1,1,DUPLICATE_PAYMENT
22736.33,UPI,INDUSIND,RAZORPAY,REVERSED,SUCCESS,AUTHORIZED,CAPTURED,PENDING_PAYMENT,CANCELLED,FAILED,500,1,FAILED,MANUAL_INTERVENTION_REQUIRED,NOT_INITIATED,57839,90607,44003,18,2,0.8189,0.0766,1,0,UNRESOLVED
1641.1,CREDIT_CARD,INDUSIND,CASHFREE,SUCCESS,PENDING,AUTHORIZED,CAPTURED,PROCESSING,PROCESSING,DELIVERED,200,3,PENDING,NONE,NONE,107837,109081,37302,0,0,2.9074,0.0408,1,0,DELAYED_CONFIRMATION
2875.24,UPI,ICICI,STRIPE,SUCCESS,SUCCESS,AUTHORIZED,CAPTURED,PENDING_PAYMENT,UNFULFILLED,DROPPED,504,2,ON_HOLD,NONE,NONE,602,772,126193,7,0,0.5133,0.048,1,0,MISSING_WEBHOOK
4948.98,UPI,ICICI,RAZORPAY,SUCCESS,SUCCESS,AUTHORIZED,CAPTURED,PAID,DELIVERED,DELIVERED,200,1,ON_HOLD,PROCESSED,CREDITED_TO_CUSTOMER,350,500,177328,20,3,0.414,0.0344,1,1,DUPLICATE_PAYMENT
5623.68,UPI,PNB,PAYU,SUCCESS,SUCCESS,AUTHORIZED,CAPTURED,PAID,DELIVERED,DELIVERED,200,1,SETTLED,NONE,NONE,632,835,150785,5,0,0.6068,0.038,1,0,NORMAL
1713.25,UPI,YES_BANK,CASHFREE,SUCCESS,SUCCESS,AUTHORIZED,CAPTURED,PAID,PROCESSING,DELIVERED,200,1,PENDING,NONE,NONE,245,431,56116,22,0,0.5575,0.0416,1,0,NORMAL
4772.25,UPI,INDUSIND,PAYU,PENDING,PENDING,FAILED,FAILED,PAID,CANCELLED,RETRYING,504,1,ON_HOLD,PENDING,REJECTED_BY_BANK,99812,41109,248654,13,1,-0.0058,0.0553,1,0,UNRESOLVED
1736.14,DEBIT_CARD,KOTAK,BILLDESK,SUCCESS,FAILED,FAILED,FAILED,CANCELLED,CANCELLED,NONE,504,1,ON_HOLD,PROCESSED,CREDITED_TO_CUSTOMER,420,55179,80076,22,0,-0.0862,0.0554,1,0,BANK_DEBIT_GATEWAY_FAILURE
1132.01,UPI,AXIS,RAZORPAY,SUCCESS,SUCCESS,AUTHORIZED,CAPTURED,PAID,DELIVERED,DELIVERED,200,1,SETTLED,NONE,NONE,463,662,113000,21,0,0.7416,0.0315,1,0,NORMAL
244.31,UPI,INDUSIND,CASHFREE,SUCCESS,SUCCESS,AUTHORIZED,CAPTURED,REFUNDED,RETURNED,DELIVERED,200,1,REVERSED,MANUAL_INTERVENTION_REQUIRED,AWAITING_ACK,240,537,140369,7,0,-0.491,0.0369,1,0,REFUND_UNCERTAINTY
9037.38,UPI,PNB,RAZORPAY,SUCCESS,SUCCESS,AUTHORIZED,CAPTURED,CANCELLED,CANCELLED,DELIVERED,200,1,ON_HOLD,PROCESSED,NONE,278964,279640,140495,0,0,2.2276,0.0221,1,0,ORDER_PAYMENT_CONFLICT
562.23,CREDIT_CARD,PNB,PAYU,SUCCESS,FAILED,TIMEOUT,FAILED,CANCELLED,CANCELLED,DELIVERED,200,1,ON_HOLD,PROCESSED,CREDITED_TO_CUSTOMER,480,61896,141654,22,0,-0.2191,0.0338,1,0,BANK_DEBIT_GATEWAY_FAILURE
6791.82,NET_BANKING,YES_BANK,BILLDESK,SUCCESS,SUCCESS,AUTHORIZED,CAPTURED,PAID,PROCESSING,DELIVERED,200,1,PENDING,NONE,NONE,370,668,53720,22,0,-0.4567,0.07,1,0,NORMAL
974.04,CREDIT_CARD,YES_BANK,RAZORPAY,SUCCESS,SUCCESS,AUTHORIZED,CAPTURED,PAID,DELIVERED,DELIVERED,200,1,SETTLED,NONE,NONE,364,584,207769,5,0,1.0292,0.0435,1,0,NORMAL
5660.05,UPI,HDFC,CASHFREE,SUCCESS,SUCCESS,AUTHORIZED,CAPTURED,CANCELLED,CANCELLED,DELIVERED,200,1,ON_HOLD,PROCESSED,NONE,274633,276724,218622,14,0,-0.5472,0.0742,1,0,ORDER_PAYMENT_CONFLICT
1596.3,UPI,HDFC,RAZORPAY,SUCCESS,SUCCESS,AUTHORIZED,CAPTURED,PAID,DELIVERED,DELIVERED,200,1,SETTLED,NONE,NONE,3304,4048,125444,5,0,-0.1598,0.057,1,0,NORMAL
836.64,WALLET,AXIS,CASHFREE,SUCCESS,SUCCESS,AUTHORIZED,CAPTURED,PENDING_PAYMENT,UNFULFILLED,TIMED_OUT,504,2,ON_HOLD,NONE,NONE,399,582,5704,3,0,0.2871,0.0209,1,0,MISSING_WEBHOOK
1255.66,UPI,HDFC,CASHFREE,SUCCESS,SUCCESS,AUTHORIZED,CAPTURED,PAID,DELIVERED,DELIVERED,200,1,DISCREPANCY,NONE,NONE,613,866,9575,19,0,0.1616,0.0551,1,0,SETTLEMENT_MISMATCH
2672.87,DEBIT_CARD,INDUSIND,STRIPE,SUCCESS,SUCCESS,AUTHORIZED,CAPTURED,PAID,PROCESSING,DELIVERED,200,3,PENDING,NONE,NONE,99334,100489,85461,13,0,-0.0454,0.0214,1,0,DELAYED_CONFIRMATION
26544.33,NET_BANKING,HDFC,PAYU,SUCCESS,SUCCESS,AUTHORIZED,CAPTURED,PAID,DELIVERED,DELIVERED,200,1,DISCREPANCY,NONE,NONE,245,463,226305,9,0,1.1942,0.0673,1,0,SETTLEMENT_MISMATCH
299.13,UPI,AXIS,CASHFREE,SUCCESS,TIMED_OUT,TIMEOUT,FAILED,CANCELLED,CANCELLED,FAILED,500,1,ON_HOLD,NONE,NOT_INITIATED,498,85273,131830,0,0,-0.5398,0.0371,1,0,BANK_DEBIT_GATEWAY_FAILURE
3412.61,DEBIT_CARD,KOTAK,CASHFREE,SUCCESS,SUCCESS,AUTHORIZED,CAPTURED,REFUNDED,RETURNED,DELIVERED,200,1,REVERSED,PENDING,AWAITING_ACK,239,388,89483,9,0,0.7961,0.0557,1,0,REFUND_UNCERTAINTY
4067.62,UPI,AXIS,RAZORPAY,SUCCESS,SUCCESS,AUTHORIZED,CAPTURED,PAID,DELIVERED,DELIVERED,200,1,SETTLED,NONE,NONE,354,568,125976,18,0,0.1622,0.0419,1,0,NORMAL
955.37,UPI,AXIS,RAZORPAY,SUCCESS,SUCCESS,AUTHORIZED,CAPTURED,PAID,PROCESSING,DELIVERED,200,1,PENDING,NONE,NONE,1775,2080,6385,18,0,0.3269,0.0287,1,0,NORMAL
3377.52,CREDIT_CARD,INDUSIND,RAZORPAY,SUCCESS,SUCCESS,AUTHORIZED,CAPTURED,EXPIRED,CANCELLED,DELIVERED,200,1,ON_HOLD,NONE,NONE,252359,252888,160362,9,0,-0.2964,0.0502,1,0,ORDER_PAYMENT_CONFLICT
13619.39,CREDIT_CARD,INDUSIND,BILLDESK,SUCCESS,SUCCESS,AUTHORIZED,CAPTURED,PAID,PROCESSING,DELIVERED,200,1,PENDING,NONE,NONE,311,542,6801,9,0,0.0896,0.0651,1,0,NORMAL
9523.78,UPI,YES_BANK,RAZORPAY,SUCCESS,SUCCESS,AUTHORIZED,CAPTURED,PAID,PROCESSING,DELIVERED,200,1,PENDING,NONE,NONE,451,697,13829,9,0,-0.2381,0.0797,1,0,NORMAL
1351.89,UPI,YES_BANK,RAZORPAY,SUCCESS,SUCCESS,AUTHORIZED,CAPTURED,PENDING_PAYMENT,UNFULFILLED,FAILED,404,3,ON_HOLD,NONE,NONE,484,627,105904,8,0,2.2188,0.0331,1,0,MISSING_WEBHOOK
193.77,CREDIT_CARD,YES_BANK,CASHFREE,SUCCESS,SUCCESS,AUTHORIZED,CAPTURED,PENDING_PAYMENT,UNFULFILLED,FAILED,500,5,PENDING,NONE,NONE,263,477,119190,13,0,-0.5963,0.0358,1,0,MISSING_WEBHOOK
591.02,CREDIT_CARD,HDFC,BILLDESK,SUCCESS,SUCCESS,AUTHORIZED,CAPTURED,CANCELLED,CANCELLED,DELIVERED,200,1,ON_HOLD,INITIATED,NONE,246681,248146,94565,19,0,-0.0907,0.0245,1,0,ORDER_PAYMENT_CONFLICT
1803.44,UPI,INDUSIND,STRIPE,SUCCESS,SUCCESS,AUTHORIZED,CAPTURED,CANCELLED,CANCELLED,DELIVERED,200,1,ON_HOLD,PROCESSED,NONE,261508,262679,236328,21,0,1.5048,0.0342,1,0,ORDER_PAYMENT_CONFLICT
2840.45,NET_BANKING,INDUSIND,RAZORPAY,SUCCESS,SUCCESS,AUTHORIZED,CAPTURED,PAID,DELIVERED,DELIVERED,200,1,SETTLED,NONE,NONE,732,907,168311,14,0,0.0144,0.0273,1,0,NORMAL
717.2,UPI,ICICI,STRIPE,SUCCESS,SUCCESS,AUTHORIZED,CAPTURED,PAID,DELIVERED,DELIVERED,200,1,SETTLED,NONE,NONE,641,763,107534,10,0,-0.348,0.0424,1,0,NORMAL
1654.23,UPI,SBI,STRIPE,SUCCESS,SUCCESS,AUTHORIZED,CAPTURED,PAID,DELIVERED,DELIVERED,200,1,SETTLED,NONE,NONE,626,765,202642,6,0,-0.1294,0.0576,1,0,NORMAL
766.89,UPI,PNB,PAYU,SUCCESS,SUCCESS,AUTHORIZED,CAPTURED,PAID,PROCESSING,DELIVERED,200,1,PENDING,NONE,NONE,514,806,4975,22,0,-0.7809,0.0337,1,0,NORMAL
4087.87,CREDIT_CARD,PNB,PAYU,REVERSED,SUCCESS,AUTHORIZED,CAPTURED,REFUNDED,RETURNED,DELIVERED,200,1,REVERSED,FAILED,AWAITING_ACK,455,725,113144,0,0,0.168,0.0302,1,0,REFUND_UNCERTAINTY
15270.55,CREDIT_CARD,INDUSIND,BILLDESK,SUCCESS,SUCCESS,AUTHORIZED,CAPTURED,PAID,DELIVERED,DELIVERED,200,1,SETTLED,NONE,NONE,288,568,255531,3,0,0.2216,0.0734,1,0,NORMAL
1169.87,CREDIT_CARD,YES_BANK,STRIPE,SUCCESS,SUCCESS,AUTHORIZED,CAPTURED,PAID,PROCESSING,DELIVERED,200,1,PENDING,NONE,NONE,507,805,72690,0,0,-0.3843,0.0591,1,0,NORMAL
594.18,CREDIT_CARD,INDUSIND,RAZORPAY,DEBITED,TIMED_OUT,FAILED,FAILED,CANCELLED,CANCELLED,FAILED,500,1,ON_HOLD,INITIATED,NOT_INITIATED,819,75729,130635,14,0,0.2379,0.0393,1,0,BANK_DEBIT_GATEWAY_FAILURE
195.65,UPI,ICICI,STRIPE,SUCCESS,SUCCESS,AUTHORIZED,CAPTURED,EXPIRED,UNFULFILLED,DROPPED,404,3,PENDING,NONE,NONE,742,877,7884,18,0,-0.7283,0.0215,1,0,MISSING_WEBHOOK
4663.44,UPI,INDUSIND,PAYU,SUCCESS,SUCCESS,AUTHORIZED,CAPTURED,PAID,DELIVERED,DELIVERED,200,1,SETTLED,NONE,NONE,232,363,108064,19,0,0.6655,0.0179,1,0,NORMAL
304.03,UPI,HDFC,PAYU,SUCCESS,SUCCESS,AUTHORIZED,CAPTURED,REFUNDED,RETURNED,DELIVERED,200,1,REVERSED,MANUAL_INTERVENTION_REQUIRED,NOT_INITIATED,302,512,47364,14,0,-0.2761,0.0417,1,0,REFUND_UNCERTAINTY
1082.05,UPI,ICICI,PAYU,SUCCESS,SUCCESS,AUTHORIZED,CAPTURED,PROCESSING,PROCESSING,DELIVERED,200,1,SETTLED,NONE,NONE,45115,49876,217261,8,0,0.5028,0.0399,1,0,DELAYED_CONFIRMATION
3142.61,EMI,PNB,CASHFREE,DEBITED,SUCCESS,TIMEOUT,FAILED,PENDING_PAYMENT,DELIVERED,DROPPED,504,1,ON_HOLD,PENDING,REJECTED_BY_BANK,38812,125559,3329,0,3,-0.1021,0.049,1,0,UNRESOLVED
362.24,UPI,AXIS,RAZORPAY,SUCCESS,SUCCESS,AUTHORIZED,CAPTURED,PAID,DELIVERED,DELIVERED,200,1,ON_HOLD,INITIATED,AWAITING_ACK,534,747,10445,22,4,-0.2453,0.0414,1,1,DUPLICATE_PAYMENT
513.17,UPI,INDUSIND,STRIPE,DEBITED,FAILED,TIMEOUT,AUTO_REFUNDED,CANCELLED,CANCELLED,NONE,504,1,ON_HOLD,NONE,NOT_INITIATED,609,85647,181395,11,0,0.0691,0.0392,1,0,BANK_DEBIT_GATEWAY_FAILURE
305.42,DEBIT_CARD,PNB,PAYU,SUCCESS,SUCCESS,AUTHORIZED,CAPTURED,PAID,DELIVERED,DELIVERED,200,1,SETTLED,NONE,NONE,346,426,109141,9,0,-0.2728,0.0337,1,0,NORMAL
1976.38,WALLET,SBI,BILLDESK,SUCCESS,SUCCESS,AUTHORIZED,CAPTURED,PAID,DELIVERED,DELIVERED,200,1,SETTLED,NONE,NONE,334,601,166043,1,0,-0.5883,0.0519,1,0,NORMAL
1065.44,UPI,ICICI,CASHFREE,SUCCESS,SUCCESS,AUTHORIZED,CAPTURED,PAID,DELIVERED,DELIVERED,200,1,SETTLED,NONE,NONE,715,818,182960,2,0,1.2197,0.0392,1,0,NORMAL
558.04,NET_BANKING,PNB,CASHFREE,SUCCESS,SUCCESS,AUTHORIZED,CAPTURED,PAID,DELIVERED,DELIVERED,200,1,SETTLED,NONE,NONE,719,802,249708,11,0,0.3287,0.0433,1,0,NORMAL
1092.44,DEBIT_CARD,ICICI,STRIPE,SUCCESS,SUCCESS,AUTHORIZED,CAPTURED,PAID,DELIVERED,DELIVERED,200,1,SETTLED,NONE,NONE,635,887,234012,0,0,1.601,0.0408,1,0,NORMAL
1804.59,UPI,INDUSIND,STRIPE,SUCCESS,SUCCESS,AUTHORIZED,CAPTURED,PAID,PROCESSING,DELIVERED,200,1,PENDING,NONE,NONE,415,502,44708,16,0,-0.624,0.064,1,0,NORMAL
1775.54,NET_BANKING,AXIS,STRIPE,SUCCESS,SUCCESS,AUTHORIZED,CAPTURED,PAID,DELIVERED,DELIVERED,200,1,ON_HOLD,PROCESSED,CREDITED_TO_CUSTOMER,307,426,155796,5,2,0.6141,0.0499,1,1,DUPLICATE_PAYMENT
4715.63,UPI,SBI,STRIPE,SUCCESS,SUCCESS,AUTHORIZED,CAPTURED,PAID,DELIVERED,DELIVERED,200,1,ON_HOLD,INITIATED,AWAITING_ACK,329,482,71710,8,4,0.6842,0.0164,1,1,DUPLICATE_PAYMENT
524.09,UPI,YES_BANK,BILLDESK,PENDING,FAILED,FAILED,PENDING,FAILED,CANCELLED,RETRYING,500,1,ON_HOLD,MANUAL_INTERVENTION_REQUIRED,NOT_INITIATED,113178,100607,56471,12,0,0.2478,0.0474,1,0,UNRESOLVED
5358.22,DEBIT_CARD,SBI,RAZORPAY,SUCCESS,SUCCESS,AUTHORIZED,CAPTURED,PAID,DELIVERED,DELIVERED,200,1,SETTLED,NONE,NONE,2849,3256,158846,3,0,0.1163,0.0582,1,0,NORMAL
1129.87,UPI,KOTAK,BILLDESK,SUCCESS,SUCCESS,AUTHORIZED,CAPTURED,REFUNDED,RETURNED,DELIVERED,200,1,REVERSED,PENDING,AWAITING_ACK,617,710,49875,18,0,-0.5965,0.0229,1,0,REFUND_UNCERTAINTY
1560.42,UPI,HDFC,PAYU,SUCCESS,FAILED,TIMEOUT,FAILED,FAILED,CANCELLED,NONE,500,1,ON_HOLD,NONE,NOT_INITIATED,1475,75531,31338,9,0,0.4186,0.0489,1,0,BANK_DEBIT_GATEWAY_FAILURE
528.11,UPI,INDUSIND,STRIPE,SUCCESS,SUCCESS,AUTHORIZED,CAPTURED,REFUNDED,RETURNED,DELIVERED,200,1,REVERSED,PENDING,NOT_INITIATED,665,805,26281,17,0,0.2574,0.0485,1,0,REFUND_UNCERTAINTY
3221.36,CREDIT_CARD,YES_BANK,CASHFREE,SUCCESS,SUCCESS,AUTHORIZED,CAPTURED,PAID,DELIVERED,DELIVERED,200,1,SETTLED,NONE,NONE,464,751,154502,14,0,-0.0796,0.0412,1,0,NORMAL
4046.18,UPI,INDUSIND,STRIPE,SUCCESS,SUCCESS,AUTHORIZED,CAPTURED,PAID,DELIVERED,DELIVERED,200,1,SETTLED,NONE,NONE,551,792,160996,11,0,-0.6763,0.0726,1,0,NORMAL
19364.38,UPI,YES_BANK,PAYU,SUCCESS,SUCCESS,AUTHORIZED,CAPTURED,CANCELLED,CANCELLED,DELIVERED,200,1,ON_HOLD,PROCESSED,NONE,296332,297837,142104,12,0,3.0342,0.0677,1,0,ORDER_PAYMENT_CONFLICT
229.12,UPI,PNB,STRIPE,SUCCESS,SUCCESS,AUTHORIZED,CAPTURED,PAID,DELIVERED,DELIVERED,200,1,DISCREPANCY,NONE,NONE,741,969,106003,19,0,-0.4462,0.0376,1,0,SETTLEMENT_MISMATCH
4542.26,UPI,AXIS,CASHFREE,DEBITED,FAILED,FAILED,FAILED,CANCELLED,CANCELLED,DELIVERED,200,1,ON_HOLD,INITIATED,NOT_INITIATED,1148,91723,203674,7,0,1.3907,0.0427,1,0,BANK_DEBIT_GATEWAY_FAILURE
2427.58,NET_BANKING,INDUSIND,STRIPE,SUCCESS,SUCCESS,AUTHORIZED,CAPTURED,PAID,DELIVERED,DELIVERED,200,1,SETTLED,NONE,NONE,308,571,182059,8,0,-0.3064,0.0456,1,0,NORMAL
5725.34,UPI,PNB,PAYU,SUCCESS,SUCCESS,AUTHORIZED,CAPTURED,EXPIRED,CANCELLED,DELIVERED,200,1,ON_HOLD,PROCESSED,NONE,355870,357299,219816,20,0,0.6358,0.0428,1,0,ORDER_PAYMENT_CONFLICT
474.5,UPI,HDFC,RAZORPAY,DEBITED,PENDING,TIMEOUT,CAPTURED,FAILED,UNFULFILLED,DELIVERED,200,1,FAILED,MANUAL_INTERVENTION_REQUIRED,NOT_INITIATED,112456,3128,35161,2,3,0.1298,0.0456,1,0,UNRESOLVED
10274.97,NET_BANKING,AXIS,STRIPE,DEBITED,TIMED_OUT,TIMEOUT,FAILED,CANCELLED,CANCELLED,FAILED,504,1,ON_HOLD,NONE,NOT_INITIATED,925,67879,45171,17,0,-0.178,0.0659,1,0,BANK_DEBIT_GATEWAY_FAILURE
2525.14,UPI,PNB,BILLDESK,SUCCESS,SUCCESS,AUTHORIZED,CAPTURED,PAID,PROCESSING,DELIVERED,200,1,PENDING,NONE,NONE,597,728,24858,7,0,-0.2785,0.0387,1,0,NORMAL
465.22,UPI,ICICI,PAYU,SUCCESS,SUCCESS,AUTHORIZED,CAPTURED,PAID,PROCESSING,DELIVERED,200,1,PENDING,NONE,NONE,712,926,74574,9,0,0.1077,0.0411,1,0,NORMAL
1382.54,UPI,PNB,CASHFREE,SUCCESS,SUCCESS,AUTHORIZED,CAPTURED,PAID,DELIVERED,DELIVERED,200,1,ON_HOLD,PROCESSED,CREDITED_TO_CUSTOMER,670,927,103822,17,4,-0.712,0.0541,1,1,DUPLICATE_PAYMENT
111.36,UPI,INDUSIND,STRIPE,SUCCESS,SUCCESS,AUTHORIZED,CAPTURED,PAID,DELIVERED,DELIVERED,200,1,SETTLED,NONE,NONE,645,798,209710,13,0,-0.8287,0.0386,1,0,NORMAL
1245.75,UPI,AXIS,STRIPE,SUCCESS,SUCCESS,AUTHORIZED,CAPTURED,REFUNDED,RETURNED,DELIVERED,200,1,REVERSED,PENDING,AWAITING_ACK,450,532,222466,20,0,0.9165,0.0201,1,0,REFUND_UNCERTAINTY
602.84,WALLET,AXIS,STRIPE,DEBITED,FAILED,FAILED,FAILED,CANCELLED,CANCELLED,NONE,0,1,ON_HOLD,NONE,NOT_INITIATED,1075,47434,113717,23,0,0.2559,0.0403,1,0,BANK_DEBIT_GATEWAY_FAILURE
4895.85,UPI,KOTAK,RAZORPAY,SUCCESS,SUCCESS,AUTHORIZED,CAPTURED,PAID,DELIVERED,DELIVERED,200,1,SETTLED,NONE,NONE,1423,2289,140050,22,0,0.7485,0.0159,1,0,NORMAL
4685.23,UPI,HDFC,PAYU,SUCCESS,SUCCESS,AUTHORIZED,CAPTURED,CANCELLED,CANCELLED,DELIVERED,200,1,ON_HOLD,NONE,NONE,252716,254593,187044,11,0,-0.0239,0.0546,1,0,ORDER_PAYMENT_CONFLICT
1549.82,NET_BANKING,AXIS,BILLDESK,SUCCESS,PENDING,TIMEOUT,FAILED,CANCELLED,CANCELLED,DELIVERED,200,1,ON_HOLD,NONE,NOT_INITIATED,915,82981,113690,16,0,-0.4465,0.0257,1,0,BANK_DEBIT_GATEWAY_FAILURE
2118.04,UPI,YES_BANK,PAYU,DEBITED,TIMED_OUT,FAILED,FAILED,CANCELLED,CANCELLED,FAILED,0,1,ON_HOLD,NONE,NOT_INITIATED,1336,93888,100028,23,0,0.1148,0.0427,1,0,BANK_DEBIT_GATEWAY_FAILURE
571.62,DEBIT_CARD,HDFC,RAZORPAY,SUCCESS,SUCCESS,AUTHORIZED,CAPTURED,PAID,DELIVERED,DELIVERED,200,1,DISCREPANCY,NONE,NONE,701,840,220829,10,0,-0.0917,0.0337,1,0,SETTLEMENT_MISMATCH
171.58,NET_BANKING,YES_BANK,RAZORPAY,DEBITED,TIMED_OUT,TIMEOUT,FAILED,CANCELLED,CANCELLED,FAILED,0,1,ON_HOLD,NONE,NOT_INITIATED,1272,65858,183654,13,0,-0.7617,0.0282,1,0,BANK_DEBIT_GATEWAY_FAILURE
3693.54,UPI,INDUSIND,PAYU,SUCCESS,SUCCESS,AUTHORIZED,CAPTURED,PAID,PROCESSING,DELIVERED,200,1,PENDING,NONE,NONE,4425,5268,25646,16,0,-0.2305,0.0649,1,0,NORMAL
8817.81,CREDIT_CARD,SBI,STRIPE,SUCCESS,SUCCESS,AUTHORIZED,CAPTURED,PAID,DELIVERED,DELIVERED,200,1,SETTLED,NONE,NONE,4416,4745,250583,23,0,3.641,0.0476,1,0,NORMAL
776.72,UPI,AXIS,PAYU,SUCCESS,SUCCESS,AUTHORIZED,CAPTURED,PAID,DELIVERED,DELIVERED,200,1,SETTLED,NONE,NONE,370,513,210308,2,0,0.0788,0.0363,1,0,NORMAL
226.72,DEBIT_CARD,SBI,CASHFREE,REVERSED,PENDING,FAILED,FAILED,PAID,CANCELLED,DROPPED,200,1,FAILED,NONE,REJECTED_BY_BANK,18752,122240,56354,18,0,-0.6512,0.0263,1,0,UNRESOLVED
1578.27,NET_BANKING,KOTAK,CASHFREE,SUCCESS,SUCCESS,AUTHORIZED,CAPTURED,PAID,DELIVERED,DELIVERED,200,1,SETTLED,NONE,NONE,330,610,182842,1,0,-0.1693,0.0446,1,0,NORMAL
148.64,UPI,YES_BANK,CASHFREE,SUCCESS,SUCCESS,AUTHORIZED,CAPTURED,PAID,PROCESSING,DELIVERED,200,2,SETTLED,NONE,NONE,64224,70000,87519,14,0,-0.6461,0.0434,1,0,DELAYED_CONFIRMATION
987.58,UPI,SBI,STRIPE,SUCCESS,SUCCESS,AUTHORIZED,CAPTURED,PAID,DELIVERED,DELIVERED,200,1,ON_HOLD,INITIATED,AWAITING_ACK,658,875,84408,2,1,1.0575,0.0347,1,1,DUPLICATE_PAYMENT
1215.27,UPI,PNB,PAYU,SUCCESS,SUCCESS,AUTHORIZED,CAPTURED,PAID,DELIVERED,DELIVERED,200,1,SETTLED,NONE,NONE,279,519,99096,18,0,0.6879,0.0295,1,0,NORMAL
23454.14,UPI,PNB,PAYU,REVERSED,SUCCESS,AUTHORIZED,CAPTURED,REFUNDED,RETURNED,DELIVERED,200,1,REVERSED,MANUAL_INTERVENTION_REQUIRED,NOT_INITIATED,696,896,31937,6,0,0.8763,0.066,1,0,REFUND_UNCERTAINTY
3376.94,UPI,KOTAK,BILLDESK,SUCCESS,SUCCESS,AUTHORIZED,CAPTURED,PAID,RETURNED,FAILED,404,1,ON_HOLD,MANUAL_INTERVENTION_REQUIRED,AWAITING_ACK,16807,118167,201686,22,3,-0.0352,0.0302,1,0,UNRESOLVED
208.77,CREDIT_CARD,AXIS,CASHFREE,SUCCESS,SUCCESS,AUTHORIZED,CAPTURED,PENDING_PAYMENT,UNFULFILLED,DROPPED,0,4,ON_HOLD,NONE,NONE,185,365,80187,4,0,-0.71,0.0321,1,0,MISSING_WEBHOOK
804.37,UPI,SBI,RAZORPAY,SUCCESS,SUCCESS,AUTHORIZED,CAPTURED,CANCELLED,CANCELLED,DELIVERED,200,1,ON_HOLD,NONE,NONE,243610,245262,201657,13,0,0.9152,0.0375,1,0,ORDER_PAYMENT_CONFLICT
400.96,CREDIT_CARD,INDUSIND,RAZORPAY,SUCCESS,SUCCESS,AUTHORIZED,CAPTURED,PENDING_PAYMENT,UNFULFILLED,DROPPED,500,5,ON_HOLD,NONE,NONE,228,387,239746,13,0,-0.3831,0.0305,1,0,MISSING_WEBHOOK
6435.39,UPI,SBI,BILLDESK,SUCCESS,SUCCESS,AUTHORIZED,CAPTURED,PAID,PROCESSING,DELIVERED,200,1,PENDING,NONE,NONE,394,595,59517,7,0,-0.4852,0.0752,1,0,NORMAL
12129.08,UPI,YES_BANK,CASHFREE,SUCCESS,SUCCESS,AUTHORIZED,CAPTURED,PAID,PROCESSING,DELIVERED,200,1,PENDING,NONE,NONE,471,759,30182,7,0,-0.0297,0.0744,1,0,NORMAL
1485.06,UPI,SBI,BILLDESK,SUCCESS,SUCCESS,AUTHORIZED,CAPTURED,PROCESSING,PROCESSING,DELIVERED,200,1,SETTLED,NONE,NONE,106270,111576,258909,1,0,0.3501,0.0576,1,0,DELAYED_CONFIRMATION
1765.01,UPI,YES_BANK,STRIPE,SUCCESS,PENDING,AUTHORIZED,CAPTURED,PENDING_PAYMENT,PROCESSING,DELIVERED,200,1,PENDING,NONE,NONE,62491,67807,34402,15,0,-0.4957,0.0395,1,0,DELAYED_CONFIRMATION
960.84,CREDIT_CARD,AXIS,PAYU,SUCCESS,SUCCESS,AUTHORIZED,CAPTURED,PAID,DELIVERED,DELIVERED,200,1,SETTLED,NONE,NONE,449,618,117924,1,0,0.4782,0.0347,1,0,NORMAL
5759.82,UPI,SBI,RAZORPAY,SUCCESS,SUCCESS,AUTHORIZED,CAPTURED,PAID,PROCESSING,DELIVERED,200,1,PENDING,NONE,NONE,318,519,10610,6,0,0.2,0.0559,1,0,NORMAL
455.68,UPI,SBI,RAZORPAY,REVERSED,PENDING,NONE,FAILED,FAILED,UNFULFILLED,DELIVERED,0,1,FAILED,FAILED,NOT_INITIATED,82452,70082,73356,16,0,-0.3671,0.0321,1,0,UNRESOLVED
7927.21,UPI,PNB,BILLDESK,SUCCESS,FAILED,TIMEOUT,NOT_REQUESTED,EXPIRED,CANCELLED,DELIVERED,200,1,ON_HOLD,NONE,NOT_INITIATED,1084,46016,138740,1,0,1.2649,0.0408,1,0,BANK_DEBIT_GATEWAY_FAILURE
751.27,UPI,SBI,STRIPE,SUCCESS,SUCCESS,AUTHORIZED,CAPTURED,PAID,PROCESSING,DELIVERED,200,1,PENDING,NONE,NONE,574,771,64856,3,0,0.1558,0.0338,1,0,NORMAL
650.02,UPI,SBI,BILLDESK,SUCCESS,SUCCESS,AUTHORIZED,PENDING,PAID,PROCESSING,DELIVERED,200,1,PENDING,NONE,NONE,75403,80979,35181,23,0,-0.4091,0.0412,1,0,DELAYED_CONFIRMATION
1090.73,UPI,INDUSIND,RAZORPAY,SUCCESS,SUCCESS,AUTHORIZED,CAPTURED,PENDING_PAYMENT,PROCESSING,DELIVERED,200,3,SETTLED,NONE,NONE,46622,47872,176690,10,0,1.597,0.0406,1,0,DELAYED_CONFIRMATION
1365.53,CREDIT_CARD,KOTAK,PAYU,REVERSED,SUCCESS,AUTHORIZED,CAPTURED,REFUNDED,RETURNED,DELIVERED,200,1,REVERSED,PENDING,REJECTED_BY_BANK,243,386,227779,19,0,0.2414,0.0523,1,0,REFUND_UNCERTAINTY
291.82,UPI,ICICI,PAYU,SUCCESS,SUCCESS,AUTHORIZED,CAPTURED,PAID,DELIVERED,DELIVERED,200,1,SETTLED,NONE,NONE,600,868,196261,9,0,-0.3052,0.0471,1,0,NORMAL
17522.0,NET_BANKING,HDFC,RAZORPAY,SUCCESS,SUCCESS,AUTHORIZED,CAPTURED,PAID,DELIVERED,DELIVERED,200,1,SETTLED,NONE,NONE,252,461,209665,16,0,0.4018,0.063,1,0,NORMAL
1243.61,CREDIT_CARD,YES_BANK,STRIPE,SUCCESS,SUCCESS,AUTHORIZED,CAPTURED,PAID,DELIVERED,DELIVERED,200,1,SETTLED,NONE,NONE,4523,4846,133014,13,0,-0.5559,0.026,1,0,NORMAL
8069.32,UPI,ICICI,RAZORPAY,SUCCESS,SUCCESS,AUTHORIZED,CAPTURED,PAID,DELIVERED,DELIVERED,200,1,SETTLED,NONE,NONE,491,782,211736,5,0,0.6811,0.0562,1,0,NORMAL
628.13,UPI,INDUSIND,STRIPE,SUCCESS,SUCCESS,AUTHORIZED,CAPTURED,REFUNDED,RETURNED,DELIVERED,200,1,REVERSED,MANUAL_INTERVENTION_REQUIRED,AWAITING_ACK,628,917,250261,10,0,-0.0336,0.0291,1,0,REFUND_UNCERTAINTY
17865.82,DEBIT_CARD,ICICI,BILLDESK,SUCCESS,SUCCESS,AUTHORIZED,CAPTURED,PAID,PROCESSING,DELIVERED,200,1,PENDING,NONE,NONE,386,477,76954,1,0,2.722,0.0626,1,0,NORMAL
417.63,CREDIT_CARD,YES_BANK,BILLDESK,SUCCESS,SUCCESS,AUTHORIZED,CAPTURED,PAID,PROCESSING,DELIVERED,200,1,PENDING,NONE,NONE,201,434,57425,6,0,-0.42,0.0321,1,0,NORMAL
518.6,DEBIT_CARD,AXIS,STRIPE,SUCCESS,SUCCESS,AUTHORIZED,CAPTURED,PAID,DELIVERED,DELIVERED,200,2,SETTLED,NONE,NONE,682,879,238660,10,0,-0.2797,0.0289,1,0,NORMAL
1319.34,CREDIT_CARD,INDUSIND,BILLDESK,SUCCESS,SUCCESS,AUTHORIZED,CAPTURED,PAID,DELIVERED,DELIVERED,200,1,SETTLED,NONE,NONE,561,850,244404,12,0,-0.3056,0.0474,1,0,NORMAL
2113.87,DEBIT_CARD,HDFC,RAZORPAY,SUCCESS,SUCCESS,AUTHORIZED,CAPTURED,PAID,DELIVERED,DELIVERED,200,1,ON_HOLD,PROCESSED,CREDITED_TO_CUSTOMER,416,600,46220,19,4,-0.245,0.0218,1,1,DUPLICATE_PAYMENT
5502.76,UPI,KOTAK,CASHFREE,SUCCESS,SUCCESS,AUTHORIZED,CAPTURED,PAID,DELIVERED,DELIVERED,200,1,SETTLED,NONE,NONE,609,902,240584,15,0,0.9653,0.0145,1,0,NORMAL
2311.76,CREDIT_CARD,YES_BANK,PAYU,SUCCESS,SUCCESS,AUTHORIZED,CAPTURED,PAID,DELIVERED,DELIVERED,200,3,SETTLED,NONE,NONE,288,582,243600,18,0,0.2167,0.0536,1,0,NORMAL
1599.79,CREDIT_CARD,KOTAK,STRIPE,REVERSED,PENDING,NONE,AUTO_REFUNDED,FAILED,UNFULFILLED,RETRYING,0,1,DISCREPANCY,PENDING,NOT_INITIATED,51363,61096,193691,11,2,-0.5429,0.0351,1,0,UNRESOLVED
9237.03,UPI,YES_BANK,RAZORPAY,SUCCESS,SUCCESS,AUTHORIZED,CAPTURED,PAID,PROCESSING,DELIVERED,200,2,PENDING,NONE,NONE,367,585,51068,7,1,-0.261,0.0678,1,0,NORMAL
678.35,EMI,ICICI,STRIPE,SUCCESS,SUCCESS,AUTHORIZED,CAPTURED,CANCELLED,CANCELLED,DELIVERED,200,1,ON_HOLD,NONE,NONE,337940,339087,168673,16,0,0.4132,0.0434,1,0,ORDER_PAYMENT_CONFLICT
776.91,UPI,PNB,CASHFREE,SUCCESS,SUCCESS,AUTHORIZED,CAPTURED,EXPIRED,UNFULFILLED,FAILED,500,5,ON_HOLD,NONE,NONE,403,640,220331,2,0,0.8498,0.0494,1,0,MISSING_WEBHOOK
342.68,NET_BANKING,HDFC,RAZORPAY,SUCCESS,SUCCESS,AUTHORIZED,CAPTURED,PAID,PROCESSING,DELIVERED,200,2,SETTLED,NONE,NONE,58850,62763,243582,0,0,-0.5241,0.0389,1,0,DELAYED_CONFIRMATION
3016.78,UPI,HDFC,BILLDESK,SUCCESS,FAILED,TIMEOUT,PENDING,CANCELLED,UNFULFILLED,DROPPED,504,1,DISCREPANCY,FAILED,NOT_INITIATED,81508,53270,41273,18,1,0.0774,0.015,1,0,UNRESOLVED
6404.77,NET_BANKING,AXIS,STRIPE,SUCCESS,FAILED,FAILED,FAILED,CANCELLED,CANCELLED,NONE,500,1,ON_HOLD,INITIATED,NOT_INITIATED,421,73036,12042,4,0,0.8299,0.0392,1,0,BANK_DEBIT_GATEWAY_FAILURE
2815.38,NET_BANKING,SBI,PAYU,SUCCESS,SUCCESS,AUTHORIZED,CAPTURED,CANCELLED,UNFULFILLED,TIMED_OUT,504,4,ON_HOLD,NONE,NONE,317,419,123216,12,0,0.4818,0.0463,1,0,MISSING_WEBHOOK
715.54,CREDIT_CARD,KOTAK,CASHFREE,SUCCESS,SUCCESS,AUTHORIZED,CAPTURED,PAID,PROCESSING,DELIVERED,200,3,SETTLED,NONE,NONE,97828,101486,131340,16,0,0.4907,0.0476,1,0,DELAYED_CONFIRMATION
1067.68,EMI,INDUSIND,BILLDESK,SUCCESS,SUCCESS,AUTHORIZED,CAPTURED,PAID,DELIVERED,DELIVERED,200,1,ON_HOLD,NONE,AWAITING_ACK,632,767,46846,8,1,0.6426,0.0253,1,1,DUPLICATE_PAYMENT
13720.95,UPI,AXIS,RAZORPAY,SUCCESS,SUCCESS,AUTHORIZED,CAPTURED,PAID,DELIVERED,DELIVERED,200,1,ON_HOLD,NONE,AWAITING_ACK,426,667,209128,0,4,0.0977,0.0724,1,1,DUPLICATE_PAYMENT
898.64,UPI,SBI,CASHFREE,SUCCESS,SUCCESS,AUTHORIZED,CAPTURED,PAID,DELIVERED,DELIVERED,200,1,DISCREPANCY,NONE,NONE,541,643,231073,12,0,-0.6665,0.0479,1,0,SETTLEMENT_MISMATCH
1184.23,UPI,SBI,RAZORPAY,SUCCESS,SUCCESS,AUTHORIZED,CAPTURED,CANCELLED,CANCELLED,DELIVERED,200,1,ON_HOLD,NONE,NONE,354091,356369,54092,11,0,0.6448,0.0359,1,0,ORDER_PAYMENT_CONFLICT
185.88,DEBIT_CARD,PNB,STRIPE,SUCCESS,FAILED,FAILED,FAILED,EXPIRED,CANCELLED,DELIVERED,200,1,ON_HOLD,INITIATED,NOT_INITIATED,745,51781,66462,16,0,-0.714,0.0335,1,0,BANK_DEBIT_GATEWAY_FAILURE
206.48,CREDIT_CARD,SBI,PAYU,SUCCESS,SUCCESS,AUTHORIZED,CAPTURED,PAID,DELIVERED,DELIVERED,200,1,ON_HOLD,NONE,AWAITING_ACK,325,476,238605,23,1,-0.6823,0.0344,1,1,DUPLICATE_PAYMENT
620.63,UPI,PNB,BILLDESK,SUCCESS,SUCCESS,AUTHORIZED,CAPTURED,PAID,DELIVERED,DELIVERED,200,1,SETTLED,NONE,NONE,477,649,88902,4,1,-0.138,0.0354,1,0,NORMAL
740.58,UPI,YES_BANK,STRIPE,SUCCESS,SUCCESS,AUTHORIZED,CAPTURED,PAID,DELIVERED,DELIVERED,200,1,SETTLED,NONE,NONE,716,859,147136,6,0,0.0286,0.0296,1,0,NORMAL
15420.27,NET_BANKING,PNB,PAYU,SUCCESS,SUCCESS,AUTHORIZED,CAPTURED,CANCELLED,CANCELLED,DELIVERED,200,1,ON_HOLD,NONE,NONE,268734,269241,27951,1,0,0.2336,0.0698,1,0,ORDER_PAYMENT_CONFLICT
335.92,UPI,YES_BANK,RAZORPAY,DEBITED,SUCCESS,AUTHORIZED,CAPTURED,PAID,PROCESSING,DELIVERED,200,2,SETTLED,NONE,NONE,71218,74075,148677,21,0,-0.2002,0.0333,1,0,DELAYED_CONFIRMATION
364.37,CREDIT_CARD,KOTAK,BILLDESK,SUCCESS,SUCCESS,AUTHORIZED,CAPTURED,PAID,DELIVERED,DELIVERED,200,1,SETTLED,NONE,NONE,257,499,118516,12,0,-0.1325,0.0398,1,0,NORMAL
1846.76,DEBIT_CARD,ICICI,STRIPE,SUCCESS,SUCCESS,AUTHORIZED,CAPTURED,EXPIRED,UNFULFILLED,DROPPED,404,4,ON_HOLD,NONE,NONE,218,402,181702,9,0,-0.028,0.0532,1,0,MISSING_WEBHOOK
2221.57,EMI,SBI,STRIPE,SUCCESS,SUCCESS,AUTHORIZED,CAPTURED,PAID,DELIVERED,DELIVERED,200,1,ON_HOLD,NONE,AWAITING_ACK,478,668,9015,22,1,-0.2066,0.0276,1,1,DUPLICATE_PAYMENT
6484.25,CREDIT_CARD,PNB,STRIPE,PENDING,SUCCESS,AUTHORIZED,CAPTURED,PROCESSING,PROCESSING,DELIVERED,200,3,PENDING,NONE,NONE,105762,108969,76696,20,0,1.3158,0.0114,1,0,DELAYED_CONFIRMATION
2190.33,UPI,HDFC,RAZORPAY,SUCCESS,SUCCESS,AUTHORIZED,CAPTURED,PAID,PROCESSING,DELIVERED,200,1,PENDING,NONE,NONE,233,447,9917,23,0,-0.2177,0.0262,1,0,NORMAL
2773.59,UPI,KOTAK,PAYU,SUCCESS,SUCCESS,AUTHORIZED,CAPTURED,PAID,PROCESSING,DELIVERED,200,2,SETTLED,NONE,NONE,93572,95563,146782,6,0,-0.2075,0.0485,1,0,DELAYED_CONFIRMATION
651.22,UPI,PNB,CASHFREE,SUCCESS,SUCCESS,AUTHORIZED,CAPTURED,PAID,DELIVERED,DELIVERED,200,1,ON_HOLD,PROCESSED,CREDITED_TO_CUSTOMER,551,721,249108,16,3,0.5505,0.0327,1,1,DUPLICATE_PAYMENT
758.62,UPI,INDUSIND,STRIPE,SUCCESS,SUCCESS,AUTHORIZED,CAPTURED,PAID,DELIVERED,DELIVERED,200,1,SETTLED,NONE,NONE,222,417,250176,17,0,0.1671,0.0323,1,0,NORMAL
446.21,UPI,YES_BANK,CASHFREE,SUCCESS,SUCCESS,AUTHORIZED,CAPTURED,PAID,DELIVERED,DELIVERED,200,1,SETTLED,NONE,NONE,323,594,123176,5,0,-0.3135,0.0249,1,0,NORMAL
4861.13,NET_BANKING,PNB,BILLDESK,PENDING,FAILED,FAILED,CAPTURED,PENDING_PAYMENT,DELIVERED,RETRYING,200,1,FAILED,NONE,AWAITING_ACK,23300,112905,129902,7,1,0.0127,0.0634,1,0,UNRESOLVED
4732.29,CREDIT_CARD,SBI,PAYU,SUCCESS,SUCCESS,AUTHORIZED,CAPTURED,PROCESSING,PROCESSING,RETRYING,200,3,PENDING,NONE,NONE,82125,87094,70629,22,0,0.3521,0.0379,1,0,DELAYED_CONFIRMATION
3645.13,UPI,ICICI,CASHFREE,SUCCESS,SUCCESS,AUTHORIZED,CAPTURED,PAID,DELIVERED,DELIVERED,200,1,SETTLED,NONE,NONE,691,941,194256,14,0,0.9185,0.0566,1,0,NORMAL
4579.43,WALLET,KOTAK,BILLDESK,SUCCESS,SUCCESS,AUTHORIZED,CAPTURED,CANCELLED,UNFULFILLED,TIMED_OUT,502,5,ON_HOLD,NONE,NONE,451,570,39234,6,0,0.6355,0.0168,1,0,MISSING_WEBHOOK
2002.98,DEBIT_CARD,KOTAK,CASHFREE,SUCCESS,SUCCESS,AUTHORIZED,CAPTURED,PAID,PROCESSING,DELIVERED,200,1,PENDING,NONE,NONE,1525,2123,57638,16,0,-0.2847,0.0103,1,0,NORMAL
512.68,EMI,SBI,STRIPE,SUCCESS,SUCCESS,AUTHORIZED,CAPTURED,PAID,PROCESSING,DELIVERED,200,1,PENDING,NONE,NONE,249,471,83259,5,0,0.2207,0.0499,1,0,NORMAL
5521.17,NET_BANKING,INDUSIND,CASHFREE,SUCCESS,SUCCESS,AUTHORIZED,CAPTURED,PAID,PROCESSING,DELIVERED,200,2,SETTLED,NONE,NONE,42264,46408,226820,2,0,0.5775,0.044,1,0,DELAYED_CONFIRMATION
819.33,NET_BANKING,SBI,PAYU,SUCCESS,SUCCESS,AUTHORIZED,CAPTURED,PAID,DELIVERED,DELIVERED,200,1,SETTLED,NONE,NONE,342,546,192550,14,0,0.138,0.0242,1,0,NORMAL
5541.18,UPI,PNB,RAZORPAY,REVERSED,PENDING,TIMEOUT,FAILED,PENDING_PAYMENT,RETURNED,RETRYING,0,1,ON_HOLD,NONE,REJECTED_BY_BANK,29707,101733,6043,5,0,1.9164,0.0466,1,0,UNRESOLVED
317.23,UPI,KOTAK,RAZORPAY,SUCCESS,SUCCESS,AUTHORIZED,CAPTURED,PAID,DELIVERED,DELIVERED,200,1,SETTLED,NONE,NONE,386,488,103552,3,0,-0.2447,0.0357,1,0,NORMAL
1472.91,UPI,KOTAK,RAZORPAY,SUCCESS,SUCCESS,AUTHORIZED,CAPTURED,REFUNDED,RETURNED,DELIVERED,200,1,REVERSED,PENDING,AWAITING_ACK,706,982,79793,23,0,1.266,0.0331,1,0,REFUND_UNCERTAINTY
1177.57,UPI,ICICI,PAYU,SUCCESS,SUCCESS,AUTHORIZED,CAPTURED,PENDING_PAYMENT,UNFULFILLED,DROPPED,500,3,PENDING,NONE,NONE,566,772,166002,7,0,-0.5794,0.0217,1,0,MISSING_WEBHOOK
9309.51,UPI,INDUSIND,CASHFREE,SUCCESS,SUCCESS,AUTHORIZED,CAPTURED,PAID,PROCESSING,DELIVERED,200,3,PENDING,NONE,NONE,680,856,22334,21,0,-0.2552,0.0792,1,0,NORMAL
3793.16,UPI,ICICI,RAZORPAY,SUCCESS,SUCCESS,AUTHORIZED,CAPTURED,PENDING_PAYMENT,PROCESSING,DELIVERED,200,3,SETTLED,NONE,NONE,54918,57111,172526,12,0,0.3547,0.0221,1,0,DELAYED_CONFIRMATION
499.09,CREDIT_CARD,SBI,STRIPE,SUCCESS,SUCCESS,AUTHORIZED,CAPTURED,PAID,PROCESSING,DELIVERED,200,1,SETTLED,NONE,NONE,77665,79922,95669,3,0,-0.5463,0.0459,1,0,DELAYED_CONFIRMATION
228.16,UPI,SBI,CASHFREE,SUCCESS,SUCCESS,AUTHORIZED,CAPTURED,CANCELLED,CANCELLED,DELIVERED,200,1,ON_HOLD,NONE,NONE,284201,286658,2104,12,0,-0.5247,0.0306,1,0,ORDER_PAYMENT_CONFLICT
460.85,DEBIT_CARD,ICICI,PAYU,SUCCESS,SUCCESS,AUTHORIZED,CAPTURED,REFUNDED,RETURNED,DELIVERED,200,1,REVERSED,MANUAL_INTERVENTION_REQUIRED,NOT_INITIATED,449,660,175965,0,0,-0.0399,0.0306,1,0,REFUND_UNCERTAINTY
1659.38,CREDIT_CARD,KOTAK,STRIPE,SUCCESS,SUCCESS,AUTHORIZED,CAPTURED,PAID,PROCESSING,DELIVERED,200,1,PENDING,NONE,NONE,3613,3977,11698,14,0,-0.5259,0.0391,1,0,NORMAL
3430.93,CREDIT_CARD,HDFC,STRIPE,SUCCESS,TIMED_OUT,TIMEOUT,NOT_REQUESTED,CANCELLED,CANCELLED,DELIVERED,200,1,ON_HOLD,NONE,NOT_INITIATED,1103,82768,192202,6,0,0.2253,0.0147,1,0,BANK_DEBIT_GATEWAY_FAILURE
372.74,CREDIT_CARD,HDFC,RAZORPAY,SUCCESS,SUCCESS,AUTHORIZED,CAPTURED,PAID,DELIVERED,DELIVERED,200,1,SETTLED,NONE,NONE,305,439,183183,14,0,-0.4823,0.0225,1,0,NORMAL
653.24,UPI,PNB,PAYU,SUCCESS,SUCCESS,AUTHORIZED,CAPTURED,PAID,PROCESSING,DELIVERED,200,1,PENDING,NONE,NONE,4227,4922,57856,22,0,0.3609,0.0307,1,0,NORMAL
187.04,UPI,YES_BANK,CASHFREE,SUCCESS,SUCCESS,AUTHORIZED,CAPTURED,REFUNDED,RETURNED,DELIVERED,200,1,REVERSED,PENDING,AWAITING_ACK,523,648,53200,11,0,-0.5547,0.0389,1,0,REFUND_UNCERTAINTY
4543.17,UPI,YES_BANK,RAZORPAY,PENDING,SUCCESS,AUTHORIZED,CAPTURED,PROCESSING,PROCESSING,DELIVERED,200,1,SETTLED,NONE,NONE,74014,77698,188662,8,0,0.298,0.044,1,0,DELAYED_CONFIRMATION
400.24,UPI,ICICI,CASHFREE,PENDING,PENDING,AUTHORIZED,PENDING,FAILED,CANCELLED,RETRYING,200,1,FAILED,PENDING,REJECTED_BY_BANK,39385,31160,177033,18,2,-0.1662,0.0329,1,0,UNRESOLVED
2640.33,UPI,YES_BANK,CASHFREE,PENDING,SUCCESS,AUTHORIZED,AUTO_REFUNDED,PENDING_PAYMENT,DELIVERED,DROPPED,500,1,FAILED,NONE,AWAITING_ACK,79722,36554,242283,2,1,-0.2456,0.034,1,0,UNRESOLVED
404.14,UPI,HDFC,RAZORPAY,SUCCESS,SUCCESS,AUTHORIZED,CAPTURED,PAID,PROCESSING,DELIVERED,200,1,PENDING,NONE,NONE,449,645,37212,9,0,-0.0378,0.0431,1,0,NORMAL
2153.67,UPI,HDFC,RAZORPAY,SUCCESS,SUCCESS,AUTHORIZED,CAPTURED,PAID,DELIVERED,DELIVERED,200,3,SETTLED,NONE,NONE,666,902,257962,7,0,0.1335,0.0445,1,0,NORMAL
2011.91,UPI,SBI,STRIPE,SUCCESS,SUCCESS,AUTHORIZED,CAPTURED,PAID,DELIVERED,DELIVERED,200,1,SETTLED,NONE,NONE,449,655,102629,1,0,0.829,0.0514,1,0,NORMAL
7735.07,EMI,INDUSIND,PAYU,DEBITED,FAILED,FAILED,FAILED,CANCELLED,CANCELLED,DELIVERED,200,1,ON_HOLD,PROCESSED,CREDITED_TO_CUSTOMER,470,63944,30886,12,0,-0.3812,0.0658,1,0,BANK_DEBIT_GATEWAY_FAILURE
1083.46,UPI,SBI,PAYU,SUCCESS,SUCCESS,AUTHORIZED,CAPTURED,PAID,DELIVERED,DELIVERED,200,1,ON_HOLD,NONE,AWAITING_ACK,638,829,127475,11,1,-0.613,0.029,1,1,DUPLICATE_PAYMENT
192.0,UPI,ICICI,BILLDESK,SUCCESS,SUCCESS,AUTHORIZED,CAPTURED,CANCELLED,CANCELLED,DELIVERED,200,1,ON_HOLD,PROCESSED,NONE,251758,252754,96344,10,0,-0.5429,0.042,1,0,ORDER_PAYMENT_CONFLICT
254.96,CREDIT_CARD,AXIS,BILLDESK,SUCCESS,SUCCESS,AUTHORIZED,CAPTURED,PAID,DELIVERED,DELIVERED,200,1,DISCREPANCY,NONE,NONE,198,288,168999,10,0,-0.5817,0.039,1,0,SETTLEMENT_MISMATCH
1508.03,CREDIT_CARD,KOTAK,STRIPE,SUCCESS,SUCCESS,AUTHORIZED,CAPTURED,PAID,DELIVERED,DELIVERED,200,1,SETTLED,NONE,NONE,375,476,135460,0,0,-0.2063,0.0576,1,0,NORMAL
843.96,UPI,PNB,BILLDESK,SUCCESS,SUCCESS,AUTHORIZED,CAPTURED,EXPIRED,UNFULFILLED,DROPPED,0,2,PENDING,NONE,NONE,584,719,107048,9,0,-0.5558,0.0444,1,0,MISSING_WEBHOOK
18205.01,UPI,INDUSIND,PAYU,SUCCESS,SUCCESS,AUTHORIZED,CAPTURED,PENDING_PAYMENT,UNFULFILLED,TIMED_OUT,0,4,PENDING,NONE,NONE,600,869,114929,4,0,0.4564,0.0727,1,0,MISSING_WEBHOOK
8471.44,UPI,SBI,CASHFREE,REVERSED,PENDING,AUTHORIZED,AUTO_REFUNDED,CANCELLED,DELIVERED,DELIVERED,0,1,FAILED,FAILED,REJECTED_BY_BANK,97774,69454,244733,3,3,0.7649,0.055,1,0,UNRESOLVED
1109.66,NET_BANKING,SBI,CASHFREE,SUCCESS,SUCCESS,AUTHORIZED,CAPTURED,CANCELLED,UNFULFILLED,DROPPED,0,3,ON_HOLD,NONE,NONE,557,720,132956,5,0,-0.416,0.0448,1,0,MISSING_WEBHOOK
419.96,UPI,SBI,RAZORPAY,SUCCESS,SUCCESS,AUTHORIZED,CAPTURED,PAID,PROCESSING,DELIVERED,200,1,PENDING,NONE,NONE,404,676,29552,12,0,-0.4167,0.0336,1,0,NORMAL
699.0,UPI,PNB,PAYU,SUCCESS,SUCCESS,AUTHORIZED,CAPTURED,PAID,DELIVERED,DELIVERED,200,1,DISCREPANCY,NONE,NONE,748,1003,126431,15,0,0.4796,0.0362,1,0,SETTLEMENT_MISMATCH
1799.51,UPI,INDUSIND,RAZORPAY,SUCCESS,SUCCESS,AUTHORIZED,CAPTURED,PAID,DELIVERED,DELIVERED,200,1,SETTLED,NONE,NONE,415,585,213941,16,0,0.6359,0.0422,1,0,NORMAL
6054.77,DEBIT_CARD,INDUSIND,PAYU,SUCCESS,TIMED_OUT,TIMEOUT,FAILED,EXPIRED,CANCELLED,NONE,0,1,ON_HOLD,NONE,NOT_INITIATED,904,93881,10762,10,0,0.7299,0.0372,1,0,BANK_DEBIT_GATEWAY_FAILURE
1730.56,UPI,ICICI,PAYU,SUCCESS,SUCCESS,AUTHORIZED,CAPTURED,PAID,DELIVERED,DELIVERED,200,1,SETTLED,NONE,NONE,579,865,218221,10,0,-0.0892,0.0499,1,0,NORMAL
1486.64,UPI,HDFC,STRIPE,SUCCESS,SUCCESS,AUTHORIZED,CAPTURED,PAID,DELIVERED,DELIVERED,200,1,SETTLED,NONE,NONE,280,549,129264,23,0,1.0648,0.022,1,0,NORMAL
320.94,DEBIT_CARD,INDUSIND,STRIPE,SUCCESS,FAILED,FAILED,FAILED,EXPIRED,CANCELLED,FAILED,504,1,ON_HOLD,INITIATED,NOT_INITIATED,663,77488,213569,21,0,-0.5062,0.0352,1,0,BANK_DEBIT_GATEWAY_FAILURE
263.0,NET_BANKING,AXIS,CASHFREE,SUCCESS,SUCCESS,AUTHORIZED,CAPTURED,PAID,PROCESSING,DELIVERED,200,1,PENDING,NONE,NONE,62052,67941,50201,1,0,-0.3738,0.043,1,0,DELAYED_CONFIRMATION
2688.33,UPI,YES_BANK,STRIPE,SUCCESS,SUCCESS,AUTHORIZED,CAPTURED,EXPIRED,UNFULFILLED,DROPPED,0,4,ON_HOLD,NONE,NONE,597,683,84926,17,0,-0.4399,0.0548,1,0,MISSING_WEBHOOK
569.04,UPI,SBI,RAZORPAY,SUCCESS,SUCCESS,AUTHORIZED,CAPTURED,REFUNDED,RETURNED,DELIVERED,200,1,REVERSED,PENDING,REJECTED_BY_BANK,720,936,242723,14,0,0.3549,0.0313,1,0,REFUND_UNCERTAINTY
1005.8,UPI,SBI,CASHFREE,DEBITED,SUCCESS,TIMEOUT,FAILED,PAID,UNFULFILLED,DROPPED,404,1,FAILED,MANUAL_INTERVENTION_REQUIRED,AWAITING_ACK,30693,62750,42368,17,2,0.3969,0.035,1,0,UNRESOLVED
6573.47,UPI,SBI,CASHFREE,SUCCESS,SUCCESS,AUTHORIZED,CAPTURED,PAID,DELIVERED,DELIVERED,200,1,SETTLED,NONE,NONE,347,616,201657,13,0,1.3477,0.0273,1,0,NORMAL
3651.37,UPI,INDUSIND,PAYU,SUCCESS,SUCCESS,AUTHORIZED,CAPTURED,PAID,PROCESSING,DELIVERED,200,1,PENDING,NONE,NONE,501,768,16612,12,0,0.9218,0.0533,1,0,NORMAL
4508.28,WALLET,KOTAK,PAYU,SUCCESS,SUCCESS,AUTHORIZED,CAPTURED,PAID,DELIVERED,DELIVERED,200,1,SETTLED,NONE,NONE,387,672,125641,23,0,0.2881,0.0431,1,0,NORMAL
940.63,CREDIT_CARD,INDUSIND,CASHFREE,SUCCESS,SUCCESS,AUTHORIZED,CAPTURED,EXPIRED,CANCELLED,DELIVERED,200,1,ON_HOLD,INITIATED,NONE,343244,345289,92526,12,0,0.4471,0.0335,1,0,ORDER_PAYMENT_CONFLICT
15093.53,CREDIT_CARD,KOTAK,BILLDESK,SUCCESS,SUCCESS,AUTHORIZED,CAPTURED,PAID,DELIVERED,DELIVERED,200,1,SETTLED,NONE,NONE,247,375,96537,19,0,2.1445,0.0642,1,0,NORMAL
502.23,UPI,INDUSIND,STRIPE,REVERSED,PENDING,FAILED,AUTO_REFUNDED,PAID,RETURNED,RETRYING,200,1,ON_HOLD,PENDING,AWAITING_ACK,3260,19295,244543,13,0,-0.7357,0.0442,1,0,UNRESOLVED
642.38,UPI,YES_BANK,BILLDESK,SUCCESS,SUCCESS,AUTHORIZED,CAPTURED,PAID,DELIVERED,DELIVERED,200,1,SETTLED,NONE,NONE,597,723,228823,4,0,0.5295,0.0475,1,0,NORMAL
823.53,CREDIT_CARD,ICICI,RAZORPAY,SUCCESS,SUCCESS,AUTHORIZED,CAPTURED,PAID,PROCESSING,DELIVERED,200,1,PENDING,NONE,NONE,188,306,21607,2,0,0.1438,0.032,1,0,NORMAL
2899.8,CREDIT_CARD,INDUSIND,PAYU,SUCCESS,SUCCESS,AUTHORIZED,CAPTURED,PAID,DELIVERED,DELIVERED,200,1,DISCREPANCY,NONE,NONE,354,606,145040,12,0,0.1062,0.0184,1,0,SETTLEMENT_MISMATCH
2901.09,UPI,KOTAK,BILLDESK,SUCCESS,SUCCESS,AUTHORIZED,CAPTURED,PAID,DELIVERED,DELIVERED,200,1,SETTLED,NONE,NONE,528,655,115496,15,0,-0.3956,0.0521,1,0,NORMAL
819.4,NET_BANKING,ICICI,PAYU,SUCCESS,SUCCESS,AUTHORIZED,CAPTURED,EXPIRED,UNFULFILLED,DROPPED,504,5,ON_HOLD,NONE,NONE,586,692,178857,14,0,0.7071,0.0379,1,0,MISSING_WEBHOOK
14468.02,UPI,HDFC,STRIPE,SUCCESS,SUCCESS,AUTHORIZED,CAPTURED,PAID,PROCESSING,DELIVERED,200,1,PENDING,NONE,NONE,350,496,14686,4,0,0.1574,0.0718,1,0,NORMAL
1635.55,CREDIT_CARD,SBI,RAZORPAY,SUCCESS,SUCCESS,AUTHORIZED,CAPTURED,PAID,PROCESSING,DELIVERED,200,3,PENDING,NONE,NONE,393,537,54347,1,0,1.5162,0.0391,1,0,NORMAL
4209.08,WALLET,INDUSIND,RAZORPAY,SUCCESS,SUCCESS,AUTHORIZED,CAPTURED,PAID,DELIVERED,DELIVERED,200,1,SETTLED,NONE,NONE,382,655,150854,8,0,0.5032,0.0241,1,0,NORMAL
5037.32,DEBIT_CARD,KOTAK,PAYU,SUCCESS,SUCCESS,AUTHORIZED,CAPTURED,PAID,PROCESSING,DELIVERED,200,1,PENDING,NONE,NONE,632,746,83041,12,0,0.4392,0.047,1,0,NORMAL
2690.32,UPI,INDUSIND,CASHFREE,SUCCESS,SUCCESS,AUTHORIZED,CAPTURED,PAID,DELIVERED,DELIVERED,200,2,SETTLED,NONE,NONE,667,863,154396,6,0,-0.4395,0.0609,1,0,NORMAL
2996.85,UPI,INDUSIND,CASHFREE,SUCCESS,SUCCESS,AUTHORIZED,CAPTURED,CANCELLED,UNFULFILLED,DROPPED,504,3,PENDING,NONE,NONE,449,690,255531,3,0,0.5773,0.0458,1,0,MISSING_WEBHOOK
1430.98,EMI,HDFC,BILLDESK,SUCCESS,SUCCESS,AUTHORIZED,CAPTURED,CANCELLED,CANCELLED,DELIVERED,200,1,ON_HOLD,NONE,NONE,270772,271316,208203,1,0,0.3009,0.0409,1,0,ORDER_PAYMENT_CONFLICT
1311.56,WALLET,INDUSIND,STRIPE,SUCCESS,SUCCESS,AUTHORIZED,CAPTURED,PAID,DELIVERED,DELIVERED,200,1,ON_HOLD,INITIATED,AWAITING_ACK,331,629,154548,8,2,-0.5316,0.0185,1,1,DUPLICATE_PAYMENT
2574.07,NET_BANKING,SBI,BILLDESK,SUCCESS,SUCCESS,AUTHORIZED,CAPTURED,PROCESSING,PROCESSING,RETRYING,200,2,SETTLED,NONE,NONE,96454,101676,121945,6,0,-0.4637,0.0601,1,0,DELAYED_CONFIRMATION
1276.45,NET_BANKING,AXIS,STRIPE,SUCCESS,SUCCESS,AUTHORIZED,CAPTURED,CANCELLED,CANCELLED,DELIVERED,200,1,ON_HOLD,PROCESSED,NONE,339416,341174,140402,22,0,0.9638,0.0201,1,0,ORDER_PAYMENT_CONFLICT
19928.94,CREDIT_CARD,ICICI,PAYU,SUCCESS,SUCCESS,AUTHORIZED,CAPTURED,PAID,DELIVERED,DELIVERED,200,1,SETTLED,NONE,NONE,467,756,202373,0,0,0.5943,0.0655,1,0,NORMAL
476.17,NET_BANKING,AXIS,STRIPE,SUCCESS,SUCCESS,AUTHORIZED,CAPTURED,PAID,DELIVERED,DELIVERED,200,1,DISCREPANCY,NONE,NONE,511,592,230122,14,0,-0.1929,0.0386,1,0,SETTLEMENT_MISMATCH
1851.02,UPI,SBI,STRIPE,SUCCESS,SUCCESS,AUTHORIZED,CAPTURED,REFUNDED,RETURNED,DELIVERED,200,1,REVERSED,PENDING,AWAITING_ACK,702,783,157561,14,0,1.5709,0.0229,1,0,REFUND_UNCERTAINTY
2007.59,UPI,ICICI,BILLDESK,SUCCESS,SUCCESS,AUTHORIZED,CAPTURED,PAID,DELIVERED,DELIVERED,200,1,SETTLED,NONE,NONE,330,575,89900,16,0,-0.4264,0.0446,1,0,NORMAL
307.44,UPI,ICICI,RAZORPAY,SUCCESS,SUCCESS,AUTHORIZED,CAPTURED,PAID,DELIVERED,DELIVERED,200,1,SETTLED,NONE,NONE,3606,4050,86649,22,0,-0.3595,0.0341,1,0,NORMAL
1329.94,UPI,ICICI,BILLDESK,SUCCESS,SUCCESS,AUTHORIZED,CAPTURED,PAID,PROCESSING,DELIVERED,200,1,PENDING,NONE,NONE,669,767,34678,22,0,-0.62,0.0302,1,0,NORMAL
2630.84,DEBIT_CARD,SBI,RAZORPAY,SUCCESS,SUCCESS,AUTHORIZED,CAPTURED,PAID,PROCESSING,DELIVERED,200,1,PENDING,NONE,NONE,379,566,58174,12,0,-0.4519,0.057,1,0,NORMAL
186.06,UPI,AXIS,PAYU,SUCCESS,SUCCESS,AUTHORIZED,CAPTURED,PENDING_PAYMENT,UNFULFILLED,DROPPED,0,2,ON_HOLD,NONE,NONE,285,396,40555,1,0,-0.557,0.0415,1,0,MISSING_WEBHOOK
479.81,CREDIT_CARD,AXIS,CASHFREE,SUCCESS,SUCCESS,AUTHORIZED,CAPTURED,PAID,PROCESSING,DELIVERED,200,1,PENDING,NONE,NONE,732,841,62586,10,0,-0.5638,0.0541,1,0,NORMAL
967.77,UPI,INDUSIND,PAYU,SUCCESS,SUCCESS,AUTHORIZED,CAPTURED,PAID,DELIVERED,DELIVERED,200,1,SETTLED,NONE,NONE,532,810,151457,9,0,-0.1202,0.0496,1,0,NORMAL
4675.08,CREDIT_CARD,HDFC,RAZORPAY,SUCCESS,SUCCESS,AUTHORIZED,CAPTURED,PAID,DELIVERED,DELIVERED,200,3,SETTLED,NONE,NONE,461,678,189348,16,0,0.3357,0.0301,1,0,NORMAL
879.28,UPI,HDFC,PAYU,SUCCESS,SUCCESS,AUTHORIZED,CAPTURED,PAID,DELIVERED,DELIVERED,200,1,ON_HOLD,PROCESSED,CREDITED_TO_CUSTOMER,565,704,192395,8,3,-0.2007,0.0415,1,1,DUPLICATE_PAYMENT
16791.62,UPI,ICICI,RAZORPAY,SUCCESS,SUCCESS,AUTHORIZED,CAPTURED,PAID,DELIVERED,DELIVERED,200,1,SETTLED,NONE,NONE,4480,4842,171930,6,0,0.3433,0.0651,1,0,NORMAL
242.88,UPI,ICICI,CASHFREE,SUCCESS,SUCCESS,AUTHORIZED,CAPTURED,PENDING_PAYMENT,UNFULFILLED,DROPPED,502,4,ON_HOLD,NONE,NONE,566,691,211174,22,0,-0.4217,0.0376,1,0,MISSING_WEBHOOK
4682.41,UPI,AXIS,STRIPE,SUCCESS,SUCCESS,NONE,CAPTURED,FAILED,DELIVERED,DROPPED,200,1,FAILED,NONE,REJECTED_BY_BANK,73522,25319,220384,11,2,-0.0245,0.0596,1,0,UNRESOLVED
2327.11,CREDIT_CARD,ICICI,BILLDESK,SUCCESS,SUCCESS,AUTHORIZED,CAPTURED,PENDING_PAYMENT,UNFULFILLED,DROPPED,504,2,ON_HOLD,NONE,NONE,376,476,158950,11,0,0.2248,0.0446,1,0,MISSING_WEBHOOK
563.02,NET_BANKING,PNB,PAYU,SUCCESS,SUCCESS,AUTHORIZED,CAPTURED,PAID,DELIVERED,DELIVERED,200,1,SETTLED,NONE,NONE,198,491,144913,11,0,0.173,0.033,1,0,NORMAL
660.6,UPI,ICICI,RAZORPAY,SUCCESS,SUCCESS,AUTHORIZED,CAPTURED,PAID,DELIVERED,DELIVERED,200,1,SETTLED,NONE,NONE,226,345,87137,8,0,-0.6523,0.0562,1,0,NORMAL
380.26,UPI,SBI,RAZORPAY,SUCCESS,SUCCESS,AUTHORIZED,CAPTURED,PAID,DELIVERED,DELIVERED,200,1,DISCREPANCY,NONE,NONE,675,928,40518,15,0,-0.3418,0.0267,1,0,SETTLEMENT_MISMATCH
267.28,CREDIT_CARD,INDUSIND,BILLDESK,REVERSED,SUCCESS,TIMEOUT,FAILED,PAID,DELIVERED,RETRYING,200,1,ON_HOLD,FAILED,AWAITING_ACK,44006,96381,117496,8,1,-0.5888,0.0379,1,0,UNRESOLVED
1054.59,NET_BANKING,HDFC,RAZORPAY,SUCCESS,SUCCESS,AUTHORIZED,CAPTURED,PAID,PROCESSING,DELIVERED,200,1,PENDING,NONE,NONE,473,555,13095,23,0,-0.445,0.0494,1,0,NORMAL
3121.79,UPI,INDUSIND,PAYU,SUCCESS,SUCCESS,AUTHORIZED,CAPTURED,PAID,PROCESSING,RETRYING,200,3,SETTLED,NONE,NONE,107373,108656,118518,16,0,-0.3496,0.052,1,0,DELAYED_CONFIRMATION
2991.55,CREDIT_CARD,AXIS,STRIPE,SUCCESS,SUCCESS,AUTHORIZED,CAPTURED,EXPIRED,UNFULFILLED,DROPPED,500,4,ON_HOLD,NONE,NONE,571,801,204274,20,0,0.5745,0.0593,1,0,MISSING_WEBHOOK
436.0,UPI,AXIS,CASHFREE,SUCCESS,SUCCESS,AUTHORIZED,CAPTURED,REFUNDED,RETURNED,DELIVERED,200,1,REVERSED,FAILED,AWAITING_ACK,741,972,23868,17,0,0.0381,0.0323,1,0,REFUND_UNCERTAINTY
8326.23,CREDIT_CARD,SBI,STRIPE,SUCCESS,SUCCESS,AUTHORIZED,CAPTURED,PAID,DELIVERED,DELIVERED,200,1,DISCREPANCY,NONE,NONE,244,502,123109,7,0,1.4214,0.0372,1,0,SETTLEMENT_MISMATCH
2214.28,CREDIT_CARD,KOTAK,PAYU,PENDING,FAILED,AUTHORIZED,CAPTURED,PENDING_PAYMENT,DELIVERED,DELIVERED,0,1,DISCREPANCY,FAILED,AWAITING_ACK,106080,34804,20316,20,2,-0.5387,0.0665,1,0,UNRESOLVED
13713.3,UPI,ICICI,STRIPE,SUCCESS,SUCCESS,AUTHORIZED,CAPTURED,PAID,DELIVERED,DELIVERED,200,1,SETTLED,NONE,NONE,245,543,253886,4,0,1.8569,0.0684,1,0,NORMAL
2156.16,WALLET,YES_BANK,BILLDESK,SUCCESS,SUCCESS,AUTHORIZED,CAPTURED,PAID,DELIVERED,DELIVERED,200,1,SETTLED,NONE,NONE,321,492,181336,13,0,-0.2299,0.0245,1,0,NORMAL
610.49,CREDIT_CARD,AXIS,BILLDESK,SUCCESS,SUCCESS,AUTHORIZED,CAPTURED,PAID,DELIVERED,DELIVERED,200,1,DISCREPANCY,NONE,NONE,536,824,84123,4,0,-0.3993,0.0581,1,0,SETTLEMENT_MISMATCH
5250.03,UPI,YES_BANK,PAYU,DEBITED,FAILED,TIMEOUT,FAILED,EXPIRED,CANCELLED,DELIVERED,200,1,ON_HOLD,INITIATED,NOT_INITIATED,852,53863,242015,4,0,0.0938,0.0558,1,0,BANK_DEBIT_GATEWAY_FAILURE
3369.01,UPI,ICICI,BILLDESK,SUCCESS,SUCCESS,AUTHORIZED,CAPTURED,REFUNDED,RETURNED,DELIVERED,200,1,REVERSED,MANUAL_INTERVENTION_REQUIRED,AWAITING_ACK,679,788,1088,13,0,-0.0374,0.045,1,0,REFUND_UNCERTAINTY
54227.05,DEBIT_CARD,PNB,BILLDESK,SUCCESS,SUCCESS,AUTHORIZED,CAPTURED,PAID,PROCESSING,DELIVERED,200,1,PENDING,NONE,NONE,803,1045,11822,18,0,3.3382,0.0689,1,0,NORMAL
12016.47,EMI,AXIS,BILLDESK,SUCCESS,SUCCESS,AUTHORIZED,CAPTURED,PAID,PROCESSING,DELIVERED,200,1,PENDING,NONE,NONE,190,320,46955,11,1,-0.0387,0.0712,1,0,NORMAL
633.78,CREDIT_CARD,KOTAK,PAYU,SUCCESS,SUCCESS,AUTHORIZED,CAPTURED,PAID,PROCESSING,DELIVERED,200,1,PENDING,NONE,NONE,727,1085,62164,0,0,0.3204,0.0476,1,0,NORMAL
1215.01,CREDIT_CARD,SBI,CASHFREE,SUCCESS,SUCCESS,AUTHORIZED,CAPTURED,PAID,DELIVERED,DELIVERED,200,1,DISCREPANCY,NONE,NONE,244,382,43682,0,0,-0.303,0.0561,1,0,SETTLEMENT_MISMATCH
2153.51,UPI,HDFC,STRIPE,SUCCESS,SUCCESS,AUTHORIZED,CAPTURED,REFUNDED,RETURNED,DELIVERED,200,1,REVERSED,MANUAL_INTERVENTION_REQUIRED,AWAITING_ACK,364,592,256314,9,0,-0.5514,0.06,1,0,REFUND_UNCERTAINTY
3289.63,UPI,INDUSIND,PAYU,SUCCESS,SUCCESS,AUTHORIZED,CAPTURED,PAID,DELIVERED,DELIVERED,200,1,DISCREPANCY,NONE,NONE,634,782,59182,10,0,0.198,0.0215,1,0,SETTLEMENT_MISMATCH
3140.96,EMI,HDFC,CASHFREE,SUCCESS,SUCCESS,AUTHORIZED,CAPTURED,PAID,DELIVERED,DELIVERED,200,1,SETTLED,NONE,NONE,2756,3100,248470,20,1,-0.1026,0.0366,1,0,NORMAL
4747.21,EMI,ICICI,PAYU,SUCCESS,SUCCESS,AUTHORIZED,CAPTURED,PAID,DELIVERED,DELIVERED,200,1,SETTLED,NONE,NONE,366,450,150523,9,0,0.3563,0.0401,1,0,NORMAL
404.12,UPI,AXIS,RAZORPAY,SUCCESS,SUCCESS,AUTHORIZED,CAPTURED,PENDING_PAYMENT,UNFULFILLED,DROPPED,0,3,ON_HOLD,NONE,NONE,436,675,57470,9,0,-0.1581,0.0473,1,0,MISSING_WEBHOOK
532.42,UPI,HDFC,PAYU,SUCCESS,SUCCESS,AUTHORIZED,CAPTURED,CANCELLED,CANCELLED,DELIVERED,200,1,ON_HOLD,NONE,NONE,351585,353091,85011,16,0,-0.1809,0.0378,1,0,ORDER_PAYMENT_CONFLICT
508.99,NET_BANKING,HDFC,BILLDESK,SUCCESS,SUCCESS,AUTHORIZED,CAPTURED,CANCELLED,CANCELLED,DELIVERED,200,1,ON_HOLD,INITIATED,NONE,310173,311475,101961,11,0,-0.5373,0.0546,1,0,ORDER_PAYMENT_CONFLICT
587.68,UPI,AXIS,PAYU,SUCCESS,SUCCESS,AUTHORIZED,CAPTURED,PAID,DELIVERED,DELIVERED,200,1,SETTLED,NONE,NONE,4067,4473,231004,7,0,-0.4657,0.0501,1,0,NORMAL
2829.15,UPI,INDUSIND,RAZORPAY,PENDING,SUCCESS,AUTHORIZED,CAPTURED,PROCESSING,PROCESSING,DELIVERED,200,2,SETTLED,NONE,NONE,55655,60147,145604,22,0,-0.4106,0.0578,1,0,DELAYED_CONFIRMATION
1009.83,NET_BANKING,PNB,BILLDESK,DEBITED,TIMED_OUT,FAILED,FAILED,FAILED,CANCELLED,DELIVERED,200,1,ON_HOLD,NONE,NOT_INITIATED,1479,74477,132974,17,0,1.1038,0.0417,1,0,BANK_DEBIT_GATEWAY_FAILURE
2402.18,UPI,INDUSIND,PAYU,SUCCESS,SUCCESS,AUTHORIZED,CAPTURED,PAID,PROCESSING,DELIVERED,200,1,SETTLED,NONE,NONE,89985,93427,87199,21,0,-0.3137,0.0425,1,0,DELAYED_CONFIRMATION
738.75,UPI,KOTAK,CASHFREE,SUCCESS,SUCCESS,AUTHORIZED,CAPTURED,EXPIRED,UNFULFILLED,DROPPED,502,2,ON_HOLD,NONE,NONE,714,966,199157,20,0,0.7589,0.0447,1,0,MISSING_WEBHOOK
1079.6,EMI,ICICI,STRIPE,DEBITED,TIMED_OUT,FAILED,NOT_REQUESTED,CANCELLED,CANCELLED,DELIVERED,200,1,ON_HOLD,PROCESSED,CREDITED_TO_CUSTOMER,756,69633,182834,5,0,-0.0185,0.0492,1,0,BANK_DEBIT_GATEWAY_FAILURE
419.42,UPI,YES_BANK,PAYU,SUCCESS,SUCCESS,AUTHORIZED,CAPTURED,PAID,DELIVERED,DELIVERED,200,1,SETTLED,NONE,NONE,201,449,254860,20,0,-0.1262,0.0483,1,0,NORMAL
327.73,UPI,HDFC,STRIPE,SUCCESS,SUCCESS,AUTHORIZED,CAPTURED,PAID,PROCESSING,DELIVERED,200,1,PENDING,NONE,NONE,278,388,77550,4,1,-0.2197,0.0466,1,0,NORMAL
191.38,UPI,ICICI,STRIPE,SUCCESS,SUCCESS,AUTHORIZED,CAPTURED,PAID,DELIVERED,DELIVERED,200,1,DISCREPANCY,NONE,NONE,394,605,30622,18,0,-0.6807,0.0368,1,0,SETTLEMENT_MISMATCH
14429.53,UPI,ICICI,PAYU,SUCCESS,SUCCESS,AUTHORIZED,CAPTURED,PAID,DELIVERED,DELIVERED,200,1,SETTLED,NONE,NONE,802,827,113573,7,0,0.1544,0.0617,1,0,NORMAL
7339.83,UPI,HDFC,BILLDESK,SUCCESS,SUCCESS,AUTHORIZED,CAPTURED,PAID,DELIVERED,DELIVERED,200,1,SETTLED,NONE,NONE,266,526,147272,2,0,2.8631,0.0499,1,0,NORMAL
881.75,UPI,YES_BANK,BILLDESK,SUCCESS,PENDING,TIMEOUT,CAPTURED,PAID,RETURNED,DELIVERED,404,1,DISCREPANCY,NONE,REJECTED_BY_BANK,48736,115342,115420,19,2,0.2247,0.0214,1,0,UNRESOLVED
303.84,CREDIT_CARD,SBI,RAZORPAY,SUCCESS,SUCCESS,AUTHORIZED,CAPTURED,REFUNDED,RETURNED,DELIVERED,200,1,REVERSED,PENDING,AWAITING_ACK,241,370,18168,11,0,-0.2766,0.0489,1,0,REFUND_UNCERTAINTY
626.97,CREDIT_CARD,AXIS,BILLDESK,SUCCESS,SUCCESS,AUTHORIZED,CAPTURED,PAID,DELIVERED,DELIVERED,200,1,DISCREPANCY,NONE,NONE,569,757,113704,0,0,-0.0583,0.0223,1,0,SETTLEMENT_MISMATCH
1123.53,UPI,YES_BANK,CASHFREE,SUCCESS,SUCCESS,AUTHORIZED,CAPTURED,PAID,PROCESSING,DELIVERED,200,1,PENDING,NONE,NONE,403,664,73792,12,1,1.6751,0.0466,1,0,NORMAL
3033.82,DEBIT_CARD,PNB,CASHFREE,SUCCESS,SUCCESS,AUTHORIZED,CAPTURED,PAID,DELIVERED,DELIVERED,200,1,DISCREPANCY,NONE,NONE,595,764,208515,14,0,-0.1109,0.0441,1,0,SETTLEMENT_MISMATCH
665.09,NET_BANKING,SBI,BILLDESK,SUCCESS,SUCCESS,AUTHORIZED,CAPTURED,PAID,PROCESSING,DELIVERED,200,3,PENDING,NONE,NONE,213,459,34451,23,0,0.0232,0.0338,1,0,NORMAL
18800.08,UPI,HDFC,PAYU,SUCCESS,SUCCESS,AUTHORIZED,CAPTURED,PENDING_PAYMENT,UNFULFILLED,DROPPED,504,5,PENDING,NONE,NONE,685,982,134088,14,0,0.504,0.0796,1,0,MISSING_WEBHOOK
381.53,UPI,AXIS,PAYU,SUCCESS,SUCCESS,AUTHORIZED,CAPTURED,EXPIRED,UNFULFILLED,FAILED,502,2,ON_HOLD,NONE,NONE,591,747,113431,15,0,-0.4701,0.0304,1,0,MISSING_WEBHOOK
342.25,UPI,HDFC,STRIPE,SUCCESS,SUCCESS,AUTHORIZED,CAPTURED,PAID,DELIVERED,DELIVERED,200,1,SETTLED,NONE,NONE,3835,4422,115346,4,0,-0.287,0.0397,1,0,NORMAL
502.38,UPI,PNB,PAYU,SUCCESS,SUCCESS,AUTHORIZED,CAPTURED,REFUNDED,RETURNED,DELIVERED,200,1,REVERSED,PENDING,NOT_INITIATED,579,812,127537,21,0,-0.3023,0.0358,1,0,REFUND_UNCERTAINTY
675.3,UPI,SBI,PAYU,SUCCESS,SUCCESS,AUTHORIZED,CAPTURED,CANCELLED,CANCELLED,DELIVERED,200,1,ON_HOLD,NONE,NONE,312721,314848,220186,1,0,0.0389,0.0237,1,0,ORDER_PAYMENT_CONFLICT
16749.92,UPI,INDUSIND,CASHFREE,SUCCESS,SUCCESS,AUTHORIZED,CAPTURED,PAID,DELIVERED,DELIVERED,200,1,ON_HOLD,INITIATED,AWAITING_ACK,624,830,161005,18,2,0.34,0.0732,1,1,DUPLICATE_PAYMENT
491.72,UPI,YES_BANK,PAYU,SUCCESS,SUCCESS,AUTHORIZED,CAPTURED,PAID,PROCESSING,DELIVERED,200,1,PENDING,NONE,NONE,463,553,7998,22,0,-0.3171,0.0295,1,0,NORMAL
1541.81,UPI,ICICI,STRIPE,PENDING,FAILED,FAILED,FAILED,FAILED,CANCELLED,RETRYING,404,1,DISCREPANCY,FAILED,REJECTED_BY_BANK,19517,8528,52709,3,2,-0.1885,0.0472,1,0,UNRESOLVED
1836.57,CREDIT_CARD,KOTAK,RAZORPAY,SUCCESS,SUCCESS,AUTHORIZED,PENDING,PROCESSING,PROCESSING,RETRYING,200,2,SETTLED,NONE,NONE,73471,77821,91831,5,0,-0.0334,0.0586,1,0,DELAYED_CONFIRMATION
3571.11,CREDIT_CARD,INDUSIND,STRIPE,PENDING,FAILED,FAILED,AUTO_REFUNDED,PENDING_PAYMENT,UNFULFILLED,DELIVERED,404,1,DISCREPANCY,PENDING,REJECTED_BY_BANK,31851,109576,250887,3,3,0.0203,0.0316,1,0,UNRESOLVED
3791.98,NET_BANKING,KOTAK,CASHFREE,SUCCESS,SUCCESS,AUTHORIZED,CAPTURED,PAID,DELIVERED,DELIVERED,200,1,SETTLED,NONE,NONE,2702,3023,140566,16,0,0.0834,0.0439,1,0,NORMAL
2820.01,UPI,SBI,CASHFREE,DEBITED,TIMED_OUT,FAILED,FAILED,EXPIRED,CANCELLED,DELIVERED,200,1,ON_HOLD,NONE,NOT_INITIATED,1078,76992,122394,17,0,-0.1943,0.0486,1,0,BANK_DEBIT_GATEWAY_FAILURE
10858.81,NET_BANKING,SBI,CASHFREE,SUCCESS,SUCCESS,AUTHORIZED,CAPTURED,PAID,PROCESSING,DELIVERED,200,1,PENDING,NONE,NONE,263,412,13074,19,0,-0.1313,0.0719,1,0,NORMAL
885.04,NET_BANKING,YES_BANK,CASHFREE,SUCCESS,SUCCESS,AUTHORIZED,CAPTURED,PAID,DELIVERED,DELIVERED,200,1,SETTLED,NONE,NONE,281,441,133340,12,0,0.3616,0.0204,1,0,NORMAL
549.15,UPI,AXIS,CASHFREE,SUCCESS,SUCCESS,AUTHORIZED,CAPTURED,PAID,DELIVERED,DELIVERED,200,1,SETTLED,NONE,NONE,1650,2487,177562,8,0,0.3075,0.0338,1,0,NORMAL
626.26,UPI,SBI,RAZORPAY,SUCCESS,SUCCESS,AUTHORIZED,CAPTURED,PAID,DELIVERED,DELIVERED,200,1,SETTLED,NONE,NONE,411,657,207970,9,0,-0.0365,0.0308,1,0,NORMAL
1245.92,WALLET,ICICI,PAYU,SUCCESS,FAILED,NONE,NOT_REQUESTED,CANCELLED,CANCELLED,FAILED,504,1,ON_HOLD,INITIATED,NOT_INITIATED,1261,60309,32167,13,0,-0.555,0.0196,1,0,BANK_DEBIT_GATEWAY_FAILURE
2042.21,CREDIT_CARD,KOTAK,RAZORPAY,SUCCESS,SUCCESS,AUTHORIZED,CAPTURED,PAID,DELIVERED,DELIVERED,200,1,SETTLED,NONE,NONE,188,285,171670,14,0,0.0748,0.044,1,0,NORMAL
1264.36,UPI,AXIS,PAYU,PENDING,PENDING,AUTHORIZED,CAPTURED,PENDING_PAYMENT,CANCELLED,FAILED,504,1,ON_HOLD,NONE,NOT_INITIATED,58774,78766,190322,21,3,0.1494,0.0553,1,0,UNRESOLVED
325.66,EMI,AXIS,BILLDESK,SUCCESS,SUCCESS,AUTHORIZED,CAPTURED,PAID,DELIVERED,DELIVERED,200,1,SETTLED,NONE,NONE,1661,2113,172868,20,0,-0.3215,0.0473,1,0,NORMAL
583.87,CREDIT_CARD,ICICI,PAYU,REVERSED,SUCCESS,AUTHORIZED,CAPTURED,REFUNDED,RETURNED,DELIVERED,200,1,REVERSED,PENDING,AWAITING_ACK,598,872,124628,2,0,-0.4692,0.0428,1,0,REFUND_UNCERTAINTY
2535.03,UPI,KOTAK,CASHFREE,SUCCESS,SUCCESS,AUTHORIZED,CAPTURED,EXPIRED,CANCELLED,DELIVERED,200,1,ON_HOLD,INITIATED,NONE,273213,274059,139554,23,0,0.3342,0.0554,1,0,ORDER_PAYMENT_CONFLICT
257.38,UPI,YES_BANK,STRIPE,SUCCESS,SUCCESS,AUTHORIZED,CAPTURED,EXPIRED,CANCELLED,DELIVERED,200,1,ON_HOLD,INITIATED,NONE,298366,299446,227374,5,0,-0.3872,0.0434,1,0,ORDER_PAYMENT_CONFLICT
12753.16,CREDIT_CARD,KOTAK,PAYU,SUCCESS,SUCCESS,AUTHORIZED,CAPTURED,PAID,DELIVERED,DELIVERED,200,1,SETTLED,NONE,NONE,541,759,177865,0,0,3.5547,0.0112,1,0,NORMAL
120.89,EMI,PNB,PAYU,SUCCESS,TIMED_OUT,TIMEOUT,FAILED,CANCELLED,CANCELLED,NONE,0,1,ON_HOLD,PROCESSED,CREDITED_TO_CUSTOMER,923,52735,167264,10,0,-0.7122,0.036,1,0,BANK_DEBIT_GATEWAY_FAILURE
735.3,CREDIT_CARD,AXIS,CASHFREE,SUCCESS,SUCCESS,AUTHORIZED,CAPTURED,PAID,DELIVERED,DELIVERED,200,1,ON_HOLD,NONE,AWAITING_ACK,202,417,14032,23,3,-0.613,0.0467,1,1,DUPLICATE_PAYMENT
2041.88,UPI,INDUSIND,BILLDESK,SUCCESS,SUCCESS,AUTHORIZED,CAPTURED,PAID,PROCESSING,DELIVERED,200,1,PENDING,NONE,NONE,459,556,11845,13,0,-0.2708,0.0191,1,0,NORMAL
672.75,WALLET,HDFC,CASHFREE,SUCCESS,SUCCESS,AUTHORIZED,CAPTURED,PROCESSING,PROCESSING,DELIVERED,200,2,SETTLED,NONE,NONE,69626,71531,214663,10,0,-0.0656,0.0292,1,0,DELAYED_CONFIRMATION
5609.97,UPI,HDFC,RAZORPAY,SUCCESS,SUCCESS,AUTHORIZED,CAPTURED,PAID,DELIVERED,DELIVERED,200,1,SETTLED,NONE,NONE,648,789,132529,12,0,0.1687,0.06,1,0,NORMAL
6395.01,UPI,KOTAK,CASHFREE,SUCCESS,SUCCESS,AUTHORIZED,CAPTURED,PAID,PROCESSING,RETRYING,200,3,PENDING,NONE,NONE,48767,54384,16088,0,0,1.2839,0.0134,1,0,DELAYED_CONFIRMATION
360.94,NET_BANKING,KOTAK,RAZORPAY,SUCCESS,SUCCESS,AUTHORIZED,CAPTURED,PAID,DELIVERED,DELIVERED,200,1,SETTLED,NONE,NONE,576,703,142669,20,0,-0.1406,0.0394,1,0,NORMAL
440.28,UPI,KOTAK,STRIPE,PENDING,SUCCESS,AUTHORIZED,CAPTURED,PAID,PROCESSING,RETRYING,200,3,SETTLED,NONE,NONE,39686,43343,246134,5,0,0.0483,0.0499,1,0,DELAYED_CONFIRMATION
826.61,CREDIT_CARD,INDUSIND,PAYU,SUCCESS,SUCCESS,AUTHORIZED,CAPTURED,PAID,DELIVERED,DELIVERED,200,2,SETTLED,NONE,NONE,132,446,121417,20,0,-0.2485,0.059,1,0,NORMAL
1440.98,CREDIT_CARD,SBI,BILLDESK,DEBITED,FAILED,TIMEOUT,FAILED,CANCELLED,CANCELLED,NONE,500,1,ON_HOLD,NONE,NOT_INITIATED,1381,81151,68888,1,0,-0.4854,0.0249,1,0,BANK_DEBIT_GATEWAY_FAILURE
1670.13,UPI,INDUSIND,PAYU,SUCCESS,SUCCESS,AUTHORIZED,CAPTURED,PAID,DELIVERED,DELIVERED,200,1,SETTLED,NONE,NONE,604,890,206310,16,0,-0.121,0.0401,1,0,NORMAL
1067.62,WALLET,KOTAK,RAZORPAY,SUCCESS,SUCCESS,AUTHORIZED,CAPTURED,PAID,PROCESSING,DELIVERED,200,1,PENDING,NONE,NONE,289,454,78251,0,0,0.4828,0.0387,1,0,NORMAL
448.14,UPI,AXIS,PAYU,SUCCESS,SUCCESS,AUTHORIZED,CAPTURED,CANCELLED,CANCELLED,DELIVERED,200,1,ON_HOLD,PROCESSED,NONE,324569,325283,130540,21,0,-0.0664,0.0413,1,0,ORDER_PAYMENT_CONFLICT
410.49,WALLET,SBI,PAYU,SUCCESS,SUCCESS,AUTHORIZED,CAPTURED,CANCELLED,CANCELLED,DELIVERED,200,1,ON_HOLD,NONE,NONE,250229,251549,28527,15,0,-0.3685,0.0342,1,0,ORDER_PAYMENT_CONFLICT
1124.53,UPI,AXIS,STRIPE,SUCCESS,SUCCESS,AUTHORIZED,CAPTURED,PAID,DELIVERED,DELIVERED,200,1,SETTLED,NONE,NONE,444,732,201771,17,0,0.73,0.0388,1,0,NORMAL
1339.37,EMI,YES_BANK,STRIPE,SUCCESS,SUCCESS,AUTHORIZED,CAPTURED,PAID,DELIVERED,DELIVERED,200,1,SETTLED,NONE,NONE,728,816,88429,22,0,-0.2951,0.0449,1,0,NORMAL
4044.65,UPI,HDFC,CASHFREE,SUCCESS,FAILED,FAILED,NOT_REQUESTED,CANCELLED,CANCELLED,NONE,504,1,ON_HOLD,PROCESSED,CREDITED_TO_CUSTOMER,761,50028,186450,19,0,1.1288,0.0459,1,0,BANK_DEBIT_GATEWAY_FAILURE
846.41,CREDIT_CARD,HDFC,PAYU,SUCCESS,PENDING,AUTHORIZED,PENDING,PAID,UNFULFILLED,DELIVERED,200,1,FAILED,FAILED,AWAITING_ACK,76530,85894,255255,18,0,0.3022,0.0283,1,0,UNRESOLVED
1547.23,UPI,ICICI,PAYU,SUCCESS,SUCCESS,AUTHORIZED,CAPTURED,PAID,DELIVERED,DELIVERED,200,1,SETTLED,NONE,NONE,307,586,140002,5,0,-0.4474,0.0221,1,0,NORMAL
7822.73,UPI,SBI,BILLDESK,SUCCESS,SUCCESS,AUTHORIZED,CAPTURED,PAID,PROCESSING,DELIVERED,200,1,PENDING,NONE,NONE,223,417,78239,20,0,1.2351,0.0323,1,0,NORMAL
1230.7,CREDIT_CARD,AXIS,STRIPE,SUCCESS,SUCCESS,AUTHORIZED,CAPTURED,PROCESSING,PROCESSING,DELIVERED,200,3,SETTLED,NONE,NONE,104610,110603,109461,2,0,0.8934,0.0201,1,0,DELAYED_CONFIRMATION
1319.01,UPI,SBI,STRIPE,SUCCESS,SUCCESS,AUTHORIZED,CAPTURED,PAID,DELIVERED,DELIVERED,200,1,SETTLED,NONE,NONE,573,816,151884,11,0,-0.7252,0.0518,1,0,NORMAL
180.4,UPI,PNB,CASHFREE,SUCCESS,SUCCESS,AUTHORIZED,CAPTURED,PAID,DELIVERED,DELIVERED,200,1,SETTLED,NONE,NONE,407,514,174026,16,0,-0.5705,0.0496,1,0,NORMAL
9661.82,DEBIT_CARD,AXIS,STRIPE,SUCCESS,SUCCESS,AUTHORIZED,CAPTURED,PAID,DELIVERED,DELIVERED,200,1,SETTLED,NONE,NONE,4113,4537,249260,5,0,-0.2271,0.076,1,0,NORMAL
964.65,UPI,INDUSIND,STRIPE,SUCCESS,SUCCESS,AUTHORIZED,CAPTURED,PAID,PROCESSING,DELIVERED,200,2,SETTLED,NONE,NONE,75602,77911,105848,14,0,-0.6555,0.0149,1,0,DELAYED_CONFIRMATION
6176.37,CREDIT_CARD,YES_BANK,PAYU,SUCCESS,TIMED_OUT,FAILED,FAILED,FAILED,CANCELLED,FAILED,504,1,ON_HOLD,NONE,NOT_INITIATED,1355,85290,185853,9,0,0.2867,0.056,1,0,BANK_DEBIT_GATEWAY_FAILURE
1012.15,UPI,PNB,RAZORPAY,SUCCESS,SUCCESS,AUTHORIZED,CAPTURED,PAID,DELIVERED,DELIVERED,200,1,DISCREPANCY,NONE,NONE,730,814,12874,2,0,1.1804,0.0308,1,0,SETTLEMENT_MISMATCH
2198.98,UPI,ICICI,CASHFREE,SUCCESS,FAILED,TIMEOUT,AUTO_REFUNDED,CANCELLED,CANCELLED,DELIVERED,200,1,ON_HOLD,INITIATED,NOT_INITIATED,932,93487,96202,16,0,-0.3717,0.0321,1,0,BANK_DEBIT_GATEWAY_FAILURE
231.33,NET_BANKING,HDFC,RAZORPAY,SUCCESS,SUCCESS,AUTHORIZED,CAPTURED,PAID,DELIVERED,DELIVERED,200,1,ON_HOLD,NONE,AWAITING_ACK,737,964,13343,6,4,-0.5181,0.0364,1,1,DUPLICATE_PAYMENT
9858.36,UPI,SBI,PAYU,SUCCESS,SUCCESS,AUTHORIZED,CAPTURED,PAID,DELIVERED,DELIVERED,200,1,SETTLED,NONE,NONE,352,556,194506,1,0,-0.2113,0.0659,1,0,NORMAL
5499.33,UPI,AXIS,BILLDESK,SUCCESS,SUCCESS,AUTHORIZED,CAPTURED,EXPIRED,UNFULFILLED,DROPPED,404,2,ON_HOLD,NONE,NONE,220,483,54536,4,0,0.1457,0.0542,1,0,MISSING_WEBHOOK
1428.91,CREDIT_CARD,ICICI,RAZORPAY,SUCCESS,SUCCESS,AUTHORIZED,CAPTURED,PAID,DELIVERED,DELIVERED,200,1,SETTLED,NONE,NONE,684,962,175818,3,0,-0.2479,0.056,1,0,NORMAL
3447.99,UPI,ICICI,PAYU,SUCCESS,SUCCESS,AUTHORIZED,CAPTURED,PAID,PROCESSING,DELIVERED,200,1,PENDING,NONE,NONE,492,618,37218,7,1,2.1345,0.0573,1,0,NORMAL
3645.4,CREDIT_CARD,PNB,CASHFREE,SUCCESS,SUCCESS,AUTHORIZED,CAPTURED,CANCELLED,UNFULFILLED,DROPPED,0,4,ON_HOLD,NONE,NONE,353,486,54444,12,0,0.0415,0.0324,1,0,MISSING_WEBHOOK
3167.27,UPI,ICICI,RAZORPAY,SUCCESS,SUCCESS,AUTHORIZED,CAPTURED,PAID,DELIVERED,DELIVERED,200,1,SETTLED,NONE,NONE,416,612,168939,8,0,-0.3402,0.053,1,0,NORMAL
439.31,UPI,AXIS,RAZORPAY,DEBITED,PENDING,NONE,AUTO_REFUNDED,PAID,CANCELLED,DELIVERED,500,1,ON_HOLD,FAILED,REJECTED_BY_BANK,41713,59809,143875,9,0,-0.3241,0.0319,1,0,UNRESOLVED
503.47,UPI,AXIS,STRIPE,SUCCESS,SUCCESS,AUTHORIZED,CAPTURED,REFUNDED,RETURNED,DELIVERED,200,1,REVERSED,MANUAL_INTERVENTION_REQUIRED,AWAITING_ACK,728,829,4700,9,0,0.0489,0.039,1,0,REFUND_UNCERTAINTY
644.39,UPI,INDUSIND,PAYU,SUCCESS,SUCCESS,AUTHORIZED,CAPTURED,PAID,PROCESSING,DELIVERED,200,1,PENDING,NONE,NONE,717,816,53120,10,0,-0.0086,0.0325,1,0,NORMAL
134.38,UPI,PNB,RAZORPAY,SUCCESS,SUCCESS,AUTHORIZED,CAPTURED,PAID,PROCESSING,DELIVERED,200,1,PENDING,NONE,NONE,3933,4346,9743,12,0,-0.72,0.0465,1,0,NORMAL
342.04,UPI,INDUSIND,CASHFREE,SUCCESS,SUCCESS,AUTHORIZED,CAPTURED,PAID,PROCESSING,DELIVERED,200,2,PENDING,NONE,NONE,333,602,14074,1,0,-0.2874,0.034,1,0,NORMAL
1978.95,UPI,HDFC,RAZORPAY,SUCCESS,SUCCESS,AUTHORIZED,CAPTURED,PAID,DELIVERED,DELIVERED,200,3,SETTLED,NONE,NONE,3116,4006,208415,23,0,0.0416,0.0589,1,0,NORMAL
5083.53,UPI,INDUSIND,RAZORPAY,SUCCESS,SUCCESS,AUTHORIZED,CAPTURED,PAID,DELIVERED,DELIVERED,200,1,SETTLED,NONE,NONE,2659,3406,119225,4,1,0.4524,0.0435,1,0,NORMAL
129.6,UPI,HDFC,RAZORPAY,SUCCESS,SUCCESS,AUTHORIZED,CAPTURED,PAID,PROCESSING,DELIVERED,200,1,PENDING,NONE,NONE,360,645,57397,13,0,-0.6914,0.0399,1,0,NORMAL
1075.52,UPI,ICICI,BILLDESK,SUCCESS,SUCCESS,AUTHORIZED,CAPTURED,PAID,DELIVERED,DELIVERED,200,1,ON_HOLD,PROCESSED,CREDITED_TO_CUSTOMER,368,536,45801,14,4,0.4938,0.0234,1,1,DUPLICATE_PAYMENT
2081.12,UPI,YES_BANK,PAYU,SUCCESS,SUCCESS,AUTHORIZED,CAPTURED,PAID,DELIVERED,DELIVERED,200,1,ON_HOLD,NONE,AWAITING_ACK,522,710,14684,20,3,0.8919,0.0524,1,1,DUPLICATE_PAYMENT
2338.98,DEBIT_CARD,ICICI,CASHFREE,SUCCESS,SUCCESS,AUTHORIZED,CAPTURED,PAID,DELIVERED,DELIVERED,200,1,SETTLED,NONE,NONE,699,936,102106,11,0,-0.1646,0.0293,1,0,NORMAL
1208.7,UPI,HDFC,PAYU,SUCCESS,SUCCESS,AUTHORIZED,CAPTURED,PAID,DELIVERED,DELIVERED,200,1,ON_HOLD,INITIATED,AWAITING_ACK,526,765,106438,14,3,0.8595,0.034,1,1,DUPLICATE_PAYMENT
22722.54,UPI,YES_BANK,STRIPE,SUCCESS,SUCCESS,AUTHORIZED,CAPTURED,PAID,DELIVERED,DELIVERED,200,1,SETTLED,NONE,NONE,272,435,180565,9,0,0.8178,0.071,1,0,NORMAL
1479.54,UPI,SBI,RAZORPAY,SUCCESS,SUCCESS,AUTHORIZED,CAPTURED,PAID,PROCESSING,DELIVERED,200,1,PENDING,NONE,NONE,640,795,40668,16,0,2.0824,0.0365,1,0,NORMAL
31419.31,NET_BANKING,ICICI,PAYU,REVERSED,PENDING,AUTHORIZED,AUTO_REFUNDED,CANCELLED,RETURNED,DROPPED,404,1,DISCREPANCY,NONE,AWAITING_ACK,44872,105539,253378,6,3,1.5135,0.0777,1,0,UNRESOLVED
7648.7,UPI,ICICI,BILLDESK,SUCCESS,SUCCESS,AUTHORIZED,CAPTURED,REFUNDED,RETURNED,DELIVERED,200,1,REVERSED,MANUAL_INTERVENTION_REQUIRED,AWAITING_ACK,500,790,41578,22,0,1.7317,0.0257,1,0,REFUND_UNCERTAINTY
817.37,UPI,INDUSIND,PAYU,SUCCESS,SUCCESS,AUTHORIZED,CAPTURED,PAID,DELIVERED,DELIVERED,200,1,ON_HOLD,INITIATED,AWAITING_ACK,212,408,169285,20,4,0.1352,0.0383,1,1,DUPLICATE_PAYMENT
1185.11,CREDIT_CARD,ICICI,RAZORPAY,SUCCESS,SUCCESS,AUTHORIZED,CAPTURED,PAID,PROCESSING,DELIVERED,200,2,PENDING,NONE,NONE,384,511,53874,19,0,-0.6614,0.0313,1,0,NORMAL
289.41,CREDIT_CARD,HDFC,RAZORPAY,SUCCESS,SUCCESS,AUTHORIZED,CAPTURED,PAID,DELIVERED,DELIVERED,200,1,SETTLED,NONE,NONE,373,497,162486,15,0,-0.3971,0.032,1,0,NORMAL
555.38,UPI,AXIS,PAYU,DEBITED,FAILED,TIMEOUT,AUTO_REFUNDED,CANCELLED,CANCELLED,NONE,0,1,ON_HOLD,INITIATED,NOT_INITIATED,376,94032,131505,7,0,0.157,0.0394,1,0,BANK_DEBIT_GATEWAY_FAILURE
4183.58,UPI,KOTAK,BILLDESK,SUCCESS,SUCCESS,AUTHORIZED,CAPTURED,CANCELLED,CANCELLED,DELIVERED,200,1,ON_HOLD,INITIATED,NONE,276595,278447,39447,6,0,-0.1284,0.0691,1,0,ORDER_PAYMENT_CONFLICT
1180.52,UPI,HDFC,BILLDESK,REVERSED,PENDING,AUTHORIZED,FAILED,FAILED,CANCELLED,DELIVERED,404,1,ON_HOLD,MANUAL_INTERVENTION_REQUIRED,AWAITING_ACK,49128,21879,50067,6,3,0.6396,0.039,1,0,UNRESOLVED
10317.59,DEBIT_CARD,KOTAK,RAZORPAY,DEBITED,PENDING,TIMEOUT,AUTO_REFUNDED,CANCELLED,CANCELLED,FAILED,504,1,ON_HOLD,NONE,NOT_INITIATED,587,48448,180245,21,0,1.1495,0.0658,1,0,BANK_DEBIT_GATEWAY_FAILURE
4747.69,UPI,HDFC,RAZORPAY,SUCCESS,SUCCESS,AUTHORIZED,CAPTURED,CANCELLED,CANCELLED,DELIVERED,200,1,ON_HOLD,PROCESSED,NONE,246151,247804,26789,18,0,0.6956,0.0248,1,0,ORDER_PAYMENT_CONFLICT
8551.59,UPI,INDUSIND,STRIPE,PENDING,FAILED,TIMEOUT,FAILED,PAID,CANCELLED,DELIVERED,200,1,ON_HOLD,PENDING,REJECTED_BY_BANK,78601,106237,230785,18,3,0.7816,0.0676,1,0,UNRESOLVED
2842.55,UPI,YES_BANK,PAYU,SUCCESS,SUCCESS,AUTHORIZED,CAPTURED,CANCELLED,CANCELLED,DELIVERED,200,1,ON_HOLD,NONE,NONE,332032,334041,229290,3,0,-0.1878,0.0447,1,0,ORDER_PAYMENT_CONFLICT
6148.97,UPI,ICICI,RAZORPAY,SUCCESS,SUCCESS,AUTHORIZED,CAPTURED,PAID,DELIVERED,DELIVERED,200,1,SETTLED,NONE,NONE,697,828,236716,17,0,0.281,0.0606,1,0,NORMAL
5024.78,UPI,PNB,PAYU,SUCCESS,SUCCESS,AUTHORIZED,CAPTURED,EXPIRED,UNFULFILLED,FAILED,404,2,ON_HOLD,NONE,NONE,284,472,62462,12,0,-0.598,0.063,1,0,MISSING_WEBHOOK
1173.04,CREDIT_CARD,SBI,RAZORPAY,SUCCESS,SUCCESS,AUTHORIZED,CAPTURED,PAID,DELIVERED,DELIVERED,200,3,SETTLED,NONE,NONE,482,614,205644,22,0,0.6292,0.0397,1,0,NORMAL
570.66,UPI,ICICI,BILLDESK,SUCCESS,SUCCESS,AUTHORIZED,CAPTURED,PAID,PROCESSING,DELIVERED,200,3,PENDING,NONE,NONE,634,727,80855,22,0,-0.7962,0.0188,1,0,NORMAL
21002.12,NET_BANKING,PNB,BILLDESK,SUCCESS,SUCCESS,AUTHORIZED,CAPTURED,PAID,DELIVERED,DELIVERED,200,1,DISCREPANCY,NONE,NONE,264,345,228134,19,0,0.714,0.0703,1,0,SETTLEMENT_MISMATCH
453.86,UPI,ICICI,STRIPE,SUCCESS,SUCCESS,AUTHORIZED,CAPTURED,PAID,PROCESSING,DELIVERED,200,1,PENDING,NONE,NONE,327,453,74833,5,0,0.0806,0.0351,1,0,NORMAL
4946.86,UPI,AXIS,CASHFREE,SUCCESS,SUCCESS,AUTHORIZED,CAPTURED,PAID,DELIVERED,DELIVERED,200,1,ON_HOLD,INITIATED,AWAITING_ACK,484,634,158879,12,4,0.0306,0.0565,1,1,DUPLICATE_PAYMENT
1364.98,DEBIT_CARD,YES_BANK,STRIPE,SUCCESS,SUCCESS,AUTHORIZED,CAPTURED,PAID,DELIVERED,DELIVERED,200,1,SETTLED,NONE,NONE,454,718,234626,22,0,-0.2816,0.05,1,0,NORMAL
124.67,CREDIT_CARD,SBI,PAYU,SUCCESS,SUCCESS,AUTHORIZED,CAPTURED,PAID,PROCESSING,DELIVERED,200,1,PENDING,NONE,NONE,299,396,85734,6,0,-0.7403,0.0362,1,0,NORMAL
16070.49,UPI,ICICI,STRIPE,SUCCESS,SUCCESS,AUTHORIZED,CAPTURED,PAID,DELIVERED,DELIVERED,200,1,DISCREPANCY,NONE,NONE,638,902,7930,18,0,0.3196,0.0736,1,0,SETTLEMENT_MISMATCH
413.96,UPI,YES_BANK,CASHFREE,SUCCESS,SUCCESS,AUTHORIZED,CAPTURED,PAID,PROCESSING,DELIVERED,200,1,PENDING,NONE,NONE,516,741,28508,15,0,-0.0144,0.0341,1,0,NORMAL
895.85,UPI,AXIS,BILLDESK,REVERSED,SUCCESS,TIMEOUT,PENDING,PENDING_PAYMENT,UNFULFILLED,DROPPED,404,1,DISCREPANCY,FAILED,AWAITING_ACK,109446,47612,208913,23,0,-0.1856,0.0535,1,0,UNRESOLVED
2586.53,UPI,HDFC,RAZORPAY,SUCCESS,FAILED,TIMEOUT,NOT_REQUESTED,CANCELLED,CANCELLED,FAILED,0,1,ON_HOLD,PROCESSED,CREDITED_TO_CUSTOMER,242,54080,166880,21,0,-0.0762,0.0237,1,0,BANK_DEBIT_GATEWAY_FAILURE
524.19,WALLET,INDUSIND,STRIPE,SUCCESS,SUCCESS,AUTHORIZED,CAPTURED,PAID,DELIVERED,DELIVERED,200,1,SETTLED,NONE,NONE,282,496,107257,13,0,0.0921,0.0349,1,0,NORMAL
170.71,WALLET,YES_BANK,CASHFREE,SUCCESS,SUCCESS,AUTHORIZED,CAPTURED,PAID,DELIVERED,DELIVERED,200,1,DISCREPANCY,NONE,NONE,317,559,200872,7,0,-0.5493,0.0428,1,0,SETTLEMENT_MISMATCH
5759.66,CREDIT_CARD,INDUSIND,CASHFREE,DEBITED,SUCCESS,AUTHORIZED,CAPTURED,PENDING_PAYMENT,PROCESSING,DELIVERED,200,2,PENDING,NONE,NONE,46514,49516,58135,17,0,0.6456,0.0323,1,0,DELAYED_CONFIRMATION
1099.79,UPI,HDFC,BILLDESK,SUCCESS,SUCCESS,AUTHORIZED,CAPTURED,PROCESSING,PROCESSING,SCHEDULED,200,2,SETTLED,NONE,NONE,52498,58500,203517,17,0,-0.0002,0.0534,1,0,DELAYED_CONFIRMATION
10347.62,CREDIT_CARD,SBI,PAYU,SUCCESS,SUCCESS,AUTHORIZED,CAPTURED,PAID,DELIVERED,DELIVERED,200,1,DISCREPANCY,NONE,NONE,544,721,143636,18,0,2.7482,0.0181,1,0,SETTLEMENT_MISMATCH
1394.81,CREDIT_CARD,INDUSIND,STRIPE,SUCCESS,SUCCESS,AUTHORIZED,CAPTURED,PAID,DELIVERED,DELIVERED,200,1,ON_HOLD,INITIATED,AWAITING_ACK,634,880,67579,1,1,1.1459,0.0387,1,1,DUPLICATE_PAYMENT
347.98,CREDIT_CARD,AXIS,STRIPE,SUCCESS,SUCCESS,AUTHORIZED,CAPTURED,PAID,DELIVERED,DELIVERED,200,1,SETTLED,NONE,NONE,2459,3171,217332,6,0,-0.1715,0.0372,1,0,NORMAL
5235.95,WALLET,KOTAK,BILLDESK,SUCCESS,SUCCESS,AUTHORIZED,CAPTURED,PAID,PROCESSING,DELIVERED,200,1,PENDING,NONE,NONE,368,535,29211,1,0,0.0908,0.0502,1,0,NORMAL
668.48,NET_BANKING,AXIS,RAZORPAY,SUCCESS,TIMED_OUT,TIMEOUT,AUTO_REFUNDED,CANCELLED,CANCELLED,NONE,500,1,ON_HOLD,NONE,NOT_INITIATED,1192,62483,2851,21,0,-0.0716,0.0363,1,0,BANK_DEBIT_GATEWAY_FAILURE
2273.39,CREDIT_CARD,PNB,RAZORPAY,SUCCESS,SUCCESS,AUTHORIZED,CAPTURED,PAID,DELIVERED,DELIVERED,200,1,SETTLED,NONE,NONE,424,672,182240,15,0,-0.3505,0.0495,1,0,NORMAL
10030.59,UPI,INDUSIND,PAYU,SUCCESS,SUCCESS,AUTHORIZED,CAPTURED,PAID,DELIVERED,DELIVERED,200,1,SETTLED,NONE,NONE,253,468,102544,12,0,1.8659,0.041,1,0,NORMAL
1572.72,UPI,PNB,RAZORPAY,SUCCESS,SUCCESS,AUTHORIZED,CAPTURED,CANCELLED,CANCELLED,DELIVERED,200,1,ON_HOLD,INITIATED,NONE,248622,250893,13713,12,0,-0.1723,0.0502,1,0,ORDER_PAYMENT_CONFLICT
2528.43,UPI,HDFC,CASHFREE,PENDING,FAILED,TIMEOUT,CAPTURED,PAID,RETURNED,RETRYING,500,1,FAILED,MANUAL_INTERVENTION_REQUIRED,REJECTED_BY_BANK,110565,38205,46951,11,1,0.3308,0.0446,1,0,UNRESOLVED
2655.55,CREDIT_CARD,SBI,STRIPE,SUCCESS,SUCCESS,AUTHORIZED,CAPTURED,PAID,DELIVERED,DELIVERED,200,1,SETTLED,NONE,NONE,434,547,253568,3,0,-0.0516,0.0249,1,0,NORMAL
5953.9,UPI,AXIS,CASHFREE,SUCCESS,SUCCESS,AUTHORIZED,CAPTURED,PAID,DELIVERED,DELIVERED,200,1,ON_HOLD,NONE,AWAITING_ACK,664,865,52258,10,3,-0.5237,0.0717,1,1,DUPLICATE_PAYMENT
532.58,UPI,INDUSIND,CASHFREE,SUCCESS,SUCCESS,AUTHORIZED,CAPTURED,PAID,PROCESSING,DELIVERED,200,1,PENDING,NONE,NONE,278,437,47999,10,0,0.268,0.0461,1,0,NORMAL
202.7,UPI,ICICI,STRIPE,SUCCESS,SUCCESS,AUTHORIZED,CAPTURED,PAID,DELIVERED,DELIVERED,200,1,SETTLED,NONE,NONE,254,425,183762,1,0,-0.5174,0.0435,1,0,NORMAL
1332.91,UPI,AXIS,STRIPE,SUCCESS,SUCCESS,AUTHORIZED,CAPTURED,PAID,DELIVERED,DELIVERED,200,1,DISCREPANCY,NONE,NONE,640,875,254696,5,0,1.0736,0.0229,1,0,SETTLEMENT_MISMATCH
10707.04,WALLET,PNB,PAYU,SUCCESS,SUCCESS,AUTHORIZED,CAPTURED,CANCELLED,CANCELLED,DELIVERED,200,1,ON_HOLD,NONE,NONE,326390,327700,64566,19,0,-0.1434,0.0688,1,0,ORDER_PAYMENT_CONFLICT
1634.39,UPI,ICICI,BILLDESK,SUCCESS,SUCCESS,AUTHORIZED,CAPTURED,EXPIRED,UNFULFILLED,DROPPED,500,5,PENDING,NONE,NONE,546,765,108853,21,0,2.405,0.0421,1,0,MISSING_WEBHOOK
12366.51,UPI,AXIS,RAZORPAY,SUCCESS,SUCCESS,AUTHORIZED,CAPTURED,PAID,DELIVERED,DELIVERED,200,1,DISCREPANCY,NONE,NONE,710,898,215863,5,0,0.0348,0.0689,1,0,SETTLEMENT_MISMATCH
570.07,NET_BANKING,KOTAK,RAZORPAY,SUCCESS,FAILED,TIMEOUT,FAILED,FAILED,CANCELLED,FAILED,0,1,ON_HOLD,NONE,NOT_INITIATED,571,81864,234541,23,0,-0.4818,0.0437,1,0,BANK_DEBIT_GATEWAY_FAILURE
312.68,DEBIT_CARD,KOTAK,RAZORPAY,SUCCESS,SUCCESS,AUTHORIZED,CAPTURED,PAID,DELIVERED,DELIVERED,200,1,SETTLED,NONE,NONE,260,428,250459,9,0,-0.3486,0.0491,1,0,NORMAL
4793.18,DEBIT_CARD,YES_BANK,STRIPE,SUCCESS,PENDING,AUTHORIZED,PENDING,PENDING_PAYMENT,UNFULFILLED,DELIVERED,500,1,ON_HOLD,FAILED,NOT_INITIATED,89136,44750,16964,15,0,-0.0014,0.0549,1,0,UNRESOLVED
396.83,UPI,SBI,STRIPE,SUCCESS,SUCCESS,AUTHORIZED,CAPTURED,PAID,PROCESSING,DELIVERED,200,1,PENDING,NONE,NONE,704,985,6513,20,0,-0.3895,0.0248,1,0,NORMAL
39032.27,CREDIT_CARD,AXIS,PAYU,SUCCESS,FAILED,NONE,FAILED,CANCELLED,CANCELLED,FAILED,504,1,ON_HOLD,PROCESSED,CREDITED_TO_CUSTOMER,1494,66939,129241,19,0,2.1226,0.066,1,0,BANK_DEBIT_GATEWAY_FAILURE
1003.99,CREDIT_CARD,HDFC,PAYU,SUCCESS,SUCCESS,AUTHORIZED,CAPTURED,PAID,DELIVERED,DELIVERED,200,1,SETTLED,NONE,NONE,390,539,158518,0,0,1.3905,0.0309,1,0,NORMAL
371.0,DEBIT_CARD,HDFC,BILLDESK,SUCCESS,SUCCESS,AUTHORIZED,CAPTURED,PAID,DELIVERED,DELIVERED,200,1,SETTLED,NONE,NONE,390,616,197012,15,0,-0.2271,0.0435,1,0,NORMAL
1115.42,UPI,PNB,BILLDESK,SUCCESS,SUCCESS,AUTHORIZED,CAPTURED,REFUNDED,RETURNED,DELIVERED,200,1,REVERSED,PENDING,AWAITING_ACK,244,512,72223,2,0,0.014,0.0459,1,0,REFUND_UNCERTAINTY
5826.41,WALLET,HDFC,STRIPE,SUCCESS,SUCCESS,AUTHORIZED,CAPTURED,PROCESSING,PROCESSING,RETRYING,200,2,SETTLED,NONE,NONE,105498,111136,172263,0,0,0.2138,0.0614,1,0,DELAYED_CONFIRMATION
464.48,CREDIT_CARD,YES_BANK,BILLDESK,SUCCESS,SUCCESS,AUTHORIZED,CAPTURED,PAID,DELIVERED,DELIVERED,200,1,DISCREPANCY,NONE,NONE,520,656,258404,16,0,-0.0107,0.0359,1,0,SETTLEMENT_MISMATCH
1188.78,UPI,YES_BANK,PAYU,SUCCESS,SUCCESS,AUTHORIZED,CAPTURED,CANCELLED,CANCELLED,DELIVERED,200,1,ON_HOLD,INITIATED,NONE,252830,253730,40881,10,0,0.0807,0.0457,1,0,ORDER_PAYMENT_CONFLICT
2372.37,CREDIT_CARD,YES_BANK,STRIPE,DEBITED,FAILED,TIMEOUT,FAILED,CANCELLED,CANCELLED,NONE,504,1,ON_HOLD,NONE,NOT_INITIATED,1307,57125,104167,7,0,0.2486,0.0432,1,0,BANK_DEBIT_GATEWAY_FAILURE
421.91,UPI,HDFC,BILLDESK,SUCCESS,SUCCESS,AUTHORIZED,CAPTURED,CANCELLED,CANCELLED,DELIVERED,200,1,ON_HOLD,INITIATED,NONE,340397,342218,56232,8,0,-0.414,0.0333,1,0,ORDER_PAYMENT_CONFLICT
5627.39,CREDIT_CARD,SBI,STRIPE,REVERSED,SUCCESS,TIMEOUT,CAPTURED,CANCELLED,UNFULFILLED,RETRYING,504,1,FAILED,NONE,AWAITING_ACK,67147,125128,124684,22,3,1.0098,0.0143,1,0,UNRESOLVED
7281.77,UPI,ICICI,STRIPE,SUCCESS,SUCCESS,AUTHORIZED,CAPTURED,PENDING_PAYMENT,UNFULFILLED,DROPPED,404,3,ON_HOLD,NONE,NONE,479,584,192387,15,0,-0.4175,0.0669,1,0,MISSING_WEBHOOK
4505.72,UPI,HDFC,CASHFREE,SUCCESS,SUCCESS,AUTHORIZED,CAPTURED,PAID,PROCESSING,DELIVERED,200,1,PENDING,NONE,NONE,2660,3302,70297,2,0,0.2873,0.0499,1,0,NORMAL
1636.01,UPI,YES_BANK,BILLDESK,SUCCESS,SUCCESS,AUTHORIZED,CAPTURED,PAID,DELIVERED,DELIVERED,200,1,DISCREPANCY,NONE,NONE,189,380,240534,13,0,-0.6266,0.0515,1,0,SETTLEMENT_MISMATCH
3539.81,CREDIT_CARD,SBI,CASHFREE,SUCCESS,SUCCESS,AUTHORIZED,CAPTURED,PAID,DELIVERED,DELIVERED,200,3,SETTLED,NONE,NONE,245,399,116367,2,0,0.0114,0.0473,1,0,NORMAL
16380.49,DEBIT_CARD,PNB,BILLDESK,SUCCESS,SUCCESS,AUTHORIZED,CAPTURED,PAID,PROCESSING,DELIVERED,200,1,PENDING,NONE,NONE,36746,39385,84072,8,0,0.3104,0.0673,1,0,DELAYED_CONFIRMATION
1106.84,UPI,KOTAK,CASHFREE,SUCCESS,SUCCESS,AUTHORIZED,CAPTURED,PAID,PROCESSING,DELIVERED,200,1,PENDING,NONE,NONE,266,532,75439,20,0,1.3059,0.0423,1,0,NORMAL
4136.97,UPI,ICICI,CASHFREE,SUCCESS,SUCCESS,AUTHORIZED,CAPTURED,PAID,DELIVERED,DELIVERED,200,1,ON_HOLD,PROCESSED,CREDITED_TO_CUSTOMER,669,876,24349,17,1,-0.1381,0.0637,1,1,DUPLICATE_PAYMENT
161.05,EMI,PNB,CASHFREE,SUCCESS,SUCCESS,AUTHORIZED,CAPTURED,PENDING_PAYMENT,PROCESSING,DELIVERED,200,3,SETTLED,NONE,NONE,94192,95245,87540,2,0,-0.6165,0.048,1,0,DELAYED_CONFIRMATION
1895.73,NET_BANKING,HDFC,RAZORPAY,SUCCESS,SUCCESS,AUTHORIZED,CAPTURED,PAID,PROCESSING,DELIVERED,200,1,PENDING,NONE,NONE,688,918,62213,15,0,-0.323,0.011,1,0,NORMAL
3553.72,UPI,AXIS,PAYU,SUCCESS,SUCCESS,AUTHORIZED,CAPTURED,PAID,DELIVERED,DELIVERED,200,1,DISCREPANCY,NONE,NONE,325,608,205689,15,0,0.0701,0.0405,1,0,SETTLEMENT_MISMATCH
669.34,NET_BANKING,SBI,RAZORPAY,SUCCESS,SUCCESS,AUTHORIZED,CAPTURED,PAID,PROCESSING,DELIVERED,200,1,PENDING,NONE,NONE,4355,4995,33088,14,0,0.0298,0.0212,1,0,NORMAL
9386.59,UPI,PNB,STRIPE,SUCCESS,SUCCESS,AUTHORIZED,CAPTURED,EXPIRED,UNFULFILLED,DROPPED,502,5,ON_HOLD,NONE,NONE,187,288,62060,11,0,-0.2491,0.067,1,0,MISSING_WEBHOOK
2035.76,DEBIT_CARD,PNB,RAZORPAY,SUCCESS,SUCCESS,AUTHORIZED,CAPTURED,PAID,DELIVERED,DELIVERED,200,1,SETTLED,NONE,NONE,199,396,223025,21,0,0.0715,0.0567,1,0,NORMAL
1247.99,CREDIT_CARD,YES_BANK,CASHFREE,SUCCESS,SUCCESS,AUTHORIZED,CAPTURED,CANCELLED,CANCELLED,DELIVERED,200,1,ON_HOLD,INITIATED,NONE,270155,272406,65237,4,0,0.1345,0.0434,1,0,ORDER_PAYMENT_CONFLICT
504.07,CREDIT_CARD,KOTAK,CASHFREE,SUCCESS,SUCCESS,AUTHORIZED,CAPTURED,CANCELLED,CANCELLED,DELIVERED,200,1,ON_HOLD,NONE,NONE,322885,323479,28538,3,0,-0.2999,0.0299,1,0,ORDER_PAYMENT_CONFLICT
640.95,WALLET,KOTAK,BILLDESK,SUCCESS,SUCCESS,AUTHORIZED,CAPTURED,PAID,DELIVERED,DELIVERED,200,1,SETTLED,NONE,NONE,198,357,158784,22,0,0.5261,0.0319,1,0,NORMAL
8330.84,UPI,YES_BANK,RAZORPAY,SUCCESS,SUCCESS,AUTHORIZED,CAPTURED,CANCELLED,UNFULFILLED,DROPPED,404,4,PENDING,NONE,NONE,343,632,170392,7,0,0.7356,0.0541,1,0,MISSING_WEBHOOK
2842.75,UPI,ICICI,PAYU,DEBITED,FAILED,TIMEOUT,FAILED,CANCELLED,CANCELLED,DELIVERED,200,1,ON_HOLD,PROCESSED,CREDITED_TO_CUSTOMER,933,64442,61388,23,0,0.4962,0.0568,1,0,BANK_DEBIT_GATEWAY_FAILURE
2562.33,UPI,KOTAK,BILLDESK,SUCCESS,SUCCESS,AUTHORIZED,CAPTURED,PAID,PROCESSING,DELIVERED,200,1,PENDING,NONE,NONE,696,803,40399,20,0,1.3294,0.0503,1,0,NORMAL
141.3,NET_BANKING,HDFC,STRIPE,SUCCESS,SUCCESS,AUTHORIZED,CAPTURED,PAID,PROCESSING,DELIVERED,200,1,PENDING,NONE,NONE,353,561,68263,5,0,-0.7056,0.0326,1,0,NORMAL
5929.44,UPI,HDFC,CASHFREE,SUCCESS,SUCCESS,AUTHORIZED,CAPTURED,PAID,PROCESSING,DELIVERED,200,2,PENDING,NONE,NONE,226,414,19174,18,0,2.1208,0.0545,1,0,NORMAL
358.74,CREDIT_CARD,INDUSIND,CASHFREE,SUCCESS,SUCCESS,AUTHORIZED,CAPTURED,PAID,DELIVERED,DELIVERED,200,1,ON_HOLD,NONE,AWAITING_ACK,635,819,68758,4,1,-0.1459,0.0462,1,1,DUPLICATE_PAYMENT
1707.99,UPI,ICICI,STRIPE,DEBITED,FAILED,NONE,FAILED,PENDING_PAYMENT,RETURNED,DELIVERED,404,1,ON_HOLD,FAILED,NOT_INITIATED,48293,48293,227416,12,0,-0.39,0.0284,1,0,UNRESOLVED
8444.11,UPI,ICICI,CASHFREE,SUCCESS,SUCCESS,AUTHORIZED,CAPTURED,PAID,DELIVERED,DELIVERED,200,1,SETTLED,NONE,NONE,240,340,100210,17,0,-0.3245,0.0797,1,0,NORMAL
502.2,UPI,SBI,PAYU,SUCCESS,SUCCESS,AUTHORIZED,CAPTURED,PAID,DELIVERED,DELIVERED,200,1,SETTLED,NONE,NONE,605,745,248695,5,0,-0.3025,0.0278,1,0,NORMAL
8560.6,CREDIT_CARD,PNB,BILLDESK,SUCCESS,SUCCESS,AUTHORIZED,CAPTURED,PAID,DELIVERED,DELIVERED,200,1,DISCREPANCY,NONE,NONE,558,659,215811,7,0,-0.2759,0.0678,1,0,SETTLEMENT_MISMATCH
822.26,UPI,AXIS,RAZORPAY,SUCCESS,SUCCESS,AUTHORIZED,CAPTURED,PAID,DELIVERED,DELIVERED,200,1,SETTLED,NONE,NONE,381,462,215839,19,0,0.265,0.0261,1,0,NORMAL
4987.96,UPI,AXIS,BILLDESK,DEBITED,PENDING,NONE,AUTO_REFUNDED,PENDING_PAYMENT,DELIVERED,FAILED,500,1,ON_HOLD,NONE,REJECTED_BY_BANK,91389,11112,55905,11,2,0.7814,0.0104,1,0,UNRESOLVED
754.54,NET_BANKING,PNB,PAYU,DEBITED,FAILED,TIMEOUT,CAPTURED,PENDING_PAYMENT,CANCELLED,FAILED,504,1,ON_HOLD,PENDING,NOT_INITIATED,54412,59994,39023,3,2,0.7965,0.0336,1,0,UNRESOLVED
1061.84,NET_BANKING,INDUSIND,PAYU,SUCCESS,SUCCESS,AUTHORIZED,CAPTURED,PENDING_PAYMENT,UNFULFILLED,DROPPED,502,5,ON_HOLD,NONE,NONE,283,414,91368,7,0,-0.4411,0.0595,1,0,MISSING_WEBHOOK
2550.6,CREDIT_CARD,HDFC,RAZORPAY,SUCCESS,SUCCESS,TIMEOUT,FAILED,FAILED,UNFULFILLED,DELIVERED,500,1,FAILED,MANUAL_INTERVENTION_REQUIRED,REJECTED_BY_BANK,17264,127481,195047,4,3,-0.2713,0.0465,1,0,UNRESOLVED
4681.43,CREDIT_CARD,AXIS,CASHFREE,SUCCESS,SUCCESS,AUTHORIZED,CAPTURED,PAID,DELIVERED,DELIVERED,200,1,SETTLED,NONE,NONE,200,471,103462,21,0,0.3376,0.0454,1,0,NORMAL
9007.91,UPI,INDUSIND,RAZORPAY,SUCCESS,SUCCESS,AUTHORIZED,CAPTURED,CANCELLED,UNFULFILLED,FAILED,502,4,ON_HOLD,NONE,NONE,736,870,41365,2,0,-0.2794,0.0617,1,0,MISSING_WEBHOOK
347.61,NET_BANKING,AXIS,PAYU,SUCCESS,SUCCESS,AUTHORIZED,CAPTURED,PENDING_PAYMENT,UNFULFILLED,FAILED,0,5,PENDING,NONE,NONE,329,585,250373,19,0,-0.1724,0.0495,1,0,MISSING_WEBHOOK
1210.82,UPI,KOTAK,PAYU,SUCCESS,SUCCESS,AUTHORIZED,CAPTURED,PAID,DELIVERED,DELIVERED,200,1,SETTLED,NONE,NONE,217,409,172003,9,0,1.5225,0.0372,1,0,NORMAL
3196.28,UPI,HDFC,STRIPE,SUCCESS,SUCCESS,AUTHORIZED,CAPTURED,PAID,PROCESSING,DELIVERED,200,1,PENDING,NONE,NONE,300,446,60149,11,0,-0.3341,0.0633,1,0,NORMAL
352.1,CREDIT_CARD,KOTAK,RAZORPAY,SUCCESS,SUCCESS,AUTHORIZED,CAPTURED,PAID,PROCESSING,DELIVERED,200,3,PENDING,NONE,NONE,725,829,61601,0,0,-0.2665,0.0456,1,0,NORMAL
839.62,UPI,HDFC,PAYU,SUCCESS,SUCCESS,AUTHORIZED,CAPTURED,PAID,DELIVERED,DELIVERED,200,1,SETTLED,NONE,NONE,272,520,90248,16,0,-0.2367,0.0584,1,0,NORMAL
3884.88,WALLET,YES_BANK,BILLDESK,SUCCESS,SUCCESS,AUTHORIZED,CAPTURED,PENDING_PAYMENT,UNFULFILLED,TIMED_OUT,500,4,PENDING,NONE,NONE,235,445,180431,22,0,0.3875,0.0199,1,0,MISSING_WEBHOOK
2329.07,UPI,INDUSIND,STRIPE,REVERSED,SUCCESS,TIMEOUT,AUTO_REFUNDED,FAILED,UNFULFILLED,DELIVERED,0,1,ON_HOLD,PENDING,NOT_INITIATED,64312,30081,106524,2,2,0.2258,0.0515,1,0,UNRESOLVED
1945.59,UPI,HDFC,STRIPE,SUCCESS,SUCCESS,AUTHORIZED,CAPTURED,PAID,DELIVERED,DELIVERED,200,1,SETTLED,NONE,NONE,424,586,203458,11,0,0.7687,0.0476,1,0,NORMAL
3665.84,UPI,HDFC,CASHFREE,SUCCESS,SUCCESS,AUTHORIZED,CAPTURED,PROCESSING,PROCESSING,DELIVERED,200,2,SETTLED,NONE,NONE,42681,48384,222161,13,0,0.0474,0.0386,1,0,DELAYED_CONFIRMATION
2000.56,UPI,PNB,PAYU,SUCCESS,SUCCESS,AUTHORIZED,CAPTURED,PAID,DELIVERED,DELIVERED,200,3,SETTLED,NONE,NONE,540,627,148413,8,0,0.8187,0.0568,1,0,NORMAL
3622.3,NET_BANKING,PNB,PAYU,SUCCESS,SUCCESS,AUTHORIZED,CAPTURED,PAID,DELIVERED,DELIVERED,200,1,SETTLED,NONE,NONE,620,911,200356,13,0,-0.2454,0.0687,1,0,NORMAL
510.26,UPI,PNB,CASHFREE,SUCCESS,SUCCESS,AUTHORIZED,CAPTURED,PENDING_PAYMENT,UNFULFILLED,DROPPED,0,5,ON_HOLD,NONE,NONE,394,571,70904,12,0,0.2149,0.0329,1,0,MISSING_WEBHOOK
1855.72,UPI,SBI,CASHFREE,SUCCESS,SUCCESS,AUTHORIZED,CAPTURED,PAID,PROCESSING,DELIVERED,200,2,PENDING,NONE,NONE,573,718,76663,19,0,-0.6134,0.0635,1,0,NORMAL
9113.98,DEBIT_CARD,ICICI,BILLDESK,SUCCESS,SUCCESS,AUTHORIZED,CAPTURED,REFUNDED,RETURNED,DELIVERED,200,1,REVERSED,MANUAL_INTERVENTION_REQUIRED,AWAITING_ACK,478,733,179195,4,0,-0.2709,0.0707,1,0,REFUND_UNCERTAINTY
1749.73,CREDIT_CARD,KOTAK,CASHFREE,SUCCESS,SUCCESS,AUTHORIZED,CAPTURED,PAID,DELIVERED,DELIVERED,200,1,SETTLED,NONE,NONE,656,853,223285,3,0,1.4302,0.0206,1,0,NORMAL
505.15,UPI,YES_BANK,CASHFREE,DEBITED,FAILED,TIMEOUT,FAILED,EXPIRED,CANCELLED,DELIVERED,200,1,ON_HOLD,PROCESSED,CREDITED_TO_CUSTOMER,509,78258,185990,5,0,0.2027,0.0396,1,0,BANK_DEBIT_GATEWAY_FAILURE
371.05,UPI,AXIS,STRIPE,SUCCESS,SUCCESS,AUTHORIZED,CAPTURED,PAID,DELIVERED,DELIVERED,200,1,SETTLED,NONE,NONE,4478,5268,205845,13,0,-0.4847,0.0319,1,0,NORMAL
1166.96,UPI,KOTAK,RAZORPAY,SUCCESS,SUCCESS,AUTHORIZED,CAPTURED,PAID,PROCESSING,DELIVERED,200,2,SETTLED,NONE,NONE,72016,76173,114149,5,0,0.7953,0.0262,1,0,DELAYED_CONFIRMATION
571.06,CREDIT_CARD,SBI,PAYU,SUCCESS,PENDING,TIMEOUT,AUTO_REFUNDED,PAID,CANCELLED,RETRYING,200,1,ON_HOLD,FAILED,AWAITING_ACK,60752,90315,254439,2,0,-0.1214,0.0287,1,0,UNRESOLVED
1513.6,UPI,YES_BANK,STRIPE,SUCCESS,SUCCESS,AUTHORIZED,CAPTURED,PAID,PROCESSING,DELIVERED,200,1,PENDING,NONE,NONE,344,508,15269,3,0,-0.5675,0.0451,1,0,NORMAL
451.49,UPI,SBI,BILLDESK,SUCCESS,SUCCESS,AUTHORIZED,CAPTURED,PAID,DELIVERED,DELIVERED,200,1,SETTLED,NONE,NONE,218,358,168336,6,0,-0.3729,0.0275,1,0,NORMAL
4765.09,UPI,ICICI,BILLDESK,SUCCESS,SUCCESS,AUTHORIZED,CAPTURED,PAID,DELIVERED,DELIVERED,200,1,SETTLED,NONE,NONE,706,985,181470,0,0,0.3615,0.0404,1,0,NORMAL
489.14,CREDIT_CARD,PNB,BILLDESK,SUCCESS,SUCCESS,AUTHORIZED,CAPTURED,REFUNDED,RETURNED,DELIVERED,200,1,REVERSED,MANUAL_INTERVENTION_REQUIRED,AWAITING_ACK,711,882,218266,12,0,-0.3206,0.0311,1,0,REFUND_UNCERTAINTY
898.96,DEBIT_CARD,YES_BANK,PAYU,DEBITED,TIMED_OUT,TIMEOUT,FAILED,EXPIRED,CANCELLED,DELIVERED,200,1,ON_HOLD,NONE,NOT_INITIATED,862,89867,187347,8,0,-0.1828,0.0415,1,0,BANK_DEBIT_GATEWAY_FAILURE
10286.47,NET_BANKING,SBI,BILLDESK,SUCCESS,SUCCESS,AUTHORIZED,CAPTURED,PAID,PROCESSING,DELIVERED,200,1,PENDING,NONE,NONE,681,848,23881,10,0,-0.1771,0.0739,1,0,NORMAL
558.41,UPI,SBI,CASHFREE,SUCCESS,SUCCESS,AUTHORIZED,CAPTURED,PENDING_PAYMENT,UNFULFILLED,DROPPED,502,5,ON_HOLD,NONE,NONE,498,603,157951,0,0,-0.2244,0.0227,1,0,MISSING_WEBHOOK
14500.99,CREDIT_CARD,INDUSIND,BILLDESK,SUCCESS,FAILED,AUTHORIZED,AUTO_REFUNDED,PAID,CANCELLED,DELIVERED,500,1,ON_HOLD,NONE,REJECTED_BY_BANK,39051,39081,30067,20,2,0.1601,0.0675,1,0,UNRESOLVED
1689.66,UPI,ICICI,RAZORPAY,SUCCESS,SUCCESS,AUTHORIZED,CAPTURED,PAID,DELIVERED,DELIVERED,200,1,DISCREPANCY,NONE,NONE,214,312,45798,5,0,-0.3631,0.0147,1,0,SETTLEMENT_MISMATCH
5570.85,UPI,INDUSIND,STRIPE,SUCCESS,SUCCESS,AUTHORIZED,CAPTURED,PAID,PROCESSING,DELIVERED,200,1,PENDING,NONE,NONE,481,706,52809,7,0,0.1606,0.0693,1,0,NORMAL
2647.45,UPI,ICICI,STRIPE,PENDING,FAILED,NONE,FAILED,FAILED,RETURNED,FAILED,404,1,DISCREPANCY,NONE,AWAITING_ACK,42420,122621,118086,23,1,0.3934,0.0472,1,0,UNRESOLVED
9356.13,WALLET,PNB,PAYU,SUCCESS,SUCCESS,AUTHORIZED,CAPTURED,PENDING_PAYMENT,UNFULFILLED,DROPPED,504,4,ON_HOLD,NONE,NONE,248,369,239638,13,0,-0.2515,0.0765,1,0,MISSING_WEBHOOK
499.76,NET_BANKING,AXIS,RAZORPAY,SUCCESS,SUCCESS,AUTHORIZED,CAPTURED,PAID,DELIVERED,DELIVERED,200,1,SETTLED,NONE,NONE,414,516,242018,0,0,0.1899,0.0489,1,0,NORMAL
1715.23,UPI,AXIS,PAYU,SUCCESS,SUCCESS,AUTHORIZED,CAPTURED,PAID,DELIVERED,DELIVERED,200,1,SETTLED,NONE,NONE,498,664,125863,2,0,1.6388,0.0201,1,0,NORMAL
36728.21,UPI,PNB,BILLDESK,SUCCESS,SUCCESS,AUTHORIZED,CAPTURED,PROCESSING,PROCESSING,DELIVERED,200,2,SETTLED,NONE,NONE,54242,58677,233415,22,0,1.9383,0.0709,1,0,DELAYED_CONFIRMATION
11740.67,UPI,HDFC,PAYU,SUCCESS,SUCCESS,AUTHORIZED,CAPTURED,PAID,DELIVERED,DELIVERED,200,1,SETTLED,NONE,NONE,731,976,195752,18,0,-0.0607,0.0685,1,0,NORMAL
1569.6,CREDIT_CARD,YES_BANK,BILLDESK,SUCCESS,SUCCESS,AUTHORIZED,CAPTURED,CANCELLED,CANCELLED,DELIVERED,200,1,ON_HOLD,INITIATED,NONE,325114,326570,177900,3,0,-0.5515,0.0429,1,0,ORDER_PAYMENT_CONFLICT
3113.53,UPI,INDUSIND,CASHFREE,SUCCESS,SUCCESS,AUTHORIZED,CAPTURED,PAID,PROCESSING,DELIVERED,200,1,PENDING,NONE,NONE,225,320,36120,7,0,0.6387,0.0471,1,0,NORMAL
10281.66,NET_BANKING,ICICI,RAZORPAY,DEBITED,FAILED,TIMEOUT,AUTO_REFUNDED,CANCELLED,CANCELLED,NONE,504,1,ON_HOLD,NONE,NOT_INITIATED,656,58954,205409,11,0,-0.1775,0.0643,1,0,BANK_DEBIT_GATEWAY_FAILURE
618.4,UPI,SBI,PAYU,SUCCESS,SUCCESS,AUTHORIZED,CAPTURED,PAID,DELIVERED,DELIVERED,200,1,SETTLED,NONE,NONE,334,556,128814,23,0,-0.6745,0.0503,1,0,NORMAL
426.45,UPI,YES_BANK,RAZORPAY,SUCCESS,SUCCESS,AUTHORIZED,CAPTURED,PAID,DELIVERED,DELIVERED,200,2,SETTLED,NONE,NONE,689,933,173605,6,0,0.0154,0.0451,1,0,NORMAL
3437.25,UPI,SBI,PAYU,SUCCESS,SUCCESS,AUTHORIZED,CAPTURED,PAID,DELIVERED,DELIVERED,200,1,SETTLED,NONE,NONE,628,851,127249,1,0,0.2276,0.0104,1,0,NORMAL
891.46,UPI,KOTAK,STRIPE,SUCCESS,SUCCESS,AUTHORIZED,CAPTURED,PAID,DELIVERED,DELIVERED,200,1,ON_HOLD,INITIATED,AWAITING_ACK,532,643,63286,8,3,1.1225,0.0452,1,1,DUPLICATE_PAYMENT
1859.8,NET_BANKING,ICICI,PAYU,SUCCESS,SUCCESS,AUTHORIZED,CAPTURED,PAID,PROCESSING,DELIVERED,200,1,PENDING,NONE,NONE,625,844,40309,17,0,-0.0212,0.0502,1,0,NORMAL
517.66,DEBIT_CARD,SBI,CASHFREE,SUCCESS,SUCCESS,AUTHORIZED,CAPTURED,PAID,DELIVERED,DELIVERED,200,1,DISCREPANCY,NONE,NONE,379,533,244386,19,0,0.1231,0.0361,1,0,SETTLEMENT_MISMATCH
3597.46,UPI,AXIS,PAYU,SUCCESS,SUCCESS,AUTHORIZED,CAPTURED,PAID,DELIVERED,DELIVERED,200,1,ON_HOLD,PROCESSED,CREDITED_TO_CUSTOMER,240,403,137486,23,2,-0.2505,0.0636,1,1,DUPLICATE_PAYMENT
168.83,UPI,KOTAK,PAYU,SUCCESS,SUCCESS,AUTHORIZED,CAPTURED,REFUNDED,RETURNED,DELIVERED,200,1,REVERSED,PENDING,AWAITING_ACK,516,516,68298,3,0,-0.598,0.0365,1,0,REFUND_UNCERTAINTY
7359.63,UPI,AXIS,STRIPE,PENDING,SUCCESS,AUTHORIZED,CAPTURED,PAID,PROCESSING,DELIVERED,200,2,PENDING,NONE,NONE,55263,59572,51150,0,0,0.5333,0.0517,1,0,DELAYED_CONFIRMATION
6747.17,UPI,ICICI,STRIPE,SUCCESS,SUCCESS,AUTHORIZED,CAPTURED,PAID,PROCESSING,DELIVERED,200,1,PENDING,NONE,NONE,510,772,51097,7,0,-0.4602,0.0643,1,0,NORMAL
22281.45,CREDIT_CARD,INDUSIND,STRIPE,SUCCESS,SUCCESS,AUTHORIZED,CAPTURED,PAID,DELIVERED,DELIVERED,200,1,SETTLED,NONE,NONE,403,678,216457,21,0,0.7825,0.0675,1,0,NORMAL
1009.93,UPI,INDUSIND,STRIPE,SUCCESS,SUCCESS,AUTHORIZED,CAPTURED,PAID,PROCESSING,DELIVERED,200,1,PENDING,NONE,NONE,198,374,37083,23,1,-0.0819,0.0505,1,0,NORMAL
2437.71,UPI,AXIS,PAYU,SUCCESS,SUCCESS,AUTHORIZED,CAPTURED,PAID,DELIVERED,DELIVERED,200,1,SETTLED,NONE,NONE,566,792,232999,13,0,-0.1294,0.019,1,0,NORMAL
2498.42,UPI,INDUSIND,PAYU,SUCCESS,SUCCESS,AUTHORIZED,CAPTURED,PAID,DELIVERED,DELIVERED,200,1,ON_HOLD,NONE,AWAITING_ACK,577,812,33715,6,3,-0.2862,0.0463,1,1,DUPLICATE_PAYMENT
1570.45,UPI,HDFC,PAYU,SUCCESS,SUCCESS,AUTHORIZED,CAPTURED,PAID,DELIVERED,DELIVERED,200,1,SETTLED,NONE,NONE,741,870,219563,16,0,-0.4391,0.0239,1,0,NORMAL
1974.63,NET_BANKING,INDUSIND,CASHFREE,SUCCESS,SUCCESS,AUTHORIZED,CAPTURED,PAID,DELIVERED,DELIVERED,200,1,SETTLED,NONE,NONE,408,685,102921,11,0,0.7951,0.0452,1,0,NORMAL
566.63,UPI,PNB,PAYU,SUCCESS,SUCCESS,AUTHORIZED,CAPTURED,PAID,DELIVERED,DELIVERED,200,1,ON_HOLD,PROCESSED,CREDITED_TO_CUSTOMER,498,688,178264,18,3,0.3491,0.0355,1,1,DUPLICATE_PAYMENT
633.48,NET_BANKING,PNB,PAYU,SUCCESS,SUCCESS,AUTHORIZED,CAPTURED,PAID,DELIVERED,DELIVERED,200,1,SETTLED,NONE,NONE,485,877,206005,2,0,-0.6666,0.0585,1,0,NORMAL
2596.34,UPI,INDUSIND,RAZORPAY,SUCCESS,SUCCESS,AUTHORIZED,CAPTURED,PAID,DELIVERED,DELIVERED,200,1,SETTLED,NONE,NONE,342,634,211560,16,0,-0.4591,0.0509,1,0,NORMAL
1811.62,WALLET,AXIS,RAZORPAY,SUCCESS,SUCCESS,AUTHORIZED,CAPTURED,EXPIRED,UNFULFILLED,DROPPED,0,2,ON_HOLD,NONE,NONE,683,908,98282,19,0,-0.0465,0.0488,1,0,MISSING_WEBHOOK
1090.02,NET_BANKING,SBI,CASHFREE,SUCCESS,PENDING,AUTHORIZED,CAPTURED,PROCESSING,PROCESSING,DELIVERED,200,1,SETTLED,NONE,NONE,93822,99456,142431,6,0,0.677,0.0245,1,0,DELAYED_CONFIRMATION
1659.93,UPI,SBI,STRIPE,SUCCESS,SUCCESS,AUTHORIZED,CAPTURED,PROCESSING,PROCESSING,RETRYING,200,3,SETTLED,NONE,NONE,54891,59661,246237,16,0,2.4582,0.0365,1,0,DELAYED_CONFIRMATION
681.4,WALLET,INDUSIND,STRIPE,SUCCESS,FAILED,TIMEOUT,FAILED,EXPIRED,CANCELLED,DELIVERED,200,1,ON_HOLD,NONE,NOT_INITIATED,388,91101,12081,19,0,-0.0536,0.0346,1,0,BANK_DEBIT_GATEWAY_FAILURE
143.08,UPI,HDFC,RAZORPAY,SUCCESS,SUCCESS,AUTHORIZED,CAPTURED,PENDING_PAYMENT,UNFULFILLED,DROPPED,404,4,ON_HOLD,NONE,NONE,372,613,143443,19,0,-0.7019,0.0376,1,0,MISSING_WEBHOOK
283.67,UPI,YES_BANK,CASHFREE,SUCCESS,SUCCESS,AUTHORIZED,CAPTURED,PAID,DELIVERED,DELIVERED,200,1,SETTLED,NONE,NONE,700,848,193926,0,0,-0.3246,0.0442,1,0,NORMAL
487.09,UPI,YES_BANK,PAYU,DEBITED,FAILED,TIMEOUT,CAPTURED,FAILED,CANCELLED,DROPPED,500,1,DISCREPANCY,NONE,AWAITING_ACK,39390,95796,76362,13,1,0.0148,0.045,1,0,UNRESOLVED
11018.93,UPI,ICICI,CASHFREE,SUCCESS,PENDING,AUTHORIZED,CAPTURED,PAID,PROCESSING,DELIVERED,200,1,SETTLED,NONE,NONE,45014,48050,179645,8,0,2.1483,0.0419,1,0,DELAYED_CONFIRMATION
7911.53,UPI,ICICI,RAZORPAY,SUCCESS,SUCCESS,AUTHORIZED,CAPTURED,REFUNDED,RETURNED,DELIVERED,200,1,REVERSED,MANUAL_INTERVENTION_REQUIRED,NOT_INITIATED,234,340,52472,16,0,1.8255,0.0208,1,0,REFUND_UNCERTAINTY
458.67,UPI,PNB,RAZORPAY,SUCCESS,SUCCESS,AUTHORIZED,CAPTURED,PAID,PROCESSING,DELIVERED,200,1,PENDING,NONE,NONE,649,730,56834,5,0,-0.0444,0.0474,1,0,NORMAL
8602.98,UPI,HDFC,PAYU,SUCCESS,SUCCESS,AUTHORIZED,CAPTURED,PAID,DELIVERED,DELIVERED,200,1,SETTLED,NONE,NONE,712,944,119548,9,0,-0.3118,0.0661,1,0,NORMAL
6811.3,UPI,HDFC,STRIPE,SUCCESS,SUCCESS,AUTHORIZED,CAPTURED,PAID,DELIVERED,DELIVERED,200,1,SETTLED,NONE,NONE,540,739,205650,11,1,0.9461,0.0336,1,0,NORMAL
2129.34,WALLET,ICICI,BILLDESK,SUCCESS,SUCCESS,AUTHORIZED,CAPTURED,PROCESSING,PROCESSING,SCHEDULED,200,1,SETTLED,NONE,NONE,60947,65627,97881,14,0,1.9574,0.0351,1,0,DELAYED_CONFIRMATION
2153.42,CREDIT_CARD,SBI,STRIPE,SUCCESS,SUCCESS,AUTHORIZED,CAPTURED,PAID,DELIVERED,DELIVERED,200,1,SETTLED,NONE,NONE,253,342,242464,7,1,0.9577,0.0492,1,0,NORMAL
12748.41,DEBIT_CARD,YES_BANK,RAZORPAY,SUCCESS,SUCCESS,AUTHORIZED,CAPTURED,PAID,DELIVERED,DELIVERED,200,1,SETTLED,NONE,NONE,314,439,216775,9,0,0.0199,0.0694,1,0,NORMAL
23750.21,UPI,SBI,BILLDESK,SUCCESS,TIMED_OUT,TIMEOUT,NOT_REQUESTED,EXPIRED,CANCELLED,DELIVERED,200,1,ON_HOLD,NONE,NOT_INITIATED,569,52236,193246,14,0,0.9,0.0766,1,0,BANK_DEBIT_GATEWAY_FAILURE
3336.69,UPI,KOTAK,STRIPE,SUCCESS,SUCCESS,AUTHORIZED,CAPTURED,PAID,DELIVERED,DELIVERED,200,1,SETTLED,NONE,NONE,456,617,119133,16,0,-0.0467,0.0414,1,0,NORMAL
435.8,NET_BANKING,ICICI,RAZORPAY,SUCCESS,SUCCESS,AUTHORIZED,CAPTURED,PENDING_PAYMENT,UNFULFILLED,DROPPED,500,4,ON_HOLD,NONE,NONE,668,751,125942,6,0,-0.6038,0.053,1,0,MISSING_WEBHOOK
340.56,CREDIT_CARD,SBI,BILLDESK,SUCCESS,FAILED,TIMEOUT,FAILED,CANCELLED,CANCELLED,NONE,0,1,ON_HOLD,NONE,NOT_INITIATED,1162,60574,94805,5,0,-0.1891,0.0398,1,0,BANK_DEBIT_GATEWAY_FAILURE
590.68,UPI,INDUSIND,BILLDESK,SUCCESS,SUCCESS,AUTHORIZED,CAPTURED,REFUNDED,RETURNED,DELIVERED,200,1,REVERSED,MANUAL_INTERVENTION_REQUIRED,NOT_INITIATED,475,649,369,2,0,-0.463,0.0535,1,0,REFUND_UNCERTAINTY
471.44,UPI,PNB,STRIPE,SUCCESS,SUCCESS,AUTHORIZED,CAPTURED,PAID,DELIVERED,DELIVERED,200,1,ON_HOLD,INITIATED,AWAITING_ACK,648,789,9795,8,3,-0.3452,0.0368,1,1,DUPLICATE_PAYMENT
482.68,UPI,HDFC,CASHFREE,DEBITED,TIMED_OUT,TIMEOUT,FAILED,FAILED,CANCELLED,DELIVERED,200,1,ON_HOLD,INITIATED,NOT_INITIATED,1478,45126,212391,0,0,0.1492,0.0398,1,0,BANK_DEBIT_GATEWAY_FAILURE
2340.56,UPI,KOTAK,BILLDESK,SUCCESS,SUCCESS,AUTHORIZED,CAPTURED,PAID,DELIVERED,DELIVERED,200,1,SETTLED,NONE,NONE,633,713,242647,0,0,-0.3313,0.0491,1,0,NORMAL
6615.17,CREDIT_CARD,KOTAK,BILLDESK,SUCCESS,SUCCESS,AUTHORIZED,CAPTURED,PROCESSING,PROCESSING,DELIVERED,200,2,SETTLED,NONE,NONE,73273,76912,181388,20,0,-0.4708,0.0771,1,0,DELAYED_CONFIRMATION
7339.23,UPI,YES_BANK,RAZORPAY,SUCCESS,SUCCESS,AUTHORIZED,CAPTURED,PAID,DELIVERED,DELIVERED,200,1,SETTLED,NONE,NONE,426,613,249919,7,0,-0.4129,0.0754,1,0,NORMAL
267.95,UPI,PNB,RAZORPAY,SUCCESS,FAILED,FAILED,FAILED,CANCELLED,CANCELLED,DELIVERED,200,1,ON_HOLD,NONE,NOT_INITIATED,1035,58938,152827,9,0,-0.5878,0.0331,1,0,BANK_DEBIT_GATEWAY_FAILURE
5675.6,UPI,INDUSIND,PAYU,DEBITED,TIMED_OUT,TIMEOUT,AUTO_REFUNDED,CANCELLED,CANCELLED,NONE,504,1,ON_HOLD,PROCESSED,CREDITED_TO_CUSTOMER,396,53458,90341,12,0,0.1824,0.0638,1,0,BANK_DEBIT_GATEWAY_FAILURE
1705.0,DEBIT_CARD,INDUSIND,RAZORPAY,SUCCESS,SUCCESS,AUTHORIZED,CAPTURED,PAID,DELIVERED,DELIVERED,200,1,SETTLED,NONE,NONE,487,746,152225,11,0,-0.1026,0.0422,1,0,NORMAL
280.13,EMI,SBI,PAYU,REVERSED,PENDING,FAILED,AUTO_REFUNDED,FAILED,UNFULFILLED,RETRYING,500,1,DISCREPANCY,PENDING,REJECTED_BY_BANK,101481,101481,186142,11,0,-0.569,0.028,1,0,UNRESOLVED
1440.65,UPI,KOTAK,PAYU,SUCCESS,FAILED,NONE,FAILED,FAILED,CANCELLED,NONE,0,1,ON_HOLD,NONE,NOT_INITIATED,696,69707,180756,0,0,-0.5884,0.0426,1,0,BANK_DEBIT_GATEWAY_FAILURE
5367.65,UPI,AXIS,RAZORPAY,SUCCESS,SUCCESS,AUTHORIZED,CAPTURED,PROCESSING,PROCESSING,DELIVERED,200,1,SETTLED,NONE,NONE,45197,51010,207004,14,0,0.5336,0.0423,1,0,DELAYED_CONFIRMATION
1418.71,UPI,SBI,CASHFREE,SUCCESS,SUCCESS,AUTHORIZED,CAPTURED,PAID,DELIVERED,DELIVERED,200,1,SETTLED,NONE,NONE,237,326,123637,7,0,0.2897,0.0589,1,0,NORMAL
2047.17,UPI,ICICI,CASHFREE,SUCCESS,SUCCESS,AUTHORIZED,CAPTURED,PAID,DELIVERED,DELIVERED,200,1,SETTLED,NONE,NONE,708,938,133090,21,0,0.8611,0.0439,1,0,NORMAL
2123.01,UPI,AXIS,CASHFREE,SUCCESS,SUCCESS,AUTHORIZED,CAPTURED,CANCELLED,CANCELLED,DELIVERED,200,1,ON_HOLD,PROCESSED,NONE,332615,334622,112839,13,0,0.1174,0.0478,1,0,ORDER_PAYMENT_CONFLICT
4752.05,NET_BANKING,ICICI,BILLDESK,SUCCESS,SUCCESS,AUTHORIZED,CAPTURED,EXPIRED,CANCELLED,DELIVERED,200,1,ON_HOLD,INITIATED,NONE,320277,322448,45940,18,0,0.3577,0.0425,1,0,ORDER_PAYMENT_CONFLICT
2349.9,DEBIT_CARD,SBI,PAYU,SUCCESS,SUCCESS,AUTHORIZED,CAPTURED,REFUNDED,RETURNED,DELIVERED,200,1,REVERSED,MANUAL_INTERVENTION_REQUIRED,AWAITING_ACK,693,906,171832,1,0,-0.5104,0.0605,1,0,REFUND_UNCERTAINTY
6301.37,UPI,SBI,STRIPE,SUCCESS,SUCCESS,AUTHORIZED,CAPTURED,PAID,DELIVERED,DELIVERED,200,1,ON_HOLD,INITIATED,AWAITING_ACK,503,595,131382,9,1,0.3128,0.068,1,1,DUPLICATE_PAYMENT
12437.71,UPI,AXIS,BILLDESK,DEBITED,FAILED,TIMEOUT,FAILED,EXPIRED,CANCELLED,DELIVERED,200,1,ON_HOLD,INITIATED,NOT_INITIATED,1188,64057,26195,10,0,3.442,0.0121,1,0,BANK_DEBIT_GATEWAY_FAILURE
9097.94,UPI,HDFC,CASHFREE,SUCCESS,SUCCESS,AUTHORIZED,CAPTURED,PAID,DELIVERED,DELIVERED,200,1,ON_HOLD,PROCESSED,CREDITED_TO_CUSTOMER,718,876,245355,19,2,-0.2722,0.0756,1,1,DUPLICATE_PAYMENT
309.32,DEBIT_CARD,INDUSIND,PAYU,SUCCESS,SUCCESS,AUTHORIZED,CAPTURED,PAID,DELIVERED,DELIVERED,200,1,SETTLED,NONE,NONE,277,534,95316,22,0,-0.2635,0.0356,1,0,NORMAL
1091.24,NET_BANKING,ICICI,RAZORPAY,SUCCESS,SUCCESS,AUTHORIZED,CAPTURED,PAID,PROCESSING,DELIVERED,200,1,PENDING,NONE,NONE,742,967,177,12,0,-0.4257,0.0465,1,0,NORMAL
619.6,UPI,HDFC,STRIPE,SUCCESS,SUCCESS,AUTHORIZED,CAPTURED,PAID,DELIVERED,DELIVERED,200,1,SETTLED,NONE,NONE,644,881,86875,20,0,0.2908,0.0361,1,0,NORMAL
1721.04,CREDIT_CARD,HDFC,STRIPE,SUCCESS,SUCCESS,AUTHORIZED,CAPTURED,PAID,DELIVERED,DELIVERED,200,1,ON_HOLD,INITIATED,AWAITING_ACK,248,483,20995,18,4,-0.5083,0.0445,1,1,DUPLICATE_PAYMENT
3771.45,UPI,KOTAK,CASHFREE,SUCCESS,SUCCESS,AUTHORIZED,CAPTURED,EXPIRED,UNFULFILLED,FAILED,0,2,PENDING,NONE,NONE,354,565,258411,14,0,0.3469,0.0279,1,0,MISSING_WEBHOOK
4256.32,UPI,AXIS,PAYU,DEBITED,FAILED,FAILED,FAILED,CANCELLED,CANCELLED,DELIVERED,200,1,ON_HOLD,NONE,NOT_INITIATED,908,78298,11337,3,0,-0.1133,0.0592,1,0,BANK_DEBIT_GATEWAY_FAILURE
820.52,UPI,AXIS,RAZORPAY,SUCCESS,SUCCESS,AUTHORIZED,CAPTURED,REFUNDED,RETURNED,DELIVERED,200,1,REVERSED,MANUAL_INTERVENTION_REQUIRED,REJECTED_BY_BANK,622,703,258900,16,0,0.1396,0.0265,1,0,REFUND_UNCERTAINTY
391.73,CREDIT_CARD,ICICI,CASHFREE,SUCCESS,SUCCESS,AUTHORIZED,CAPTURED,PAID,DELIVERED,DELIVERED,200,1,ON_HOLD,NONE,AWAITING_ACK,450,574,33866,15,1,-0.4559,0.0394,1,1,DUPLICATE_PAYMENT
915.38,UPI,ICICI,RAZORPAY,SUCCESS,SUCCESS,AUTHORIZED,CAPTURED,PAID,DELIVERED,DELIVERED,200,1,SETTLED,NONE,NONE,211,511,101403,9,0,0.4083,0.0215,1,0,NORMAL
6220.15,CREDIT_CARD,ICICI,CASHFREE,SUCCESS,SUCCESS,AUTHORIZED,CAPTURED,PAID,PROCESSING,DELIVERED,200,2,SETTLED,NONE,NONE,83748,85803,220049,9,0,0.7772,0.0446,1,0,DELAYED_CONFIRMATION
6211.4,CREDIT_CARD,HDFC,CASHFREE,SUCCESS,SUCCESS,AUTHORIZED,CAPTURED,PAID,DELIVERED,DELIVERED,200,1,SETTLED,NONE,NONE,372,559,256677,23,0,0.294,0.0628,1,0,NORMAL
347.4,UPI,SBI,BILLDESK,SUCCESS,SUCCESS,AUTHORIZED,CAPTURED,PAID,PROCESSING,DELIVERED,200,1,PENDING,NONE,NONE,213,449,12740,9,0,-0.2763,0.0468,1,0,NORMAL
5847.32,UPI,AXIS,RAZORPAY,SUCCESS,SUCCESS,AUTHORIZED,CAPTURED,EXPIRED,CANCELLED,DELIVERED,200,1,ON_HOLD,INITIATED,NONE,272479,273806,135019,14,0,1.0883,0.0244,1,0,ORDER_PAYMENT_CONFLICT
781.52,CREDIT_CARD,HDFC,BILLDESK,SUCCESS,SUCCESS,AUTHORIZED,CAPTURED,EXPIRED,CANCELLED,DELIVERED,200,1,ON_HOLD,NONE,NONE,346932,347512,194969,22,0,-0.2895,0.0442,1,0,ORDER_PAYMENT_CONFLICT
1579.68,DEBIT_CARD,YES_BANK,PAYU,SUCCESS,SUCCESS,AUTHORIZED,CAPTURED,PAID,DELIVERED,DELIVERED,200,1,SETTLED,NONE,NONE,277,498,193431,16,0,0.4361,0.0571,1,0,NORMAL
1210.38,DEBIT_CARD,SBI,RAZORPAY,SUCCESS,SUCCESS,AUTHORIZED,CAPTURED,REFUNDED,RETURNED,DELIVERED,200,1,REVERSED,MANUAL_INTERVENTION_REQUIRED,AWAITING_ACK,292,551,138091,21,0,-0.5677,0.0115,1,0,REFUND_UNCERTAINTY
10977.14,WALLET,SBI,STRIPE,SUCCESS,SUCCESS,AUTHORIZED,CAPTURED,CANCELLED,CANCELLED,DELIVERED,200,1,ON_HOLD,PROCESSED,NONE,320373,321014,147562,10,0,-0.1218,0.0674,1,0,ORDER_PAYMENT_CONFLICT
2124.9,CREDIT_CARD,HDFC,PAYU,SUCCESS,SUCCESS,AUTHORIZED,CAPTURED,PAID,PROCESSING,DELIVERED,200,1,PENDING,NONE,NONE,491,760,76469,6,0,0.1184,0.0465,1,0,NORMAL
868.42,UPI,PNB,CASHFREE,SUCCESS,SUCCESS,AUTHORIZED,CAPTURED,PAID,DELIVERED,DELIVERED,200,1,DISCREPANCY,NONE,NONE,477,573,155564,16,0,-0.1659,0.0553,1,0,SETTLEMENT_MISMATCH
941.22,UPI,INDUSIND,STRIPE,SUCCESS,SUCCESS,AUTHORIZED,CAPTURED,PAID,DELIVERED,DELIVERED,200,1,DISCREPANCY,NONE,NONE,377,662,193274,2,0,0.3576,0.0378,1,0,SETTLEMENT_MISMATCH
4029.04,DEBIT_CARD,SBI,BILLDESK,SUCCESS,SUCCESS,AUTHORIZED,CAPTURED,PAID,PROCESSING,DELIVERED,200,1,PENDING,NONE,NONE,615,892,41200,15,0,-0.1606,0.0547,1,0,NORMAL
1562.43,UPI,SBI,BILLDESK,SUCCESS,SUCCESS,AUTHORIZED,CAPTURED,PAID,PROCESSING,DELIVERED,200,1,PENDING,NONE,NONE,477,624,7572,4,0,-0.1777,0.0545,1,0,NORMAL
900.78,UPI,PNB,RAZORPAY,SUCCESS,FAILED,TIMEOUT,FAILED,CANCELLED,CANCELLED,DELIVERED,200,1,ON_HOLD,INITIATED,NOT_INITIATED,795,84941,75140,8,0,0.2511,0.023,1,0,BANK_DEBIT_GATEWAY_FAILURE
1566.42,EMI,AXIS,PAYU,SUCCESS,FAILED,NONE,FAILED,CANCELLED,CANCELLED,DELIVERED,200,1,ON_HOLD,INITIATED,NOT_INITIATED,1357,88705,29916,4,0,-0.4406,0.0196,1,0,BANK_DEBIT_GATEWAY_FAILURE
1704.26,UPI,YES_BANK,BILLDESK,SUCCESS,SUCCESS,AUTHORIZED,CAPTURED,PAID,PROCESSING,DELIVERED,200,1,PENDING,NONE,NONE,444,600,45079,15,0,-0.6449,0.0646,1,0,NORMAL
1436.53,CREDIT_CARD,HDFC,CASHFREE,SUCCESS,SUCCESS,AUTHORIZED,CAPTURED,PAID,DELIVERED,DELIVERED,200,1,SETTLED,NONE,NONE,655,836,253829,13,0,-0.2439,0.0496,1,0,NORMAL
854.5,WALLET,SBI,PAYU,SUCCESS,SUCCESS,AUTHORIZED,CAPTURED,PAID,PROCESSING,RETRYING,200,3,PENDING,NONE,NONE,35330,37904,58408,2,0,0.3146,0.0258,1,0,DELAYED_CONFIRMATION
737.63,NET_BANKING,AXIS,BILLDESK,SUCCESS,SUCCESS,AUTHORIZED,CAPTURED,PAID,DELIVERED,DELIVERED,200,1,DISCREPANCY,NONE,NONE,693,853,187417,16,0,0.7785,0.0488,1,0,SETTLEMENT_MISMATCH
383.24,EMI,PNB,BILLDESK,SUCCESS,SUCCESS,AUTHORIZED,CAPTURED,PAID,PROCESSING,DELIVERED,200,1,PENDING,NONE,NONE,530,656,64517,11,0,-0.2016,0.0349,1,0,NORMAL
16446.24,DEBIT_CARD,YES_BANK,RAZORPAY,SUCCESS,SUCCESS,AUTHORIZED,CAPTURED,PAID,DELIVERED,DELIVERED,200,1,SETTLED,NONE,NONE,1535,2064,227016,11,0,0.3157,0.0603,1,0,NORMAL
601.31,UPI,PNB,BILLDESK,SUCCESS,SUCCESS,AUTHORIZED,CAPTURED,CANCELLED,CANCELLED,DELIVERED,200,1,ON_HOLD,NONE,NONE,333228,334131,156231,11,0,0.4317,0.0493,1,0,ORDER_PAYMENT_CONFLICT
396.06,WALLET,ICICI,STRIPE,SUCCESS,SUCCESS,AUTHORIZED,CAPTURED,PAID,DELIVERED,DELIVERED,200,1,DISCREPANCY,NONE,NONE,332,442,134839,5,0,-0.108,0.0422,1,0,SETTLEMENT_MISMATCH
135.16,DEBIT_CARD,KOTAK,BILLDESK,SUCCESS,FAILED,FAILED,FAILED,EXPIRED,CANCELLED,FAILED,500,1,ON_HOLD,INITIATED,NOT_INITIATED,1171,79859,52048,16,0,-0.6782,0.038,1,0,BANK_DEBIT_GATEWAY_FAILURE
3864.14,UPI,SBI,RAZORPAY,DEBITED,SUCCESS,AUTHORIZED,CAPTURED,PAID,PROCESSING,RETRYING,200,2,SETTLED,NONE,NONE,70402,73466,175313,15,0,-0.195,0.054,1,0,DELAYED_CONFIRMATION
1649.81,UPI,INDUSIND,STRIPE,SUCCESS,PENDING,AUTHORIZED,AUTO_REFUNDED,PENDING_PAYMENT,CANCELLED,RETRYING,500,1,DISCREPANCY,FAILED,NOT_INITIATED,58729,22431,179467,2,1,-0.5286,0.0407,1,0,UNRESOLVED
185.45,EMI,AXIS,BILLDESK,SUCCESS,SUCCESS,AUTHORIZED,CAPTURED,PAID,DELIVERED,DELIVERED,200,1,ON_HOLD,INITIATED,AWAITING_ACK,630,904,165995,18,2,-0.7147,0.0299,1,1,DUPLICATE_PAYMENT
3537.39,UPI,KOTAK,PAYU,SUCCESS,SUCCESS,AUTHORIZED,CAPTURED,PAID,DELIVERED,DELIVERED,200,1,SETTLED,NONE,NONE,398,654,207851,15,0,0.2634,0.0243,1,0,NORMAL
5546.36,UPI,AXIS,CASHFREE,SUCCESS,SUCCESS,AUTHORIZED,FAILED,FAILED,DELIVERED,DROPPED,500,1,DISCREPANCY,NONE,AWAITING_ACK,65673,109125,124728,12,2,0.1555,0.0548,1,0,UNRESOLVED
7102.82,CREDIT_CARD,YES_BANK,RAZORPAY,SUCCESS,SUCCESS,AUTHORIZED,CAPTURED,PAID,DELIVERED,DELIVERED,200,1,DISCREPANCY,NONE,NONE,625,809,184641,14,0,-0.3958,0.0676,1,0,SETTLEMENT_MISMATCH
862.97,NET_BANKING,YES_BANK,PAYU,SUCCESS,SUCCESS,AUTHORIZED,CAPTURED,CANCELLED,CANCELLED,DELIVERED,200,1,ON_HOLD,PROCESSED,NONE,311981,313083,186163,0,0,0.1986,0.0274,1,0,ORDER_PAYMENT_CONFLICT
8690.34,CREDIT_CARD,SBI,BILLDESK,SUCCESS,SUCCESS,AUTHORIZED,CAPTURED,PAID,DELIVERED,DELIVERED,200,1,SETTLED,NONE,NONE,605,707,143387,13,0,-0.3048,0.0753,1,0,NORMAL
1081.92,CREDIT_CARD,PNB,RAZORPAY,SUCCESS,SUCCESS,AUTHORIZED,CAPTURED,CANCELLED,CANCELLED,DELIVERED,200,1,ON_HOLD,PROCESSED,NONE,357103,359313,250016,3,0,0.5027,0.0263,1,0,ORDER_PAYMENT_CONFLICT
553.86,UPI,INDUSIND,RAZORPAY,SUCCESS,SUCCESS,AUTHORIZED,CAPTURED,PAID,DELIVERED,DELIVERED,200,1,ON_HOLD,NONE,AWAITING_ACK,274,396,234310,1,1,0.1539,0.0482,1,1,DUPLICATE_PAYMENT
716.93,UPI,PNB,RAZORPAY,SUCCESS,SUCCESS,AUTHORIZED,CAPTURED,PAID,DELIVERED,DELIVERED,200,1,SETTLED,NONE,NONE,347,540,130459,2,0,0.4936,0.0487,1,0,NORMAL
1142.02,UPI,ICICI,RAZORPAY,SUCCESS,FAILED,TIMEOUT,FAILED,CANCELLED,CANCELLED,NONE,500,1,ON_HOLD,PROCESSED,CREDITED_TO_CUSTOMER,593,47088,171081,6,0,0.5861,0.036,1,0,BANK_DEBIT_GATEWAY_FAILURE
1340.64,NET_BANKING,YES_BANK,STRIPE,SUCCESS,FAILED,FAILED,FAILED,CANCELLED,CANCELLED,NONE,500,1,ON_HOLD,INITIATED,NOT_INITIATED,1305,76726,6749,15,0,0.862,0.0276,1,0,BANK_DEBIT_GATEWAY_FAILURE
4256.06,UPI,PNB,BILLDESK,SUCCESS,SUCCESS,AUTHORIZED,CAPTURED,PAID,DELIVERED,DELIVERED,200,1,ON_HOLD,PROCESSED,CREDITED_TO_CUSTOMER,563,801,208511,16,1,-0.6595,0.0613,1,1,DUPLICATE_PAYMENT
1407.67,UPI,AXIS,RAZORPAY,SUCCESS,SUCCESS,AUTHORIZED,CAPTURED,PAID,DELIVERED,DELIVERED,200,1,SETTLED,NONE,NONE,374,625,237116,22,0,0.9551,0.0248,1,0,NORMAL
811.52,UPI,YES_BANK,BILLDESK,SUCCESS,SUCCESS,AUTHORIZED,CAPTURED,PENDING_PAYMENT,UNFULFILLED,TIMED_OUT,0,3,ON_HOLD,NONE,NONE,533,711,115014,14,0,0.1271,0.0306,1,0,MISSING_WEBHOOK
323.09,UPI,ICICI,STRIPE,SUCCESS,SUCCESS,AUTHORIZED,CAPTURED,CANCELLED,CANCELLED,DELIVERED,200,1,ON_HOLD,INITIATED,NONE,331869,333651,10838,23,0,-0.3269,0.0384,1,0,ORDER_PAYMENT_CONFLICT
465.22,NET_BANKING,YES_BANK,PAYU,SUCCESS,SUCCESS,AUTHORIZED,CAPTURED,PAID,DELIVERED,DELIVERED,200,1,SETTLED,NONE,NONE,307,429,133750,3,0,-0.2843,0.0363,1,0,NORMAL
1619.33,DEBIT_CARD,HDFC,BILLDESK,SUCCESS,PENDING,AUTHORIZED,CAPTURED,PAID,PROCESSING,DELIVERED,200,1,PENDING,NONE,NONE,69039,74093,54597,9,0,-0.5373,0.035,1,0,DELAYED_CONFIRMATION
2353.49,CREDIT_CARD,HDFC,RAZORPAY,SUCCESS,SUCCESS,AUTHORIZED,CAPTURED,PENDING_PAYMENT,UNFULFILLED,FAILED,500,5,ON_HOLD,NONE,NONE,436,561,44200,0,0,1.1395,0.0522,1,0,MISSING_WEBHOOK
267.67,CREDIT_CARD,SBI,STRIPE,SUCCESS,FAILED,TIMEOUT,FAILED,CANCELLED,CANCELLED,FAILED,0,1,ON_HOLD,PROCESSED,CREDITED_TO_CUSTOMER,478,79136,195030,20,0,-0.4424,0.0314,1,0,BANK_DEBIT_GATEWAY_FAILURE
956.3,UPI,ICICI,BILLDESK,SUCCESS,SUCCESS,AUTHORIZED,CAPTURED,PENDING_PAYMENT,UNFULFILLED,FAILED,0,2,ON_HOLD,NONE,NONE,543,671,219995,16,0,0.3282,0.0207,1,0,MISSING_WEBHOOK
1082.18,CREDIT_CARD,KOTAK,RAZORPAY,SUCCESS,SUCCESS,AUTHORIZED,CAPTURED,PAID,DELIVERED,DELIVERED,200,1,SETTLED,NONE,NONE,383,618,130509,3,0,0.6649,0.0302,1,0,NORMAL
616.78,UPI,INDUSIND,CASHFREE,DEBITED,FAILED,FAILED,FAILED,CANCELLED,CANCELLED,DELIVERED,200,1,ON_HOLD,NONE,NOT_INITIATED,1042,51380,217981,0,0,-0.0511,0.0216,1,0,BANK_DEBIT_GATEWAY_FAILURE
2354.01,UPI,AXIS,CASHFREE,SUCCESS,SUCCESS,AUTHORIZED,CAPTURED,PAID,DELIVERED,DELIVERED,200,1,SETTLED,NONE,NONE,554,769,229788,17,0,0.239,0.0465,1,0,NORMAL
18868.99,CREDIT_CARD,INDUSIND,RAZORPAY,SUCCESS,SUCCESS,AUTHORIZED,CAPTURED,PAID,PROCESSING,DELIVERED,200,1,PENDING,NONE,NONE,313,479,78245,7,0,0.5095,0.0607,1,0,NORMAL
4194.77,UPI,ICICI,STRIPE,SUCCESS,SUCCESS,AUTHORIZED,CAPTURED,PAID,PROCESSING,DELIVERED,200,1,PENDING,NONE,NONE,250,396,57282,19,0,0.1985,0.0411,1,0,NORMAL
672.51,DEBIT_CARD,HDFC,CASHFREE,SUCCESS,SUCCESS,AUTHORIZED,CAPTURED,EXPIRED,CANCELLED,DELIVERED,200,1,ON_HOLD,PROCESSED,NONE,338331,339869,42953,14,0,0.0346,0.0378,1,0,ORDER_PAYMENT_CONFLICT
4960.47,UPI,HDFC,PAYU,SUCCESS,SUCCESS,AUTHORIZED,CAPTURED,PAID,DELIVERED,DELIVERED,200,1,SETTLED,NONE,NONE,422,512,103149,1,0,0.7716,0.0281,1,0,NORMAL
689.05,UPI,YES_BANK,BILLDESK,SUCCESS,SUCCESS,AUTHORIZED,CAPTURED,PAID,DELIVERED,DELIVERED,200,2,SETTLED,NONE,NONE,707,999,116383,13,0,0.6406,0.0334,1,0,NORMAL
1590.56,CREDIT_CARD,HDFC,STRIPE,SUCCESS,TIMED_OUT,FAILED,FAILED,CANCELLED,CANCELLED,DELIVERED,200,1,ON_HOLD,INITIATED,NOT_INITIATED,1280,69103,13512,12,0,-0.4319,0.0148,1,0,BANK_DEBIT_GATEWAY_FAILURE
2501.53,UPI,YES_BANK,BILLDESK,SUCCESS,SUCCESS,AUTHORIZED,CAPTURED,CANCELLED,CANCELLED,DELIVERED,200,1,ON_HOLD,PROCESSED,NONE,255114,255872,17166,9,0,-0.1066,0.0291,1,0,ORDER_PAYMENT_CONFLICT
623.78,UPI,YES_BANK,CASHFREE,SUCCESS,SUCCESS,AUTHORIZED,CAPTURED,PAID,DELIVERED,DELIVERED,200,1,SETTLED,NONE,NONE,404,655,165217,13,0,0.4852,0.0453,1,0,NORMAL
5027.62,UPI,AXIS,CASHFREE,SUCCESS,SUCCESS,AUTHORIZED,CAPTURED,PAID,PROCESSING,DELIVERED,200,1,PENDING,NONE,NONE,337,464,19707,17,0,0.7956,0.0153,1,0,NORMAL
7003.38,UPI,PNB,STRIPE,SUCCESS,SUCCESS,AUTHORIZED,CAPTURED,PAID,DELIVERED,DELIVERED,200,1,SETTLED,NONE,NONE,313,516,226149,0,0,0.459,0.0536,1,0,NORMAL
6530.47,UPI,HDFC,PAYU,SUCCESS,SUCCESS,AUTHORIZED,CAPTURED,PAID,DELIVERED,DELIVERED,200,1,SETTLED,NONE,NONE,715,895,240815,16,0,0.3605,0.0621,1,0,NORMAL
14398.12,CREDIT_CARD,PNB,STRIPE,SUCCESS,SUCCESS,AUTHORIZED,CAPTURED,PAID,DELIVERED,DELIVERED,200,1,SETTLED,NONE,NONE,636,815,128381,6,0,0.1518,0.0626,1,0,NORMAL
3402.84,UPI,AXIS,CASHFREE,SUCCESS,SUCCESS,AUTHORIZED,CAPTURED,PAID,PROCESSING,DELIVERED,200,1,PENDING,NONE,NONE,1825,2474,83371,23,0,-0.0278,0.0433,1,0,NORMAL
541.07,CREDIT_CARD,HDFC,STRIPE,SUCCESS,SUCCESS,AUTHORIZED,CAPTURED,PAID,DELIVERED,DELIVERED,200,1,DISCREPANCY,NONE,NONE,707,906,218517,9,0,0.2002,0.0401,1,0,SETTLEMENT_MISMATCH
1242.65,UPI,AXIS,STRIPE,SUCCESS,SUCCESS,AUTHORIZED,CAPTURED,PAID,DELIVERED,DELIVERED,200,1,SETTLED,NONE,NONE,2544,3438,235622,14,0,0.9118,0.0364,1,0,NORMAL
15053.66,EMI,PNB,PAYU,SUCCESS,SUCCESS,AUTHORIZED,CAPTURED,PAID,DELIVERED,DELIVERED,200,1,SETTLED,NONE,NONE,187,347,196567,13,0,0.2043,0.0671,1,0,NORMAL
2739.89,UPI,PNB,STRIPE,SUCCESS,SUCCESS,AUTHORIZED,CAPTURED,PAID,DELIVERED,DELIVERED,200,1,SETTLED,NONE,NONE,226,307,253578,21,0,-0.2172,0.0367,1,0,NORMAL
1073.89,NET_BANKING,INDUSIND,PAYU,SUCCESS,SUCCESS,AUTHORIZED,CAPTURED,PAID,PROCESSING,DELIVERED,200,1,PENDING,NONE,NONE,293,575,79382,14,0,0.4915,0.0395,1,0,NORMAL
433.49,UPI,YES_BANK,CASHFREE,REVERSED,SUCCESS,AUTHORIZED,CAPTURED,REFUNDED,RETURNED,DELIVERED,200,1,REVERSED,MANUAL_INTERVENTION_REQUIRED,AWAITING_ACK,289,561,64851,6,0,-0.0969,0.0415,1,0,REFUND_UNCERTAINTY
796.51,CREDIT_CARD,ICICI,RAZORPAY,SUCCESS,SUCCESS,AUTHORIZED,CAPTURED,PENDING_PAYMENT,UNFULFILLED,DROPPED,404,4,ON_HOLD,NONE,NONE,352,531,75699,15,0,-0.2759,0.0527,1,0,MISSING_WEBHOOK
303.93,UPI,HDFC,STRIPE,SUCCESS,SUCCESS,AUTHORIZED,CAPTURED,PAID,DELIVERED,DELIVERED,200,1,SETTLED,NONE,NONE,530,827,193332,21,0,-0.2764,0.0309,1,0,NORMAL
17960.97,UPI,PNB,CASHFREE,DEBITED,FAILED,FAILED,NOT_REQUESTED,CANCELLED,CANCELLED,NONE,500,1,ON_HOLD,PROCESSED,CREDITED_TO_CUSTOMER,577,55571,77468,6,0,0.4369,0.0633,1,0,BANK_DEBIT_GATEWAY_FAILURE
1257.52,UPI,PNB,STRIPE,SUCCESS,SUCCESS,AUTHORIZED,CAPTURED,CANCELLED,UNFULFILLED,DROPPED,500,2,ON_HOLD,NONE,NONE,555,778,68792,5,0,0.7466,0.0276,1,0,MISSING_WEBHOOK
635.59,CREDIT_CARD,KOTAK,CASHFREE,SUCCESS,SUCCESS,AUTHORIZED,CAPTURED,PAID,DELIVERED,DELIVERED,200,1,DISCREPANCY,NONE,NONE,302,432,6467,4,0,0.4029,0.0375,1,0,SETTLEMENT_MISMATCH
292.85,UPI,INDUSIND,RAZORPAY,SUCCESS,SUCCESS,AUTHORIZED,CAPTURED,PAID,DELIVERED,DELIVERED,200,1,ON_HOLD,INITIATED,AWAITING_ACK,726,975,228440,8,2,-0.3899,0.0474,1,1,DUPLICATE_PAYMENT
895.54,CREDIT_CARD,KOTAK,STRIPE,SUCCESS,SUCCESS,AUTHORIZED,CAPTURED,PAID,PROCESSING,DELIVERED,200,3,PENDING,NONE,NONE,205,479,70379,10,0,0.2438,0.0277,1,0,NORMAL
1172.1,UPI,AXIS,PAYU,SUCCESS,SUCCESS,AUTHORIZED,CAPTURED,REFUNDED,RETURNED,DELIVERED,200,1,REVERSED,MANUAL_INTERVENTION_REQUIRED,AWAITING_ACK,395,519,44888,19,0,-0.3831,0.0576,1,0,REFUND_UNCERTAINTY
383.43,CREDIT_CARD,KOTAK,RAZORPAY,SUCCESS,SUCCESS,AUTHORIZED,CAPTURED,PAID,PROCESSING,DELIVERED,200,2,PENDING,NONE,NONE,99823,104852,73238,6,0,-0.4675,0.0338,1,0,DELAYED_CONFIRMATION
13559.22,UPI,SBI,CASHFREE,SUCCESS,SUCCESS,AUTHORIZED,CAPTURED,REFUNDED,RETURNED,DELIVERED,200,1,REVERSED,PENDING,REJECTED_BY_BANK,591,733,96244,6,0,0.0847,0.0646,1,0,REFUND_UNCERTAINTY
1108.98,UPI,AXIS,RAZORPAY,SUCCESS,SUCCESS,AUTHORIZED,CAPTURED,PAID,DELIVERED,DELIVERED,200,3,SETTLED,NONE,NONE,2302,3194,203678,19,0,1.3104,0.0446,1,0,NORMAL
1363.76,CREDIT_CARD,PNB,CASHFREE,SUCCESS,SUCCESS,AUTHORIZED,CAPTURED,REFUNDED,RETURNED,DELIVERED,200,1,REVERSED,MANUAL_INTERVENTION_REQUIRED,AWAITING_ACK,316,570,79045,22,0,-0.5129,0.0244,1,0,REFUND_UNCERTAINTY
6514.93,CREDIT_CARD,INDUSIND,BILLDESK,SUCCESS,SUCCESS,AUTHORIZED,CAPTURED,PENDING_PAYMENT,UNFULFILLED,DROPPED,404,4,ON_HOLD,NONE,NONE,524,789,138092,16,0,-0.4788,0.0651,1,0,MISSING_WEBHOOK
428.58,EMI,SBI,BILLDESK,SUCCESS,SUCCESS,AUTHORIZED,CAPTURED,PAID,DELIVERED,DELIVERED,200,1,DISCREPANCY,NONE,NONE,682,803,43315,17,0,0.0923,0.0444,1,0,SETTLEMENT_MISMATCH
561.26,UPI,HDFC,RAZORPAY,SUCCESS,SUCCESS,AUTHORIZED,CAPTURED,PAID,DELIVERED,DELIVERED,200,1,SETTLED,NONE,NONE,493,580,100890,10,0,0.1693,0.0319,1,0,NORMAL
393.9,CREDIT_CARD,SBI,PAYU,SUCCESS,SUCCESS,AUTHORIZED,CAPTURED,REFUNDED,RETURNED,DELIVERED,200,1,REVERSED,FAILED,AWAITING_ACK,327,560,45774,22,0,-0.1794,0.0352,1,0,REFUND_UNCERTAINTY
486.83,UPI,ICICI,BILLDESK,SUCCESS,SUCCESS,AUTHORIZED,CAPTURED,PENDING_PAYMENT,UNFULFILLED,DROPPED,0,5,ON_HOLD,NONE,NONE,237,425,22111,3,0,0.1591,0.0372,1,0,MISSING_WEBHOOK
751.56,UPI,SBI,CASHFREE,SUCCESS,SUCCESS,AUTHORIZED,CAPTURED,PAID,DELIVERED,DELIVERED,200,1,SETTLED,NONE,NONE,742,864,124622,21,0,0.1562,0.0396,1,0,NORMAL
3663.2,UPI,PNB,STRIPE,SUCCESS,SUCCESS,AUTHORIZED,CAPTURED,PAID,DELIVERED,DELIVERED,200,1,SETTLED,NONE,NONE,1715,2488,185029,11,0,0.0466,0.0311,1,0,NORMAL
545.09,CREDIT_CARD,KOTAK,RAZORPAY,SUCCESS,SUCCESS,AUTHORIZED,CAPTURED,PAID,DELIVERED,DELIVERED,200,1,ON_HOLD,NONE,AWAITING_ACK,474,762,34971,15,1,0.2978,0.0437,1,1,DUPLICATE_PAYMENT
459.62,UPI,ICICI,RAZORPAY,SUCCESS,SUCCESS,AUTHORIZED,CAPTURED,REFUNDED,RETURNED,DELIVERED,200,1,REVERSED,MANUAL_INTERVENTION_REQUIRED,AWAITING_ACK,408,599,177188,20,0,-0.3616,0.0395,1,0,REFUND_UNCERTAINTY
823.62,UPI,YES_BANK,BILLDESK,SUCCESS,SUCCESS,AUTHORIZED,CAPTURED,PAID,DELIVERED,DELIVERED,200,1,SETTLED,NONE,NONE,709,925,234195,4,0,0.1439,0.0295,1,0,NORMAL
1089.07,NET_BANKING,YES_BANK,BILLDESK,SUCCESS,SUCCESS,AUTHORIZED,CAPTURED,PAID,DELIVERED,DELIVERED,200,1,SETTLED,NONE,NONE,695,907,162473,13,0,0.5126,0.0324,1,0,NORMAL
860.55,UPI,SBI,BILLDESK,SUCCESS,SUCCESS,AUTHORIZED,CAPTURED,REFUNDED,RETURNED,DELIVERED,200,1,REVERSED,PENDING,NOT_INITIATED,500,773,130904,23,0,1.0489,0.0373,1,0,REFUND_UNCERTAINTY
261.11,DEBIT_CARD,INDUSIND,RAZORPAY,SUCCESS,PENDING,AUTHORIZED,CAPTURED,PAID,PROCESSING,SCHEDULED,200,1,SETTLED,NONE,NONE,72661,76282,109676,4,0,-0.456,0.0441,1,0,DELAYED_CONFIRMATION
12551.1,UPI,SBI,RAZORPAY,SUCCESS,SUCCESS,AUTHORIZED,CAPTURED,PAID,PROCESSING,DELIVERED,200,1,PENDING,NONE,NONE,483,855,50768,16,0,0.0041,0.0714,1,0,NORMAL
10265.23,UPI,PNB,CASHFREE,SUCCESS,SUCCESS,AUTHORIZED,CAPTURED,PAID,DELIVERED,DELIVERED,200,1,SETTLED,NONE,NONE,359,535,154419,21,0,1.1386,0.063,1,0,NORMAL
165.82,DEBIT_CARD,PNB,PAYU,SUCCESS,SUCCESS,AUTHORIZED,CAPTURED,PROCESSING,PROCESSING,DELIVERED,200,3,SETTLED,NONE,NONE,42166,45367,247170,10,0,-0.6052,0.0378,1,0,DELAYED_CONFIRMATION
319.15,CREDIT_CARD,INDUSIND,BILLDESK,SUCCESS,SUCCESS,AUTHORIZED,CAPTURED,PENDING_PAYMENT,UNFULFILLED,FAILED,0,5,ON_HOLD,NONE,NONE,299,391,86107,7,0,-0.2401,0.0328,1,0,MISSING_WEBHOOK
206.8,NET_BANKING,ICICI,RAZORPAY,SUCCESS,SUCCESS,AUTHORIZED,CAPTURED,PAID,DELIVERED,DELIVERED,200,1,SETTLED,NONE,NONE,707,896,192925,21,0,-0.5076,0.037,1,0,NORMAL
16606.79,UPI,SBI,PAYU,SUCCESS,SUCCESS,AUTHORIZED,CAPTURED,PAID,PROCESSING,DELIVERED,200,1,SETTLED,NONE,NONE,46137,50123,189411,2,0,0.3285,0.0798,1,0,DELAYED_CONFIRMATION
6562.58,UPI,ICICI,CASHFREE,SUCCESS,FAILED,TIMEOUT,FAILED,CANCELLED,CANCELLED,NONE,504,1,ON_HOLD,NONE,NOT_INITIATED,1322,76960,25698,19,0,0.3672,0.0686,1,0,BANK_DEBIT_GATEWAY_FAILURE
2594.2,UPI,ICICI,CASHFREE,SUCCESS,PENDING,FAILED,CAPTURED,PAID,UNFULFILLED,DELIVERED,200,1,ON_HOLD,FAILED,REJECTED_BY_BANK,15255,88801,106701,13,2,-0.2588,0.0304,1,0,UNRESOLVED
2187.87,EMI,PNB,PAYU,SUCCESS,TIMED_OUT,TIMEOUT,AUTO_REFUNDED,CANCELLED,CANCELLED,DELIVERED,200,1,ON_HOLD,INITIATED,NOT_INITIATED,412,45640,4814,21,0,0.989,0.0496,1,0,BANK_DEBIT_GATEWAY_FAILURE
1244.96,UPI,PNB,PAYU,DEBITED,PENDING,FAILED,AUTO_REFUNDED,PAID,RETURNED,DROPPED,0,1,ON_HOLD,NONE,AWAITING_ACK,102511,102511,26798,10,0,0.9153,0.0272,1,0,UNRESOLVED
581.53,UPI,SBI,STRIPE,SUCCESS,SUCCESS,AUTHORIZED,CAPTURED,PAID,DELIVERED,DELIVERED,200,1,SETTLED,NONE,NONE,562,790,178969,16,0,0.2115,0.0426,1,0,NORMAL
686.86,CREDIT_CARD,SBI,STRIPE,SUCCESS,SUCCESS,AUTHORIZED,CAPTURED,PAID,DELIVERED,DELIVERED,200,1,SETTLED,NONE,NONE,333,469,204265,22,0,-0.3756,0.0451,1,0,NORMAL
3171.43,UPI,INDUSIND,STRIPE,SUCCESS,FAILED,TIMEOUT,FAILED,CANCELLED,CANCELLED,NONE,0,1,ON_HOLD,NONE,NOT_INITIATED,457,71597,157344,0,0,0.1327,0.0282,1,0,BANK_DEBIT_GATEWAY_FAILURE
475.08,NET_BANKING,HDFC,RAZORPAY,SUCCESS,SUCCESS,AUTHORIZED,CAPTURED,PAID,DELIVERED,DELIVERED,200,1,SETTLED,NONE,NONE,405,596,158984,0,0,-0.5681,0.0487,1,0,NORMAL
4237.76,UPI,KOTAK,CASHFREE,SUCCESS,SUCCESS,AUTHORIZED,CAPTURED,CANCELLED,CANCELLED,DELIVERED,200,1,ON_HOLD,INITIATED,NONE,350510,352697,247668,22,0,1.2304,0.0403,1,0,ORDER_PAYMENT_CONFLICT
1447.76,NET_BANKING,INDUSIND,PAYU,SUCCESS,SUCCESS,AUTHORIZED,CAPTURED,PAID,DELIVERED,DELIVERED,200,1,SETTLED,NONE,NONE,389,554,233769,20,0,2.447,0.0315,1,0,NORMAL
542.32,UPI,HDFC,CASHFREE,SUCCESS,SUCCESS,AUTHORIZED,CAPTURED,PAID,DELIVERED,DELIVERED,200,1,SETTLED,NONE,NONE,460,889,207399,3,0,0.1298,0.0411,1,0,NORMAL
714.53,UPI,AXIS,BILLDESK,SUCCESS,TIMED_OUT,TIMEOUT,FAILED,EXPIRED,CANCELLED,DELIVERED,200,1,ON_HOLD,NONE,NOT_INITIATED,497,73533,251782,22,0,0.0993,0.0261,1,0,BANK_DEBIT_GATEWAY_FAILURE
82.96,UPI,AXIS,CASHFREE,SUCCESS,SUCCESS,AUTHORIZED,CAPTURED,PAID,DELIVERED,DELIVERED,200,1,SETTLED,NONE,NONE,3729,4087,154409,5,0,-0.8025,0.0466,1,0,NORMAL
896.26,UPI,HDFC,PAYU,SUCCESS,SUCCESS,AUTHORIZED,CAPTURED,PAID,DELIVERED,DELIVERED,200,1,SETTLED,NONE,NONE,557,673,125099,17,0,0.2448,0.0265,1,0,NORMAL
6158.03,NET_BANKING,INDUSIND,BILLDESK,SUCCESS,SUCCESS,AUTHORIZED,CAPTURED,REFUNDED,RETURNED,DELIVERED,200,1,REVERSED,PENDING,REJECTED_BY_BANK,571,720,91907,16,0,2.2411,0.0412,1,0,REFUND_UNCERTAINTY
5908.71,CREDIT_CARD,KOTAK,RAZORPAY,SUCCESS,SUCCESS,AUTHORIZED,CAPTURED,PAID,PROCESSING,DELIVERED,200,1,PENDING,NONE,NONE,720,960,72144,7,0,1.1103,0.0182,1,0,NORMAL
1099.57,UPI,YES_BANK,STRIPE,SUCCESS,SUCCESS,AUTHORIZED,CAPTURED,PENDING_PAYMENT,UNFULFILLED,DROPPED,404,3,ON_HOLD,NONE,NONE,454,584,237876,11,0,0.6916,0.0247,1,0,MISSING_WEBHOOK
331.25,WALLET,KOTAK,PAYU,SUCCESS,FAILED,FAILED,AUTO_REFUNDED,CANCELLED,CANCELLED,FAILED,504,1,ON_HOLD,INITIATED,NOT_INITIATED,1075,92974,235259,13,0,-0.4904,0.0332,1,0,BANK_DEBIT_GATEWAY_FAILURE
1684.79,UPI,HDFC,STRIPE,DEBITED,FAILED,FAILED,FAILED,EXPIRED,CANCELLED,FAILED,500,1,ON_HOLD,INITIATED,NOT_INITIATED,397,92728,28206,16,0,0.5316,0.0487,1,0,BANK_DEBIT_GATEWAY_FAILURE
321.45,NET_BANKING,AXIS,BILLDESK,SUCCESS,SUCCESS,AUTHORIZED,CAPTURED,PAID,DELIVERED,DELIVERED,200,1,ON_HOLD,PROCESSED,CREDITED_TO_CUSTOMER,202,389,256316,12,1,-0.7078,0.0557,1,1,DUPLICATE_PAYMENT
459.95,UPI,PNB,BILLDESK,SUCCESS,SUCCESS,AUTHORIZED,CAPTURED,PENDING_PAYMENT,UNFULFILLED,FAILED,404,2,ON_HOLD,NONE,NONE,311,600,161759,9,0,-0.2924,0.0355,1,0,MISSING_WEBHOOK
412.05,NET_BANKING,HDFC,CASHFREE,DEBITED,FAILED,TIMEOUT,FAILED,EXPIRED,CANCELLED,DELIVERED,200,1,ON_HOLD,NONE,NOT_INITIATED,1099,63049,66401,10,0,-0.3661,0.0213,1,0,BANK_DEBIT_GATEWAY_FAILURE
678.65,UPI,INDUSIND,RAZORPAY,SUCCESS,SUCCESS,AUTHORIZED,CAPTURED,PAID,DELIVERED,DELIVERED,200,1,SETTLED,NONE,NONE,459,632,125179,15,0,-0.0574,0.0204,1,0,NORMAL
427.2,CREDIT_CARD,SBI,BILLDESK,SUCCESS,SUCCESS,AUTHORIZED,CAPTURED,PAID,DELIVERED,DELIVERED,200,1,SETTLED,NONE,NONE,342,533,135631,10,0,0.0171,0.0326,1,0,NORMAL
5185.21,UPI,ICICI,STRIPE,SUCCESS,SUCCESS,AUTHORIZED,CAPTURED,PENDING_PAYMENT,PROCESSING,DELIVERED,200,2,SETTLED,NONE,NONE,73933,79776,210015,1,0,0.8519,0.0255,1,0,DELAYED_CONFIRMATION
862.88,NET_BANKING,SBI,BILLDESK,SUCCESS,FAILED,TIMEOUT,FAILED,CANCELLED,CANCELLED,FAILED,0,1,ON_HOLD,INITIATED,NOT_INITIATED,1477,58346,11078,1,0,0.1984,0.034,1,0,BANK_DEBIT_GATEWAY_FAILURE
2188.86,UPI,SBI,CASHFREE,SUCCESS,SUCCESS,AUTHORIZED,CAPTURED,PAID,PROCESSING,DELIVERED,200,1,PENDING,NONE,NONE,691,862,21976,21,0,2.3675,0.0281,1,0,NORMAL
595.05,DEBIT_CARD,AXIS,BILLDESK,SUCCESS,SUCCESS,AUTHORIZED,CAPTURED,PAID,DELIVERED,DELIVERED,200,1,ON_HOLD,NONE,AWAITING_ACK,551,753,121751,17,3,-0.0845,0.0338,1,1,DUPLICATE_PAYMENT
436.45,EMI,HDFC,CASHFREE,DEBITED,FAILED,TIMEOUT,FAILED,CANCELLED,CANCELLED,DELIVERED,200,1,ON_HOLD,PROCESSED,CREDITED_TO_CUSTOMER,1003,61830,6804,16,0,-0.3938,0.0214,1,0,BANK_DEBIT_GATEWAY_FAILURE
28117.64,NET_BANKING,KOTAK,CASHFREE,SUCCESS,SUCCESS,AUTHORIZED,CAPTURED,PAID,DELIVERED,DELIVERED,200,1,ON_HOLD,PROCESSED,CREDITED_TO_CUSTOMER,618,722,24567,21,1,1.2494,0.0771,1,1,DUPLICATE_PAYMENT
438.21,CREDIT_CARD,ICICI,STRIPE,SUCCESS,SUCCESS,AUTHORIZED,CAPTURED,PAID,PROCESSING,DELIVERED,200,1,PENDING,NONE,NONE,200,383,85322,15,0,-0.3914,0.0292,1,0,NORMAL
3055.8,UPI,AXIS,PAYU,SUCCESS,SUCCESS,AUTHORIZED,CAPTURED,PAID,DELIVERED,DELIVERED,200,1,SETTLED,NONE,NONE,182,428,150651,3,0,3.7012,0.0337,1,0,NORMAL
746.61,UPI,PNB,RAZORPAY,SUCCESS,SUCCESS,AUTHORIZED,CAPTURED,CANCELLED,CANCELLED,DELIVERED,200,1,ON_HOLD,INITIATED,NONE,245042,245755,149282,18,0,0.7776,0.0426,1,0,ORDER_PAYMENT_CONFLICT
511.5,NET_BANKING,AXIS,BILLDESK,SUCCESS,SUCCESS,AUTHORIZED,CAPTURED,PAID,DELIVERED,DELIVERED,200,1,SETTLED,NONE,NONE,4345,4649,199222,20,0,-0.2896,0.0243,1,0,NORMAL
315.12,WALLET,AXIS,STRIPE,SUCCESS,SUCCESS,AUTHORIZED,CAPTURED,PAID,DELIVERED,DELIVERED,200,1,SETTLED,NONE,NONE,670,918,226982,4,0,-0.2497,0.0472,1,0,NORMAL
741.0,DEBIT_CARD,HDFC,PAYU,REVERSED,FAILED,FAILED,AUTO_REFUNDED,FAILED,CANCELLED,DELIVERED,504,1,DISCREPANCY,FAILED,REJECTED_BY_BANK,93374,7221,162812,7,1,0.14,0.0269,1,0,UNRESOLVED
1083.23,UPI,KOTAK,CASHFREE,SUCCESS,SUCCESS,AUTHORIZED,CAPTURED,PAID,PROCESSING,DELIVERED,200,1,PENDING,NONE,NONE,477,621,70034,12,0,-0.4299,0.0567,1,0,NORMAL
1448.01,UPI,KOTAK,RAZORPAY,SUCCESS,SUCCESS,AUTHORIZED,CAPTURED,PAID,DELIVERED,DELIVERED,200,1,DISCREPANCY,NONE,NONE,240,442,101959,15,0,-0.427,0.0169,1,0,SETTLEMENT_MISMATCH
15046.68,UPI,KOTAK,CASHFREE,SUCCESS,SUCCESS,AUTHORIZED,CAPTURED,PAID,DELIVERED,DELIVERED,200,1,ON_HOLD,NONE,AWAITING_ACK,249,349,82888,3,2,0.2037,0.0643,1,1,DUPLICATE_PAYMENT
10437.96,NET_BANKING,KOTAK,STRIPE,SUCCESS,SUCCESS,AUTHORIZED,CAPTURED,EXPIRED,UNFULFILLED,DROPPED,404,4,ON_HOLD,NONE,NONE,654,900,1327,6,0,-0.165,0.0749,1,0,MISSING_WEBHOOK
131.2,UPI,INDUSIND,BILLDESK,SUCCESS,SUCCESS,AUTHORIZED,CAPTURED,EXPIRED,UNFULFILLED,DROPPED,502,5,ON_HOLD,NONE,NONE,200,349,183907,21,0,-0.8178,0.0366,1,0,MISSING_WEBHOOK
3629.38,UPI,AXIS,CASHFREE,SUCCESS,SUCCESS,AUTHORIZED,CAPTURED,PAID,DELIVERED,DELIVERED,200,1,SETTLED,NONE,NONE,2198,2519,115466,7,0,0.9102,0.0405,1,0,NORMAL
3011.13,CREDIT_CARD,KOTAK,STRIPE,SUCCESS,SUCCESS,AUTHORIZED,CAPTURED,PAID,DELIVERED,DELIVERED,200,1,SETTLED,NONE,NONE,588,760,235388,13,0,0.5848,0.0428,1,0,NORMAL
6787.77,UPI,PNB,BILLDESK,SUCCESS,SUCCESS,AUTHORIZED,CAPTURED,PAID,DELIVERED,DELIVERED,200,1,ON_HOLD,NONE,AWAITING_ACK,345,543,205459,20,1,0.9394,0.0382,1,1,DUPLICATE_PAYMENT
12279.49,UPI,ICICI,STRIPE,SUCCESS,SUCCESS,AUTHORIZED,CAPTURED,PAID,DELIVERED,DELIVERED,200,1,SETTLED,NONE,NONE,2697,3474,170972,13,0,1.5582,0.0639,1,0,NORMAL
619.01,EMI,YES_BANK,RAZORPAY,REVERSED,SUCCESS,AUTHORIZED,CAPTURED,REFUNDED,RETURNED,DELIVERED,200,1,REVERSED,MANUAL_INTERVENTION_REQUIRED,AWAITING_ACK,645,841,10160,8,0,0.2896,0.0425,1,0,REFUND_UNCERTAINTY
4657.47,WALLET,YES_BANK,CASHFREE,SUCCESS,SUCCESS,AUTHORIZED,CAPTURED,PAID,PROCESSING,DELIVERED,200,1,PENDING,NONE,NONE,703,797,83328,15,0,-0.0297,0.0635,1,0,NORMAL
1686.28,UPI,HDFC,STRIPE,SUCCESS,SUCCESS,AUTHORIZED,CAPTURED,EXPIRED,UNFULFILLED,FAILED,500,4,ON_HOLD,NONE,NONE,388,469,135429,22,0,-0.3978,0.0195,1,0,MISSING_WEBHOOK
9365.02,UPI,YES_BANK,PAYU,SUCCESS,SUCCESS,AUTHORIZED,CAPTURED,PAID,DELIVERED,DELIVERED,200,1,SETTLED,NONE,NONE,721,1001,196605,13,0,2.3447,0.0106,1,0,NORMAL
2094.87,UPI,AXIS,PAYU,SUCCESS,SUCCESS,AUTHORIZED,CAPTURED,PAID,DELIVERED,DELIVERED,200,1,SETTLED,NONE,NONE,318,440,188807,23,1,0.9044,0.0521,1,0,NORMAL
1263.24,UPI,KOTAK,BILLDESK,SUCCESS,SUCCESS,AUTHORIZED,CAPTURED,EXPIRED,CANCELLED,DELIVERED,200,1,ON_HOLD,NONE,NONE,356849,357515,1453,0,0,0.1484,0.0585,1,0,ORDER_PAYMENT_CONFLICT
4633.11,NET_BANKING,YES_BANK,RAZORPAY,SUCCESS,SUCCESS,AUTHORIZED,CAPTURED,PENDING_PAYMENT,UNFULFILLED,FAILED,504,2,ON_HOLD,NONE,NONE,546,666,236546,11,0,0.6547,0.0248,1,0,MISSING_WEBHOOK
692.84,CREDIT_CARD,PNB,PAYU,SUCCESS,SUCCESS,AUTHORIZED,CAPTURED,PAID,DELIVERED,DELIVERED,200,1,SETTLED,NONE,NONE,457,615,118976,22,0,0.4434,0.0385,1,0,NORMAL
268.63,UPI,YES_BANK,RAZORPAY,SUCCESS,SUCCESS,AUTHORIZED,CAPTURED,PAID,DELIVERED,DELIVERED,200,1,SETTLED,NONE,NONE,228,422,187217,15,0,-0.6269,0.0239,1,0,NORMAL
2043.0,CREDIT_CARD,ICICI,BILLDESK,SUCCESS,SUCCESS,AUTHORIZED,CAPTURED,PAID,DELIVERED,DELIVERED,200,1,SETTLED,NONE,NONE,605,870,217570,3,0,0.8573,0.0408,1,0,NORMAL
148.32,NET_BANKING,PNB,STRIPE,SUCCESS,SUCCESS,AUTHORIZED,CAPTURED,REFUNDED,RETURNED,DELIVERED,200,1,REVERSED,MANUAL_INTERVENTION_REQUIRED,AWAITING_ACK,253,543,34893,15,0,-0.691,0.0487,1,0,REFUND_UNCERTAINTY
1073.31,CREDIT_CARD,INDUSIND,RAZORPAY,SUCCESS,SUCCESS,AUTHORIZED,CAPTURED,PAID,PROCESSING,DELIVERED,200,1,PENDING,NONE,NONE,702,976,67098,17,0,-0.6167,0.0125,1,0,NORMAL
4148.63,UPI,KOTAK,STRIPE,SUCCESS,SUCCESS,AUTHORIZED,CAPTURED,PENDING_PAYMENT,UNFULFILLED,FAILED,404,4,ON_HOLD,NONE,NONE,502,742,243631,11,0,-0.1357,0.0534,1,0,MISSING_WEBHOOK
7344.99,CREDIT_CARD,YES_BANK,PAYU,SUCCESS,SUCCESS,AUTHORIZED,CAPTURED,PAID,PROCESSING,DELIVERED,200,1,PENDING,NONE,NONE,260,501,8488,12,0,0.5302,0.0542,1,0,NORMAL
691.68,DEBIT_CARD,AXIS,STRIPE,SUCCESS,SUCCESS,AUTHORIZED,CAPTURED,EXPIRED,UNFULFILLED,DROPPED,404,2,ON_HOLD,NONE,NONE,306,490,174886,13,0,0.441,0.0389,1,0,MISSING_WEBHOOK
2356.88,UPI,ICICI,BILLDESK,SUCCESS,SUCCESS,AUTHORIZED,CAPTURED,PAID,DELIVERED,DELIVERED,200,1,ON_HOLD,INITIATED,AWAITING_ACK,464,659,91296,15,3,-0.3266,0.0324,1,1,DUPLICATE_PAYMENT
3487.27,UPI,AXIS,PAYU,SUCCESS,SUCCESS,AUTHORIZED,CAPTURED,PAID,DELIVERED,DELIVERED,200,1,SETTLED,NONE,NONE,413,626,247240,17,0,-0.0036,0.0428,1,0,NORMAL
1625.96,UPI,AXIS,CASHFREE,SUCCESS,SUCCESS,AUTHORIZED,CAPTURED,PAID,PROCESSING,DELIVERED,200,1,PENDING,NONE,NONE,360,655,5664,6,0,-0.1442,0.0544,1,0,NORMAL
7541.66,UPI,KOTAK,PAYU,PENDING,SUCCESS,AUTHORIZED,CAPTURED,PAID,PROCESSING,DELIVERED,200,2,PENDING,NONE,NONE,106586,110190,33245,2,0,1.1548,0.0412,1,0,DELAYED_CONFIRMATION
4899.17,UPI,HDFC,BILLDESK,SUCCESS,SUCCESS,AUTHORIZED,CAPTURED,PAID,DELIVERED,DELIVERED,200,1,SETTLED,NONE,NONE,3291,4241,208623,6,0,0.0207,0.0638,1,0,NORMAL
3460.82,CREDIT_CARD,YES_BANK,STRIPE,SUCCESS,SUCCESS,AUTHORIZED,CAPTURED,PAID,DELIVERED,DELIVERED,200,1,DISCREPANCY,NONE,NONE,281,494,169999,9,0,-0.2136,0.053,1,0,SETTLEMENT_MISMATCH
519.18,WALLET,HDFC,STRIPE,SUCCESS,SUCCESS,AUTHORIZED,CAPTURED,REFUNDED,RETURNED,DELIVERED,200,1,REVERSED,MANUAL_INTERVENTION_REQUIRED,AWAITING_ACK,586,845,9027,3,0,-0.2013,0.0284,1,0,REFUND_UNCERTAINTY
4301.37,UPI,PNB,RAZORPAY,SUCCESS,SUCCESS,AUTHORIZED,CAPTURED,PAID,DELIVERED,DELIVERED,200,1,SETTLED,NONE,NONE,529,612,169779,16,0,0.229,0.0369,1,0,NORMAL
3729.59,UPI,PNB,STRIPE,SUCCESS,SUCCESS,AUTHORIZED,CAPTURED,PAID,PROCESSING,DELIVERED,200,1,PENDING,NONE,NONE,372,553,26202,18,0,0.0656,0.0325,1,0,NORMAL
115.38,UPI,YES_BANK,RAZORPAY,SUCCESS,SUCCESS,AUTHORIZED,CAPTURED,PAID,DELIVERED,DELIVERED,200,1,SETTLED,NONE,NONE,669,914,160835,23,0,-0.7253,0.0496,1,0,NORMAL
16528.14,UPI,AXIS,STRIPE,SUCCESS,SUCCESS,AUTHORIZED,CAPTURED,PAID,DELIVERED,DELIVERED,200,1,SETTLED,NONE,NONE,220,442,103737,17,0,2.4434,0.0665,1,0,NORMAL
3203.2,UPI,SBI,CASHFREE,SUCCESS,SUCCESS,AUTHORIZED,CAPTURED,PAID,DELIVERED,DELIVERED,200,1,SETTLED,NONE,NONE,354,651,151187,0,0,0.144,0.016,1,0,NORMAL
559.91,UPI,HDFC,RAZORPAY,SUCCESS,SUCCESS,AUTHORIZED,CAPTURED,PAID,DELIVERED,DELIVERED,200,1,SETTLED,NONE,NONE,724,850,245444,21,0,-0.491,0.0438,1,0,NORMAL
16855.24,CREDIT_CARD,AXIS,CASHFREE,SUCCESS,SUCCESS,AUTHORIZED,CAPTURED,PAID,DELIVERED,DELIVERED,200,1,SETTLED,NONE,NONE,364,591,191393,0,0,0.3484,0.0614,1,0,NORMAL
313.41,CREDIT_CARD,KOTAK,RAZORPAY,SUCCESS,SUCCESS,AUTHORIZED,CAPTURED,PAID,DELIVERED,DELIVERED,200,1,SETTLED,NONE,NONE,571,676,238076,13,0,-0.2538,0.0376,1,0,NORMAL
99.99,UPI,AXIS,STRIPE,SUCCESS,SUCCESS,AUTHORIZED,CAPTURED,PENDING_PAYMENT,UNFULFILLED,DROPPED,404,4,ON_HOLD,NONE,NONE,594,858,92426,20,0,-0.7619,0.0415,1,0,MISSING_WEBHOOK
878.09,CREDIT_CARD,SBI,BILLDESK,SUCCESS,SUCCESS,AUTHORIZED,CAPTURED,CANCELLED,CANCELLED,DELIVERED,200,1,ON_HOLD,NONE,NONE,269803,271940,79946,23,0,0.8294,0.0417,1,0,ORDER_PAYMENT_CONFLICT
583.75,UPI,HDFC,PAYU,SUCCESS,SUCCESS,AUTHORIZED,CAPTURED,PAID,DELIVERED,DELIVERED,200,1,SETTLED,NONE,NONE,419,654,116502,21,0,0.2161,0.0303,1,0,NORMAL
536.81,UPI,PNB,BILLDESK,SUCCESS,FAILED,TIMEOUT,FAILED,CANCELLED,CANCELLED,FAILED,500,1,ON_HOLD,NONE,NOT_INITIATED,442,51071,253760,17,0,0.1184,0.0437,1,0,BANK_DEBIT_GATEWAY_FAILURE
707.7,UPI,HDFC,PAYU,SUCCESS,SUCCESS,AUTHORIZED,CAPTURED,PAID,DELIVERED,DELIVERED,200,1,SETTLED,NONE,NONE,699,869,164391,8,0,0.685,0.0497,1,0,NORMAL
13854.5,CREDIT_CARD,KOTAK,RAZORPAY,SUCCESS,SUCCESS,AUTHORIZED,CAPTURED,PAID,DELIVERED,DELIVERED,200,1,DISCREPANCY,NONE,NONE,672,762,239551,9,0,0.141,0.0773,1,0,SETTLEMENT_MISMATCH
606.47,UPI,HDFC,RAZORPAY,SUCCESS,SUCCESS,AUTHORIZED,CAPTURED,PAID,PROCESSING,DELIVERED,200,1,PENDING,NONE,NONE,442,603,19792,10,1,-0.1577,0.0205,1,0,NORMAL
9769.25,UPI,YES_BANK,BILLDESK,SUCCESS,SUCCESS,AUTHORIZED,CAPTURED,PAID,PROCESSING,DELIVERED,200,1,PENDING,NONE,NONE,281,468,1972,4,0,-0.2185,0.0776,1,0,NORMAL
2449.04,UPI,SBI,BILLDESK,SUCCESS,SUCCESS,AUTHORIZED,CAPTURED,PAID,DELIVERED,DELIVERED,200,1,ON_HOLD,INITIATED,AWAITING_ACK,237,367,124277,16,2,-0.4898,0.0674,1,1,DUPLICATE_PAYMENT
512.87,UPI,YES_BANK,CASHFREE,SUCCESS,SUCCESS,AUTHORIZED,CAPTURED,PAID,DELIVERED,DELIVERED,200,1,DISCREPANCY,NONE,NONE,611,715,145174,13,0,-0.2174,0.0289,1,0,SETTLEMENT_MISMATCH
538.11,UPI,INDUSIND,PAYU,SUCCESS,SUCCESS,AUTHORIZED,CAPTURED,PENDING_PAYMENT,UNFULFILLED,DROPPED,404,4,PENDING,NONE,NONE,275,411,187311,18,0,0.2812,0.0399,1,0,MISSING_WEBHOOK
147.22,UPI,HDFC,CASHFREE,SUCCESS,SUCCESS,AUTHORIZED,CAPTURED,PAID,DELIVERED,DELIVERED,200,1,DISCREPANCY,NONE,NONE,633,897,168458,4,0,-0.5799,0.048,1,0,SETTLEMENT_MISMATCH
5768.72,CREDIT_CARD,HDFC,PAYU,SUCCESS,SUCCESS,AUTHORIZED,CAPTURED,PAID,DELIVERED,DELIVERED,200,1,DISCREPANCY,NONE,NONE,305,405,78875,23,0,0.2472,0.0608,1,0,SETTLEMENT_MISMATCH
4250.78,UPI,SBI,PAYU,SUCCESS,TIMED_OUT,TIMEOUT,AUTO_REFUNDED,CANCELLED,CANCELLED,FAILED,0,1,ON_HOLD,NONE,NOT_INITIATED,894,59379,88328,9,0,-0.1144,0.0615,1,0,BANK_DEBIT_GATEWAY_FAILURE
2996.91,UPI,KOTAK,BILLDESK,SUCCESS,SUCCESS,AUTHORIZED,CAPTURED,PAID,DELIVERED,DELIVERED,200,1,SETTLED,NONE,NONE,620,767,208137,20,0,0.0703,0.0263,1,0,NORMAL
3111.16,UPI,HDFC,PAYU,SUCCESS,SUCCESS,AUTHORIZED,CAPTURED,PAID,DELIVERED,DELIVERED,200,1,SETTLED,NONE,NONE,621,738,98292,11,0,0.6375,0.0581,1,0,NORMAL
880.29,DEBIT_CARD,ICICI,RAZORPAY,SUCCESS,SUCCESS,AUTHORIZED,CAPTURED,PAID,PROCESSING,DELIVERED,200,1,PENDING,NONE,NONE,4158,4636,9766,10,1,0.3543,0.0267,1,0,NORMAL
25772.95,DEBIT_CARD,AXIS,BILLDESK,SUCCESS,SUCCESS,AUTHORIZED,CAPTURED,PAID,DELIVERED,DELIVERED,200,1,SETTLED,NONE,NONE,196,396,113944,14,1,1.0618,0.0728,1,0,NORMAL
4141.27,DEBIT_CARD,HDFC,STRIPE,SUCCESS,SUCCESS,AUTHORIZED,CAPTURED,PENDING_PAYMENT,UNFULFILLED,DROPPED,404,5,ON_HOLD,NONE,NONE,728,859,22747,10,0,0.479,0.0229,1,0,MISSING_WEBHOOK
536.85,UPI,SBI,BILLDESK,SUCCESS,SUCCESS,AUTHORIZED,CAPTURED,PAID,DELIVERED,DELIVERED,200,1,ON_HOLD,INITIATED,AWAITING_ACK,667,810,214157,16,4,-0.1741,0.0226,1,1,DUPLICATE_PAYMENT
192.9,UPI,SBI,PAYU,SUCCESS,SUCCESS,AUTHORIZED,CAPTURED,PAID,PROCESSING,DELIVERED,200,1,PENDING,NONE,NONE,3602,4047,46550,22,0,-0.5981,0.0484,1,0,NORMAL
1622.2,UPI,YES_BANK,STRIPE,SUCCESS,SUCCESS,AUTHORIZED,CAPTURED,PAID,DELIVERED,DELIVERED,200,1,SETTLED,NONE,NONE,270,428,174028,14,0,-0.1462,0.0522,1,0,NORMAL
2367.76,DEBIT_CARD,PNB,BILLDESK,SUCCESS,SUCCESS,AUTHORIZED,CAPTURED,PAID,DELIVERED,DELIVERED,200,1,DISCREPANCY,NONE,NONE,295,562,52827,14,0,0.2726,0.0436,1,0,SETTLEMENT_MISMATCH
12018.98,UPI,PNB,RAZORPAY,SUCCESS,SUCCESS,AUTHORIZED,CAPTURED,PAID,DELIVERED,DELIVERED,200,1,SETTLED,NONE,NONE,402,597,158041,15,1,2.434,0.0465,1,0,NORMAL
3011.73,CREDIT_CARD,AXIS,STRIPE,DEBITED,TIMED_OUT,TIMEOUT,FAILED,CANCELLED,CANCELLED,FAILED,500,1,ON_HOLD,NONE,NOT_INITIATED,1132,51419,207993,4,0,1.7379,0.0456,1,0,BANK_DEBIT_GATEWAY_FAILURE
4219.66,WALLET,PNB,BILLDESK,SUCCESS,SUCCESS,AUTHORIZED,CAPTURED,EXPIRED,UNFULFILLED,DROPPED,0,2,PENDING,NONE,NONE,590,863,102198,5,0,0.2056,0.0483,1,0,MISSING_WEBHOOK
1212.07,EMI,YES_BANK,CASHFREE,SUCCESS,SUCCESS,AUTHORIZED,CAPTURED,REFUNDED,RETURNED,DELIVERED,200,1,REVERSED,MANUAL_INTERVENTION_REQUIRED,AWAITING_ACK,745,1027,100123,17,0,0.1019,0.0432,1,0,REFUND_UNCERTAINTY
807.51,UPI,KOTAK,STRIPE,SUCCESS,SUCCESS,AUTHORIZED,CAPTURED,PAID,PROCESSING,DELIVERED,200,1,PENDING,NONE,NONE,605,898,71706,22,0,0.2423,0.033,1,0,NORMAL
8779.38,UPI,PNB,BILLDESK,SUCCESS,SUCCESS,AUTHORIZED,CAPTURED,PAID,DELIVERED,DELIVERED,200,1,SETTLED,NONE,NONE,461,666,227772,18,0,1.5084,0.047,1,0,NORMAL
297.57,UPI,INDUSIND,STRIPE,SUCCESS,SUCCESS,AUTHORIZED,CAPTURED,PAID,DELIVERED,DELIVERED,200,1,SETTLED,NONE,NONE,199,439,230951,5,0,-0.3801,0.034,1,0,NORMAL
3001.33,DEBIT_CARD,ICICI,CASHFREE,SUCCESS,SUCCESS,AUTHORIZED,CAPTURED,PAID,DELIVERED,DELIVERED,200,1,DISCREPANCY,NONE,NONE,634,884,218597,12,0,-0.296,0.0655,1,0,SETTLEMENT_MISMATCH
406.83,EMI,KOTAK,STRIPE,SUCCESS,SUCCESS,AUTHORIZED,CAPTURED,PENDING_PAYMENT,UNFULFILLED,FAILED,0,2,PENDING,NONE,NONE,687,798,120775,4,0,-0.0314,0.0359,1,0,MISSING_WEBHOOK
647.48,CREDIT_CARD,SBI,BILLDESK,SUCCESS,SUCCESS,AUTHORIZED,CAPTURED,PENDING_PAYMENT,UNFULFILLED,FAILED,500,1,DISCREPANCY,MANUAL_INTERVENTION_REQUIRED,AWAITING_ACK,44396,35965,6907,16,2,-0.6592,0.0591,1,0,UNRESOLVED
813.94,CREDIT_CARD,PNB,CASHFREE,SUCCESS,SUCCESS,AUTHORIZED,CAPTURED,PAID,DELIVERED,DELIVERED,200,1,SETTLED,NONE,NONE,631,811,221474,3,0,0.1305,0.021,1,0,NORMAL
2088.64,UPI,YES_BANK,RAZORPAY,SUCCESS,SUCCESS,AUTHORIZED,CAPTURED,PAID,DELIVERED,DELIVERED,200,1,SETTLED,NONE,NONE,502,800,118025,12,1,-0.4032,0.0491,1,0,NORMAL
2401.93,EMI,SBI,PAYU,SUCCESS,SUCCESS,AUTHORIZED,CAPTURED,PAID,PROCESSING,DELIVERED,200,1,PENDING,NONE,NONE,643,863,57051,14,0,0.2642,0.0583,1,0,NORMAL
542.67,UPI,PNB,BILLDESK,DEBITED,FAILED,TIMEOUT,NOT_REQUESTED,CANCELLED,CANCELLED,DELIVERED,200,1,ON_HOLD,PROCESSED,CREDITED_TO_CUSTOMER,915,45700,156757,23,0,-0.2463,0.0329,1,0,BANK_DEBIT_GATEWAY_FAILURE
2388.6,UPI,AXIS,CASHFREE,SUCCESS,SUCCESS,AUTHORIZED,CAPTURED,CANCELLED,CANCELLED,DELIVERED,200,1,ON_HOLD,NONE,NONE,242861,243820,211387,5,0,0.2572,0.0528,1,0,ORDER_PAYMENT_CONFLICT
19094.04,UPI,KOTAK,BILLDESK,SUCCESS,SUCCESS,AUTHORIZED,CAPTURED,PAID,PROCESSING,DELIVERED,200,3,SETTLED,NONE,NONE,78449,81126,217917,17,0,0.5275,0.0663,1,0,DELAYED_CONFIRMATION
2144.54,CREDIT_CARD,SBI,PAYU,SUCCESS,SUCCESS,AUTHORIZED,CAPTURED,PAID,PROCESSING,DELIVERED,200,1,PENDING,NONE,NONE,335,419,25711,18,0,0.9496,0.0496,1,0,NORMAL
6000.66,UPI,KOTAK,PAYU,REVERSED,SUCCESS,AUTHORIZED,FAILED,CANCELLED,DELIVERED,FAILED,200,1,DISCREPANCY,PENDING,NOT_INITIATED,53440,26700,123612,7,0,0.7145,0.0358,1,0,UNRESOLVED
2358.59,UPI,KOTAK,BILLDESK,SUCCESS,SUCCESS,AUTHORIZED,CAPTURED,PAID,DELIVERED,DELIVERED,200,1,SETTLED,NONE,NONE,708,879,239949,6,0,-0.3261,0.0482,1,0,NORMAL
2746.0,UPI,AXIS,RAZORPAY,SUCCESS,SUCCESS,AUTHORIZED,CAPTURED,EXPIRED,UNFULFILLED,DROPPED,404,5,PENDING,NONE,NONE,743,935,200565,2,0,-0.2154,0.0454,1,0,MISSING_WEBHOOK
1740.57,UPI,YES_BANK,RAZORPAY,SUCCESS,SUCCESS,AUTHORIZED,CAPTURED,PAID,DELIVERED,DELIVERED,200,1,ON_HOLD,INITIATED,AWAITING_ACK,239,339,6145,12,2,-0.6374,0.0518,1,1,DUPLICATE_PAYMENT
3942.44,NET_BANKING,SBI,STRIPE,SUCCESS,SUCCESS,AUTHORIZED,CAPTURED,REFUNDED,RETURNED,DELIVERED,200,1,REVERSED,MANUAL_INTERVENTION_REQUIRED,AWAITING_ACK,357,621,78196,9,0,0.1264,0.0344,1,0,REFUND_UNCERTAINTY
796.39,UPI,PNB,CASHFREE,SUCCESS,SUCCESS,AUTHORIZED,CAPTURED,PAID,DELIVERED,DELIVERED,200,1,ON_HOLD,PROCESSED,CREDITED_TO_CUSTOMER,186,272,47084,0,4,0.6591,0.0368,1,1,DUPLICATE_PAYMENT
562.65,UPI,HDFC,BILLDESK,SUCCESS,FAILED,TIMEOUT,FAILED,EXPIRED,CANCELLED,NONE,504,1,ON_HOLD,NONE,NOT_INITIATED,560,84680,207984,21,0,0.1722,0.0355,1,0,BANK_DEBIT_GATEWAY_FAILURE
4181.31,UPI,YES_BANK,CASHFREE,SUCCESS,SUCCESS,AUTHORIZED,CAPTURED,PAID,DELIVERED,DELIVERED,200,1,SETTLED,NONE,NONE,524,751,103282,22,0,0.4933,0.0284,1,0,NORMAL
2820.72,UPI,SBI,CASHFREE,SUCCESS,SUCCESS,AUTHORIZED,CAPTURED,PAID,DELIVERED,DELIVERED,200,1,ON_HOLD,NONE,AWAITING_ACK,294,446,202495,3,4,2.9177,0.0338,1,1,DUPLICATE_PAYMENT
5226.05,CREDIT_CARD,YES_BANK,CASHFREE,SUCCESS,SUCCESS,AUTHORIZED,CAPTURED,PAID,DELIVERED,DELIVERED,200,1,ON_HOLD,INITIATED,AWAITING_ACK,554,765,257067,21,4,0.8664,0.016,1,1,DUPLICATE_PAYMENT
696.06,UPI,YES_BANK,CASHFREE,REVERSED,SUCCESS,AUTHORIZED,CAPTURED,REFUNDED,RETURNED,DELIVERED,200,1,REVERSED,MANUAL_INTERVENTION_REQUIRED,AWAITING_ACK,591,848,234299,11,0,0.0709,0.0294,1,0,REFUND_UNCERTAINTY
1196.31,WALLET,KOTAK,CASHFREE,DEBITED,FAILED,TIMEOUT,FAILED,CANCELLED,CANCELLED,FAILED,0,1,ON_HOLD,PROCESSED,CREDITED_TO_CUSTOMER,1314,62948,56513,3,0,0.0876,0.0598,1,0,BANK_DEBIT_GATEWAY_FAILURE
1522.11,UPI,AXIS,RAZORPAY,DEBITED,TIMED_OUT,TIMEOUT,FAILED,CANCELLED,CANCELLED,DELIVERED,200,1,ON_HOLD,NONE,NOT_INITIATED,578,80225,243555,16,0,2.1711,0.0392,1,0,BANK_DEBIT_GATEWAY_FAILURE
590.35,UPI,INDUSIND,PAYU,SUCCESS,SUCCESS,AUTHORIZED,CAPTURED,REFUNDED,RETURNED,DELIVERED,200,1,REVERSED,FAILED,REJECTED_BY_BANK,267,484,68270,7,0,-0.0918,0.0287,1,0,REFUND_UNCERTAINTY
778.73,CREDIT_CARD,INDUSIND,BILLDESK,SUCCESS,SUCCESS,AUTHORIZED,CAPTURED,PAID,DELIVERED,DELIVERED,200,1,ON_HOLD,INITIATED,AWAITING_ACK,426,532,175849,13,1,0.0816,0.034,1,1,DUPLICATE_PAYMENT
2627.48,UPI,INDUSIND,CASHFREE,REVERSED,SUCCESS,AUTHORIZED,CAPTURED,REFUNDED,RETURNED,DELIVERED,200,1,REVERSED,MANUAL_INTERVENTION_REQUIRED,AWAITING_ACK,352,521,212985,13,0,0.3829,0.0596,1,0,REFUND_UNCERTAINTY
134.84,UPI,AXIS,PAYU,SUCCESS,SUCCESS,AUTHORIZED,CAPTURED,PAID,PROCESSING,DELIVERED,200,1,PENDING,NONE,NONE,631,860,5740,22,0,-0.679,0.0442,1,0,NORMAL
5263.79,DEBIT_CARD,PNB,BILLDESK,SUCCESS,SUCCESS,AUTHORIZED,CAPTURED,PAID,DELIVERED,DELIVERED,200,1,SETTLED,NONE,NONE,3509,4013,214069,8,0,0.0966,0.0694,1,0,NORMAL
1768.81,CREDIT_CARD,KOTAK,PAYU,SUCCESS,SUCCESS,AUTHORIZED,CAPTURED,PAID,DELIVERED,DELIVERED,200,3,SETTLED,NONE,NONE,748,864,145133,0,0,0.608,0.0459,1,0,NORMAL
317.86,NET_BANKING,YES_BANK,BILLDESK,SUCCESS,SUCCESS,AUTHORIZED,CAPTURED,PAID,DELIVERED,DELIVERED,200,1,SETTLED,NONE,NONE,321,433,204294,22,0,-0.2432,0.0325,1,0,NORMAL
5729.33,UPI,YES_BANK,STRIPE,SUCCESS,SUCCESS,AUTHORIZED,CAPTURED,PAID,DELIVERED,DELIVERED,200,1,ON_HOLD,NONE,AWAITING_ACK,745,1000,201712,4,4,0.1936,0.055,1,1,DUPLICATE_PAYMENT
513.83,UPI,KOTAK,CASHFREE,SUCCESS,SUCCESS,AUTHORIZED,CAPTURED,PAID,DELIVERED,DELIVERED,200,1,SETTLED,NONE,NONE,426,520,135635,4,0,0.0705,0.0472,1,0,NORMAL
12194.11,UPI,KOTAK,RAZORPAY,SUCCESS,SUCCESS,AUTHORIZED,CAPTURED,REFUNDED,RETURNED,DELIVERED,200,1,REVERSED,PENDING,REJECTED_BY_BANK,449,641,68597,19,0,-0.0245,0.0792,1,0,REFUND_UNCERTAINTY
373.89,UPI,ICICI,BILLDESK,PENDING,SUCCESS,AUTHORIZED,PENDING,PENDING_PAYMENT,PROCESSING,DELIVERED,200,2,SETTLED,NONE,NONE,67256,73196,191010,8,0,-0.4807,0.0353,1,0,DELAYED_CONFIRMATION
1813.89,UPI,PNB,RAZORPAY,SUCCESS,SUCCESS,AUTHORIZED,CAPTURED,PAID,DELIVERED,DELIVERED,200,1,DISCREPANCY,NONE,NONE,653,928,202329,4,0,0.679,0.0423,1,0,SETTLEMENT_MISMATCH
1792.16,DEBIT_CARD,KOTAK,CASHFREE,SUCCESS,SUCCESS,AUTHORIZED,CAPTURED,PAID,DELIVERED,DELIVERED,200,1,SETTLED,NONE,NONE,744,894,250731,20,0,0.6292,0.0579,1,0,NORMAL
178.0,UPI,HDFC,STRIPE,SUCCESS,SUCCESS,AUTHORIZED,CAPTURED,PAID,PROCESSING,DELIVERED,200,1,PENDING,NONE,NONE,695,795,36355,7,0,-0.5762,0.0495,1,0,NORMAL
753.87,NET_BANKING,SBI,BILLDESK,SUCCESS,SUCCESS,AUTHORIZED,CAPTURED,PAID,DELIVERED,DELIVERED,200,1,ON_HOLD,NONE,AWAITING_ACK,596,871,88902,4,2,0.047,0.0277,1,1,DUPLICATE_PAYMENT
559.93,UPI,ICICI,RAZORPAY,SUCCESS,SUCCESS,AUTHORIZED,CAPTURED,PENDING_PAYMENT,UNFULFILLED,DROPPED,500,3,PENDING,NONE,NONE,471,700,233018,14,0,-0.1386,0.0237,1,0,MISSING_WEBHOOK
2155.3,NET_BANKING,KOTAK,BILLDESK,SUCCESS,SUCCESS,AUTHORIZED,CAPTURED,PAID,DELIVERED,DELIVERED,200,3,SETTLED,NONE,NONE,442,718,257296,22,0,0.9594,0.0413,1,0,NORMAL
286.32,UPI,SBI,RAZORPAY,SUCCESS,SUCCESS,AUTHORIZED,CAPTURED,PAID,DELIVERED,DELIVERED,200,1,DISCREPANCY,NONE,NONE,194,379,19970,22,0,-0.2717,0.0451,1,0,SETTLEMENT_MISMATCH
917.61,CREDIT_CARD,ICICI,RAZORPAY,SUCCESS,SUCCESS,AUTHORIZED,CAPTURED,PENDING_PAYMENT,UNFULFILLED,FAILED,504,3,ON_HOLD,NONE,NONE,363,508,81658,0,0,-0.6723,0.0282,1,0,MISSING_WEBHOOK
2246.33,UPI,PNB,BILLDESK,REVERSED,PENDING,AUTHORIZED,FAILED,CANCELLED,RETURNED,RETRYING,404,1,DISCREPANCY,FAILED,REJECTED_BY_BANK,35710,3596,131517,21,3,-0.1977,0.0163,1,0,UNRESOLVED
855.87,UPI,SBI,STRIPE,SUCCESS,SUCCESS,AUTHORIZED,CAPTURED,PAID,DELIVERED,DELIVERED,200,1,SETTLED,NONE,NONE,433,533,234655,17,0,0.7831,0.0381,1,0,NORMAL
644.76,DEBIT_CARD,KOTAK,CASHFREE,SUCCESS,FAILED,FAILED,FAILED,CANCELLED,CANCELLED,FAILED,0,1,ON_HOLD,NONE,NOT_INITIATED,987,74757,79015,2,0,-0.4139,0.0499,1,0,BANK_DEBIT_GATEWAY_FAILURE
607.82,NET_BANKING,AXIS,CASHFREE,SUCCESS,SUCCESS,AUTHORIZED,CAPTURED,PAID,PROCESSING,DELIVERED,200,1,PENDING,NONE,NONE,689,726,42835,9,0,0.2663,0.0474,1,0,NORMAL
7096.35,UPI,PNB,BILLDESK,SUCCESS,SUCCESS,AUTHORIZED,CAPTURED,PAID,PROCESSING,DELIVERED,200,1,PENDING,NONE,NONE,268,364,34048,17,0,1.5344,0.0258,1,0,NORMAL
1724.85,UPI,SBI,BILLDESK,SUCCESS,FAILED,FAILED,FAILED,CANCELLED,CANCELLED,NONE,504,1,ON_HOLD,NONE,NOT_INITIATED,1259,50874,234941,16,0,-0.5072,0.0329,1,0,BANK_DEBIT_GATEWAY_FAILURE
6186.7,NET_BANKING,AXIS,PAYU,SUCCESS,SUCCESS,AUTHORIZED,CAPTURED,PAID,DELIVERED,DELIVERED,200,1,SETTLED,NONE,NONE,603,796,186746,15,0,1.2095,0.0186,1,0,NORMAL
1477.21,UPI,SBI,STRIPE,SUCCESS,SUCCESS,AUTHORIZED,CAPTURED,EXPIRED,CANCELLED,DELIVERED,200,1,ON_HOLD,NONE,NONE,326489,327041,210537,10,0,0.3429,0.0497,1,0,ORDER_PAYMENT_CONFLICT
1020.04,CREDIT_CARD,SBI,RAZORPAY,SUCCESS,SUCCESS,AUTHORIZED,CAPTURED,PAID,PROCESSING,DELIVERED,200,1,PENDING,NONE,NONE,246,358,33649,18,0,-0.0727,0.0499,1,0,NORMAL
768.46,CREDIT_CARD,INDUSIND,STRIPE,SUCCESS,SUCCESS,AUTHORIZED,CAPTURED,PAID,DELIVERED,DELIVERED,200,1,SETTLED,NONE,NONE,418,513,220139,23,0,0.1822,0.0228,1,0,NORMAL
2129.05,CREDIT_CARD,INDUSIND,PAYU,SUCCESS,SUCCESS,AUTHORIZED,CAPTURED,PAID,PROCESSING,DELIVERED,200,1,PENDING,NONE,NONE,416,587,20830,4,0,0.1206,0.0547,1,0,NORMAL
962.89,UPI,INDUSIND,CASHFREE,SUCCESS,SUCCESS,AUTHORIZED,CAPTURED,PENDING_PAYMENT,UNFULFILLED,DROPPED,500,4,ON_HOLD,NONE,NONE,556,656,184544,14,0,-0.4932,0.0553,1,0,MISSING_WEBHOOK
3374.46,UPI,AXIS,RAZORPAY,SUCCESS,SUCCESS,AUTHORIZED,CAPTURED,EXPIRED,CANCELLED,DELIVERED,200,1,ON_HOLD,INITIATED,NONE,252955,254035,59507,7,0,0.776,0.0491,1,0,ORDER_PAYMENT_CONFLICT
289.38,UPI,ICICI,PAYU,SUCCESS,SUCCESS,AUTHORIZED,CAPTURED,PAID,PROCESSING,DELIVERED,200,1,PENDING,NONE,NONE,206,341,11821,19,0,-0.311,0.047,1,0,NORMAL
2273.31,CREDIT_CARD,PNB,BILLDESK,SUCCESS,SUCCESS,AUTHORIZED,CAPTURED,PENDING_PAYMENT,UNFULFILLED,DROPPED,0,5,PENDING,NONE,NONE,275,357,156574,2,0,-0.1881,0.0116,1,0,MISSING_WEBHOOK
487.84,UPI,ICICI,RAZORPAY,SUCCESS,SUCCESS,AUTHORIZED,CAPTURED,PAID,DELIVERED,DELIVERED,200,1,ON_HOLD,INITIATED,AWAITING_ACK,633,918,8349,2,3,0.1615,0.037,1,1,DUPLICATE_PAYMENT
1317.81,UPI,PNB,CASHFREE,SUCCESS,SUCCESS,AUTHORIZED,CAPTURED,PAID,DELIVERED,DELIVERED,200,1,SETTLED,NONE,NONE,4500,5307,135786,16,0,0.198,0.0411,1,0,NORMAL
196.02,NET_BANKING,YES_BANK,PAYU,SUCCESS,FAILED,FAILED,FAILED,CANCELLED,CANCELLED,DELIVERED,200,1,ON_HOLD,INITIATED,NOT_INITIATED,650,75692,16427,17,0,-0.5333,0.0425,1,0,BANK_DEBIT_GATEWAY_FAILURE
3474.18,UPI,ICICI,CASHFREE,REVERSED,SUCCESS,AUTHORIZED,CAPTURED,REFUNDED,RETURNED,DELIVERED,200,1,REVERSED,MANUAL_INTERVENTION_REQUIRED,AWAITING_ACK,460,577,24832,18,0,-0.2762,0.0695,1,0,REFUND_UNCERTAINTY
787.14,DEBIT_CARD,HDFC,BILLDESK,SUCCESS,SUCCESS,AUTHORIZED,CAPTURED,PAID,DELIVERED,DELIVERED,200,1,ON_HOLD,PROCESSED,CREDITED_TO_CUSTOMER,281,404,180912,17,4,0.8741,0.0359,1,1,DUPLICATE_PAYMENT
1101.76,UPI,YES_BANK,PAYU,SUCCESS,SUCCESS,AUTHORIZED,CAPTURED,PAID,DELIVERED,DELIVERED,200,3,SETTLED,NONE,NONE,2120,2708,227440,9,0,1.6232,0.0354,1,0,NORMAL
10957.67,UPI,PNB,BILLDESK,SUCCESS,SUCCESS,AUTHORIZED,CAPTURED,PAID,DELIVERED,DELIVERED,200,1,SETTLED,NONE,NONE,487,654,182958,0,0,1.2828,0.069,1,0,NORMAL
9643.42,CREDIT_CARD,ICICI,CASHFREE,SUCCESS,SUCCESS,AUTHORIZED,CAPTURED,REFUNDED,RETURNED,DELIVERED,200,1,REVERSED,MANUAL_INTERVENTION_REQUIRED,REJECTED_BY_BANK,184,321,212487,20,0,1.7553,0.0487,1,0,REFUND_UNCERTAINTY
2822.81,NET_BANKING,KOTAK,STRIPE,SUCCESS,SUCCESS,AUTHORIZED,CAPTURED,PAID,DELIVERED,DELIVERED,200,1,SETTLED,NONE,NONE,633,864,97256,2,0,-0.4119,0.0574,1,0,NORMAL
767.73,UPI,AXIS,CASHFREE,SUCCESS,SUCCESS,AUTHORIZED,CAPTURED,PAID,DELIVERED,DELIVERED,200,1,SETTLED,NONE,NONE,582,776,176619,1,0,-0.3021,0.0513,1,0,NORMAL
1874.42,CREDIT_CARD,HDFC,BILLDESK,SUCCESS,SUCCESS,AUTHORIZED,CAPTURED,PAID,DELIVERED,DELIVERED,200,1,SETTLED,NONE,NONE,203,425,183446,19,0,3.4629,0.0381,1,0,NORMAL
11532.41,CREDIT_CARD,INDUSIND,BILLDESK,SUCCESS,SUCCESS,AUTHORIZED,CAPTURED,PAID,DELIVERED,DELIVERED,200,1,SETTLED,NONE,NONE,681,797,239807,7,0,-0.0774,0.0752,1,0,NORMAL
704.48,UPI,YES_BANK,BILLDESK,SUCCESS,SUCCESS,AUTHORIZED,CAPTURED,PAID,DELIVERED,DELIVERED,200,1,ON_HOLD,INITIATED,AWAITING_ACK,628,823,197929,10,4,-0.0216,0.0238,1,1,DUPLICATE_PAYMENT
6436.13,UPI,PNB,STRIPE,SUCCESS,SUCCESS,AUTHORIZED,CAPTURED,PAID,PROCESSING,DELIVERED,200,1,PENDING,NONE,NONE,273,411,6810,8,0,-0.4851,0.0608,1,0,NORMAL
846.26,UPI,SBI,RAZORPAY,DEBITED,FAILED,TIMEOUT,FAILED,CANCELLED,CANCELLED,FAILED,504,1,ON_HOLD,NONE,NOT_INITIATED,756,84333,116154,23,0,0.1754,0.0252,1,0,BANK_DEBIT_GATEWAY_FAILURE
19000.6,UPI,AXIS,BILLDESK,SUCCESS,SUCCESS,AUTHORIZED,CAPTURED,PAID,PROCESSING,DELIVERED,200,1,PENDING,NONE,NONE,688,781,71213,8,0,0.52,0.0659,1,0,NORMAL
5321.26,UPI,INDUSIND,RAZORPAY,SUCCESS,SUCCESS,AUTHORIZED,CAPTURED,PAID,DELIVERED,DELIVERED,200,1,SETTLED,NONE,NONE,339,437,93283,17,0,0.9005,0.0127,1,0,NORMAL
1130.09,UPI,HDFC,CASHFREE,SUCCESS,SUCCESS,AUTHORIZED,CAPTURED,PAID,DELIVERED,DELIVERED,200,1,SETTLED,NONE,NONE,536,770,195333,21,0,0.7386,0.0354,1,0,NORMAL
772.38,UPI,YES_BANK,RAZORPAY,DEBITED,FAILED,TIMEOUT,FAILED,CANCELLED,CANCELLED,FAILED,0,1,ON_HOLD,INITIATED,NOT_INITIATED,466,62761,56201,16,0,-0.5935,0.0428,1,0,BANK_DEBIT_GATEWAY_FAILURE
572.47,CREDIT_CARD,ICICI,STRIPE,SUCCESS,SUCCESS,AUTHORIZED,CAPTURED,PAID,DELIVERED,DELIVERED,200,1,SETTLED,NONE,NONE,429,563,168585,7,0,0.363,0.0319,1,0,NORMAL
1982.49,UPI,AXIS,BILLDESK,SUCCESS,SUCCESS,AUTHORIZED,CAPTURED,PAID,DELIVERED,DELIVERED,200,1,SETTLED,NONE,NONE,3305,3978,147655,4,0,3.1302,0.0305,1,0,NORMAL
1660.41,CREDIT_CARD,AXIS,STRIPE,SUCCESS,SUCCESS,AUTHORIZED,CAPTURED,PAID,DELIVERED,DELIVERED,200,1,SETTLED,NONE,NONE,482,610,210333,4,0,2.9534,0.0356,1,0,NORMAL
2011.18,UPI,INDUSIND,PAYU,SUCCESS,SUCCESS,AUTHORIZED,CAPTURED,PAID,PROCESSING,RETRYING,200,3,PENDING,NONE,NONE,53454,56418,84913,19,0,1.7933,0.0341,1,0,DELAYED_CONFIRMATION
533.48,CREDIT_CARD,SBI,CASHFREE,SUCCESS,SUCCESS,AUTHORIZED,CAPTURED,PAID,PROCESSING,DELIVERED,200,1,PENDING,NONE,NONE,451,617,24299,10,0,-0.2591,0.0218,1,0,NORMAL
4090.33,UPI,HDFC,CASHFREE,SUCCESS,SUCCESS,AUTHORIZED,CAPTURED,PAID,PROCESSING,DELIVERED,200,1,PENDING,NONE,NONE,392,556,4401,16,0,-0.1478,0.0681,1,0,NORMAL
13345.49,DEBIT_CARD,AXIS,RAZORPAY,DEBITED,FAILED,FAILED,CAPTURED,FAILED,DELIVERED,DROPPED,200,1,DISCREPANCY,PENDING,AWAITING_ACK,12532,100572,247235,9,2,0.0676,0.0625,1,0,UNRESOLVED
840.82,UPI,AXIS,BILLDESK,SUCCESS,SUCCESS,AUTHORIZED,CAPTURED,PAID,DELIVERED,DELIVERED,200,1,SETTLED,NONE,NONE,283,550,250467,5,0,0.7517,0.0336,1,0,NORMAL
4183.3,UPI,INDUSIND,RAZORPAY,DEBITED,PENDING,FAILED,FAILED,CANCELLED,CANCELLED,FAILED,404,1,DISCREPANCY,MANUAL_INTERVENTION_REQUIRED,AWAITING_ACK,28401,8102,138953,19,2,0.1952,0.037,1,0,UNRESOLVED
1789.25,CREDIT_CARD,PNB,PAYU,SUCCESS,SUCCESS,AUTHORIZED,CAPTURED,PAID,DELIVERED,DELIVERED,200,1,SETTLED,NONE,NONE,468,700,227249,0,0,0.6266,0.0485,1,0,NORMAL
9829.33,UPI,HDFC,BILLDESK,SUCCESS,SUCCESS,AUTHORIZED,PENDING,PAID,PROCESSING,SCHEDULED,200,3,SETTLED,NONE,NONE,101474,104202,170561,14,0,1.0478,0.0556,1,0,DELAYED_CONFIRMATION
494.55,DEBIT_CARD,SBI,PAYU,SUCCESS,SUCCESS,AUTHORIZED,CAPTURED,PAID,DELIVERED,DELIVERED,200,3,SETTLED,NONE,NONE,218,397,103882,7,0,0.0303,0.0359,1,0,NORMAL
305.93,UPI,HDFC,STRIPE,SUCCESS,FAILED,FAILED,AUTO_REFUNDED,FAILED,RETURNED,DELIVERED,0,1,DISCREPANCY,PENDING,NOT_INITIATED,48466,35681,194704,15,1,-0.3626,0.0351,1,0,UNRESOLVED
1462.52,DEBIT_CARD,YES_BANK,STRIPE,SUCCESS,SUCCESS,AUTHORIZED,CAPTURED,PAID,DELIVERED,DELIVERED,200,1,ON_HOLD,NONE,AWAITING_ACK,255,495,256311,16,1,-0.2303,0.047,1,1,DUPLICATE_PAYMENT
383.55,UPI,HDFC,PAYU,SUCCESS,FAILED,FAILED,FAILED,EXPIRED,CANCELLED,DELIVERED,200,1,ON_HOLD,PROCESSED,CREDITED_TO_CUSTOMER,521,89091,1807,12,0,-0.0868,0.0331,1,0,BANK_DEBIT_GATEWAY_FAILURE
265.46,UPI,KOTAK,STRIPE,SUCCESS,SUCCESS,AUTHORIZED,CAPTURED,PAID,DELIVERED,DELIVERED,200,1,SETTLED,NONE,NONE,554,697,175424,12,0,-0.447,0.0479,1,0,NORMAL
3394.28,UPI,PNB,BILLDESK,REVERSED,PENDING,AUTHORIZED,FAILED,FAILED,CANCELLED,FAILED,0,1,FAILED,NONE,AWAITING_ACK,10358,47369,121680,17,1,-0.0302,0.0304,1,0,UNRESOLVED
3408.95,NET_BANKING,PNB,BILLDESK,SUCCESS,SUCCESS,AUTHORIZED,CAPTURED,PAID,PROCESSING,DELIVERED,200,1,PENDING,NONE,NONE,545,714,81596,12,0,-0.2898,0.0591,1,0,NORMAL
1004.69,UPI,AXIS,BILLDESK,SUCCESS,SUCCESS,AUTHORIZED,CAPTURED,PAID,DELIVERED,DELIVERED,200,1,SETTLED,NONE,NONE,696,874,197264,16,0,0.5457,0.021,1,0,NORMAL
4969.88,DEBIT_CARD,AXIS,PAYU,SUCCESS,SUCCESS,AUTHORIZED,CAPTURED,PAID,DELIVERED,DELIVERED,200,1,ON_HOLD,INITIATED,AWAITING_ACK,579,852,61738,17,4,0.775,0.0121,1,1,DUPLICATE_PAYMENT
8250.87,CREDIT_CARD,SBI,STRIPE,SUCCESS,SUCCESS,AUTHORIZED,CAPTURED,PAID,DELIVERED,DELIVERED,200,1,ON_HOLD,INITIATED,AWAITING_ACK,196,402,136251,8,3,-0.3399,0.0638,1,1,DUPLICATE_PAYMENT
572.63,UPI,PNB,CASHFREE,SUCCESS,SUCCESS,AUTHORIZED,CAPTURED,PAID,DELIVERED,DELIVERED,200,1,DISCREPANCY,NONE,NONE,455,651,94278,8,0,0.4201,0.0494,1,0,SETTLEMENT_MISMATCH
3815.78,NET_BANKING,AXIS,CASHFREE,SUCCESS,SUCCESS,AUTHORIZED,CAPTURED,REFUNDED,RETURNED,DELIVERED,200,1,REVERSED,MANUAL_INTERVENTION_REQUIRED,AWAITING_ACK,267,355,98738,12,0,-0.205,0.0686,1,0,REFUND_UNCERTAINTY
1532.66,UPI,ICICI,STRIPE,SUCCESS,SUCCESS,AUTHORIZED,CAPTURED,EXPIRED,CANCELLED,DELIVERED,200,1,ON_HOLD,NONE,NONE,350727,353044,189312,7,0,-0.1933,0.0437,1,0,ORDER_PAYMENT_CONFLICT
281.84,UPI,KOTAK,PAYU,SUCCESS,SUCCESS,AUTHORIZED,CAPTURED,EXPIRED,UNFULFILLED,DROPPED,500,5,ON_HOLD,NONE,NONE,737,893,50342,7,0,-0.5664,0.0263,1,0,MISSING_WEBHOOK
1258.15,NET_BANKING,AXIS,BILLDESK,SUCCESS,SUCCESS,AUTHORIZED,CAPTURED,PAID,DELIVERED,DELIVERED,200,1,ON_HOLD,PROCESSED,CREDITED_TO_CUSTOMER,255,436,209368,0,1,-0.3378,0.0549,1,1,DUPLICATE_PAYMENT
233.46,UPI,INDUSIND,CASHFREE,SUCCESS,SUCCESS,AUTHORIZED,CAPTURED,REFUNDED,RETURNED,DELIVERED,200,1,REVERSED,PENDING,AWAITING_ACK,383,547,85655,3,0,-0.4441,0.0409,1,0,REFUND_UNCERTAINTY
851.03,UPI,KOTAK,RAZORPAY,SUCCESS,SUCCESS,AUTHORIZED,CAPTURED,PAID,DELIVERED,DELIVERED,200,1,SETTLED,NONE,NONE,422,541,209870,4,0,-0.5521,0.0585,1,0,NORMAL
821.55,UPI,AXIS,PAYU,SUCCESS,SUCCESS,AUTHORIZED,CAPTURED,PAID,DELIVERED,DELIVERED,200,1,DISCREPANCY,NONE,NONE,682,941,165025,18,0,0.3188,0.0238,1,0,SETTLEMENT_MISMATCH
490.53,DEBIT_CARD,HDFC,BILLDESK,SUCCESS,SUCCESS,AUTHORIZED,CAPTURED,PAID,PROCESSING,DELIVERED,200,1,PENDING,NONE,NONE,198,366,68101,12,0,-0.5541,0.0455,1,0,NORMAL
2013.69,WALLET,ICICI,PAYU,SUCCESS,SUCCESS,AUTHORIZED,CAPTURED,PAID,DELIVERED,DELIVERED,200,1,SETTLED,NONE,NONE,4339,4989,112258,2,0,2.098,0.036,1,0,NORMAL
338.46,DEBIT_CARD,INDUSIND,PAYU,SUCCESS,SUCCESS,AUTHORIZED,CAPTURED,PAID,PROCESSING,DELIVERED,200,1,PENDING,NONE,NONE,2631,3439,65232,0,0,-0.1941,0.0422,1,0,NORMAL
638.92,NET_BANKING,HDFC,BILLDESK,SUCCESS,SUCCESS,AUTHORIZED,CAPTURED,PAID,DELIVERED,DELIVERED,200,1,DISCREPANCY,NONE,NONE,595,692,203297,17,0,0.4082,0.0496,1,0,SETTLEMENT_MISMATCH
799.88,UPI,KOTAK,RAZORPAY,SUCCESS,SUCCESS,AUTHORIZED,CAPTURED,PAID,DELIVERED,DELIVERED,200,1,SETTLED,NONE,NONE,556,806,129257,18,0,-0.2728,0.044,1,0,NORMAL
3087.09,NET_BANKING,INDUSIND,CASHFREE,SUCCESS,SUCCESS,AUTHORIZED,CAPTURED,PAID,DELIVERED,DELIVERED,200,1,SETTLED,NONE,NONE,566,838,197558,11,0,-0.118,0.036,1,0,NORMAL
358.73,UPI,HDFC,RAZORPAY,SUCCESS,SUCCESS,AUTHORIZED,CAPTURED,PAID,DELIVERED,DELIVERED,200,1,SETTLED,NONE,NONE,649,891,254873,23,0,-0.2526,0.0391,1,0,NORMAL
1103.75,CREDIT_CARD,SBI,BILLDESK,SUCCESS,SUCCESS,AUTHORIZED,CAPTURED,PENDING_PAYMENT,UNFULFILLED,TIMED_OUT,502,2,ON_HOLD,NONE,NONE,268,426,80912,19,0,-0.6058,0.0238,1,0,MISSING_WEBHOOK
3746.42,DEBIT_CARD,ICICI,CASHFREE,SUCCESS,SUCCESS,AUTHORIZED,CAPTURED,REFUNDED,RETURNED,DELIVERED,200,1,REVERSED,MANUAL_INTERVENTION_REQUIRED,AWAITING_ACK,384,678,254834,16,0,0.0704,0.0389,1,0,REFUND_UNCERTAINTY
7719.36,UPI,SBI,PAYU,SUCCESS,SUCCESS,AUTHORIZED,CAPTURED,PENDING_PAYMENT,UNFULFILLED,FAILED,0,3,ON_HOLD,NONE,NONE,377,657,212535,22,0,0.6082,0.0549,1,0,MISSING_WEBHOOK
957.77,WALLET,SBI,STRIPE,SUCCESS,SUCCESS,AUTHORIZED,CAPTURED,PAID,DELIVERED,DELIVERED,200,1,ON_HOLD,INITIATED,AWAITING_ACK,213,463,252550,21,4,1.2804,0.0354,1,1,DUPLICATE_PAYMENT
558.37,UPI,SBI,STRIPE,SUCCESS,SUCCESS,AUTHORIZED,CAPTURED,PAID,DELIVERED,DELIVERED,200,2,SETTLED,NONE,NONE,213,509,237562,5,0,-0.4924,0.049,1,0,NORMAL
489.41,DEBIT_CARD,PNB,PAYU,SUCCESS,SUCCESS,AUTHORIZED,CAPTURED,REFUNDED,RETURNED,DELIVERED,200,1,REVERSED,MANUAL_INTERVENTION_REQUIRED,REJECTED_BY_BANK,591,708,248861,7,0,-0.5551,0.0419,1,0,REFUND_UNCERTAINTY
277.96,CREDIT_CARD,ICICI,RAZORPAY,SUCCESS,SUCCESS,AUTHORIZED,CAPTURED,CANCELLED,CANCELLED,DELIVERED,200,1,ON_HOLD,INITIATED,NONE,308029,309300,7631,12,0,-0.4209,0.0451,1,0,ORDER_PAYMENT_CONFLICT
1216.18,DEBIT_CARD,PNB,CASHFREE,SUCCESS,SUCCESS,AUTHORIZED,CAPTURED,PAID,DELIVERED,DELIVERED,200,1,SETTLED,NONE,NONE,213,461,217800,12,0,0.871,0.0322,1,0,NORMAL
15228.87,UPI,PNB,RAZORPAY,DEBITED,TIMED_OUT,TIMEOUT,FAILED,FAILED,CANCELLED,NONE,500,1,ON_HOLD,PROCESSED,CREDITED_TO_CUSTOMER,518,64448,106379,13,0,0.2183,0.0693,1,0,BANK_DEBIT_GATEWAY_FAILURE
3950.15,UPI,ICICI,RAZORPAY,SUCCESS,SUCCESS,AUTHORIZED,CAPTURED,PAID,DELIVERED,DELIVERED,200,1,ON_HOLD,PROCESSED,CREDITED_TO_CUSTOMER,714,1001,113059,17,2,0.1286,0.0379,1,1,DUPLICATE_PAYMENT
1117.61,NET_BANKING,YES_BANK,CASHFREE,SUCCESS,SUCCESS,AUTHORIZED,CAPTURED,PAID,DELIVERED,DELIVERED,200,1,ON_HOLD,INITIATED,AWAITING_ACK,528,795,182063,23,1,0.5522,0.0278,1,1,DUPLICATE_PAYMENT
3251.11,UPI,SBI,CASHFREE,SUCCESS,SUCCESS,AUTHORIZED,CAPTURED,PAID,DELIVERED,DELIVERED,200,1,DISCREPANCY,NONE,NONE,394,649,73815,21,0,-0.2769,0.0553,1,0,SETTLEMENT_MISMATCH
2259.98,CREDIT_CARD,SBI,RAZORPAY,SUCCESS,SUCCESS,AUTHORIZED,CAPTURED,PAID,DELIVERED,DELIVERED,200,1,SETTLED,NONE,NONE,2081,2780,123929,20,0,1.0545,0.0489,1,0,NORMAL
795.5,DEBIT_CARD,ICICI,STRIPE,SUCCESS,SUCCESS,AUTHORIZED,CAPTURED,PAID,PROCESSING,DELIVERED,200,3,SETTLED,NONE,NONE,99589,102398,218292,18,0,0.6573,0.0377,1,0,DELAYED_CONFIRMATION
1746.85,UPI,AXIS,CASHFREE,SUCCESS,SUCCESS,AUTHORIZED,CAPTURED,PAID,DELIVERED,DELIVERED,200,1,ON_HOLD,INITIATED,AWAITING_ACK,524,739,258513,21,4,-0.6361,0.0611,1,1,DUPLICATE_PAYMENT
13024.95,UPI,INDUSIND,PAYU,SUCCESS,SUCCESS,AUTHORIZED,CAPTURED,PAID,DELIVERED,DELIVERED,200,1,SETTLED,NONE,NONE,258,484,116406,11,0,0.042,0.0606,1,0,NORMAL
1354.53,UPI,YES_BANK,BILLDESK,SUCCESS,SUCCESS,AUTHORIZED,CAPTURED,PENDING_PAYMENT,UNFULFILLED,DROPPED,502,2,ON_HOLD,NONE,NONE,511,793,37569,6,0,-0.613,0.0359,1,0,MISSING_WEBHOOK
322.66,UPI,INDUSIND,PAYU,SUCCESS,SUCCESS,AUTHORIZED,CAPTURED,PAID,DELIVERED,DELIVERED,200,1,SETTLED,NONE,NONE,4009,4374,185768,17,0,-0.3278,0.042,1,0,NORMAL
323.38,CREDIT_CARD,AXIS,RAZORPAY,SUCCESS,SUCCESS,AUTHORIZED,CAPTURED,PAID,PROCESSING,DELIVERED,200,1,PENDING,NONE,NONE,218,365,42862,2,0,-0.5509,0.0285,1,0,NORMAL
14702.66,DEBIT_CARD,HDFC,CASHFREE,SUCCESS,SUCCESS,AUTHORIZED,CAPTURED,PAID,DELIVERED,DELIVERED,200,1,ON_HOLD,INITIATED,AWAITING_ACK,519,802,143696,16,3,3.2008,0.0469,1,1,DUPLICATE_PAYMENT
4516.06,CREDIT_CARD,AXIS,STRIPE,SUCCESS,SUCCESS,AUTHORIZED,CAPTURED,PAID,DELIVERED,DELIVERED,200,1,ON_HOLD,PROCESSED,CREDITED_TO_CUSTOMER,276,428,115065,0,2,0.6129,0.0213,1,1,DUPLICATE_PAYMENT
613.82,DEBIT_CARD,YES_BANK,CASHFREE,SUCCESS,SUCCESS,AUTHORIZED,CAPTURED,PAID,PROCESSING,DELIVERED,200,1,PENDING,NONE,NONE,286,385,28446,8,0,0.4615,0.0333,1,0,NORMAL
558.49,UPI,YES_BANK,STRIPE,SUCCESS,SUCCESS,AUTHORIZED,CAPTURED,PAID,DELIVERED,DELIVERED,200,1,SETTLED,NONE,NONE,3123,3445,236329,16,0,-0.4923,0.0465,1,0,NORMAL
551.11,CREDIT_CARD,YES_BANK,STRIPE,SUCCESS,SUCCESS,AUTHORIZED,CAPTURED,PAID,DELIVERED,DELIVERED,200,1,SETTLED,NONE,NONE,293,551,234911,5,0,-0.1521,0.0217,1,0,NORMAL
1226.5,DEBIT_CARD,INDUSIND,STRIPE,SUCCESS,SUCCESS,AUTHORIZED,CAPTURED,PAID,DELIVERED,DELIVERED,200,1,SETTLED,NONE,NONE,692,923,230284,19,0,0.115,0.0597,1,0,NORMAL
2745.5,DEBIT_CARD,INDUSIND,CASHFREE,SUCCESS,SUCCESS,AUTHORIZED,CAPTURED,PAID,DELIVERED,DELIVERED,200,1,SETTLED,NONE,NONE,485,775,114920,21,0,0.445,0.0505,1,0,NORMAL
8953.84,UPI,PNB,CASHFREE,SUCCESS,SUCCESS,AUTHORIZED,CAPTURED,PAID,PROCESSING,DELIVERED,200,1,PENDING,NONE,NONE,3141,3450,67395,2,0,0.8654,0.0537,1,0,NORMAL
620.34,UPI,KOTAK,BILLDESK,SUCCESS,SUCCESS,AUTHORIZED,CAPTURED,PAID,DELIVERED,DELIVERED,200,1,SETTLED,NONE,NONE,554,797,200487,7,0,-0.0456,0.0252,1,0,NORMAL
17823.86,UPI,ICICI,STRIPE,SUCCESS,TIMED_OUT,TIMEOUT,FAILED,CANCELLED,CANCELLED,NONE,0,1,ON_HOLD,NONE,NOT_INITIATED,1461,54988,127828,9,0,0.4259,0.074,1,0,BANK_DEBIT_GATEWAY_FAILURE
6842.86,CREDIT_CARD,HDFC,PAYU,SUCCESS,PENDING,AUTHORIZED,AUTO_REFUNDED,FAILED,DELIVERED,DROPPED,200,1,DISCREPANCY,MANUAL_INTERVENTION_REQUIRED,NOT_INITIATED,107318,12584,123994,13,0,2.6015,0.0534,1,0,UNRESOLVED
6770.47,UPI,ICICI,STRIPE,SUCCESS,PENDING,NONE,PENDING,PENDING_PAYMENT,CANCELLED,DELIVERED,500,1,DISCREPANCY,MANUAL_INTERVENTION_REQUIRED,AWAITING_ACK,24232,30738,49959,0,3,1.418,0.0245,1,0,UNRESOLVED
2537.37,UPI,PNB,BILLDESK,DEBITED,PENDING,TIMEOUT,FAILED,FAILED,CANCELLED,FAILED,500,1,DISCREPANCY,FAILED,AWAITING_ACK,34547,122433,195002,10,0,-0.0938,0.0252,1,0,UNRESOLVED
2427.86,DEBIT_CARD,HDFC,PAYU,SUCCESS,SUCCESS,AUTHORIZED,CAPTURED,PAID,DELIVERED,DELIVERED,200,1,ON_HOLD,INITIATED,AWAITING_ACK,593,818,16016,9,4,-0.1329,0.0241,1,1,DUPLICATE_PAYMENT
1299.36,UPI,HDFC,STRIPE,SUCCESS,SUCCESS,AUTHORIZED,CAPTURED,PAID,DELIVERED,DELIVERED,200,1,SETTLED,NONE,NONE,2689,3276,168817,13,0,-0.5359,0.0144,1,0,NORMAL
673.48,WALLET,HDFC,CASHFREE,REVERSED,SUCCESS,AUTHORIZED,CAPTURED,REFUNDED,RETURNED,DELIVERED,200,1,REVERSED,PENDING,REJECTED_BY_BANK,312,398,109437,18,0,-0.3877,0.0506,1,0,REFUND_UNCERTAINTY
762.05,UPI,KOTAK,RAZORPAY,SUCCESS,SUCCESS,AUTHORIZED,CAPTURED,CANCELLED,CANCELLED,DELIVERED,200,1,ON_HOLD,NONE,NONE,245305,247780,253783,4,0,-0.3072,0.042,1,0,ORDER_PAYMENT_CONFLICT
295.98,UPI,KOTAK,RAZORPAY,SUCCESS,SUCCESS,AUTHORIZED,CAPTURED,PAID,DELIVERED,DELIVERED,200,1,DISCREPANCY,NONE,NONE,280,437,143813,0,0,-0.3229,0.0379,1,0,SETTLEMENT_MISMATCH
805.22,UPI,HDFC,CASHFREE,SUCCESS,SUCCESS,AUTHORIZED,CAPTURED,CANCELLED,CANCELLED,DELIVERED,200,1,ON_HOLD,PROCESSED,NONE,289023,291517,258854,3,0,-0.5762,0.0423,1,0,ORDER_PAYMENT_CONFLICT
2866.32,NET_BANKING,SBI,CASHFREE,PENDING,PENDING,FAILED,CAPTURED,PENDING_PAYMENT,CANCELLED,DELIVERED,504,1,ON_HOLD,NONE,NOT_INITIATED,67640,114382,139697,8,1,0.5086,0.0532,1,0,UNRESOLVED
873.4,UPI,AXIS,PAYU,SUCCESS,SUCCESS,AUTHORIZED,CAPTURED,REFUNDED,RETURNED,DELIVERED,200,1,REVERSED,FAILED,NOT_INITIATED,280,484,105220,0,0,-0.206,0.0515,1,0,REFUND_UNCERTAINTY
2395.93,UPI,ICICI,BILLDESK,SUCCESS,SUCCESS,AUTHORIZED,CAPTURED,CANCELLED,CANCELLED,DELIVERED,200,1,ON_HOLD,INITIATED,NONE,290670,291281,103765,5,0,-0.3154,0.0317,1,0,ORDER_PAYMENT_CONFLICT
2252.76,UPI,KOTAK,RAZORPAY,SUCCESS,SUCCESS,AUTHORIZED,CAPTURED,PAID,DELIVERED,DELIVERED,200,1,SETTLED,NONE,NONE,518,643,172938,7,0,-0.1954,0.028,1,0,NORMAL
514.41,CREDIT_CARD,YES_BANK,BILLDESK,SUCCESS,SUCCESS,AUTHORIZED,CAPTURED,PAID,PROCESSING,RETRYING,200,2,PENDING,NONE,NONE,92730,94074,60574,2,0,-0.2086,0.0217,1,0,DELAYED_CONFIRMATION
2792.37,UPI,PNB,CASHFREE,SUCCESS,SUCCESS,AUTHORIZED,CAPTURED,PENDING_PAYMENT,UNFULFILLED,DROPPED,0,2,ON_HOLD,NONE,NONE,373,554,135087,5,0,-0.7766,0.0718,1,0,MISSING_WEBHOOK
9138.07,UPI,AXIS,STRIPE,SUCCESS,SUCCESS,AUTHORIZED,CAPTURED,PAID,DELIVERED,DELIVERED,200,1,ON_HOLD,INITIATED,AWAITING_ACK,282,473,65285,0,4,-0.269,0.0707,1,1,DUPLICATE_PAYMENT
491.0,DEBIT_CARD,YES_BANK,RAZORPAY,SUCCESS,SUCCESS,AUTHORIZED,CAPTURED,PAID,DELIVERED,DELIVERED,200,1,SETTLED,NONE,NONE,638,786,150415,9,0,0.169,0.0477,1,0,NORMAL
627.19,EMI,INDUSIND,RAZORPAY,SUCCESS,SUCCESS,AUTHORIZED,CAPTURED,PAID,DELIVERED,DELIVERED,200,1,SETTLED,NONE,NONE,348,583,247085,13,0,-0.0351,0.0268,1,0,NORMAL
682.48,CREDIT_CARD,KOTAK,STRIPE,PENDING,SUCCESS,AUTHORIZED,PENDING,PENDING_PAYMENT,PROCESSING,DELIVERED,200,3,PENDING,NONE,NONE,90166,95399,11282,8,0,-0.3796,0.046,1,0,DELAYED_CONFIRMATION
377.95,CREDIT_CARD,SBI,CASHFREE,SUCCESS,SUCCESS,AUTHORIZED,CAPTURED,PAID,DELIVERED,DELIVERED,200,1,SETTLED,NONE,NONE,617,714,148874,4,0,-0.4185,0.0345,1,0,NORMAL
348.13,UPI,INDUSIND,BILLDESK,SUCCESS,SUCCESS,AUTHORIZED,CAPTURED,PAID,PROCESSING,DELIVERED,200,2,PENDING,NONE,NONE,546,642,9645,4,0,-0.2747,0.0454,1,0,NORMAL
3161.31,UPI,ICICI,STRIPE,SUCCESS,SUCCESS,AUTHORIZED,CAPTURED,PAID,DELIVERED,DELIVERED,200,1,DISCREPANCY,NONE,NONE,645,826,158724,17,0,0.2009,0.0252,1,0,SETTLEMENT_MISMATCH
311.79,CREDIT_CARD,SBI,BILLDESK,SUCCESS,SUCCESS,AUTHORIZED,CAPTURED,PAID,DELIVERED,DELIVERED,200,1,ON_HOLD,NONE,AWAITING_ACK,395,498,224166,20,2,-0.2576,0.0427,1,1,DUPLICATE_PAYMENT
342.31,UPI,KOTAK,BILLDESK,SUCCESS,PENDING,AUTHORIZED,CAPTURED,PAID,PROCESSING,RETRYING,200,1,PENDING,NONE,NONE,84179,88970,6170,20,0,-0.185,0.0452,1,0,DELAYED_CONFIRMATION
817.71,CREDIT_CARD,PNB,RAZORPAY,DEBITED,PENDING,TIMEOUT,AUTO_REFUNDED,CANCELLED,CANCELLED,DELIVERED,200,1,ON_HOLD,NONE,NOT_INITIATED,563,93380,98465,12,0,0.1357,0.0209,1,0,BANK_DEBIT_GATEWAY_FAILURE
1413.73,UPI,PNB,CASHFREE,SUCCESS,SUCCESS,AUTHORIZED,PENDING,PAID,PROCESSING,DELIVERED,200,2,SETTLED,NONE,NONE,105114,106837,151979,21,0,0.2852,0.0421,1,0,DELAYED_CONFIRMATION
4700.23,UPI,YES_BANK,PAYU,SUCCESS,FAILED,FAILED,FAILED,CANCELLED,CANCELLED,FAILED,0,1,ON_HOLD,PROCESSED,CREDITED_TO_CUSTOMER,1217,69924,16712,2,0,-0.0208,0.0639,1,0,BANK_DEBIT_GATEWAY_FAILURE
3545.04,NET_BANKING,KOTAK,STRIPE,SUCCESS,SUCCESS,AUTHORIZED,CAPTURED,PAID,PROCESSING,DELIVERED,200,1,PENDING,NONE,NONE,301,471,38531,17,0,0.0129,0.0494,1,0,NORMAL
323.13,UPI,PNB,PAYU,SUCCESS,SUCCESS,AUTHORIZED,CAPTURED,PAID,DELIVERED,DELIVERED,200,1,SETTLED,NONE,NONE,603,812,178864,2,0,-0.5512,0.0288,1,0,NORMAL
13586.12,CREDIT_CARD,YES_BANK,RAZORPAY,SUCCESS,SUCCESS,AUTHORIZED,CAPTURED,PAID,DELIVERED,DELIVERED,200,2,SETTLED,NONE,NONE,176,508,138121,23,0,3.8522,0.0191,1,0,NORMAL
1953.24,UPI,HDFC,RAZORPAY,SUCCESS,SUCCESS,AUTHORIZED,CAPTURED,PAID,DELIVERED,DELIVERED,200,1,SETTLED,NONE,NONE,315,560,238978,15,0,-0.3024,0.0154,1,0,NORMAL
2213.62,DEBIT_CARD,INDUSIND,CASHFREE,SUCCESS,SUCCESS,AUTHORIZED,CAPTURED,PAID,PROCESSING,DELIVERED,200,1,PENDING,NONE,NONE,662,918,15478,12,1,-0.2094,0.0105,1,0,NORMAL
2988.54,UPI,AXIS,CASHFREE,REVERSED,SUCCESS,AUTHORIZED,PENDING,CANCELLED,CANCELLED,DELIVERED,404,1,ON_HOLD,MANUAL_INTERVENTION_REQUIRED,NOT_INITIATED,44464,28155,205636,8,2,-0.7609,0.0642,1,0,UNRESOLVED
2875.52,WALLET,HDFC,STRIPE,SUCCESS,SUCCESS,AUTHORIZED,CAPTURED,PENDING_PAYMENT,UNFULFILLED,TIMED_OUT,500,3,ON_HOLD,NONE,NONE,739,915,95521,12,0,0.027,0.0263,1,0,MISSING_WEBHOOK
5476.77,UPI,PNB,PAYU,SUCCESS,SUCCESS,AUTHORIZED,CAPTURED,PAID,PROCESSING,DELIVERED,200,1,PENDING,NONE,NONE,230,442,16666,17,0,0.5648,0.046,1,0,NORMAL
5283.19,WALLET,ICICI,STRIPE,SUCCESS,SUCCESS,AUTHORIZED,CAPTURED,PAID,DELIVERED,DELIVERED,200,1,SETTLED,NONE,NONE,724,905,150914,20,0,0.1007,0.0525,1,0,NORMAL
683.76,UPI,SBI,PAYU,SUCCESS,SUCCESS,AUTHORIZED,CAPTURED,PAID,PROCESSING,DELIVERED,200,1,PENDING,NONE,NONE,556,848,75521,18,0,-0.3784,0.0459,1,0,NORMAL
1090.62,UPI,ICICI,BILLDESK,SUCCESS,SUCCESS,AUTHORIZED,CAPTURED,PAID,DELIVERED,DELIVERED,200,1,ON_HOLD,INITIATED,AWAITING_ACK,209,488,24865,16,3,-0.0085,0.0567,1,1,DUPLICATE_PAYMENT
197.68,UPI,YES_BANK,PAYU,SUCCESS,SUCCESS,AUTHORIZED,CAPTURED,PAID,DELIVERED,DELIVERED,200,1,SETTLED,NONE,NONE,199,470,123318,2,0,-0.5882,0.0452,1,0,NORMAL
345.33,CREDIT_CARD,AXIS,BILLDESK,SUCCESS,SUCCESS,AUTHORIZED,CAPTURED,CANCELLED,CANCELLED,DELIVERED,200,1,ON_HOLD,NONE,NONE,260186,261766,106753,22,0,-0.1778,0.0464,1,0,ORDER_PAYMENT_CONFLICT
583.32,UPI,YES_BANK,CASHFREE,SUCCESS,SUCCESS,AUTHORIZED,CAPTURED,EXPIRED,UNFULFILLED,FAILED,500,3,ON_HOLD,NONE,NONE,597,888,110754,7,0,-0.1898,0.0397,1,0,MISSING_WEBHOOK
3401.23,UPI,AXIS,PAYU,SUCCESS,SUCCESS,AUTHORIZED,CAPTURED,PAID,PROCESSING,DELIVERED,200,1,PENDING,NONE,NONE,430,568,47919,23,1,-0.0282,0.0389,1,0,NORMAL
269.57,UPI,ICICI,RAZORPAY,SUCCESS,SUCCESS,AUTHORIZED,CAPTURED,PAID,DELIVERED,DELIVERED,200,1,ON_HOLD,NONE,AWAITING_ACK,684,791,197803,10,2,-0.3582,0.0326,1,1,DUPLICATE_PAYMENT
455.01,WALLET,KOTAK,STRIPE,SUCCESS,SUCCESS,AUTHORIZED,CAPTURED,PAID,PROCESSING,DELIVERED,200,1,PENDING,NONE,NONE,252,411,44928,7,0,-0.0521,0.0354,1,0,NORMAL
1491.57,DEBIT_CARD,SBI,RAZORPAY,SUCCESS,PENDING,TIMEOUT,NOT_REQUESTED,CANCELLED,CANCELLED,DELIVERED,200,1,ON_HOLD,INITIATED,NOT_INITIATED,390,56716,226009,2,0,-0.4673,0.0216,1,0,BANK_DEBIT_GATEWAY_FAILURE
3429.57,CREDIT_CARD,HDFC,PAYU,SUCCESS,SUCCESS,AUTHORIZED,CAPTURED,PAID,PROCESSING,DELIVERED,200,2,SETTLED,NONE,NONE,76272,77744,122576,9,0,0.2248,0.0194,1,0,DELAYED_CONFIRMATION
1054.01,CREDIT_CARD,ICICI,CASHFREE,SUCCESS,SUCCESS,AUTHORIZED,CAPTURED,PAID,PROCESSING,DELIVERED,200,1,PENDING,NONE,NONE,680,949,31581,6,0,0.4639,0.0301,1,0,NORMAL
7592.48,DEBIT_CARD,INDUSIND,PAYU,SUCCESS,SUCCESS,AUTHORIZED,CAPTURED,PAID,PROCESSING,DELIVERED,200,1,PENDING,NONE,NONE,670,760,29472,22,0,-0.3926,0.0733,1,0,NORMAL
435.97,UPI,SBI,PAYU,PENDING,SUCCESS,AUTHORIZED,CAPTURED,PENDING_PAYMENT,PROCESSING,SCHEDULED,200,3,SETTLED,NONE,NONE,66070,67800,233752,1,0,-0.0917,0.0357,1,0,DELAYED_CONFIRMATION
6828.13,CREDIT_CARD,YES_BANK,BILLDESK,SUCCESS,SUCCESS,AUTHORIZED,CAPTURED,PAID,DELIVERED,DELIVERED,200,1,ON_HOLD,NONE,AWAITING_ACK,664,773,94145,10,3,0.4225,0.0546,1,1,DUPLICATE_PAYMENT
1472.68,UPI,AXIS,STRIPE,SUCCESS,SUCCESS,AUTHORIZED,CAPTURED,PAID,DELIVERED,DELIVERED,200,1,SETTLED,NONE,NONE,241,479,97862,14,0,-0.474,0.0114,1,0,NORMAL
1424.86,UPI,ICICI,RAZORPAY,SUCCESS,SUCCESS,AUTHORIZED,CAPTURED,PENDING_PAYMENT,UNFULFILLED,DROPPED,0,5,PENDING,NONE,NONE,486,772,244043,15,0,1.9685,0.049,1,0,MISSING_WEBHOOK
3832.17,UPI,YES_BANK,PAYU,SUCCESS,SUCCESS,AUTHORIZED,CAPTURED,PAID,DELIVERED,DELIVERED,200,1,SETTLED,NONE,NONE,506,779,100711,10,0,1.0169,0.0499,1,0,NORMAL
2390.36,EMI,YES_BANK,RAZORPAY,SUCCESS,SUCCESS,AUTHORIZED,CAPTURED,REFUNDED,RETURNED,DELIVERED,200,1,REVERSED,PENDING,AWAITING_ACK,345,533,243423,0,0,0.2581,0.0421,1,0,REFUND_UNCERTAINTY
321.96,DEBIT_CARD,PNB,STRIPE,SUCCESS,SUCCESS,AUTHORIZED,CAPTURED,PAID,DELIVERED,DELIVERED,200,1,SETTLED,NONE,NONE,450,718,211966,12,0,-0.2334,0.0477,1,0,NORMAL
7321.12,DEBIT_CARD,AXIS,RAZORPAY,PENDING,SUCCESS,AUTHORIZED,CAPTURED,PAID,PROCESSING,DELIVERED,200,2,SETTLED,NONE,NONE,100004,105903,183577,19,0,1.0917,0.0475,1,0,DELAYED_CONFIRMATION
519.67,UPI,HDFC,CASHFREE,SUCCESS,SUCCESS,AUTHORIZED,CAPTURED,PAID,PROCESSING,DELIVERED,200,2,PENDING,NONE,NONE,730,884,71798,5,0,-0.2782,0.034,1,0,NORMAL
2761.84,CREDIT_CARD,ICICI,STRIPE,SUCCESS,SUCCESS,AUTHORIZED,CAPTURED,PAID,DELIVERED,DELIVERED,200,1,SETTLED,NONE,NONE,213,418,149946,3,0,-0.0136,0.0188,1,0,NORMAL
1505.97,UPI,ICICI,RAZORPAY,SUCCESS,PENDING,TIMEOUT,FAILED,CANCELLED,CANCELLED,FAILED,500,1,ON_HOLD,PROCESSED,CREDITED_TO_CUSTOMER,1060,77388,211087,12,0,-0.2074,0.0447,1,0,BANK_DEBIT_GATEWAY_FAILURE
2558.63,UPI,YES_BANK,CASHFREE,SUCCESS,SUCCESS,AUTHORIZED,CAPTURED,PAID,DELIVERED,DELIVERED,200,1,ON_HOLD,NONE,AWAITING_ACK,239,449,154319,17,2,1.326,0.0441,1,1,DUPLICATE_PAYMENT
1250.57,DEBIT_CARD,PNB,PAYU,SUCCESS,SUCCESS,AUTHORIZED,CAPTURED,REFUNDED,RETURNED,DELIVERED,200,1,REVERSED,MANUAL_INTERVENTION_REQUIRED,AWAITING_ACK,690,953,104942,23,0,0.1369,0.0491,1,0,REFUND_UNCERTAINTY
916.95,CREDIT_CARD,PNB,PAYU,SUCCESS,SUCCESS,AUTHORIZED,CAPTURED,PENDING_PAYMENT,UNFULFILLED,DROPPED,0,5,PENDING,NONE,NONE,341,636,35695,9,0,-0.1664,0.0457,1,0,MISSING_WEBHOOK
1382.65,NET_BANKING,YES_BANK,RAZORPAY,SUCCESS,SUCCESS,AUTHORIZED,CAPTURED,PAID,DELIVERED,DELIVERED,200,1,SETTLED,NONE,NONE,638,767,112559,23,0,0.257,0.0412,1,0,NORMAL
1075.17,CREDIT_CARD,HDFC,RAZORPAY,REVERSED,PENDING,NONE,CAPTURED,PENDING_PAYMENT,UNFULFILLED,FAILED,504,1,DISCREPANCY,PENDING,AWAITING_ACK,117603,113397,162144,22,3,-0.4341,0.0507,1,0,UNRESOLVED
1023.38,UPI,SBI,RAZORPAY,SUCCESS,SUCCESS,AUTHORIZED,CAPTURED,PAID,DELIVERED,DELIVERED,200,1,ON_HOLD,INITIATED,AWAITING_ACK,246,504,65051,21,1,0.5744,0.0264,1,1,DUPLICATE_PAYMENT
472.51,UPI,YES_BANK,PAYU,SUCCESS,SUCCESS,AUTHORIZED,CAPTURED,PAID,PROCESSING,DELIVERED,200,1,PENDING,NONE,NONE,514,784,34869,14,0,-0.3437,0.0363,1,0,NORMAL
21943.65,CREDIT_CARD,HDFC,RAZORPAY,SUCCESS,SUCCESS,AUTHORIZED,CAPTURED,PAID,PROCESSING,DELIVERED,200,3,PENDING,NONE,NONE,39360,40787,58770,2,0,0.7555,0.0747,1,0,DELAYED_CONFIRMATION
9271.56,UPI,INDUSIND,RAZORPAY,SUCCESS,SUCCESS,AUTHORIZED,CAPTURED,REFUNDED,RETURNED,DELIVERED,200,1,REVERSED,MANUAL_INTERVENTION_REQUIRED,REJECTED_BY_BANK,318,428,228054,6,0,-0.2583,0.0771,1,0,REFUND_UNCERTAINTY
576.04,UPI,PNB,RAZORPAY,SUCCESS,SUCCESS,AUTHORIZED,CAPTURED,EXPIRED,UNFULFILLED,FAILED,504,4,PENDING,NONE,NONE,247,495,37035,2,0,0.3715,0.0343,1,0,MISSING_WEBHOOK
2798.71,EMI,HDFC,STRIPE,SUCCESS,FAILED,TIMEOUT,FAILED,CANCELLED,CANCELLED,NONE,500,1,ON_HOLD,INITIATED,NOT_INITIATED,759,56776,35569,15,0,-0.2004,0.0447,1,0,BANK_DEBIT_GATEWAY_FAILURE
1492.23,CREDIT_CARD,SBI,BILLDESK,SUCCESS,SUCCESS,AUTHORIZED,CAPTURED,PAID,DELIVERED,DELIVERED,200,1,SETTLED,NONE,NONE,456,655,190780,1,0,0.3566,0.0564,1,0,NORMAL
266.72,UPI,AXIS,PAYU,SUCCESS,SUCCESS,AUTHORIZED,CAPTURED,PROCESSING,PROCESSING,DELIVERED,200,1,SETTLED,NONE,NONE,54576,57133,182348,1,0,-0.365,0.0427,1,0,DELAYED_CONFIRMATION
3391.66,DEBIT_CARD,KOTAK,RAZORPAY,SUCCESS,SUCCESS,AUTHORIZED,CAPTURED,PAID,DELIVERED,DELIVERED,200,1,SETTLED,NONE,NONE,204,296,244546,7,0,-0.031,0.0334,1,0,NORMAL
358.24,UPI,PNB,STRIPE,SUCCESS,SUCCESS,AUTHORIZED,CAPTURED,PAID,DELIVERED,DELIVERED,200,1,DISCREPANCY,NONE,NONE,378,495,149751,18,0,-0.181,0.0386,1,0,SETTLEMENT_MISMATCH
762.76,UPI,YES_BANK,STRIPE,SUCCESS,SUCCESS,AUTHORIZED,CAPTURED,PROCESSING,PROCESSING,DELIVERED,200,2,SETTLED,NONE,NONE,89974,95111,241367,8,0,0.5891,0.0361,1,0,DELAYED_CONFIRMATION
504.84,DEBIT_CARD,AXIS,PAYU,SUCCESS,SUCCESS,AUTHORIZED,CAPTURED,CANCELLED,CANCELLED,DELIVERED,200,1,ON_HOLD,PROCESSED,NONE,284338,284862,148175,19,0,0.0517,0.0336,1,0,ORDER_PAYMENT_CONFLICT
2031.48,CREDIT_CARD,SBI,STRIPE,SUCCESS,SUCCESS,AUTHORIZED,CAPTURED,PAID,DELIVERED,DELIVERED,200,1,ON_HOLD,NONE,AWAITING_ACK,575,871,61607,17,4,-0.2745,0.0238,1,1,DUPLICATE_PAYMENT
1619.54,UPI,PNB,PAYU,SUCCESS,TIMED_OUT,NONE,AUTO_REFUNDED,CANCELLED,CANCELLED,NONE,500,1,ON_HOLD,NONE,NOT_INITIATED,405,89650,117103,8,0,1.2494,0.0216,1,0,BANK_DEBIT_GATEWAY_FAILURE
286.2,UPI,AXIS,PAYU,SUCCESS,SUCCESS,AUTHORIZED,CAPTURED,PAID,DELIVERED,DELIVERED,200,1,SETTLED,NONE,NONE,352,630,243857,0,0,-0.5597,0.0231,1,0,NORMAL
5269.32,UPI,ICICI,BILLDESK,SUCCESS,SUCCESS,AUTHORIZED,CAPTURED,PAID,DELIVERED,DELIVERED,200,3,SETTLED,NONE,NONE,1383,1800,182682,23,0,0.8819,0.0204,1,0,NORMAL
1302.55,CREDIT_CARD,AXIS,CASHFREE,PENDING,PENDING,TIMEOUT,CAPTURED,FAILED,UNFULFILLED,DELIVERED,504,1,DISCREPANCY,FAILED,REJECTED_BY_BANK,46559,61066,13175,15,0,-0.3144,0.058,1,0,UNRESOLVED
12360.47,DEBIT_CARD,PNB,PAYU,SUCCESS,SUCCESS,AUTHORIZED,CAPTURED,PAID,DELIVERED,DELIVERED,200,1,SETTLED,NONE,NONE,561,792,205615,15,1,-0.0112,0.0603,1,0,NORMAL
4966.92,DEBIT_CARD,YES_BANK,CASHFREE,SUCCESS,SUCCESS,AUTHORIZED,CAPTURED,PAID,PROCESSING,DELIVERED,200,1,PENDING,NONE,NONE,2330,2902,51137,6,0,0.7739,0.018,1,0,NORMAL
756.17,UPI,KOTAK,PAYU,SUCCESS,SUCCESS,AUTHORIZED,CAPTURED,PAID,PROCESSING,DELIVERED,200,1,PENDING,NONE,NONE,242,396,11121,5,0,-0.602,0.0592,1,0,NORMAL
1894.19,UPI,PNB,RAZORPAY,PENDING,SUCCESS,FAILED,FAILED,FAILED,DELIVERED,FAILED,200,1,DISCREPANCY,PENDING,AWAITING_ACK,19651,87413,87584,1,1,-0.0031,0.0444,1,0,UNRESOLVED
410.72,DEBIT_CARD,INDUSIND,BILLDESK,SUCCESS,TIMED_OUT,FAILED,FAILED,EXPIRED,CANCELLED,FAILED,500,1,ON_HOLD,NONE,NOT_INITIATED,1482,46796,241750,10,0,-0.1443,0.0484,1,0,BANK_DEBIT_GATEWAY_FAILURE
14213.61,UPI,PNB,RAZORPAY,SUCCESS,SUCCESS,AUTHORIZED,CAPTURED,PAID,DELIVERED,DELIVERED,200,3,SETTLED,NONE,NONE,4315,5093,175320,11,0,1.9612,0.0606,1,0,NORMAL
10127.39,UPI,HDFC,RAZORPAY,SUCCESS,SUCCESS,AUTHORIZED,CAPTURED,PAID,DELIVERED,DELIVERED,200,1,SETTLED,NONE,NONE,255,457,152494,21,1,1.8935,0.0439,1,0,NORMAL
349.01,CREDIT_CARD,KOTAK,BILLDESK,SUCCESS,SUCCESS,AUTHORIZED,CAPTURED,PAID,DELIVERED,DELIVERED,200,1,SETTLED,NONE,NONE,562,754,170391,21,0,-0.6827,0.0551,1,0,NORMAL
1635.96,CREDIT_CARD,KOTAK,BILLDESK,PENDING,SUCCESS,FAILED,PENDING,PAID,CANCELLED,DROPPED,504,1,ON_HOLD,NONE,REJECTED_BY_BANK,84462,122556,192593,20,2,-0.139,0.0445,1,0,UNRESOLVED
3465.68,UPI,PNB,RAZORPAY,SUCCESS,SUCCESS,AUTHORIZED,CAPTURED,PAID,PROCESSING,DELIVERED,200,1,PENDING,NONE,NONE,444,720,47164,14,0,-0.0098,0.0416,1,0,NORMAL
505.02,WALLET,PNB,CASHFREE,SUCCESS,SUCCESS,AUTHORIZED,CAPTURED,PENDING_PAYMENT,UNFULFILLED,FAILED,404,5,ON_HOLD,NONE,NONE,711,848,12532,19,0,-0.8196,0.0285,1,0,MISSING_WEBHOOK
1239.83,DEBIT_CARD,HDFC,STRIPE,SUCCESS,SUCCESS,AUTHORIZED,CAPTURED,REFUNDED,RETURNED,DELIVERED,200,1,REVERSED,FAILED,AWAITING_ACK,435,671,158770,20,0,-0.3475,0.0434,1,0,REFUND_UNCERTAINTY
2045.62,UPI,INDUSIND,PAYU,SUCCESS,PENDING,AUTHORIZED,CAPTURED,PAID,PROCESSING,DELIVERED,200,2,SETTLED,NONE,NONE,83068,87042,194843,5,0,0.0766,0.0479,1,0,DELAYED_CONFIRMATION
1405.69,NET_BANKING,AXIS,CASHFREE,SUCCESS,SUCCESS,AUTHORIZED,CAPTURED,PAID,PROCESSING,DELIVERED,200,1,PENDING,NONE,NONE,746,968,74509,15,0,2.3469,0.0309,1,0,NORMAL
6859.49,NET_BANKING,ICICI,RAZORPAY,SUCCESS,SUCCESS,AUTHORIZED,CAPTURED,PAID,PROCESSING,DELIVERED,200,1,PENDING,NONE,NONE,240,343,50269,21,0,0.4291,0.0504,1,0,NORMAL
16812.37,CREDIT_CARD,ICICI,PAYU,SUCCESS,SUCCESS,AUTHORIZED,CAPTURED,CANCELLED,CANCELLED,DELIVERED,200,1,ON_HOLD,PROCESSED,NONE,331837,334047,184098,14,0,0.345,0.062,1,0,ORDER_PAYMENT_CONFLICT
21581.97,NET_BANKING,PNB,BILLDESK,SUCCESS,SUCCESS,AUTHORIZED,CAPTURED,EXPIRED,CANCELLED,DELIVERED,200,1,ON_HOLD,PROCESSED,NONE,291265,291767,216465,8,0,0.7266,0.078,1,0,ORDER_PAYMENT_CONFLICT
1002.11,CREDIT_CARD,PNB,PAYU,REVERSED,PENDING,TIMEOUT,AUTO_REFUNDED,FAILED,UNFULFILLED,DELIVERED,500,1,FAILED,MANUAL_INTERVENTION_REQUIRED,REJECTED_BY_BANK,33594,60148,80802,22,0,0.3918,0.021,1,0,UNRESOLVED
4383.13,CREDIT_CARD,ICICI,PAYU,SUCCESS,SUCCESS,AUTHORIZED,CAPTURED,EXPIRED,UNFULFILLED,DROPPED,0,3,ON_HOLD,NONE,NONE,221,417,73548,23,0,1.3069,0.0404,1,0,MISSING_WEBHOOK
5383.16,NET_BANKING,YES_BANK,CASHFREE,SUCCESS,SUCCESS,AUTHORIZED,CAPTURED,PAID,PROCESSING,DELIVERED,200,1,PENDING,NONE,NONE,454,663,76295,0,0,0.1215,0.0668,1,0,NORMAL
2967.9,UPI,INDUSIND,RAZORPAY,SUCCESS,SUCCESS,AUTHORIZED,CAPTURED,REFUNDED,RETURNED,DELIVERED,200,1,REVERSED,MANUAL_INTERVENTION_REQUIRED,AWAITING_ACK,218,442,44599,15,0,-0.152,0.0424,1,0,REFUND_UNCERTAINTY
5115.1,UPI,AXIS,RAZORPAY,DEBITED,FAILED,AUTHORIZED,AUTO_REFUNDED,PENDING_PAYMENT,RETURNED,DELIVERED,504,1,DISCREPANCY,NONE,NOT_INITIATED,106941,7556,70297,4,0,1.6922,0.053,1,0,UNRESOLVED
327.1,CREDIT_CARD,KOTAK,CASHFREE,SUCCESS,SUCCESS,AUTHORIZED,CAPTURED,PENDING_PAYMENT,UNFULFILLED,TIMED_OUT,500,4,ON_HOLD,NONE,NONE,382,389,143770,13,0,-0.2212,0.0438,1,0,MISSING_WEBHOOK
8383.42,UPI,AXIS,BILLDESK,SUCCESS,SUCCESS,AUTHORIZED,CAPTURED,PAID,DELIVERED,DELIVERED,200,1,SETTLED,NONE,NONE,3596,3909,130942,8,0,1.3953,0.0362,1,0,NORMAL
430.61,UPI,PNB,RAZORPAY,SUCCESS,SUCCESS,AUTHORIZED,CAPTURED,PENDING_PAYMENT,UNFULFILLED,DROPPED,0,4,PENDING,NONE,NONE,708,867,65140,22,0,-0.3375,0.0231,1,0,MISSING_WEBHOOK
1121.88,UPI,HDFC,BILLDESK,SUCCESS,SUCCESS,AUTHORIZED,CAPTURED,PAID,DELIVERED,DELIVERED,200,1,ON_HOLD,PROCESSED,CREDITED_TO_CUSTOMER,451,677,141807,11,2,0.5582,0.039,1,1,DUPLICATE_PAYMENT
1787.4,CREDIT_CARD,SBI,BILLDESK,SUCCESS,SUCCESS,AUTHORIZED,CAPTURED,REFUNDED,RETURNED,DELIVERED,200,1,REVERSED,MANUAL_INTERVENTION_REQUIRED,NOT_INITIATED,255,411,195354,14,0,1.4825,0.0302,1,0,REFUND_UNCERTAINTY
3410.89,UPI,ICICI,RAZORPAY,SUCCESS,SUCCESS,AUTHORIZED,CAPTURED,PAID,DELIVERED,DELIVERED,200,2,SETTLED,NONE,NONE,415,715,181193,11,0,0.7952,0.0412,1,0,NORMAL
5864.59,CREDIT_CARD,PNB,RAZORPAY,SUCCESS,SUCCESS,AUTHORIZED,CAPTURED,PAID,PROCESSING,DELIVERED,200,1,PENDING,NONE,NONE,4276,4732,10554,7,0,0.2218,0.0646,1,0,NORMAL
406.37,CREDIT_CARD,PNB,STRIPE,SUCCESS,SUCCESS,AUTHORIZED,CAPTURED,EXPIRED,UNFULFILLED,FAILED,404,2,ON_HOLD,NONE,NONE,642,846,202806,16,0,-0.1534,0.0401,1,0,MISSING_WEBHOOK
772.36,CREDIT_CARD,AXIS,RAZORPAY,SUCCESS,SUCCESS,AUTHORIZED,CAPTURED,PAID,DELIVERED,DELIVERED,200,1,SETTLED,NONE,NONE,283,532,110358,9,0,-0.2979,0.0451,1,0,NORMAL
408.79,UPI,PNB,STRIPE,SUCCESS,SUCCESS,AUTHORIZED,CAPTURED,PROCESSING,PROCESSING,DELIVERED,200,1,SETTLED,NONE,NONE,54839,57291,175189,15,0,-0.1484,0.0372,1,0,DELAYED_CONFIRMATION
534.72,NET_BANKING,KOTAK,RAZORPAY,SUCCESS,SUCCESS,AUTHORIZED,CAPTURED,REFUNDED,RETURNED,DELIVERED,200,1,REVERSED,FAILED,AWAITING_ACK,615,768,219955,20,0,0.114,0.0314,1,0,REFUND_UNCERTAINTY
2416.72,CREDIT_CARD,AXIS,STRIPE,SUCCESS,SUCCESS,AUTHORIZED,CAPTURED,PAID,DELIVERED,DELIVERED,200,1,SETTLED,NONE,NONE,649,789,105270,15,0,-0.3095,0.0433,1,0,NORMAL
474.77,UPI,KOTAK,RAZORPAY,SUCCESS,SUCCESS,AUTHORIZED,CAPTURED,REFUNDED,RETURNED,DELIVERED,200,1,REVERSED,MANUAL_INTERVENTION_REQUIRED,AWAITING_ACK,468,703,175447,17,0,-0.2696,0.0243,1,0,REFUND_UNCERTAINTY
9135.07,CREDIT_CARD,ICICI,BILLDESK,SUCCESS,SUCCESS,AUTHORIZED,CAPTURED,PAID,DELIVERED,DELIVERED,200,1,SETTLED,NONE,NONE,587,862,236266,14,0,0.9031,0.0636,1,0,NORMAL
1524.28,UPI,ICICI,CASHFREE,SUCCESS,FAILED,FAILED,FAILED,CANCELLED,CANCELLED,FAILED,504,1,ON_HOLD,NONE,NOT_INITIATED,925,65533,211480,1,0,1.345,0.0254,1,0,BANK_DEBIT_GATEWAY_FAILURE
104.78,NET_BANKING,ICICI,RAZORPAY,SUCCESS,SUCCESS,AUTHORIZED,CAPTURED,PAID,DELIVERED,DELIVERED,200,1,DISCREPANCY,NONE,NONE,294,450,133338,4,0,-0.6726,0.0464,1,0,SETTLEMENT_MISMATCH
303.9,UPI,INDUSIND,STRIPE,SUCCESS,SUCCESS,AUTHORIZED,CAPTURED,EXPIRED,CANCELLED,DELIVERED,200,1,ON_HOLD,INITIATED,NONE,259901,261546,31504,13,0,-0.3669,0.0355,1,0,ORDER_PAYMENT_CONFLICT
822.73,UPI,AXIS,PAYU,SUCCESS,SUCCESS,AUTHORIZED,CAPTURED,PAID,PROCESSING,DELIVERED,200,1,SETTLED,NONE,NONE,74454,76154,115452,14,0,0.1427,0.0259,1,0,DELAYED_CONFIRMATION
16782.11,NET_BANKING,KOTAK,STRIPE,SUCCESS,SUCCESS,AUTHORIZED,CAPTURED,PAID,PROCESSING,DELIVERED,200,1,PENDING,NONE,NONE,4366,5241,11028,15,0,0.3426,0.0764,1,0,NORMAL
2155.8,UPI,SBI,STRIPE,SUCCESS,FAILED,AUTHORIZED,CAPTURED,FAILED,UNFULFILLED,DELIVERED,200,1,DISCREPANCY,MANUAL_INTERVENTION_REQUIRED,AWAITING_ACK,99934,52217,158676,22,1,-0.2301,0.0176,1,0,UNRESOLVED
874.26,CREDIT_CARD,HDFC,CASHFREE,SUCCESS,FAILED,FAILED,FAILED,CANCELLED,CANCELLED,NONE,500,1,ON_HOLD,INITIATED,NOT_INITIATED,802,93234,240445,21,0,-0.2052,0.0437,1,0,BANK_DEBIT_GATEWAY_FAILURE
12830.66,UPI,KOTAK,STRIPE,SUCCESS,SUCCESS,AUTHORIZED,CAPTURED,PAID,PROCESSING,DELIVERED,200,1,PENDING,NONE,NONE,267,555,44642,5,0,0.0265,0.0612,1,0,NORMAL
806.46,UPI,INDUSIND,RAZORPAY,SUCCESS,SUCCESS,AUTHORIZED,CAPTURED,PENDING_PAYMENT,UNFULFILLED,TIMED_OUT,502,2,ON_HOLD,NONE,NONE,730,936,17497,20,0,0.2407,0.0305,1,0,MISSING_WEBHOOK
42966.27,NET_BANKING,INDUSIND,PAYU,SUCCESS,SUCCESS,AUTHORIZED,CAPTURED,CANCELLED,CANCELLED,DELIVERED,200,1,ON_HOLD,PROCESSED,NONE,347558,350053,89041,8,0,2.4373,0.0794,1,0,ORDER_PAYMENT_CONFLICT
653.26,UPI,SBI,BILLDESK,SUCCESS,FAILED,TIMEOUT,FAILED,CANCELLED,CANCELLED,DELIVERED,200,1,ON_HOLD,NONE,NOT_INITIATED,954,47382,195728,23,0,-0.0927,0.0282,1,0,BANK_DEBIT_GATEWAY_FAILURE
360.7,UPI,ICICI,BILLDESK,SUCCESS,SUCCESS,AUTHORIZED,CAPTURED,PENDING_PAYMENT,UNFULFILLED,DROPPED,500,5,ON_HOLD,NONE,NONE,630,901,84735,9,0,-0.1412,0.0444,1,0,MISSING_WEBHOOK
985.31,DEBIT_CARD,INDUSIND,STRIPE,SUCCESS,SUCCESS,AUTHORIZED,CAPTURED,PAID,DELIVERED,DELIVERED,200,1,SETTLED,NONE,NONE,278,529,173896,14,0,0.3685,0.0251,1,0,NORMAL
5049.65,UPI,SBI,BILLDESK,SUCCESS,SUCCESS,AUTHORIZED,CAPTURED,PAID,DELIVERED,DELIVERED,200,1,ON_HOLD,INITIATED,AWAITING_ACK,257,551,6295,15,3,0.052,0.061,1,1,DUPLICATE_PAYMENT
3736.19,UPI,KOTAK,STRIPE,SUCCESS,SUCCESS,AUTHORIZED,CAPTURED,PENDING_PAYMENT,UNFULFILLED,FAILED,504,3,ON_HOLD,NONE,NONE,198,287,40083,13,0,0.3344,0.0233,1,0,MISSING_WEBHOOK
252.12,UPI,KOTAK,BILLDESK,SUCCESS,SUCCESS,AUTHORIZED,CAPTURED,REFUNDED,RETURNED,DELIVERED,200,1,REVERSED,MANUAL_INTERVENTION_REQUIRED,AWAITING_ACK,314,497,150219,5,0,-0.3997,0.0364,1,0,REFUND_UNCERTAINTY
3534.62,CREDIT_CARD,ICICI,BILLDESK,DEBITED,TIMED_OUT,TIMEOUT,FAILED,CANCELLED,CANCELLED,NONE,0,1,ON_HOLD,NONE,NOT_INITIATED,1379,51545,183204,1,0,0.2624,0.0114,1,0,BANK_DEBIT_GATEWAY_FAILURE
4954.71,UPI,KOTAK,STRIPE,SUCCESS,SUCCESS,AUTHORIZED,CAPTURED,PAID,PROCESSING,DELIVERED,200,1,PENDING,NONE,NONE,2365,2688,39255,3,0,0.4156,0.0432,1,0,NORMAL
367.01,DEBIT_CARD,AXIS,BILLDESK,SUCCESS,SUCCESS,AUTHORIZED,CAPTURED,PAID,DELIVERED,DELIVERED,200,1,SETTLED,NONE,NONE,343,556,199403,15,0,-0.2354,0.0462,1,0,NORMAL
438.59,UPI,INDUSIND,CASHFREE,SUCCESS,SUCCESS,AUTHORIZED,CAPTURED,CANCELLED,CANCELLED,DELIVERED,200,1,ON_HOLD,PROCESSED,NONE,322835,325220,19325,3,0,-0.6013,0.0553,1,0,ORDER_PAYMENT_CONFLICT
7664.95,UPI,INDUSIND,BILLDESK,SUCCESS,SUCCESS,AUTHORIZED,CAPTURED,PAID,DELIVERED,DELIVERED,200,1,ON_HOLD,PROCESSED,CREDITED_TO_CUSTOMER,522,706,83855,3,3,3.0342,0.0597,1,1,DUPLICATE_PAYMENT
858.85,CREDIT_CARD,SBI,STRIPE,SUCCESS,FAILED,FAILED,FAILED,EXPIRED,CANCELLED,FAILED,0,1,ON_HOLD,PROCESSED,CREDITED_TO_CUSTOMER,1129,58237,29692,2,0,0.3213,0.0271,1,0,BANK_DEBIT_GATEWAY_FAILURE
412.7,UPI,INDUSIND,PAYU,REVERSED,SUCCESS,AUTHORIZED,CAPTURED,REFUNDED,RETURNED,DELIVERED,200,1,REVERSED,FAILED,NOT_INITIATED,248,463,44652,19,0,-0.4268,0.0304,1,0,REFUND_UNCERTAINTY
3212.19,UPI,ICICI,RAZORPAY,SUCCESS,PENDING,TIMEOUT,PENDING,PAID,DELIVERED,RETRYING,504,1,ON_HOLD,NONE,AWAITING_ACK,13093,48476,49268,10,1,-0.3308,0.0607,1,0,UNRESOLVED
4857.55,CREDIT_CARD,INDUSIND,STRIPE,SUCCESS,SUCCESS,AUTHORIZED,CAPTURED,PAID,DELIVERED,DELIVERED,200,3,SETTLED,NONE,NONE,246,408,92499,2,0,0.3879,0.0469,1,0,NORMAL
731.69,DEBIT_CARD,HDFC,STRIPE,SUCCESS,SUCCESS,AUTHORIZED,CAPTURED,PAID,PROCESSING,DELIVERED,200,1,PENDING,NONE,NONE,3152,3763,21216,20,0,0.1257,0.0252,1,0,NORMAL
821.39,CREDIT_CARD,ICICI,RAZORPAY,SUCCESS,SUCCESS,AUTHORIZED,CAPTURED,PAID,DELIVERED,DELIVERED,200,1,SETTLED,NONE,NONE,689,848,107698,19,0,0.7112,0.0322,1,0,NORMAL
2961.35,CREDIT_CARD,YES_BANK,BILLDESK,SUCCESS,SUCCESS,AUTHORIZED,CAPTURED,PAID,PROCESSING,DELIVERED,200,2,SETTLED,NONE,NONE,102669,106497,184519,11,0,0.5586,0.0575,1,0,DELAYED_CONFIRMATION
2652.74,NET_BANKING,SBI,CASHFREE,SUCCESS,SUCCESS,AUTHORIZED,CAPTURED,PAID,DELIVERED,DELIVERED,200,1,SETTLED,NONE,NONE,3791,4433,88243,13,0,0.3962,0.056,1,0,NORMAL
913.76,UPI,YES_BANK,STRIPE,SUCCESS,SUCCESS,AUTHORIZED,CAPTURED,PAID,DELIVERED,DELIVERED,200,1,SETTLED,NONE,NONE,482,652,121318,11,0,0.9037,0.0485,1,0,NORMAL
3076.53,UPI,HDFC,PAYU,SUCCESS,SUCCESS,AUTHORIZED,CAPTURED,PAID,DELIVERED,DELIVERED,200,1,SETTLED,NONE,NONE,739,916,151961,14,0,0.0988,0.0165,1,0,NORMAL
8514.42,UPI,SBI,STRIPE,SUCCESS,SUCCESS,AUTHORIZED,CAPTURED,PAID,DELIVERED,DELIVERED,200,1,SETTLED,NONE,NONE,668,843,189743,23,0,1.4327,0.0364,1,0,NORMAL
854.75,DEBIT_CARD,ICICI,STRIPE,SUCCESS,SUCCESS,AUTHORIZED,CAPTURED,PAID,DELIVERED,DELIVERED,200,1,ON_HOLD,NONE,AWAITING_ACK,497,650,78468,20,1,1.0351,0.0432,1,1,DUPLICATE_PAYMENT
190.76,UPI,KOTAK,PAYU,SUCCESS,FAILED,NONE,AUTO_REFUNDED,FAILED,CANCELLED,RETRYING,500,1,DISCREPANCY,PENDING,REJECTED_BY_BANK,95370,21728,7437,21,1,-0.5458,0.0436,1,0,UNRESOLVED
3400.9,UPI,YES_BANK,RAZORPAY,SUCCESS,PENDING,AUTHORIZED,FAILED,PAID,RETURNED,DELIVERED,500,1,FAILED,PENDING,REJECTED_BY_BANK,78607,6354,174622,15,2,0.2146,0.0161,1,0,UNRESOLVED
789.12,UPI,KOTAK,CASHFREE,SUCCESS,SUCCESS,AUTHORIZED,CAPTURED,PAID,PROCESSING,DELIVERED,200,1,PENDING,NONE,NONE,462,756,52701,14,0,-0.2826,0.0413,1,0,NORMAL
2538.02,DEBIT_CARD,YES_BANK,STRIPE,DEBITED,FAILED,NONE,FAILED,CANCELLED,CANCELLED,NONE,504,1,ON_HOLD,NONE,NOT_INITIATED,913,62153,159388,14,0,1.3073,0.0598,1,0,BANK_DEBIT_GATEWAY_FAILURE
3862.6,UPI,ICICI,PAYU,SUCCESS,SUCCESS,AUTHORIZED,CAPTURED,CANCELLED,UNFULFILLED,TIMED_OUT,0,3,ON_HOLD,NONE,NONE,234,444,235271,15,0,0.1036,0.0387,1,0,MISSING_WEBHOOK
400.38,UPI,PNB,PAYU,PENDING,FAILED,TIMEOUT,PENDING,CANCELLED,RETURNED,RETRYING,504,1,ON_HOLD,PENDING,AWAITING_ACK,83571,109503,151916,3,3,-0.384,0.0235,1,0,UNRESOLVED
2648.0,UPI,ICICI,PAYU,SUCCESS,SUCCESS,AUTHORIZED,CAPTURED,PAID,PROCESSING,DELIVERED,200,1,PENDING,NONE,NONE,702,928,8012,23,0,0.3937,0.0502,1,0,NORMAL
4308.84,NET_BANKING,SBI,STRIPE,SUCCESS,SUCCESS,AUTHORIZED,CAPTURED,PENDING_PAYMENT,UNFULFILLED,TIMED_OUT,500,2,ON_HOLD,NONE,NONE,362,478,106130,13,0,0.5389,0.0232,1,0,MISSING_WEBHOOK
508.89,UPI,SBI,BILLDESK,SUCCESS,SUCCESS,AUTHORIZED,CAPTURED,REFUNDED,RETURNED,DELIVERED,200,1,REVERSED,PENDING,REJECTED_BY_BANK,540,795,127812,2,0,0.2116,0.041,1,0,REFUND_UNCERTAINTY
902.05,UPI,PNB,RAZORPAY,SUCCESS,SUCCESS,AUTHORIZED,CAPTURED,PAID,PROCESSING,DELIVERED,200,1,PENDING,NONE,NONE,4395,5268,55100,11,0,0.2528,0.0286,1,0,NORMAL
1932.93,CREDIT_CARD,SBI,PAYU,SUCCESS,SUCCESS,AUTHORIZED,PENDING,PAID,PROCESSING,RETRYING,200,2,PENDING,NONE,NONE,67613,71035,9774,8,0,-0.3097,0.0135,1,0,DELAYED_CONFIRMATION
6863.29,EMI,YES_BANK,STRIPE,SUCCESS,SUCCESS,AUTHORIZED,CAPTURED,PAID,DELIVERED,DELIVERED,200,1,ON_HOLD,PROCESSED,CREDITED_TO_CUSTOMER,634,793,184792,19,2,0.9609,0.0487,1,1,DUPLICATE_PAYMENT
2793.74,UPI,INDUSIND,RAZORPAY,SUCCESS,SUCCESS,AUTHORIZED,CAPTURED,PAID,DELIVERED,DELIVERED,200,1,ON_HOLD,PROCESSED,CREDITED_TO_CUSTOMER,645,759,18032,13,4,-0.2018,0.031,1,1,DUPLICATE_PAYMENT
9176.53,UPI,INDUSIND,BILLDESK,SUCCESS,SUCCESS,AUTHORIZED,CAPTURED,EXPIRED,UNFULFILLED,DROPPED,500,2,ON_HOLD,NONE,NONE,653,868,9059,23,0,0.9118,0.0623,1,0,MISSING_WEBHOOK
3662.88,UPI,YES_BANK,PAYU,SUCCESS,SUCCESS,AUTHORIZED,CAPTURED,PAID,DELIVERED,DELIVERED,200,1,SETTLED,NONE,NONE,535,775,144206,2,0,0.3082,0.0145,1,0,NORMAL
520.79,UPI,AXIS,RAZORPAY,SUCCESS,SUCCESS,AUTHORIZED,CAPTURED,PAID,DELIVERED,DELIVERED,200,1,ON_HOLD,NONE,AWAITING_ACK,306,438,123901,16,1,0.085,0.0499,1,1,DUPLICATE_PAYMENT
483.26,UPI,HDFC,STRIPE,SUCCESS,SUCCESS,AUTHORIZED,CAPTURED,PENDING_PAYMENT,UNFULFILLED,TIMED_OUT,500,4,PENDING,NONE,NONE,405,683,210904,23,0,0.1506,0.0426,1,0,MISSING_WEBHOOK
750.13,UPI,SBI,STRIPE,SUCCESS,SUCCESS,AUTHORIZED,CAPTURED,PAID,DELIVERED,DELIVERED,200,1,SETTLED,NONE,NONE,4439,4940,177599,9,0,0.154,0.0377,1,0,NORMAL
801.09,CREDIT_CARD,INDUSIND,PAYU,SUCCESS,SUCCESS,AUTHORIZED,CAPTURED,PENDING_PAYMENT,UNFULFILLED,DROPPED,0,3,ON_HOLD,NONE,NONE,728,844,96373,12,0,0.2324,0.03,1,0,MISSING_WEBHOOK
8175.95,CREDIT_CARD,YES_BANK,PAYU,SUCCESS,FAILED,TIMEOUT,AUTO_REFUNDED,PAID,RETURNED,DROPPED,500,1,DISCREPANCY,FAILED,REJECTED_BY_BANK,3171,98746,149817,14,0,-0.3459,0.0715,1,0,UNRESOLVED
2431.25,EMI,PNB,RAZORPAY,SUCCESS,PENDING,NONE,CAPTURED,PENDING_PAYMENT,CANCELLED,DELIVERED,404,1,DISCREPANCY,NONE,AWAITING_ACK,7177,19092,100092,14,2,-0.3054,0.033,1,0,UNRESOLVED
1446.7,UPI,ICICI,STRIPE,SUCCESS,SUCCESS,AUTHORIZED,CAPTURED,REFUNDED,RETURNED,DELIVERED,200,1,REVERSED,MANUAL_INTERVENTION_REQUIRED,AWAITING_ACK,198,388,116330,23,0,-0.6986,0.0639,1,0,REFUND_UNCERTAINTY
3197.8,UPI,HDFC,RAZORPAY,SUCCESS,SUCCESS,AUTHORIZED,CAPTURED,PAID,PROCESSING,DELIVERED,200,1,PENDING,NONE,NONE,594,851,58120,9,0,-0.3338,0.0629,1,0,NORMAL
7716.49,CREDIT_CARD,SBI,BILLDESK,SUCCESS,SUCCESS,AUTHORIZED,CAPTURED,PAID,DELIVERED,DELIVERED,200,1,ON_HOLD,INITIATED,AWAITING_ACK,616,817,53919,17,4,-0.3827,0.0657,1,1,DUPLICATE_PAYMENT
371.27,UPI,YES_BANK,BILLDESK,SUCCESS,SUCCESS,AUTHORIZED,CAPTURED,PAID,DELIVERED,DELIVERED,200,1,SETTLED,NONE,NONE,634,813,118600,23,0,-0.2265,0.0342,1,0,NORMAL
627.6,UPI,ICICI,CASHFREE,SUCCESS,SUCCESS,AUTHORIZED,CAPTURED,PAID,DELIVERED,DELIVERED,200,1,SETTLED,NONE,NONE,670,897,219471,23,0,-0.6697,0.0478,1,0,NORMAL
1496.35,CREDIT_CARD,SBI,CASHFREE,SUCCESS,FAILED,FAILED,NOT_REQUESTED,CANCELLED,CANCELLED,NONE,0,1,ON_HOLD,NONE,NOT_INITIATED,1249,79434,156709,15,0,-0.5725,0.0303,1,0,BANK_DEBIT_GATEWAY_FAILURE
2456.76,CREDIT_CARD,INDUSIND,STRIPE,SUCCESS,PENDING,AUTHORIZED,CAPTURED,PAID,PROCESSING,RETRYING,200,2,SETTLED,NONE,NONE,43180,47275,166477,2,0,0.293,0.0433,1,0,DELAYED_CONFIRMATION
5519.33,UPI,HDFC,PAYU,SUCCESS,SUCCESS,AUTHORIZED,CAPTURED,PAID,DELIVERED,DELIVERED,200,1,SETTLED,NONE,NONE,656,868,128204,17,0,0.577,0.041,1,0,NORMAL
381.58,CREDIT_CARD,KOTAK,RAZORPAY,SUCCESS,SUCCESS,AUTHORIZED,CAPTURED,PENDING_PAYMENT,UNFULFILLED,DROPPED,404,3,ON_HOLD,NONE,NONE,418,679,189284,12,0,-0.413,0.0327,1,0,MISSING_WEBHOOK
6370.46,UPI,AXIS,BILLDESK,SUCCESS,SUCCESS,AUTHORIZED,CAPTURED,PAID,DELIVERED,DELIVERED,200,1,DISCREPANCY,NONE,NONE,419,661,68287,4,0,4.8288,0.0437,1,0,SETTLEMENT_MISMATCH
34178.3,EMI,HDFC,STRIPE,SUCCESS,SUCCESS,AUTHORIZED,CAPTURED,PAID,PROCESSING,DELIVERED,200,1,PENDING,NONE,NONE,606,705,47365,18,0,1.7343,0.0642,1,0,NORMAL
853.63,UPI,ICICI,RAZORPAY,SUCCESS,SUCCESS,AUTHORIZED,CAPTURED,PAID,PROCESSING,DELIVERED,200,3,SETTLED,NONE,NONE,97314,98677,171892,7,0,0.1856,0.0217,1,0,DELAYED_CONFIRMATION
10859.18,UPI,PNB,STRIPE,SUCCESS,SUCCESS,AUTHORIZED,CAPTURED,PAID,DELIVERED,DELIVERED,200,1,SETTLED,NONE,NONE,615,804,243569,8,0,1.2623,0.0567,1,0,NORMAL
549.43,DEBIT_CARD,KOTAK,PAYU,SUCCESS,SUCCESS,AUTHORIZED,CAPTURED,PAID,DELIVERED,DELIVERED,200,1,SETTLED,NONE,NONE,732,1030,134782,19,1,0.3082,0.0493,1,0,NORMAL
17624.29,UPI,ICICI,BILLDESK,SUCCESS,SUCCESS,AUTHORIZED,CAPTURED,PAID,DELIVERED,DELIVERED,200,1,SETTLED,NONE,NONE,3437,3641,103919,13,0,0.4099,0.075,1,0,NORMAL
3305.16,NET_BANKING,KOTAK,PAYU,SUCCESS,SUCCESS,AUTHORIZED,CAPTURED,PAID,PROCESSING,DELIVERED,200,1,PENDING,NONE,NONE,2978,3339,51964,23,0,-0.0557,0.0394,1,0,NORMAL
4872.7,EMI,SBI,BILLDESK,SUCCESS,SUCCESS,AUTHORIZED,CAPTURED,PAID,DELIVERED,DELIVERED,200,1,SETTLED,NONE,NONE,234,388,145102,18,0,0.3922,0.0492,1,0,NORMAL
995.94,UPI,KOTAK,BILLDESK,PENDING,SUCCESS,AUTHORIZED,CAPTURED,PROCESSING,PROCESSING,SCHEDULED,200,3,SETTLED,NONE,NONE,55071,58923,222724,14,0,-0.0946,0.0534,1,0,DELAYED_CONFIRMATION
1531.87,NET_BANKING,INDUSIND,RAZORPAY,SUCCESS,SUCCESS,AUTHORIZED,CAPTURED,CANCELLED,CANCELLED,DELIVERED,200,1,ON_HOLD,INITIATED,NONE,303797,305152,55139,10,0,0.3926,0.0535,1,0,ORDER_PAYMENT_CONFLICT
764.51,UPI,ICICI,BILLDESK,SUCCESS,SUCCESS,AUTHORIZED,CAPTURED,PAID,DELIVERED,DELIVERED,200,1,SETTLED,NONE,NONE,512,626,180601,8,0,0.8203,0.0328,1,0,NORMAL
400.34,WALLET,HDFC,RAZORPAY,SUCCESS,SUCCESS,AUTHORIZED,CAPTURED,PAID,PROCESSING,DELIVERED,200,1,PENDING,NONE,NONE,494,669,40909,1,0,-0.166,0.0305,1,0,NORMAL
15270.81,UPI,HDFC,RAZORPAY,SUCCESS,SUCCESS,AUTHORIZED,CAPTURED,PAID,DELIVERED,DELIVERED,200,1,SETTLED,NONE,NONE,675,802,106082,9,0,3.3631,0.0467,1,0,NORMAL
1807.22,UPI,KOTAK,PAYU,SUCCESS,SUCCESS,AUTHORIZED,CAPTURED,PAID,PROCESSING,DELIVERED,200,1,PENDING,NONE,NONE,224,419,28949,8,0,-0.0488,0.0556,1,0,NORMAL
6328.94,EMI,YES_BANK,STRIPE,SUCCESS,SUCCESS,AUTHORIZED,CAPTURED,PAID,DELIVERED,DELIVERED,200,1,DISCREPANCY,NONE,NONE,282,550,97601,7,0,1.3368,0.0286,1,0,SETTLEMENT_MISMATCH
10726.91,CREDIT_CARD,INDUSIND,BILLDESK,SUCCESS,SUCCESS,AUTHORIZED,CAPTURED,PAID,DELIVERED,DELIVERED,200,1,SETTLED,NONE,NONE,425,515,193404,2,0,-0.1418,0.0657,1,0,NORMAL
1967.83,UPI,PNB,CASHFREE,SUCCESS,SUCCESS,AUTHORIZED,CAPTURED,CANCELLED,CANCELLED,DELIVERED,200,1,ON_HOLD,NONE,NONE,315556,316891,113875,3,0,0.7889,0.042,1,0,ORDER_PAYMENT_CONFLICT
3171.59,EMI,HDFC,PAYU,SUCCESS,SUCCESS,AUTHORIZED,CAPTURED,PAID,PROCESSING,DELIVERED,200,1,PENDING,NONE,NONE,489,647,4274,11,0,0.1327,0.029,1,0,NORMAL
1626.68,CREDIT_CARD,YES_BANK,RAZORPAY,SUCCESS,SUCCESS,AUTHORIZED,CAPTURED,PAID,PROCESSING,DELIVERED,200,1,PENDING,NONE,NONE,196,437,47408,21,0,-0.1439,0.045,1,0,NORMAL
987.03,UPI,AXIS,STRIPE,SUCCESS,SUCCESS,AUTHORIZED,CAPTURED,PAID,DELIVERED,DELIVERED,200,1,SETTLED,NONE,NONE,704,943,121993,1,0,0.5185,0.0259,1,0,NORMAL
881.33,CREDIT_CARD,KOTAK,RAZORPAY,SUCCESS,SUCCESS,AUTHORIZED,CAPTURED,PAID,DELIVERED,DELIVERED,200,1,SETTLED,NONE,NONE,395,541,202774,16,0,-0.5361,0.0441,1,0,NORMAL
1148.01,UPI,SBI,BILLDESK,SUCCESS,SUCCESS,AUTHORIZED,CAPTURED,REFUNDED,RETURNED,DELIVERED,200,1,REVERSED,MANUAL_INTERVENTION_REQUIRED,NOT_INITIATED,606,817,212234,19,0,-0.7608,0.0505,1,0,REFUND_UNCERTAINTY
8756.36,UPI,SBI,BILLDESK,SUCCESS,SUCCESS,AUTHORIZED,CAPTURED,REFUNDED,RETURNED,DELIVERED,200,1,REVERSED,FAILED,AWAITING_ACK,281,416,252982,11,0,2.1273,0.0297,1,0,REFUND_UNCERTAINTY
152.65,CREDIT_CARD,KOTAK,CASHFREE,SUCCESS,SUCCESS,AUTHORIZED,CAPTURED,PAID,PROCESSING,DELIVERED,200,1,PENDING,NONE,NONE,93654,96396,85894,7,0,-0.682,0.0313,1,0,DELAYED_CONFIRMATION
788.38,UPI,SBI,CASHFREE,DEBITED,TIMED_OUT,FAILED,FAILED,EXPIRED,CANCELLED,DELIVERED,200,1,ON_HOLD,PROCESSED,CREDITED_TO_CUSTOMER,303,63025,30330,8,0,0.2129,0.04,1,0,BANK_DEBIT_GATEWAY_FAILURE
1348.08,UPI,HDFC,RAZORPAY,SUCCESS,SUCCESS,AUTHORIZED,CAPTURED,CANCELLED,CANCELLED,DELIVERED,200,1,ON_HOLD,NONE,NONE,298314,299977,190887,5,0,-0.6148,0.0316,1,0,ORDER_PAYMENT_CONFLICT
19662.32,CREDIT_CARD,KOTAK,STRIPE,SUCCESS,SUCCESS,AUTHORIZED,CAPTURED,CANCELLED,CANCELLED,DELIVERED,200,1,ON_HOLD,PROCESSED,NONE,315501,317852,62082,19,0,0.573,0.0677,1,0,ORDER_PAYMENT_CONFLICT
2754.08,CREDIT_CARD,YES_BANK,CASHFREE,SUCCESS,SUCCESS,AUTHORIZED,CAPTURED,CANCELLED,CANCELLED,DELIVERED,200,1,ON_HOLD,PROCESSED,NONE,285378,287094,126920,1,0,-0.2131,0.0483,1,0,ORDER_PAYMENT_CONFLICT
2052.6,UPI,SBI,BILLDESK,SUCCESS,SUCCESS,AUTHORIZED,CAPTURED,PAID,DELIVERED,DELIVERED,200,1,SETTLED,NONE,NONE,520,744,97266,12,0,3.8871,0.0467,1,0,NORMAL
2803.86,DEBIT_CARD,KOTAK,STRIPE,SUCCESS,SUCCESS,AUTHORIZED,CAPTURED,PAID,PROCESSING,DELIVERED,200,1,PENDING,NONE,NONE,292,418,20981,21,0,-0.1989,0.0343,1,0,NORMAL
2563.58,UPI,ICICI,CASHFREE,SUCCESS,SUCCESS,AUTHORIZED,CAPTURED,PROCESSING,PROCESSING,DELIVERED,200,1,SETTLED,NONE,NONE,59699,61676,137794,2,0,-0.0844,0.0192,1,0,DELAYED_CONFIRMATION
963.66,CREDIT_CARD,AXIS,CASHFREE,SUCCESS,SUCCESS,AUTHORIZED,CAPTURED,REFUNDED,RETURNED,DELIVERED,200,1,REVERSED,MANUAL_INTERVENTION_REQUIRED,REJECTED_BY_BANK,588,689,257807,23,0,-0.1239,0.0552,1,0,REFUND_UNCERTAINTY
1576.86,NET_BANKING,HDFC,STRIPE,SUCCESS,SUCCESS,AUTHORIZED,CAPTURED,REFUNDED,RETURNED,DELIVERED,200,1,REVERSED,FAILED,NOT_INITIATED,326,581,225578,5,0,0.4335,0.0428,1,0,REFUND_UNCERTAINTY
1327.79,CREDIT_CARD,PNB,RAZORPAY,SUCCESS,SUCCESS,AUTHORIZED,CAPTURED,CANCELLED,CANCELLED,DELIVERED,200,1,ON_HOLD,INITIATED,NONE,313683,315406,142800,23,0,0.8442,0.0228,1,0,ORDER_PAYMENT_CONFLICT
3112.36,UPI,YES_BANK,CASHFREE,SUCCESS,SUCCESS,AUTHORIZED,CAPTURED,PAID,DELIVERED,DELIVERED,200,3,SETTLED,NONE,NONE,488,671,149217,19,0,0.6381,0.0511,1,0,NORMAL
1242.66,UPI,INDUSIND,CASHFREE,SUCCESS,SUCCESS,AUTHORIZED,CAPTURED,PENDING_PAYMENT,UNFULFILLED,DROPPED,504,5,ON_HOLD,NONE,NONE,553,740,164469,21,0,0.1297,0.0516,1,0,MISSING_WEBHOOK
814.18,CREDIT_CARD,ICICI,PAYU,SUCCESS,SUCCESS,AUTHORIZED,CAPTURED,PAID,DELIVERED,DELIVERED,200,1,DISCREPANCY,NONE,NONE,463,679,108260,7,0,0.993,0.0465,1,0,SETTLEMENT_MISMATCH
1299.94,UPI,YES_BANK,CASHFREE,SUCCESS,SUCCESS,AUTHORIZED,CAPTURED,PENDING_PAYMENT,UNFULFILLED,DROPPED,504,2,ON_HOLD,NONE,NONE,447,574,228931,20,0,0.1818,0.0443,1,0,MISSING_WEBHOOK
20872.74,WALLET,SBI,PAYU,SUCCESS,SUCCESS,AUTHORIZED,CAPTURED,PAID,DELIVERED,DELIVERED,200,1,SETTLED,NONE,NONE,515,655,86408,22,0,0.6698,0.0762,1,0,NORMAL
3164.2,UPI,PNB,BILLDESK,SUCCESS,SUCCESS,AUTHORIZED,CAPTURED,PENDING_PAYMENT,UNFULFILLED,DROPPED,502,4,ON_HOLD,NONE,NONE,560,828,23719,16,0,0.6654,0.0568,1,0,MISSING_WEBHOOK
4694.14,UPI,INDUSIND,PAYU,SUCCESS,SUCCESS,AUTHORIZED,CAPTURED,PENDING_PAYMENT,UNFULFILLED,FAILED,504,4,ON_HOLD,NONE,NONE,484,565,51193,6,0,0.3412,0.0393,1,0,MISSING_WEBHOOK
855.72,UPI,KOTAK,STRIPE,SUCCESS,SUCCESS,AUTHORIZED,CAPTURED,REFUNDED,RETURNED,DELIVERED,200,1,REVERSED,FAILED,REJECTED_BY_BANK,583,693,162431,18,0,1.0374,0.0405,1,0,REFUND_UNCERTAINTY
2414.25,DEBIT_CARD,INDUSIND,STRIPE,SUCCESS,SUCCESS,AUTHORIZED,CAPTURED,PAID,DELIVERED,DELIVERED,200,1,SETTLED,NONE,NONE,564,799,219552,19,0,0.2707,0.0421,1,0,NORMAL
11806.63,UPI,AXIS,RAZORPAY,SUCCESS,SUCCESS,AUTHORIZED,CAPTURED,CANCELLED,CANCELLED,DELIVERED,200,1,ON_HOLD,INITIATED,NONE,275706,276609,112793,20,0,-0.0555,0.0709,1,0,ORDER_PAYMENT_CONFLICT
3135.24,DEBIT_CARD,SBI,STRIPE,SUCCESS,PENDING,AUTHORIZED,PENDING,PROCESSING,PROCESSING,DELIVERED,200,2,PENDING,NONE,NONE,91175,94488,81054,22,0,0.6501,0.0445,1,0,DELAYED_CONFIRMATION
8095.36,CREDIT_CARD,AXIS,PAYU,SUCCESS,SUCCESS,AUTHORIZED,CAPTURED,PAID,DELIVERED,DELIVERED,200,1,SETTLED,NONE,NONE,686,863,195705,9,0,0.6865,0.0524,1,0,NORMAL
578.34,UPI,ICICI,STRIPE,SUCCESS,SUCCESS,AUTHORIZED,CAPTURED,PAID,DELIVERED,DELIVERED,200,1,SETTLED,NONE,NONE,307,412,239607,1,0,-0.1102,0.0388,1,0,NORMAL
5396.23,DEBIT_CARD,SBI,PAYU,SUCCESS,SUCCESS,AUTHORIZED,CAPTURED,PAID,PROCESSING,DELIVERED,200,1,PENDING,NONE,NONE,551,805,49457,1,0,0.5418,0.0403,1,0,NORMAL
302.26,DEBIT_CARD,YES_BANK,STRIPE,SUCCESS,SUCCESS,AUTHORIZED,CAPTURED,CANCELLED,CANCELLED,DELIVERED,200,1,ON_HOLD,PROCESSED,NONE,354868,355911,202558,6,0,-0.3703,0.0498,1,0,ORDER_PAYMENT_CONFLICT
666.36,UPI,YES_BANK,RAZORPAY,SUCCESS,SUCCESS,AUTHORIZED,CAPTURED,REFUNDED,RETURNED,DELIVERED,200,1,REVERSED,MANUAL_INTERVENTION_REQUIRED,AWAITING_ACK,526,751,140947,1,0,-0.0745,0.0328,1,0,REFUND_UNCERTAINTY
1301.92,UPI,KOTAK,RAZORPAY,SUCCESS,SUCCESS,AUTHORIZED,PENDING,PROCESSING,PROCESSING,DELIVERED,200,2,SETTLED,NONE,NONE,73132,74672,177304,5,0,-0.535,0.0236,1,0,DELAYED_CONFIRMATION
1522.18,CREDIT_CARD,YES_BANK,CASHFREE,SUCCESS,SUCCESS,AUTHORIZED,CAPTURED,PAID,PROCESSING,DELIVERED,200,1,PENDING,NONE,NONE,2382,2998,53531,13,0,1.1141,0.0331,1,0,NORMAL
1245.78,CREDIT_CARD,YES_BANK,PAYU,PENDING,SUCCESS,AUTHORIZED,CAPTURED,PAID,PROCESSING,DELIVERED,200,2,SETTLED,NONE,NONE,101838,103679,126075,19,0,0.7302,0.0252,1,0,DELAYED_CONFIRMATION
166.12,WALLET,INDUSIND,STRIPE,SUCCESS,SUCCESS,AUTHORIZED,CAPTURED,PAID,DELIVERED,DELIVERED,200,1,SETTLED,NONE,NONE,422,717,92413,13,0,-0.6539,0.0439,1,0,NORMAL
726.64,CREDIT_CARD,INDUSIND,CASHFREE,SUCCESS,SUCCESS,AUTHORIZED,CAPTURED,PAID,DELIVERED,DELIVERED,200,1,SETTLED,NONE,NONE,577,790,123203,14,0,-0.6176,0.0423,1,0,NORMAL
2236.28,UPI,HDFC,PAYU,SUCCESS,SUCCESS,AUTHORIZED,CAPTURED,PAID,DELIVERED,DELIVERED,200,1,SETTLED,NONE,NONE,498,748,168910,6,0,-0.3611,0.0342,1,0,NORMAL
5390.53,UPI,PNB,BILLDESK,SUCCESS,SUCCESS,AUTHORIZED,CAPTURED,REFUNDED,RETURNED,DELIVERED,200,1,REVERSED,PENDING,AWAITING_ACK,484,749,224342,19,0,0.123,0.0589,1,0,REFUND_UNCERTAINTY
205.85,UPI,AXIS,STRIPE,REVERSED,SUCCESS,AUTHORIZED,CAPTURED,REFUNDED,RETURNED,DELIVERED,200,1,REVERSED,MANUAL_INTERVENTION_REQUIRED,AWAITING_ACK,352,595,70171,15,0,-0.5711,0.048,1,0,REFUND_UNCERTAINTY
4000.71,WALLET,YES_BANK,CASHFREE,SUCCESS,SUCCESS,AUTHORIZED,CAPTURED,PAID,DELIVERED,DELIVERED,200,1,SETTLED,NONE,NONE,4232,4808,161588,17,0,0.4288,0.0134,1,0,NORMAL
1034.08,UPI,ICICI,RAZORPAY,SUCCESS,SUCCESS,AUTHORIZED,CAPTURED,PAID,PROCESSING,DELIVERED,200,1,PENDING,NONE,NONE,2584,2929,21280,13,0,-0.4557,0.0488,1,0,NORMAL
1032.1,CREDIT_CARD,ICICI,PAYU,SUCCESS,SUCCESS,AUTHORIZED,CAPTURED,PAID,DELIVERED,DELIVERED,200,1,DISCREPANCY,NONE,NONE,470,719,121601,2,0,-0.0093,0.0537,1,0,SETTLEMENT_MISMATCH
1311.24,DEBIT_CARD,KOTAK,RAZORPAY,SUCCESS,SUCCESS,AUTHORIZED,CAPTURED,PAID,PROCESSING,DELIVERED,200,1,PENDING,NONE,NONE,181,348,7067,14,0,1.0173,0.0341,1,0,NORMAL
3611.85,NET_BANKING,ICICI,CASHFREE,SUCCESS,SUCCESS,AUTHORIZED,CAPTURED,PAID,PROCESSING,RETRYING,200,2,SETTLED,NONE,NONE,68853,72693,237458,9,0,0.901,0.0484,1,0,DELAYED_CONFIRMATION
568.58,UPI,ICICI,STRIPE,DEBITED,FAILED,TIMEOUT,FAILED,CANCELLED,CANCELLED,DELIVERED,200,1,ON_HOLD,NONE,NOT_INITIATED,1480,51812,50308,15,0,-0.2103,0.0336,1,0,BANK_DEBIT_GATEWAY_FAILURE
810.12,UPI,INDUSIND,BILLDESK,SUCCESS,SUCCESS,AUTHORIZED,CAPTURED,PAID,PROCESSING,DELIVERED,200,1,PENDING,NONE,NONE,620,904,2424,9,1,0.6877,0.0357,1,0,NORMAL
1422.06,WALLET,INDUSIND,BILLDESK,SUCCESS,SUCCESS,AUTHORIZED,CAPTURED,EXPIRED,UNFULFILLED,DROPPED,504,5,ON_HOLD,NONE,NONE,831,966,104685,23,0,-0.2515,0.0477,1,0,MISSING_WEBHOOK
1561.67,UPI,SBI,BILLDESK,SUCCESS,SUCCESS,AUTHORIZED,CAPTURED,CANCELLED,CANCELLED,DELIVERED,200,1,ON_HOLD,PROCESSED,NONE,308385,310597,59206,23,0,-0.5538,0.0416,1,0,ORDER_PAYMENT_CONFLICT
908.38,UPI,AXIS,PAYU,SUCCESS,SUCCESS,AUTHORIZED,CAPTURED,PAID,DELIVERED,DELIVERED,200,1,SETTLED,NONE,NONE,364,621,176684,10,0,0.3975,0.0332,1,0,NORMAL
6064.58,EMI,SBI,CASHFREE,SUCCESS,SUCCESS,AUTHORIZED,CAPTURED,PAID,DELIVERED,DELIVERED,200,1,ON_HOLD,INITIATED,AWAITING_ACK,607,763,186853,5,2,1.1659,0.0228,1,1,DUPLICATE_PAYMENT
11283.18,UPI,ICICI,STRIPE,SUCCESS,SUCCESS,AUTHORIZED,CAPTURED,PENDING_PAYMENT,UNFULFILLED,DROPPED,404,4,ON_HOLD,NONE,NONE,219,462,90117,7,0,1.3507,0.0668,1,0,MISSING_WEBHOOK
3715.45,UPI,HDFC,CASHFREE,SUCCESS,SUCCESS,AUTHORIZED,CAPTURED,PAID,DELIVERED,DELIVERED,200,1,SETTLED,NONE,NONE,4060,4485,140038,23,0,0.3269,0.0217,1,0,NORMAL
4829.91,CREDIT_CARD,YES_BANK,STRIPE,SUCCESS,SUCCESS,AUTHORIZED,CAPTURED,PAID,DELIVERED,DELIVERED,200,1,SETTLED,NONE,NONE,254,467,192047,4,0,0.0062,0.0687,1,0,NORMAL
570.29,CREDIT_CARD,YES_BANK,STRIPE,SUCCESS,SUCCESS,AUTHORIZED,CAPTURED,PAID,DELIVERED,DELIVERED,200,1,SETTLED,NONE,NONE,230,486,148518,13,0,-0.2079,0.0315,1,0,NORMAL
210.88,UPI,AXIS,BILLDESK,SUCCESS,SUCCESS,AUTHORIZED,CAPTURED,PAID,DELIVERED,DELIVERED,200,1,SETTLED,NONE,NONE,325,513,98866,18,0,-0.4979,0.0307,1,0,NORMAL
3587.87,DEBIT_CARD,ICICI,RAZORPAY,PENDING,SUCCESS,AUTHORIZED,CAPTURED,PROCESSING,PROCESSING,SCHEDULED,200,3,SETTLED,NONE,NONE,60612,65514,194251,6,0,0.0251,0.0474,1,0,DELAYED_CONFIRMATION
738.74,UPI,YES_BANK,PAYU,SUCCESS,SUCCESS,AUTHORIZED,CAPTURED,PAID,PROCESSING,DELIVERED,200,1,PENDING,NONE,NONE,330,611,48800,0,0,0.1365,0.0226,1,0,NORMAL
396.26,UPI,KOTAK,PAYU,SUCCESS,SUCCESS,FAILED,CAPTURED,PENDING_PAYMENT,DELIVERED,RETRYING,0,1,FAILED,FAILED,AWAITING_ACK,40768,28351,189154,0,0,-0.6398,0.0534,1,0,UNRESOLVED
3683.99,UPI,HDFC,CASHFREE,SUCCESS,SUCCESS,AUTHORIZED,CAPTURED,PENDING_PAYMENT,UNFULFILLED,TIMED_OUT,404,4,PENDING,NONE,NONE,377,554,62786,21,0,-0.7053,0.0675,1,0,MISSING_WEBHOOK
2995.61,NET_BANKING,INDUSIND,BILLDESK,SUCCESS,SUCCESS,AUTHORIZED,CAPTURED,REFUNDED,RETURNED,DELIVERED,200,1,REVERSED,MANUAL_INTERVENTION_REQUIRED,AWAITING_ACK,490,782,155444,11,0,0.5766,0.0542,1,0,REFUND_UNCERTAINTY
870.5,CREDIT_CARD,PNB,BILLDESK,SUCCESS,FAILED,FAILED,FAILED,EXPIRED,CANCELLED,NONE,500,1,ON_HOLD,NONE,NOT_INITIATED,686,70077,75815,18,0,0.209,0.035,1,0,BANK_DEBIT_GATEWAY_FAILURE
1340.82,CREDIT_CARD,HDFC,CASHFREE,SUCCESS,SUCCESS,AUTHORIZED,CAPTURED,PENDING_PAYMENT,UNFULFILLED,DROPPED,0,2,ON_HOLD,NONE,NONE,834,899,208477,0,0,0.8622,0.0221,1,0,MISSING_WEBHOOK
2062.05,UPI,SBI,STRIPE,SUCCESS,SUCCESS,AUTHORIZED,CAPTURED,PAID,PROCESSING,DELIVERED,200,1,PENDING,NONE,NONE,3652,4091,40678,9,0,0.8746,0.05,1,0,NORMAL
8575.62,WALLET,YES_BANK,STRIPE,SUCCESS,SUCCESS,AUTHORIZED,CAPTURED,CANCELLED,CANCELLED,DELIVERED,200,1,ON_HOLD,NONE,NONE,339309,341777,204585,17,0,0.7866,0.0649,1,0,ORDER_PAYMENT_CONFLICT
3669.09,UPI,ICICI,CASHFREE,SUCCESS,SUCCESS,AUTHORIZED,CAPTURED,PAID,PROCESSING,DELIVERED,200,1,PENDING,NONE,NONE,327,545,69042,6,0,0.0483,0.0389,1,0,NORMAL
189.54,UPI,HDFC,STRIPE,SUCCESS,SUCCESS,AUTHORIZED,CAPTURED,PAID,PROCESSING,DELIVERED,200,1,PENDING,NONE,NONE,2548,2945,76091,9,0,-0.5487,0.0353,1,0,NORMAL
1200.03,NET_BANKING,PNB,BILLDESK,SUCCESS,FAILED,TIMEOUT,FAILED,CANCELLED,CANCELLED,NONE,0,1,ON_HOLD,INITIATED,NOT_INITIATED,589,46117,210564,3,0,0.0909,0.042,1,0,BANK_DEBIT_GATEWAY_FAILURE
466.09,UPI,SBI,CASHFREE,SUCCESS,SUCCESS,AUTHORIZED,CAPTURED,PROCESSING,PROCESSING,DELIVERED,200,3,SETTLED,NONE,NONE,75893,77313,99992,21,0,-0.029,0.0471,1,0,DELAYED_CONFIRMATION
1355.9,UPI,KOTAK,BILLDESK,SUCCESS,SUCCESS,AUTHORIZED,CAPTURED,EXPIRED,UNFULFILLED,FAILED,504,5,ON_HOLD,NONE,NONE,294,376,20921,16,0,0.2326,0.0445,1,0,MISSING_WEBHOOK
3009.39,UPI,YES_BANK,RAZORPAY,SUCCESS,SUCCESS,AUTHORIZED,CAPTURED,EXPIRED,UNFULFILLED,FAILED,404,3,PENDING,NONE,NONE,683,807,242488,22,0,1.7358,0.054,1,0,MISSING_WEBHOOK
1532.71,DEBIT_CARD,YES_BANK,STRIPE,SUCCESS,SUCCESS,AUTHORIZED,CAPTURED,PROCESSING,PROCESSING,DELIVERED,200,1,SETTLED,NONE,NONE,99021,102096,103606,1,0,-0.1933,0.0436,1,0,DELAYED_CONFIRMATION
7970.21,UPI,ICICI,STRIPE,SUCCESS,SUCCESS,AUTHORIZED,CAPTURED,PAID,DELIVERED,DELIVERED,200,1,SETTLED,NONE,NONE,465,633,221612,18,0,0.6605,0.0517,1,0,NORMAL
368.69,CREDIT_CARD,YES_BANK,PAYU,SUCCESS,SUCCESS,AUTHORIZED,CAPTURED,PAID,PROCESSING,DELIVERED,200,1,PENDING,NONE,NONE,2338,2714,55650,19,0,-0.2319,0.048,1,0,NORMAL
1654.43,UPI,INDUSIND,RAZORPAY,SUCCESS,SUCCESS,AUTHORIZED,CAPTURED,PAID,DELIVERED,DELIVERED,200,1,DISCREPANCY,NONE,NONE,531,713,115148,6,0,-0.0605,0.0436,1,0,SETTLEMENT_MISMATCH
557.91,UPI,HDFC,CASHFREE,SUCCESS,SUCCESS,AUTHORIZED,CAPTURED,PAID,DELIVERED,DELIVERED,200,1,SETTLED,NONE,NONE,624,869,131064,2,0,0.3284,0.0411,1,0,NORMAL
606.58,WALLET,HDFC,RAZORPAY,SUCCESS,SUCCESS,AUTHORIZED,CAPTURED,PENDING_PAYMENT,UNFULFILLED,TIMED_OUT,502,3,PENDING,NONE,NONE,458,738,171268,15,0,-0.0668,0.037,1,0,MISSING_WEBHOOK
598.66,UPI,SBI,STRIPE,SUCCESS,SUCCESS,AUTHORIZED,CAPTURED,CANCELLED,CANCELLED,DELIVERED,200,1,ON_HOLD,NONE,NONE,252510,253860,127291,12,0,0.4254,0.0399,1,0,ORDER_PAYMENT_CONFLICT
1406.32,UPI,AXIS,RAZORPAY,SUCCESS,SUCCESS,AUTHORIZED,CAPTURED,REFUNDED,RETURNED,DELIVERED,200,1,REVERSED,PENDING,AWAITING_ACK,541,647,250065,5,0,0.2785,0.0457,1,0,REFUND_UNCERTAINTY
11572.14,WALLET,ICICI,BILLDESK,SUCCESS,SUCCESS,AUTHORIZED,CAPTURED,REFUNDED,RETURNED,DELIVERED,200,1,REVERSED,PENDING,REJECTED_BY_BANK,749,852,80703,10,0,-0.0742,0.0683,1,0,REFUND_UNCERTAINTY
1470.75,CREDIT_CARD,PNB,STRIPE,SUCCESS,SUCCESS,AUTHORIZED,CAPTURED,EXPIRED,CANCELLED,DELIVERED,200,1,ON_HOLD,NONE,NONE,240579,242106,19499,18,0,-0.2259,0.0468,1,0,ORDER_PAYMENT_CONFLICT
1236.34,UPI,SBI,RAZORPAY,SUCCESS,SUCCESS,AUTHORIZED,CAPTURED,PAID,DELIVERED,DELIVERED,200,1,SETTLED,NONE,NONE,635,779,216012,7,0,0.1239,0.0517,1,0,NORMAL
3021.24,UPI,ICICI,CASHFREE,SUCCESS,SUCCESS,AUTHORIZED,CAPTURED,PAID,PROCESSING,DELIVERED,200,1,PENDING,NONE,NONE,594,892,23765,2,0,1.7466,0.0508,1,0,NORMAL
17424.38,WALLET,SBI,PAYU,SUCCESS,SUCCESS,AUTHORIZED,CAPTURED,REFUNDED,RETURNED,DELIVERED,200,1,REVERSED,PENDING,AWAITING_ACK,570,786,150158,21,0,0.394,0.0634,1,0,REFUND_UNCERTAINTY
2811.22,CREDIT_CARD,HDFC,BILLDESK,SUCCESS,SUCCESS,AUTHORIZED,CAPTURED,REFUNDED,RETURNED,DELIVERED,200,1,REVERSED,MANUAL_INTERVENTION_REQUIRED,REJECTED_BY_BANK,261,342,49905,18,0,-0.1968,0.0419,1,0,REFUND_UNCERTAINTY
8031.37,UPI,INDUSIND,STRIPE,SUCCESS,SUCCESS,AUTHORIZED,CAPTURED,REFUNDED,RETURNED,DELIVERED,200,1,REVERSED,MANUAL_INTERVENTION_REQUIRED,NOT_INITIATED,316,565,194858,22,0,0.6732,0.0569,1,0,REFUND_UNCERTAINTY
517.53,CREDIT_CARD,SBI,STRIPE,SUCCESS,SUCCESS,AUTHORIZED,CAPTURED,PAID,DELIVERED,DELIVERED,200,1,SETTLED,NONE,NONE,533,637,255823,6,0,-0.2812,0.0238,1,0,NORMAL
649.02,EMI,AXIS,STRIPE,SUCCESS,SUCCESS,AUTHORIZED,CAPTURED,PAID,PROCESSING,DELIVERED,200,1,SETTLED,NONE,NONE,85961,91214,163008,18,0,0.3521,0.0333,1,0,DELAYED_CONFIRMATION
737.47,WALLET,PNB,CASHFREE,SUCCESS,SUCCESS,AUTHORIZED,CAPTURED,PAID,DELIVERED,DELIVERED,200,1,ON_HOLD,INITIATED,AWAITING_ACK,287,398,159326,22,1,0.5364,0.0457,1,1,DUPLICATE_PAYMENT
284.12,CREDIT_CARD,AXIS,CASHFREE,SUCCESS,SUCCESS,AUTHORIZED,CAPTURED,PAID,PROCESSING,DELIVERED,200,1,PENDING,NONE,NONE,488,652,48428,8,0,-0.3235,0.0356,1,0,NORMAL
2338.67,UPI,HDFC,CASHFREE,SUCCESS,SUCCESS,AUTHORIZED,CAPTURED,REFUNDED,RETURNED,DELIVERED,200,1,REVERSED,PENDING,AWAITING_ACK,489,759,158431,5,0,-0.5128,0.0527,1,0,REFUND_UNCERTAINTY
897.36,UPI,AXIS,STRIPE,SUCCESS,SUCCESS,FAILED,AUTO_REFUNDED,CANCELLED,RETURNED,FAILED,200,1,FAILED,PENDING,REJECTED_BY_BANK,68749,68749,32114,15,0,0.3806,0.0318,1,0,UNRESOLVED
2744.28,UPI,KOTAK,STRIPE,SUCCESS,SUCCESS,AUTHORIZED,CAPTURED,PAID,DELIVERED,DELIVERED,200,1,SETTLED,NONE,NONE,304,537,160364,13,0,0.4444,0.0526,1,0,NORMAL
1411.72,UPI,KOTAK,RAZORPAY,SUCCESS,SUCCESS,AUTHORIZED,CAPTURED,REFUNDED,RETURNED,DELIVERED,200,1,REVERSED,MANUAL_INTERVENTION_REQUIRED,REJECTED_BY_BANK,685,797,228928,22,0,0.2834,0.0592,1,0,REFUND_UNCERTAINTY
523.49,NET_BANKING,ICICI,BILLDESK,SUCCESS,SUCCESS,AUTHORIZED,CAPTURED,PAID,DELIVERED,DELIVERED,200,1,SETTLED,NONE,NONE,375,566,119980,18,0,-0.2729,0.0286,1,0,NORMAL
326.55,UPI,ICICI,CASHFREE,SUCCESS,SUCCESS,AUTHORIZED,CAPTURED,PAID,DELIVERED,DELIVERED,200,1,ON_HOLD,PROCESSED,CREDITED_TO_CUSTOMER,745,1011,159458,9,4,-0.2225,0.0399,1,1,DUPLICATE_PAYMENT
541.72,UPI,KOTAK,CASHFREE,SUCCESS,SUCCESS,AUTHORIZED,CAPTURED,PAID,DELIVERED,DELIVERED,200,1,ON_HOLD,INITIATED,AWAITING_ACK,620,711,56172,20,4,-0.2476,0.0239,1,1,DUPLICATE_PAYMENT
35664.17,UPI,PNB,CASHFREE,SUCCESS,SUCCESS,AUTHORIZED,CAPTURED,PAID,PROCESSING,DELIVERED,200,1,PENDING,NONE,NONE,463,707,41311,10,0,1.8531,0.0727,1,0,NORMAL
744.09,UPI,HDFC,PAYU,SUCCESS,SUCCESS,AUTHORIZED,CAPTURED,PAID,PROCESSING,DELIVERED,200,1,PENDING,NONE,NONE,459,800,78220,16,0,0.1448,0.0362,1,0,NORMAL
472.21,EMI,PNB,STRIPE,SUCCESS,SUCCESS,AUTHORIZED,CAPTURED,PAID,DELIVERED,DELIVERED,200,1,ON_HOLD,PROCESSED,CREDITED_TO_CUSTOMER,745,843,132673,10,1,-0.7515,0.0569,1,1,DUPLICATE_PAYMENT
2144.77,CREDIT_CARD,SBI,BILLDESK,SUCCESS,SUCCESS,AUTHORIZED,CAPTURED,PAID,PROCESSING,DELIVERED,200,2,SETTLED,NONE,NONE,45401,47767,137887,10,0,-0.3872,0.0362,1,0,DELAYED_CONFIRMATION
1855.44,NET_BANKING,YES_BANK,CASHFREE,SUCCESS,SUCCESS,AUTHORIZED,CAPTURED,PAID,DELIVERED,DELIVERED,200,1,SETTLED,NONE,NONE,1828,2511,236008,0,0,-0.0235,0.0461,1,0,NORMAL
666.67,CREDIT_CARD,INDUSIND,RAZORPAY,SUCCESS,SUCCESS,AUTHORIZED,CAPTURED,CANCELLED,CANCELLED,DELIVERED,200,1,ON_HOLD,NONE,NONE,319321,321066,67356,7,0,-0.0741,0.0316,1,0,ORDER_PAYMENT_CONFLICT
1019.46,DEBIT_CARD,INDUSIND,CASHFREE,SUCCESS,SUCCESS,AUTHORIZED,CAPTURED,PENDING_PAYMENT,UNFULFILLED,DROPPED,404,2,ON_HOLD,NONE,NONE,190,280,57599,7,0,1.1239,0.0352,1,0,MISSING_WEBHOOK
7076.85,CREDIT_CARD,AXIS,CASHFREE,SUCCESS,SUCCESS,AUTHORIZED,CAPTURED,EXPIRED,UNFULFILLED,DROPPED,502,2,ON_HOLD,NONE,NONE,746,906,87050,15,0,1.022,0.0414,1,0,MISSING_WEBHOOK
1468.08,CREDIT_CARD,SBI,CASHFREE,SUCCESS,SUCCESS,AUTHORIZED,CAPTURED,PAID,PROCESSING,DELIVERED,200,2,PENDING,NONE,NONE,609,902,21741,4,0,-0.5805,0.0374,1,0,NORMAL
198.68,NET_BANKING,SBI,STRIPE,SUCCESS,FAILED,TIMEOUT,FAILED,EXPIRED,CANCELLED,DELIVERED,200,1,ON_HOLD,PROCESSED,CREDITED_TO_CUSTOMER,1284,81837,34020,18,0,-0.6943,0.0364,1,0,BANK_DEBIT_GATEWAY_FAILURE
1433.77,CREDIT_CARD,SBI,RAZORPAY,PENDING,PENDING,NONE,AUTO_REFUNDED,CANCELLED,CANCELLED,DROPPED,504,1,FAILED,MANUAL_INTERVENTION_REQUIRED,NOT_INITIATED,58321,58839,44015,12,0,0.3034,0.0503,1,0,UNRESOLVED
11137.22,UPI,AXIS,CASHFREE,SUCCESS,SUCCESS,AUTHORIZED,CAPTURED,PAID,DELIVERED,DELIVERED,200,1,SETTLED,NONE,NONE,181,418,112552,9,0,1.3203,0.0619,1,0,NORMAL
3853.42,NET_BANKING,AXIS,BILLDESK,SUCCESS,SUCCESS,AUTHORIZED,CAPTURED,PENDING_PAYMENT,UNFULFILLED,FAILED,404,2,ON_HOLD,NONE,NONE,640,908,52379,17,0,1.0281,0.0597,1,0,MISSING_WEBHOOK
1490.42,UPI,ICICI,RAZORPAY,SUCCESS,FAILED,TIMEOUT,FAILED,CANCELLED,CANCELLED,NONE,500,1,ON_HOLD,INITIATED,NOT_INITIATED,1006,89647,3847,18,0,0.3549,0.0457,1,0,BANK_DEBIT_GATEWAY_FAILURE
568.78,CREDIT_CARD,HDFC,PAYU,SUCCESS,SUCCESS,AUTHORIZED,CAPTURED,PENDING_PAYMENT,PROCESSING,DELIVERED,200,1,SETTLED,NONE,NONE,40597,41720,138988,5,0,-0.125,0.0372,1,0,DELAYED_CONFIRMATION
315.74,DEBIT_CARD,SBI,PAYU,SUCCESS,SUCCESS,AUTHORIZED,CAPTURED,PAID,PROCESSING,DELIVERED,200,1,PENDING,NONE,NONE,667,804,3658,12,0,-0.8338,0.0417,1,0,NORMAL
553.77,UPI,PNB,PAYU,REVERSED,SUCCESS,AUTHORIZED,AUTO_REFUNDED,CANCELLED,RETURNED,RETRYING,504,1,ON_HOLD,PENDING,NOT_INITIATED,23014,125201,237270,23,2,0.3185,0.0305,1,0,UNRESOLVED
2025.68,UPI,AXIS,BILLDESK,SUCCESS,SUCCESS,AUTHORIZED,CAPTURED,PAID,DELIVERED,DELIVERED,200,3,SETTLED,NONE,NONE,466,592,196270,14,0,0.8415,0.0425,1,0,NORMAL
4944.92,UPI,KOTAK,STRIPE,PENDING,FAILED,FAILED,FAILED,PAID,UNFULFILLED,DROPPED,504,1,ON_HOLD,NONE,AWAITING_ACK,89474,94128,177107,21,0,1.6026,0.0534,1,0,UNRESOLVED
375.11,UPI,PNB,STRIPE,SUCCESS,SUCCESS,AUTHORIZED,CAPTURED,PENDING_PAYMENT,PROCESSING,DELIVERED,200,2,PENDING,NONE,NONE,43407,44660,10889,23,0,-0.4229,0.0395,1,0,DELAYED_CONFIRMATION
3490.67,UPI,AXIS,PAYU,SUCCESS,SUCCESS,AUTHORIZED,CAPTURED,PAID,DELIVERED,DELIVERED,200,1,SETTLED,NONE,NONE,605,703,97379,18,0,-0.2728,0.0523,1,0,NORMAL
2599.21,CREDIT_CARD,YES_BANK,PAYU,SUCCESS,SUCCESS,AUTHORIZED,CAPTURED,PAID,DELIVERED,DELIVERED,200,1,ON_HOLD,PROCESSED,CREDITED_TO_CUSTOMER,563,843,69988,8,1,-0.0717,0.0138,1,1,DUPLICATE_PAYMENT
1483.98,DEBIT_CARD,AXIS,PAYU,SUCCESS,SUCCESS,AUTHORIZED,CAPTURED,PAID,DELIVERED,DELIVERED,200,1,SETTLED,NONE,NONE,344,536,225320,6,0,-0.219,0.0418,1,0,NORMAL
1033.73,UPI,INDUSIND,STRIPE,SUCCESS,SUCCESS,AUTHORIZED,CAPTURED,CANCELLED,CANCELLED,DELIVERED,200,1,ON_HOLD,INITIATED,NONE,240333,240935,152558,8,0,1.1536,0.0393,1,0,ORDER_PAYMENT_CONFLICT
2066.18,CREDIT_CARD,AXIS,BILLDESK,SUCCESS,SUCCESS,AUTHORIZED,CAPTURED,PAID,PROCESSING,DELIVERED,200,1,PENDING,NONE,NONE,404,678,11086,1,0,0.8783,0.0405,1,0,NORMAL
466.83,WALLET,YES_BANK,CASHFREE,SUCCESS,SUCCESS,AUTHORIZED,CAPTURED,PENDING_PAYMENT,UNFULFILLED,DROPPED,502,2,ON_HOLD,NONE,NONE,354,494,58361,2,0,0.1115,0.0318,1,0,MISSING_WEBHOOK
814.66,UPI,AXIS,RAZORPAY,SUCCESS,SUCCESS,AUTHORIZED,CAPTURED,PAID,DELIVERED,DELIVERED,200,1,SETTLED,NONE,NONE,602,733,193426,7,0,0.6972,0.0346,1,0,NORMAL
3181.22,UPI,PNB,STRIPE,SUCCESS,FAILED,TIMEOUT,NOT_REQUESTED,EXPIRED,CANCELLED,FAILED,500,1,ON_HOLD,NONE,NOT_INITIATED,730,67211,2772,12,0,0.1361,0.0199,1,0,BANK_DEBIT_GATEWAY_FAILURE
10081.73,CREDIT_CARD,HDFC,RAZORPAY,SUCCESS,SUCCESS,AUTHORIZED,CAPTURED,PAID,DELIVERED,DELIVERED,200,1,SETTLED,NONE,NONE,344,515,196560,14,0,-0.1935,0.0736,1,0,NORMAL
5139.99,NET_BANKING,YES_BANK,CASHFREE,SUCCESS,SUCCESS,AUTHORIZED,CAPTURED,PAID,DELIVERED,DELIVERED,200,1,SETTLED,NONE,NONE,1802,2167,116913,23,0,0.4686,0.0376,1,0,NORMAL
5169.34,UPI,SBI,RAZORPAY,SUCCESS,SUCCESS,AUTHORIZED,CAPTURED,PAID,DELIVERED,DELIVERED,200,1,SETTLED,NONE,NONE,688,835,190592,15,0,0.0769,0.0538,1,0,NORMAL
3058.03,UPI,ICICI,PAYU,SUCCESS,SUCCESS,AUTHORIZED,CAPTURED,PAID,DELIVERED,DELIVERED,200,1,ON_HOLD,NONE,AWAITING_ACK,473,591,181685,22,2,1.78,0.0563,1,1,DUPLICATE_PAYMENT
3416.25,DEBIT_CARD,HDFC,BILLDESK,SUCCESS,SUCCESS,AUTHORIZED,CAPTURED,PAID,PROCESSING,DELIVERED,200,1,SETTLED,NONE,NONE,105964,106967,166609,7,0,0.798,0.0565,1,0,DELAYED_CONFIRMATION
382.68,EMI,ICICI,RAZORPAY,SUCCESS,SUCCESS,AUTHORIZED,CAPTURED,PAID,DELIVERED,DELIVERED,200,1,SETTLED,NONE,NONE,607,750,97025,14,0,-0.4685,0.0274,1,0,NORMAL
324.66,NET_BANKING,ICICI,PAYU,SUCCESS,SUCCESS,AUTHORIZED,CAPTURED,REFUNDED,RETURNED,DELIVERED,200,1,REVERSED,FAILED,AWAITING_ACK,324,459,12842,12,0,-0.3236,0.0463,1,0,REFUND_UNCERTAINTY
207.75,UPI,HDFC,PAYU,SUCCESS,TIMED_OUT,FAILED,FAILED,CANCELLED,CANCELLED,FAILED,0,1,ON_HOLD,INITIATED,NOT_INITIATED,1347,73062,258113,0,0,-0.5672,0.0472,1,0,BANK_DEBIT_GATEWAY_FAILURE
517.75,UPI,AXIS,STRIPE,SUCCESS,SUCCESS,AUTHORIZED,CAPTURED,PROCESSING,PROCESSING,DELIVERED,200,3,SETTLED,NONE,NONE,53475,58911,225033,21,0,0.0786,0.0453,1,0,DELAYED_CONFIRMATION
467.97,DEBIT_CARD,INDUSIND,CASHFREE,SUCCESS,SUCCESS,AUTHORIZED,CAPTURED,CANCELLED,CANCELLED,DELIVERED,200,1,ON_HOLD,NONE,NONE,319110,320120,131710,23,0,-0.35,0.028,1,0,ORDER_PAYMENT_CONFLICT
243.53,DEBIT_CARD,HDFC,CASHFREE,SUCCESS,SUCCESS,AUTHORIZED,CAPTURED,PAID,DELIVERED,DELIVERED,200,1,SETTLED,NONE,NONE,363,544,255612,13,0,-0.4926,0.0453,1,0,NORMAL
2064.28,WALLET,KOTAK,CASHFREE,SUCCESS,SUCCESS,AUTHORIZED,CAPTURED,PAID,DELIVERED,DELIVERED,200,1,SETTLED,NONE,NONE,532,807,140774,7,0,1.8671,0.0263,1,0,NORMAL
295.4,UPI,SBI,PAYU,SUCCESS,SUCCESS,AUTHORIZED,CAPTURED,PAID,DELIVERED,DELIVERED,200,1,SETTLED,NONE,NONE,607,731,137526,1,0,-0.2967,0.0431,1,0,NORMAL
5721.58,CREDIT_CARD,KOTAK,RAZORPAY,SUCCESS,PENDING,AUTHORIZED,CAPTURED,PROCESSING,PROCESSING,RETRYING,200,1,SETTLED,NONE,NONE,91569,95911,150040,1,0,0.192,0.0542,1,0,DELAYED_CONFIRMATION
877.85,NET_BANKING,PNB,RAZORPAY,SUCCESS,SUCCESS,AUTHORIZED,CAPTURED,EXPIRED,UNFULFILLED,FAILED,502,5,PENDING,NONE,NONE,668,826,28654,5,0,0.3505,0.0395,1,0,MISSING_WEBHOOK
1051.95,UPI,ICICI,PAYU,SUCCESS,SUCCESS,AUTHORIZED,CAPTURED,PAID,PROCESSING,DELIVERED,200,1,PENDING,NONE,NONE,696,941,22136,22,0,-0.0437,0.043,1,0,NORMAL
3207.98,NET_BANKING,SBI,STRIPE,SUCCESS,SUCCESS,AUTHORIZED,CAPTURED,PAID,DELIVERED,DELIVERED,200,1,SETTLED,NONE,NONE,635,722,213509,4,0,-0.3317,0.0641,1,0,NORMAL
220.69,CREDIT_CARD,PNB,STRIPE,SUCCESS,SUCCESS,AUTHORIZED,CAPTURED,PAID,DELIVERED,DELIVERED,200,1,SETTLED,NONE,NONE,4432,4775,109788,9,0,-0.5402,0.047,1,0,NORMAL
1497.18,CREDIT_CARD,ICICI,BILLDESK,DEBITED,SUCCESS,FAILED,FAILED,PAID,DELIVERED,RETRYING,500,1,FAILED,MANUAL_INTERVENTION_REQUIRED,AWAITING_ACK,32560,122841,222525,17,3,-0.212,0.051,1,0,UNRESOLVED
4239.64,DEBIT_CARD,AXIS,RAZORPAY,SUCCESS,FAILED,TIMEOUT,FAILED,EXPIRED,CANCELLED,DELIVERED,200,1,ON_HOLD,NONE,NOT_INITIATED,703,74116,94603,21,0,0.2113,0.0432,1,0,BANK_DEBIT_GATEWAY_FAILURE
1204.13,UPI,SBI,RAZORPAY,SUCCESS,SUCCESS,AUTHORIZED,CAPTURED,CANCELLED,CANCELLED,DELIVERED,200,1,ON_HOLD,NONE,NONE,344726,346728,111823,15,0,1.5086,0.038,1,0,ORDER_PAYMENT_CONFLICT
1333.65,UPI,HDFC,PAYU,SUCCESS,FAILED,TIMEOUT,NOT_REQUESTED,EXPIRED,CANCELLED,FAILED,0,1,ON_HOLD,NONE,NOT_INITIATED,1304,46172,119487,9,0,-0.2981,0.0562,1,0,BANK_DEBIT_GATEWAY_FAILURE
2065.13,UPI,SBI,PAYU,SUCCESS,SUCCESS,AUTHORIZED,CAPTURED,PENDING_PAYMENT,UNFULFILLED,TIMED_OUT,0,2,PENDING,NONE,NONE,687,894,130949,8,0,-0.41,0.0412,1,0,MISSING_WEBHOOK
3947.39,UPI,SBI,CASHFREE,PENDING,PENDING,AUTHORIZED,CAPTURED,PENDING_PAYMENT,PROCESSING,DELIVERED,200,1,SETTLED,NONE,NONE,107428,109198,123700,0,0,0.4098,0.0259,1,0,DELAYED_CONFIRMATION
306.4,NET_BANKING,KOTAK,BILLDESK,SUCCESS,SUCCESS,AUTHORIZED,CAPTURED,CANCELLED,UNFULFILLED,DROPPED,500,4,ON_HOLD,NONE,NONE,262,514,139809,3,0,-0.2705,0.0373,1,0,MISSING_WEBHOOK
873.67,UPI,HDFC,BILLDESK,SUCCESS,SUCCESS,AUTHORIZED,CAPTURED,PAID,DELIVERED,DELIVERED,200,1,DISCREPANCY,NONE,NONE,736,835,5933,7,0,0.3866,0.025,1,0,SETTLEMENT_MISMATCH
1716.97,NET_BANKING,HDFC,BILLDESK,SUCCESS,SUCCESS,AUTHORIZED,CAPTURED,PAID,DELIVERED,DELIVERED,200,1,SETTLED,NONE,NONE,582,742,196993,10,0,-0.0963,0.0418,1,0,NORMAL
5198.83,WALLET,ICICI,CASHFREE,SUCCESS,SUCCESS,AUTHORIZED,CAPTURED,PAID,DELIVERED,DELIVERED,200,1,ON_HOLD,PROCESSED,CREDITED_TO_CUSTOMER,412,540,7294,11,4,0.4854,0.0399,1,1,DUPLICATE_PAYMENT
746.22,UPI,YES_BANK,RAZORPAY,SUCCESS,SUCCESS,AUTHORIZED,CAPTURED,PAID,DELIVERED,DELIVERED,200,1,SETTLED,NONE,NONE,554,844,175361,11,0,0.148,0.0217,1,0,NORMAL
1597.34,UPI,SBI,STRIPE,SUCCESS,SUCCESS,AUTHORIZED,CAPTURED,PENDING_PAYMENT,UNFULFILLED,DROPPED,504,2,ON_HOLD,NONE,NONE,554,769,248326,16,0,-0.5436,0.0381,1,0,MISSING_WEBHOOK
171.74,CREDIT_CARD,SBI,RAZORPAY,SUCCESS,SUCCESS,AUTHORIZED,CAPTURED,PENDING_PAYMENT,UNFULFILLED,DROPPED,502,2,ON_HOLD,NONE,NONE,358,574,223672,3,0,-0.7358,0.03,1,0,MISSING_WEBHOOK
521.76,DEBIT_CARD,HDFC,RAZORPAY,SUCCESS,SUCCESS,AUTHORIZED,CAPTURED,CANCELLED,CANCELLED,DELIVERED,200,1,ON_HOLD,INITIATED,NONE,278007,279672,217469,1,0,0.087,0.0338,1,0,ORDER_PAYMENT_CONFLICT
165.06,NET_BANKING,PNB,RAZORPAY,SUCCESS,SUCCESS,AUTHORIZED,CAPTURED,PAID,DELIVERED,DELIVERED,200,1,SETTLED,NONE,NONE,2880,3734,211174,13,0,-0.607,0.05,1,0,NORMAL
2178.16,UPI,KOTAK,CASHFREE,SUCCESS,SUCCESS,AUTHORIZED,CAPTURED,PAID,PROCESSING,DELIVERED,200,1,PENDING,NONE,NONE,673,822,15804,0,0,-0.3777,0.03,1,0,NORMAL
1318.61,UPI,KOTAK,BILLDESK,SUCCESS,SUCCESS,AUTHORIZED,CAPTURED,PAID,DELIVERED,DELIVERED,200,1,SETTLED,NONE,NONE,369,598,254536,2,0,-0.7253,0.0632,1,0,NORMAL
2776.88,UPI,AXIS,PAYU,SUCCESS,SUCCESS,AUTHORIZED,CAPTURED,PAID,DELIVERED,DELIVERED,200,1,ON_HOLD,PROCESSED,CREDITED_TO_CUSTOMER,588,729,124499,20,2,0.4615,0.0582,1,1,DUPLICATE_PAYMENT
4693.01,CREDIT_CARD,KOTAK,BILLDESK,SUCCESS,SUCCESS,AUTHORIZED,CAPTURED,PROCESSING,PROCESSING,DELIVERED,200,3,PENDING,NONE,NONE,44434,47566,70292,12,0,-0.0223,0.0535,1,0,DELAYED_CONFIRMATION
592.69,UPI,YES_BANK,RAZORPAY,REVERSED,SUCCESS,FAILED,PENDING,PAID,UNFULFILLED,FAILED,0,1,DISCREPANCY,PENDING,AWAITING_ACK,67564,111177,253657,17,3,-0.6881,0.0521,1,0,UNRESOLVED
5507.74,UPI,ICICI,CASHFREE,SUCCESS,SUCCESS,AUTHORIZED,CAPTURED,PAID,PROCESSING,DELIVERED,200,1,PENDING,NONE,NONE,749,960,12318,0,0,-0.5594,0.0725,1,0,NORMAL
1121.42,UPI,PNB,BILLDESK,SUCCESS,FAILED,TIMEOUT,PENDING,FAILED,CANCELLED,DELIVERED,504,1,DISCREPANCY,PENDING,NOT_INITIATED,43926,106390,143129,12,3,0.0195,0.0466,1,0,UNRESOLVED
3920.31,CREDIT_CARD,KOTAK,PAYU,SUCCESS,SUCCESS,AUTHORIZED,CAPTURED,PAID,PROCESSING,DELIVERED,200,1,PENDING,NONE,NONE,556,766,81603,1,0,0.4001,0.0203,1,0,NORMAL
420.58,UPI,AXIS,STRIPE,SUCCESS,SUCCESS,AUTHORIZED,CAPTURED,PENDING_PAYMENT,UNFULFILLED,DROPPED,404,4,PENDING,NONE,NONE,676,889,115827,12,0,0.0014,0.0394,1,0,MISSING_WEBHOOK
7129.1,UPI,SBI,RAZORPAY,SUCCESS,SUCCESS,AUTHORIZED,CAPTURED,PAID,PROCESSING,DELIVERED,200,1,PENDING,NONE,NONE,633,782,20901,8,0,1.0369,0.0473,1,0,NORMAL
1613.6,EMI,YES_BANK,CASHFREE,SUCCESS,SUCCESS,AUTHORIZED,CAPTURED,PAID,DELIVERED,DELIVERED,200,3,SETTLED,NONE,NONE,667,920,234584,2,0,0.4669,0.0481,1,0,NORMAL
2564.95,UPI,PNB,PAYU,SUCCESS,SUCCESS,AUTHORIZED,CAPTURED,PENDING_PAYMENT,UNFULFILLED,TIMED_OUT,500,4,ON_HOLD,NONE,NONE,682,935,166351,8,0,0.35,0.06,1,0,MISSING_WEBHOOK
3121.96,UPI,ICICI,PAYU,SUCCESS,SUCCESS,AUTHORIZED,CAPTURED,PAID,PROCESSING,DELIVERED,200,1,PENDING,NONE,NONE,1640,2108,21925,14,0,-0.108,0.0377,1,0,NORMAL
919.45,NET_BANKING,KOTAK,STRIPE,SUCCESS,SUCCESS,AUTHORIZED,CAPTURED,CANCELLED,CANCELLED,DELIVERED,200,1,ON_HOLD,INITIATED,NONE,354916,356018,138850,19,0,-0.1641,0.0562,1,0,ORDER_PAYMENT_CONFLICT
747.66,UPI,YES_BANK,RAZORPAY,SUCCESS,SUCCESS,AUTHORIZED,CAPTURED,PAID,DELIVERED,DELIVERED,200,1,SETTLED,NONE,NONE,3611,4439,199388,0,0,-0.3203,0.0563,1,0,NORMAL
1520.66,UPI,ICICI,PAYU,SUCCESS,SUCCESS,AUTHORIZED,CAPTURED,PAID,DELIVERED,DELIVERED,200,1,SETTLED,NONE,NONE,374,613,147369,10,0,1.112,0.0345,1,0,NORMAL
2128.76,UPI,PNB,PAYU,SUCCESS,SUCCESS,AUTHORIZED,CAPTURED,PROCESSING,PROCESSING,RETRYING,200,3,SETTLED,NONE,NONE,38155,42305,201296,1,0,0.1204,0.0586,1,0,DELAYED_CONFIRMATION
1954.21,UPI,YES_BANK,RAZORPAY,SUCCESS,SUCCESS,AUTHORIZED,CAPTURED,PAID,DELIVERED,DELIVERED,200,1,SETTLED,NONE,NONE,519,560,255515,3,0,-0.3021,0.0279,1,0,NORMAL
5681.4,EMI,AXIS,RAZORPAY,SUCCESS,SUCCESS,AUTHORIZED,CAPTURED,PAID,DELIVERED,DELIVERED,200,1,SETTLED,NONE,NONE,629,866,243064,5,0,1.0291,0.0248,1,0,NORMAL
14184.21,CREDIT_CARD,YES_BANK,PAYU,SUCCESS,SUCCESS,AUTHORIZED,CAPTURED,EXPIRED,UNFULFILLED,DROPPED,500,3,ON_HOLD,NONE,NONE,744,911,105668,10,0,0.1347,0.0774,1,0,MISSING_WEBHOOK
1458.98,CREDIT_CARD,SBI,RAZORPAY,SUCCESS,SUCCESS,AUTHORIZED,CAPTURED,PAID,PROCESSING,DELIVERED,200,1,PENDING,NONE,NONE,300,383,44626,11,0,2.4738,0.0424,1,0,NORMAL
3029.08,UPI,AXIS,STRIPE,SUCCESS,SUCCESS,AUTHORIZED,CAPTURED,PAID,PROCESSING,DELIVERED,200,3,PENDING,NONE,NONE,56867,59672,63524,15,0,0.0818,0.0194,1,0,DELAYED_CONFIRMATION
2980.42,CREDIT_CARD,INDUSIND,CASHFREE,SUCCESS,SUCCESS,AUTHORIZED,CAPTURED,PAID,DELIVERED,DELIVERED,200,1,SETTLED,NONE,NONE,725,969,175406,18,0,1.7095,0.0484,1,0,NORMAL
4989.42,DEBIT_CARD,KOTAK,STRIPE,SUCCESS,SUCCESS,AUTHORIZED,CAPTURED,CANCELLED,CANCELLED,DELIVERED,200,1,ON_HOLD,INITIATED,NONE,255437,256378,148948,7,0,0.0395,0.0664,1,0,ORDER_PAYMENT_CONFLICT
800.19,UPI,INDUSIND,PAYU,SUCCESS,SUCCESS,AUTHORIZED,CAPTURED,EXPIRED,UNFULFILLED,DROPPED,502,3,PENDING,NONE,NONE,203,313,128319,9,0,0.9052,0.0349,1,0,MISSING_WEBHOOK
84910.11,UPI,INDUSIND,STRIPE,SUCCESS,SUCCESS,AUTHORIZED,CAPTURED,PAID,PROCESSING,DELIVERED,200,1,PENDING,NONE,NONE,407,536,7969,17,0,5.7928,0.0641,1,0,NORMAL
318.75,CREDIT_CARD,INDUSIND,STRIPE,SUCCESS,SUCCESS,AUTHORIZED,CAPTURED,PAID,DELIVERED,DELIVERED,200,1,SETTLED,NONE,NONE,509,753,101551,14,1,-0.5096,0.0395,1,0,NORMAL
1367.43,CREDIT_CARD,KOTAK,RAZORPAY,SUCCESS,PENDING,TIMEOUT,FAILED,CANCELLED,CANCELLED,DELIVERED,200,1,ON_HOLD,PROCESSED,CREDITED_TO_CUSTOMER,955,79452,103514,4,0,-0.2803,0.0502,1,0,BANK_DEBIT_GATEWAY_FAILURE
1505.14,UPI,AXIS,BILLDESK,SUCCESS,SUCCESS,AUTHORIZED,CAPTURED,PAID,DELIVERED,DELIVERED,200,2,SETTLED,NONE,NONE,531,676,92985,13,0,1.0905,0.0351,1,0,NORMAL
582.51,UPI,SBI,RAZORPAY,SUCCESS,SUCCESS,AUTHORIZED,CAPTURED,PAID,DELIVERED,DELIVERED,200,1,SETTLED,NONE,NONE,215,303,204249,4,0,-0.191,0.0309,1,0,NORMAL
994.49,DEBIT_CARD,ICICI,RAZORPAY,SUCCESS,SUCCESS,AUTHORIZED,CAPTURED,PAID,DELIVERED,DELIVERED,200,1,SETTLED,NONE,NONE,378,497,247615,4,0,0.3812,0.0374,1,0,NORMAL
334.09,CREDIT_CARD,ICICI,BILLDESK,SUCCESS,SUCCESS,AUTHORIZED,CAPTURED,PAID,DELIVERED,DELIVERED,200,1,SETTLED,NONE,NONE,682,926,197275,8,0,-0.304,0.0315,1,0,NORMAL
1535.53,CREDIT_CARD,KOTAK,PAYU,SUCCESS,SUCCESS,AUTHORIZED,CAPTURED,PAID,DELIVERED,DELIVERED,200,1,DISCREPANCY,NONE,NONE,353,490,127283,16,0,0.439,0.0475,1,0,SETTLEMENT_MISMATCH
478.22,DEBIT_CARD,HDFC,CASHFREE,SUCCESS,SUCCESS,AUTHORIZED,CAPTURED,PAID,DELIVERED,DELIVERED,200,3,SETTLED,NONE,NONE,442,597,173583,6,0,-0.3358,0.0395,1,0,NORMAL
405.92,UPI,SBI,BILLDESK,SUCCESS,SUCCESS,AUTHORIZED,CAPTURED,PAID,DELIVERED,DELIVERED,200,1,SETTLED,NONE,NONE,284,553,182229,12,0,-0.631,0.0532,1,0,NORMAL
312.66,UPI,SBI,STRIPE,SUCCESS,PENDING,FAILED,FAILED,CANCELLED,CANCELLED,NONE,0,1,ON_HOLD,PROCESSED,CREDITED_TO_CUSTOMER,436,74584,62130,13,0,-0.5657,0.0258,1,0,BANK_DEBIT_GATEWAY_FAILURE
484.54,UPI,INDUSIND,STRIPE,SUCCESS,SUCCESS,AUTHORIZED,CAPTURED,PAID,DELIVERED,DELIVERED,200,1,ON_HOLD,INITIATED,AWAITING_ACK,486,775,21363,10,1,0.0095,0.0449,1,1,DUPLICATE_PAYMENT
1667.07,DEBIT_CARD,YES_BANK,RAZORPAY,SUCCESS,SUCCESS,AUTHORIZED,CAPTURED,EXPIRED,UNFULFILLED,DROPPED,404,5,PENDING,NONE,NONE,359,581,14122,9,0,2.4731,0.0449,1,0,MISSING_WEBHOOK
640.23,CREDIT_CARD,INDUSIND,RAZORPAY,SUCCESS,SUCCESS,AUTHORIZED,CAPTURED,PAID,DELIVERED,DELIVERED,200,1,ON_HOLD,NONE,AWAITING_ACK,400,521,116732,1,1,-0.1108,0.0281,1,1,DUPLICATE_PAYMENT
10931.51,UPI,INDUSIND,CASHFREE,SUCCESS,SUCCESS,AUTHORIZED,CAPTURED,PAID,PROCESSING,DELIVERED,200,1,PENDING,NONE,NONE,634,824,73073,18,1,-0.1255,0.0645,1,0,NORMAL
6844.75,DEBIT_CARD,PNB,BILLDESK,SUCCESS,SUCCESS,AUTHORIZED,CAPTURED,EXPIRED,UNFULFILLED,TIMED_OUT,404,2,PENDING,NONE,NONE,246,353,191880,13,0,0.426,0.0609,1,0,MISSING_WEBHOOK
367.42,UPI,SBI,CASHFREE,SUCCESS,SUCCESS,AUTHORIZED,CAPTURED,PENDING_PAYMENT,UNFULFILLED,TIMED_OUT,500,5,PENDING,NONE,NONE,499,735,15902,15,0,-0.4897,0.024,1,0,MISSING_WEBHOOK
8873.05,UPI,PNB,PAYU,SUCCESS,SUCCESS,AUTHORIZED,CAPTURED,CANCELLED,CANCELLED,DELIVERED,200,1,ON_HOLD,NONE,NONE,340203,342388,26274,4,0,-0.2902,0.0698,1,0,ORDER_PAYMENT_CONFLICT
751.59,UPI,ICICI,BILLDESK,SUCCESS,SUCCESS,AUTHORIZED,CAPTURED,PAID,PROCESSING,DELIVERED,200,1,PENDING,NONE,NONE,384,504,45457,4,0,0.0439,0.0324,1,0,NORMAL
747.0,UPI,ICICI,CASHFREE,SUCCESS,SUCCESS,AUTHORIZED,CAPTURED,PAID,DELIVERED,DELIVERED,200,1,SETTLED,NONE,NONE,187,310,99143,15,0,-0.6068,0.0567,1,0,NORMAL
1887.93,UPI,ICICI,BILLDESK,SUCCESS,SUCCESS,AUTHORIZED,CAPTURED,PAID,DELIVERED,DELIVERED,200,1,SETTLED,NONE,NONE,202,324,204439,10,0,-0.3257,0.0109,1,0,NORMAL
1252.1,UPI,YES_BANK,BILLDESK,SUCCESS,SUCCESS,AUTHORIZED,CAPTURED,PENDING_PAYMENT,UNFULFILLED,TIMED_OUT,404,2,ON_HOLD,NONE,NONE,502,802,73136,7,0,1.9812,0.0467,1,0,MISSING_WEBHOOK
341.67,UPI,INDUSIND,RAZORPAY,SUCCESS,SUCCESS,AUTHORIZED,CAPTURED,PAID,DELIVERED,DELIVERED,200,1,SETTLED,NONE,NONE,636,903,115161,7,0,-0.4744,0.032,1,0,NORMAL
8463.2,UPI,YES_BANK,PAYU,SUCCESS,SUCCESS,AUTHORIZED,CAPTURED,PAID,DELIVERED,DELIVERED,200,1,SETTLED,NONE,NONE,391,523,114673,22,0,-0.3229,0.074,1,0,NORMAL
5390.85,UPI,PNB,STRIPE,SUCCESS,SUCCESS,AUTHORIZED,CAPTURED,PAID,DELIVERED,DELIVERED,200,1,DISCREPANCY,NONE,NONE,441,697,227310,2,0,0.9683,0.0234,1,0,SETTLEMENT_MISMATCH
2567.44,NET_BANKING,INDUSIND,PAYU,SUCCESS,SUCCESS,AUTHORIZED,CAPTURED,PAID,DELIVERED,DELIVERED,200,1,SETTLED,NONE,NONE,501,773,102856,21,0,-0.0831,0.0292,1,0,NORMAL
251.58,NET_BANKING,HDFC,BILLDESK,SUCCESS,SUCCESS,AUTHORIZED,CAPTURED,PENDING_PAYMENT,UNFULFILLED,DROPPED,0,4,ON_HOLD,NONE,NONE,493,634,13216,18,0,-0.4759,0.042,1,0,MISSING_WEBHOOK
991.32,NET_BANKING,PNB,PAYU,SUCCESS,SUCCESS,AUTHORIZED,CAPTURED,PENDING_PAYMENT,UNFULFILLED,TIMED_OUT,502,3,ON_HOLD,NONE,NONE,616,752,58424,12,0,0.5251,0.0287,1,0,MISSING_WEBHOOK
511.02,NET_BANKING,ICICI,PAYU,SUCCESS,SUCCESS,AUTHORIZED,CAPTURED,PAID,DELIVERED,DELIVERED,200,1,SETTLED,NONE,NONE,270,388,237885,1,0,0.0646,0.0324,1,0,NORMAL
3971.17,UPI,INDUSIND,RAZORPAY,SUCCESS,SUCCESS,AUTHORIZED,CAPTURED,REFUNDED,RETURNED,DELIVERED,200,1,REVERSED,MANUAL_INTERVENTION_REQUIRED,NOT_INITIATED,397,688,136878,3,0,0.1346,0.0425,1,0,REFUND_UNCERTAINTY
5741.31,UPI,ICICI,BILLDESK,SUCCESS,SUCCESS,AUTHORIZED,CAPTURED,PAID,DELIVERED,DELIVERED,200,1,DISCREPANCY,NONE,NONE,693,797,255183,11,0,0.2212,0.0562,1,0,SETTLEMENT_MISMATCH
788.19,UPI,SBI,CASHFREE,SUCCESS,SUCCESS,AUTHORIZED,CAPTURED,PAID,DELIVERED,DELIVERED,200,1,SETTLED,NONE,NONE,364,573,215168,0,0,-0.2835,0.0539,1,0,NORMAL
1162.47,UPI,YES_BANK,CASHFREE,DEBITED,PENDING,NONE,CAPTURED,CANCELLED,CANCELLED,FAILED,0,1,DISCREPANCY,MANUAL_INTERVENTION_REQUIRED,AWAITING_ACK,102145,111911,7395,21,1,0.0568,0.0509,1,0,UNRESOLVED
2546.22,CREDIT_CARD,PNB,RAZORPAY,SUCCESS,SUCCESS,AUTHORIZED,CAPTURED,PAID,DELIVERED,DELIVERED,200,1,SETTLED,NONE,NONE,211,351,226962,9,0,-0.2725,0.03,1,0,NORMAL
4766.89,UPI,SBI,RAZORPAY,SUCCESS,SUCCESS,AUTHORIZED,CAPTURED,PENDING_PAYMENT,UNFULFILLED,FAILED,404,2,ON_HOLD,NONE,NONE,219,440,167400,16,0,0.362,0.0456,1,0,MISSING_WEBHOOK
7045.87,UPI,YES_BANK,CASHFREE,SUCCESS,SUCCESS,AUTHORIZED,CAPTURED,PAID,PROCESSING,DELIVERED,200,1,PENDING,NONE,NONE,505,775,11471,13,0,1.5164,0.0296,1,0,NORMAL
414.53,UPI,YES_BANK,CASHFREE,PENDING,PENDING,TIMEOUT,PENDING,FAILED,RETURNED,DROPPED,0,1,ON_HOLD,FAILED,REJECTED_BY_BANK,54513,119336,53643,13,3,-0.013,0.0498,1,0,UNRESOLVED
7176.0,UPI,HDFC,RAZORPAY,SUCCESS,SUCCESS,AUTHORIZED,CAPTURED,PAID,DELIVERED,DELIVERED,200,3,SETTLED,NONE,NONE,618,909,149764,12,0,1.0503,0.0382,1,0,NORMAL
5722.39,UPI,KOTAK,BILLDESK,SUCCESS,SUCCESS,AUTHORIZED,CAPTURED,REFUNDED,RETURNED,DELIVERED,200,1,REVERSED,MANUAL_INTERVENTION_REQUIRED,AWAITING_ACK,649,855,95572,3,0,0.635,0.0497,1,0,REFUND_UNCERTAINTY
4308.25,UPI,KOTAK,CASHFREE,SUCCESS,SUCCESS,AUTHORIZED,CAPTURED,PAID,DELIVERED,DELIVERED,200,1,SETTLED,NONE,NONE,359,448,151524,23,0,0.5387,0.0164,1,0,NORMAL
865.05,DEBIT_CARD,AXIS,STRIPE,SUCCESS,SUCCESS,AUTHORIZED,CAPTURED,PAID,PROCESSING,DELIVERED,200,1,PENDING,NONE,NONE,649,734,3512,22,0,0.3308,0.0316,1,0,NORMAL
2491.6,UPI,PNB,PAYU,SUCCESS,SUCCESS,AUTHORIZED,CAPTURED,PENDING_PAYMENT,UNFULFILLED,DROPPED,404,3,PENDING,NONE,NONE,478,734,17700,18,0,-0.2881,0.0309,1,0,MISSING_WEBHOOK
6169.09,UPI,HDFC,BILLDESK,SUCCESS,SUCCESS,AUTHORIZED,CAPTURED,PENDING_PAYMENT,UNFULFILLED,DROPPED,0,5,PENDING,NONE,NONE,333,428,72252,4,0,-0.5065,0.0619,1,0,MISSING_WEBHOOK
1707.69,UPI,AXIS,BILLDESK,SUCCESS,SUCCESS,AUTHORIZED,CAPTURED,REFUNDED,RETURNED,DELIVERED,200,1,REVERSED,PENDING,AWAITING_ACK,229,333,235577,7,0,0.5524,0.052,1,0,REFUND_UNCERTAINTY
5324.81,UPI,ICICI,PAYU,SUCCESS,SUCCESS,AUTHORIZED,CAPTURED,PAID,DELIVERED,DELIVERED,200,1,SETTLED,NONE,NONE,184,406,109812,11,0,-0.574,0.0636,1,0,NORMAL
290.9,DEBIT_CARD,YES_BANK,CASHFREE,SUCCESS,SUCCESS,AUTHORIZED,CAPTURED,PAID,PROCESSING,RETRYING,200,1,SETTLED,NONE,NONE,72413,73451,184505,8,0,-0.7355,0.0422,1,0,DELAYED_CONFIRMATION
3054.14,NET_BANKING,YES_BANK,PAYU,REVERSED,SUCCESS,AUTHORIZED,CAPTURED,REFUNDED,RETURNED,DELIVERED,200,1,REVERSED,PENDING,AWAITING_ACK,528,818,20755,21,0,-0.1274,0.0314,1,0,REFUND_UNCERTAINTY
5012.02,UPI,KOTAK,CASHFREE,SUCCESS,SUCCESS,AUTHORIZED,CAPTURED,PAID,DELIVERED,DELIVERED,200,1,SETTLED,NONE,NONE,4473,5078,136564,19,0,0.0442,0.0591,1,0,NORMAL
1045.77,NET_BANKING,YES_BANK,CASHFREE,SUCCESS,SUCCESS,AUTHORIZED,CAPTURED,PAID,DELIVERED,DELIVERED,200,1,ON_HOLD,PROCESSED,CREDITED_TO_CUSTOMER,574,758,104031,7,2,-0.4496,0.0493,1,1,DUPLICATE_PAYMENT
637.74,CREDIT_CARD,PNB,STRIPE,SUCCESS,SUCCESS,AUTHORIZED,CAPTURED,PAID,DELIVERED,DELIVERED,200,1,SETTLED,NONE,NONE,434,584,109780,12,0,-0.1142,0.0221,1,0,NORMAL
4697.18,CREDIT_CARD,INDUSIND,STRIPE,SUCCESS,SUCCESS,AUTHORIZED,CAPTURED,PROCESSING,PROCESSING,DELIVERED,200,1,SETTLED,NONE,NONE,42241,46221,243806,10,0,-0.6242,0.07,1,0,DELAYED_CONFIRMATION
1098.07,UPI,INDUSIND,PAYU,SUCCESS,SUCCESS,AUTHORIZED,CAPTURED,PENDING_PAYMENT,UNFULFILLED,FAILED,500,2,ON_HOLD,NONE,NONE,682,801,255026,21,0,0.5251,0.0282,1,0,MISSING_WEBHOOK
497.49,CREDIT_CARD,INDUSIND,STRIPE,SUCCESS,SUCCESS,AUTHORIZED,CAPTURED,PAID,DELIVERED,DELIVERED,200,1,DISCREPANCY,NONE,NONE,661,919,56461,2,0,-0.1986,0.0243,1,0,SETTLEMENT_MISMATCH
556.58,UPI,YES_BANK,PAYU,SUCCESS,SUCCESS,AUTHORIZED,CAPTURED,PAID,PROCESSING,DELIVERED,200,1,PENDING,NONE,NONE,510,538,66994,20,0,0.3252,0.0427,1,0,NORMAL
350.12,NET_BANKING,INDUSIND,CASHFREE,DEBITED,FAILED,FAILED,FAILED,CANCELLED,CANCELLED,FAILED,500,1,ON_HOLD,NONE,NOT_INITIATED,370,71334,53603,10,0,-0.6817,0.0552,1,0,BANK_DEBIT_GATEWAY_FAILURE
503.04,UPI,YES_BANK,RAZORPAY,SUCCESS,SUCCESS,AUTHORIZED,CAPTURED,PAID,PROCESSING,DELIVERED,200,1,SETTLED,NONE,NONE,64523,66091,232864,17,0,0.048,0.0326,1,0,DELAYED_CONFIRMATION
3814.44,UPI,INDUSIND,STRIPE,SUCCESS,FAILED,TIMEOUT,FAILED,CANCELLED,CANCELLED,FAILED,0,1,ON_HOLD,NONE,NOT_INITIATED,434,49502,253979,23,0,-0.6948,0.0626,1,0,BANK_DEBIT_GATEWAY_FAILURE
3877.78,UPI,INDUSIND,BILLDESK,SUCCESS,SUCCESS,AUTHORIZED,CAPTURED,PAID,DELIVERED,DELIVERED,200,1,SETTLED,NONE,NONE,364,591,158847,15,0,1.0409,0.0585,1,0,NORMAL
901.68,UPI,ICICI,CASHFREE,SUCCESS,SUCCESS,AUTHORIZED,CAPTURED,REFUNDED,RETURNED,DELIVERED,200,1,REVERSED,PENDING,AWAITING_ACK,738,1032,243984,16,0,-0.5254,0.0453,1,0,REFUND_UNCERTAINTY
6697.08,CREDIT_CARD,KOTAK,RAZORPAY,SUCCESS,SUCCESS,AUTHORIZED,CAPTURED,PAID,DELIVERED,DELIVERED,200,1,DISCREPANCY,NONE,NONE,430,571,230596,14,0,0.9676,0.0476,1,0,SETTLEMENT_MISMATCH
374.01,UPI,ICICI,BILLDESK,REVERSED,PENDING,NONE,PENDING,PAID,RETURNED,RETRYING,504,1,DISCREPANCY,MANUAL_INTERVENTION_REQUIRED,AWAITING_ACK,45407,101582,245687,9,2,-0.1095,0.0399,1,0,UNRESOLVED
3860.49,UPI,HDFC,PAYU,SUCCESS,SUCCESS,AUTHORIZED,CAPTURED,PAID,DELIVERED,DELIVERED,200,1,ON_HOLD,INITIATED,AWAITING_ACK,710,925,147402,6,2,1.0318,0.0524,1,1,DUPLICATE_PAYMENT
307.75,DEBIT_CARD,PNB,RAZORPAY,SUCCESS,SUCCESS,AUTHORIZED,CAPTURED,PAID,PROCESSING,DELIVERED,200,1,PENDING,NONE,NONE,450,667,3678,12,0,-0.2673,0.0493,1,0,NORMAL
1628.51,UPI,PNB,PAYU,SUCCESS,SUCCESS,AUTHORIZED,CAPTURED,PAID,PROCESSING,DELIVERED,200,1,PENDING,NONE,NONE,401,667,28137,6,0,1.5054,0.0265,1,0,NORMAL
204.17,WALLET,PNB,RAZORPAY,SUCCESS,SUCCESS,AUTHORIZED,CAPTURED,PAID,DELIVERED,DELIVERED,200,1,SETTLED,NONE,NONE,413,675,193143,15,0,-0.5139,0.0333,1,0,NORMAL
395.74,UPI,PNB,STRIPE,SUCCESS,SUCCESS,AUTHORIZED,CAPTURED,PAID,DELIVERED,DELIVERED,200,1,SETTLED,NONE,NONE,2159,2978,126529,10,0,-0.0578,0.0395,1,0,NORMAL
1064.91,UPI,HDFC,BILLDESK,SUCCESS,SUCCESS,AUTHORIZED,CAPTURED,PAID,DELIVERED,DELIVERED,200,1,ON_HOLD,INITIATED,AWAITING_ACK,599,787,68159,16,4,0.479,0.0373,1,1,DUPLICATE_PAYMENT
3747.79,UPI,KOTAK,PAYU,SUCCESS,FAILED,NONE,AUTO_REFUNDED,CANCELLED,CANCELLED,NONE,504,1,ON_HOLD,INITIATED,NOT_INITIATED,1419,73253,148369,6,0,-0.2192,0.0589,1,0,BANK_DEBIT_GATEWAY_FAILURE
3541.01,UPI,PNB,CASHFREE,SUCCESS,SUCCESS,AUTHORIZED,CAPTURED,REFUNDED,RETURNED,DELIVERED,200,1,REVERSED,MANUAL_INTERVENTION_REQUIRED,AWAITING_ACK,578,798,109523,17,0,-0.2623,0.0599,1,0,REFUND_UNCERTAINTY
1247.38,DEBIT_CARD,SBI,PAYU,DEBITED,PENDING,NONE,CAPTURED,FAILED,UNFULFILLED,DELIVERED,200,1,FAILED,PENDING,AWAITING_ACK,77283,50084,70972,7,2,0.919,0.0399,1,0,UNRESOLVED
1582.05,UPI,SBI,PAYU,SUCCESS,SUCCESS,AUTHORIZED,CAPTURED,PAID,DELIVERED,DELIVERED,200,1,SETTLED,NONE,NONE,704,925,88561,19,0,-0.1673,0.0501,1,0,NORMAL
442.62,UPI,ICICI,BILLDESK,SUCCESS,SUCCESS,AUTHORIZED,CAPTURED,PAID,DELIVERED,DELIVERED,200,1,DISCREPANCY,NONE,NONE,482,781,66252,2,0,-0.3237,0.0272,1,0,SETTLEMENT_MISMATCH
1774.42,UPI,KOTAK,PAYU,PENDING,SUCCESS,NONE,CAPTURED,PENDING_PAYMENT,RETURNED,DROPPED,404,1,ON_HOLD,FAILED,REJECTED_BY_BANK,111985,71494,258878,14,0,-0.493,0.0486,1,0,UNRESOLVED
448.94,DEBIT_CARD,KOTAK,RAZORPAY,SUCCESS,PENDING,AUTHORIZED,CAPTURED,PROCESSING,PROCESSING,DELIVERED,200,3,SETTLED,NONE,NONE,84760,90511,104608,7,0,-0.0647,0.0322,1,0,DELAYED_CONFIRMATION
310.27,UPI,ICICI,BILLDESK,SUCCESS,SUCCESS,AUTHORIZED,CAPTURED,PAID,DELIVERED,DELIVERED,200,1,SETTLED,NONE,NONE,230,324,214758,20,0,-0.5227,0.0339,1,0,NORMAL
267.49,UPI,ICICI,PAYU,SUCCESS,SUCCESS,AUTHORIZED,CAPTURED,PAID,DELIVERED,DELIVERED,200,1,SETTLED,NONE,NONE,667,931,98873,2,0,-0.4427,0.0472,1,0,NORMAL
1207.59,UPI,HDFC,STRIPE,SUCCESS,SUCCESS,AUTHORIZED,CAPTURED,PAID,DELIVERED,DELIVERED,200,1,SETTLED,NONE,NONE,374,643,208274,1,0,-0.3644,0.0539,1,0,NORMAL
287.32,UPI,PNB,PAYU,SUCCESS,SUCCESS,AUTHORIZED,CAPTURED,PAID,DELIVERED,DELIVERED,200,1,SETTLED,NONE,NONE,3562,3949,219825,2,0,-0.6009,0.0311,1,0,NORMAL
1399.02,UPI,KOTAK,PAYU,SUCCESS,SUCCESS,AUTHORIZED,CAPTURED,PENDING_PAYMENT,UNFULFILLED,TIMED_OUT,500,3,ON_HOLD,NONE,NONE,563,809,71826,21,0,-0.5003,0.0188,1,0,MISSING_WEBHOOK
473.88,NET_BANKING,KOTAK,RAZORPAY,SUCCESS,SUCCESS,AUTHORIZED,CAPTURED,PAID,DELIVERED,DELIVERED,200,1,SETTLED,NONE,NONE,632,816,230538,19,0,0.1283,0.0491,1,0,NORMAL
1216.86,CREDIT_CARD,HDFC,CASHFREE,SUCCESS,SUCCESS,AUTHORIZED,CAPTURED,PAID,DELIVERED,DELIVERED,200,1,SETTLED,NONE,NONE,392,484,166240,1,0,-0.6523,0.0435,1,0,NORMAL
3185.31,UPI,ICICI,PAYU,SUCCESS,SUCCESS,AUTHORIZED,CAPTURED,CANCELLED,CANCELLED,DELIVERED,200,1,ON_HOLD,PROCESSED,NONE,290408,291998,172611,12,0,-0.0899,0.0483,1,0,ORDER_PAYMENT_CONFLICT
2248.25,UPI,ICICI,PAYU,SUCCESS,SUCCESS,AUTHORIZED,CAPTURED,REFUNDED,RETURNED,DELIVERED,200,1,REVERSED,FAILED,NOT_INITIATED,253,508,224138,10,0,2.4588,0.0273,1,0,REFUND_UNCERTAINTY
518.16,UPI,ICICI,BILLDESK,SUCCESS,SUCCESS,AUTHORIZED,CAPTURED,PAID,DELIVERED,DELIVERED,200,1,SETTLED,NONE,NONE,344,549,187848,21,0,-0.2803,0.0309,1,0,NORMAL
829.68,UPI,AXIS,PAYU,SUCCESS,SUCCESS,AUTHORIZED,CAPTURED,PAID,DELIVERED,DELIVERED,200,1,SETTLED,NONE,NONE,3387,4023,169940,8,0,-0.2457,0.0467,1,0,NORMAL
611.48,CREDIT_CARD,ICICI,CASHFREE,SUCCESS,SUCCESS,AUTHORIZED,CAPTURED,PAID,DELIVERED,DELIVERED,200,1,SETTLED,NONE,NONE,527,643,108267,11,0,-0.6782,0.0552,1,0,NORMAL
5406.05,UPI,KOTAK,RAZORPAY,SUCCESS,SUCCESS,AUTHORIZED,CAPTURED,CANCELLED,CANCELLED,DELIVERED,200,1,ON_HOLD,INITIATED,NONE,245486,247023,172481,18,0,0.5446,0.0452,1,0,ORDER_PAYMENT_CONFLICT
223.82,UPI,HDFC,CASHFREE,SUCCESS,SUCCESS,AUTHORIZED,CAPTURED,CANCELLED,CANCELLED,DELIVERED,200,1,ON_HOLD,PROCESSED,NONE,264453,265915,243161,13,0,-0.6891,0.0344,1,0,ORDER_PAYMENT_CONFLICT
2246.88,DEBIT_CARD,KOTAK,STRIPE,REVERSED,SUCCESS,AUTHORIZED,CAPTURED,REFUNDED,RETURNED,DELIVERED,200,1,REVERSED,MANUAL_INTERVENTION_REQUIRED,AWAITING_ACK,255,441,189453,16,0,-0.358,0.0388,1,0,REFUND_UNCERTAINTY
9348.1,UPI,PNB,RAZORPAY,SUCCESS,SUCCESS,AUTHORIZED,CAPTURED,CANCELLED,CANCELLED,DELIVERED,200,1,ON_HOLD,PROCESSED,NONE,357288,357809,186274,2,0,-0.2522,0.0722,1,0,ORDER_PAYMENT_CONFLICT
710.93,UPI,SBI,PAYU,REVERSED,SUCCESS,AUTHORIZED,CAPTURED,REFUNDED,RETURNED,DELIVERED,200,1,REVERSED,PENDING,AWAITING_ACK,198,324,208479,6,0,0.0937,0.0359,1,0,REFUND_UNCERTAINTY
885.77,UPI,SBI,STRIPE,SUCCESS,SUCCESS,AUTHORIZED,CAPTURED,PAID,DELIVERED,DELIVERED,200,1,ON_HOLD,NONE,AWAITING_ACK,605,823,23047,0,1,-0.5338,0.0411,1,1,DUPLICATE_PAYMENT
809.33,UPI,ICICI,CASHFREE,SUCCESS,PENDING,TIMEOUT,AUTO_REFUNDED,PENDING_PAYMENT,RETURNED,RETRYING,500,1,FAILED,MANUAL_INTERVENTION_REQUIRED,AWAITING_ACK,12837,44023,83460,18,1,0.2451,0.0366,1,0,UNRESOLVED
14235.0,UPI,YES_BANK,STRIPE,SUCCESS,PENDING,AUTHORIZED,PENDING,PROCESSING,PROCESSING,DELIVERED,200,1,SETTLED,NONE,NONE,76892,81017,96540,3,0,0.1388,0.0795,1,0,DELAYED_CONFIRMATION
1356.93,CREDIT_CARD,ICICI,BILLDESK,PENDING,PENDING,AUTHORIZED,CAPTURED,PAID,PROCESSING,DELIVERED,200,2,SETTLED,NONE,NONE,45820,50033,211178,19,0,-0.7173,0.0682,1,0,DELAYED_CONFIRMATION
4079.37,UPI,ICICI,STRIPE,SUCCESS,SUCCESS,AUTHORIZED,CAPTURED,PAID,DELIVERED,DELIVERED,200,1,SETTLED,NONE,NONE,2673,3527,245322,19,0,-0.1501,0.0564,1,0,NORMAL
5335.37,UPI,AXIS,CASHFREE,SUCCESS,PENDING,TIMEOUT,FAILED,PAID,DELIVERED,DELIVERED,404,1,DISCREPANCY,MANUAL_INTERVENTION_REQUIRED,REJECTED_BY_BANK,37303,91074,113273,9,0,0.5244,0.0402,1,0,UNRESOLVED
21523.73,DEBIT_CARD,PNB,RAZORPAY,SUCCESS,SUCCESS,AUTHORIZED,CAPTURED,REFUNDED,RETURNED,DELIVERED,200,1,REVERSED,MANUAL_INTERVENTION_REQUIRED,AWAITING_ACK,242,358,236729,11,0,3.4841,0.063,1,0,REFUND_UNCERTAINTY
5060.4,DEBIT_CARD,HDFC,STRIPE,SUCCESS,SUCCESS,AUTHORIZED,CAPTURED,PENDING_PAYMENT,UNFULFILLED,FAILED,404,2,ON_HOLD,NONE,NONE,427,716,234644,18,0,0.8073,0.0107,1,0,MISSING_WEBHOOK
3785.26,UPI,HDFC,BILLDESK,SUCCESS,SUCCESS,AUTHORIZED,CAPTURED,PAID,DELIVERED,DELIVERED,200,1,SETTLED,NONE,NONE,716,1013,133297,23,0,0.9922,0.0477,1,0,NORMAL
4929.79,UPI,YES_BANK,STRIPE,SUCCESS,SUCCESS,AUTHORIZED,CAPTURED,PAID,DELIVERED,DELIVERED,200,1,SETTLED,NONE,NONE,686,870,171228,16,0,0.4085,0.0397,1,0,NORMAL
1053.87,UPI,YES_BANK,BILLDESK,SUCCESS,SUCCESS,AUTHORIZED,PENDING,PAID,PROCESSING,DELIVERED,200,2,PENDING,NONE,NONE,95715,100155,45780,14,0,-0.4453,0.043,1,0,DELAYED_CONFIRMATION
1156.76,UPI,ICICI,BILLDESK,SUCCESS,SUCCESS,AUTHORIZED,CAPTURED,PENDING_PAYMENT,UNFULFILLED,DROPPED,502,3,PENDING,NONE,NONE,330,470,28522,15,0,-0.759,0.0622,1,0,MISSING_WEBHOOK
4858.86,UPI,YES_BANK,CASHFREE,SUCCESS,SUCCESS,AUTHORIZED,CAPTURED,PAID,DELIVERED,DELIVERED,200,1,SETTLED,NONE,NONE,592,788,195006,9,1,0.3882,0.0312,1,0,NORMAL
17652.05,UPI,YES_BANK,PAYU,SUCCESS,SUCCESS,AUTHORIZED,CAPTURED,PAID,PROCESSING,DELIVERED,200,1,PENDING,NONE,NONE,574,658,1159,2,0,0.4122,0.0658,1,0,NORMAL
1275.54,UPI,SBI,STRIPE,SUCCESS,SUCCESS,AUTHORIZED,CAPTURED,PAID,DELIVERED,DELIVERED,200,1,SETTLED,NONE,NONE,314,400,217405,4,0,0.7716,0.022,1,0,NORMAL
281.88,EMI,HDFC,PAYU,SUCCESS,SUCCESS,AUTHORIZED,CAPTURED,CANCELLED,CANCELLED,DELIVERED,200,1,ON_HOLD,INITIATED,NONE,336187,337769,3593,3,0,-0.3289,0.0421,1,0,ORDER_PAYMENT_CONFLICT
438.99,NET_BANKING,AXIS,RAZORPAY,SUCCESS,SUCCESS,AUTHORIZED,CAPTURED,EXPIRED,UNFULFILLED,FAILED,404,4,PENDING,NONE,NONE,617,856,215980,3,0,-0.3903,0.0389,1,0,MISSING_WEBHOOK
1093.3,UPI,PNB,STRIPE,SUCCESS,SUCCESS,AUTHORIZED,CAPTURED,PAID,PROCESSING,DELIVERED,200,1,PENDING,NONE,NONE,635,921,59990,15,0,1.6031,0.0309,1,0,NORMAL
473.24,EMI,PNB,RAZORPAY,SUCCESS,SUCCESS,AUTHORIZED,CAPTURED,CANCELLED,CANCELLED,DELIVERED,200,1,ON_HOLD,INITIATED,NONE,325063,327684,222829,21,0,-0.2719,0.0261,1,0,ORDER_PAYMENT_CONFLICT
3449.69,CREDIT_CARD,SBI,RAZORPAY,DEBITED,TIMED_OUT,TIMEOUT,FAILED,CANCELLED,CANCELLED,DELIVERED,200,1,ON_HOLD,INITIATED,NOT_INITIATED,1440,62354,16900,11,0,-0.2813,0.0664,1,0,BANK_DEBIT_GATEWAY_FAILURE
622.13,UPI,KOTAK,BILLDESK,SUCCESS,SUCCESS,AUTHORIZED,CAPTURED,PROCESSING,PROCESSING,RETRYING,200,2,PENDING,NONE,NONE,97850,100129,72513,14,0,0.2961,0.0348,1,0,DELAYED_CONFIRMATION
522.6,UPI,YES_BANK,STRIPE,SUCCESS,SUCCESS,AUTHORIZED,CAPTURED,PAID,DELIVERED,DELIVERED,200,1,SETTLED,NONE,NONE,1861,2541,226526,23,0,0.0888,0.0498,1,0,NORMAL
674.01,CREDIT_CARD,YES_BANK,RAZORPAY,SUCCESS,SUCCESS,AUTHORIZED,CAPTURED,REFUNDED,RETURNED,DELIVERED,200,1,REVERSED,PENDING,REJECTED_BY_BANK,547,700,118902,2,0,-0.0639,0.0237,1,0,REFUND_UNCERTAINTY
4728.46,CREDIT_CARD,INDUSIND,CASHFREE,SUCCESS,SUCCESS,AUTHORIZED,CAPTURED,PAID,DELIVERED,DELIVERED,200,1,SETTLED,NONE,NONE,417,707,227199,13,0,-0.0149,0.0657,1,0,NORMAL
430.67,UPI,YES_BANK,RAZORPAY,SUCCESS,SUCCESS,AUTHORIZED,CAPTURED,REFUNDED,RETURNED,DELIVERED,200,1,REVERSED,MANUAL_INTERVENTION_REQUIRED,AWAITING_ACK,664,781,182912,11,0,-0.3374,0.0249,1,0,REFUND_UNCERTAINTY
195.24,CREDIT_CARD,YES_BANK,PAYU,SUCCESS,SUCCESS,AUTHORIZED,CAPTURED,PAID,DELIVERED,DELIVERED,200,1,SETTLED,NONE,NONE,281,383,162657,22,0,-0.5351,0.0357,1,0,NORMAL
698.89,DEBIT_CARD,KOTAK,STRIPE,SUCCESS,SUCCESS,AUTHORIZED,CAPTURED,CANCELLED,CANCELLED,DELIVERED,200,1,ON_HOLD,INITIATED,NONE,349955,351417,137827,14,0,-0.3646,0.0419,1,0,ORDER_PAYMENT_CONFLICT
677.9,WALLET,YES_BANK,CASHFREE,SUCCESS,SUCCESS,AUTHORIZED,CAPTURED,PAID,DELIVERED,DELIVERED,200,1,SETTLED,NONE,NONE,593,846,126153,2,0,0.0429,0.0229,1,0,NORMAL
2132.49,UPI,ICICI,CASHFREE,SUCCESS,SUCCESS,AUTHORIZED,CAPTURED,PAID,DELIVERED,DELIVERED,200,1,SETTLED,NONE,NONE,300,426,235331,21,1,0.9386,0.0567,1,0,NORMAL
3493.22,UPI,SBI,BILLDESK,SUCCESS,SUCCESS,AUTHORIZED,CAPTURED,PAID,DELIVERED,DELIVERED,200,1,SETTLED,NONE,NONE,688,840,192328,5,0,0.2476,0.0235,1,0,NORMAL
226.48,EMI,KOTAK,RAZORPAY,SUCCESS,SUCCESS,AUTHORIZED,CAPTURED,PAID,PROCESSING,DELIVERED,200,1,PENDING,NONE,NONE,4342,4805,81646,23,0,-0.6854,0.0322,1,0,NORMAL
8027.67,CREDIT_CARD,ICICI,PAYU,SUCCESS,FAILED,FAILED,FAILED,EXPIRED,CANCELLED,DELIVERED,200,1,ON_HOLD,INITIATED,NOT_INITIATED,915,93728,181620,0,0,-0.3578,0.0771,1,0,BANK_DEBIT_GATEWAY_FAILURE
425.74,UPI,HDFC,STRIPE,DEBITED,FAILED,FAILED,FAILED,CANCELLED,CANCELLED,NONE,500,1,ON_HOLD,PROCESSED,CREDITED_TO_CUSTOMER,416,51621,99497,19,0,0.0137,0.0493,1,0,BANK_DEBIT_GATEWAY_FAILURE
284.13,UPI,INDUSIND,PAYU,SUCCESS,SUCCESS,AUTHORIZED,CAPTURED,PAID,DELIVERED,DELIVERED,200,1,SETTLED,NONE,NONE,4096,4666,154074,16,0,-0.3235,0.0353,1,0,NORMAL
384.38,UPI,INDUSIND,CASHFREE,SUCCESS,SUCCESS,AUTHORIZED,CAPTURED,PAID,DELIVERED,DELIVERED,200,1,DISCREPANCY,NONE,NONE,574,734,91026,1,0,-0.6224,0.0411,1,0,SETTLEMENT_MISMATCH
17028.79,NET_BANKING,KOTAK,BILLDESK,SUCCESS,FAILED,TIMEOUT,FAILED,EXPIRED,CANCELLED,FAILED,504,1,ON_HOLD,PROCESSED,CREDITED_TO_CUSTOMER,1476,91841,109965,14,0,0.3623,0.0722,1,0,BANK_DEBIT_GATEWAY_FAILURE
2598.8,UPI,AXIS,STRIPE,SUCCESS,SUCCESS,AUTHORIZED,CAPTURED,PAID,DELIVERED,DELIVERED,200,1,ON_HOLD,PROCESSED,CREDITED_TO_CUSTOMER,610,907,127481,22,2,-0.0719,0.0258,1,1,DUPLICATE_PAYMENT
5926.24,UPI,SBI,CASHFREE,SUCCESS,SUCCESS,AUTHORIZED,CAPTURED,PAID,PROCESSING,DELIVERED,200,3,SETTLED,NONE,NONE,62412,65311,170293,12,0,1.1165,0.029,1,0,DELAYED_CONFIRMATION
1742.1,NET_BANKING,SBI,BILLDESK,SUCCESS,SUCCESS,AUTHORIZED,CAPTURED,PAID,DELIVERED,DELIVERED,200,1,ON_HOLD,INITIATED,AWAITING_ACK,468,662,130543,7,2,-0.3778,0.0248,1,1,DUPLICATE_PAYMENT
1544.36,UPI,ICICI,STRIPE,SUCCESS,TIMED_OUT,TIMEOUT,FAILED,CANCELLED,CANCELLED,NONE,500,1,ON_HOLD,NONE,NOT_INITIATED,686,92891,183637,16,0,-0.6783,0.0526,1,0,BANK_DEBIT_GATEWAY_FAILURE
295.92,UPI,PNB,PAYU,SUCCESS,SUCCESS,AUTHORIZED,CAPTURED,PAID,DELIVERED,DELIVERED,200,1,SETTLED,NONE,NONE,700,792,203808,15,0,-0.2954,0.0468,1,0,NORMAL
2625.47,UPI,SBI,STRIPE,SUCCESS,SUCCESS,AUTHORIZED,CAPTURED,EXPIRED,UNFULFILLED,DROPPED,502,3,PENDING,NONE,NONE,729,984,165676,4,0,-0.0623,0.0154,1,0,MISSING_WEBHOOK
552.66,UPI,HDFC,PAYU,SUCCESS,TIMED_OUT,TIMEOUT,NOT_REQUESTED,FAILED,CANCELLED,NONE,504,1,ON_HOLD,NONE,NOT_INITIATED,642,55773,209263,16,0,-0.8026,0.0127,1,0,BANK_DEBIT_GATEWAY_FAILURE
1345.67,CREDIT_CARD,INDUSIND,CASHFREE,SUCCESS,SUCCESS,AUTHORIZED,CAPTURED,CANCELLED,CANCELLED,DELIVERED,200,1,ON_HOLD,INITIATED,NONE,268522,270538,88417,18,0,0.2233,0.0439,1,0,ORDER_PAYMENT_CONFLICT
3544.4,NET_BANKING,AXIS,BILLDESK,SUCCESS,SUCCESS,AUTHORIZED,CAPTURED,PAID,DELIVERED,DELIVERED,200,1,DISCREPANCY,NONE,NONE,703,809,203896,11,0,0.3325,0.0286,1,0,SETTLEMENT_MISMATCH
3394.71,UPI,KOTAK,RAZORPAY,REVERSED,FAILED,FAILED,PENDING,PENDING_PAYMENT,RETURNED,DELIVERED,200,1,DISCREPANCY,MANUAL_INTERVENTION_REQUIRED,NOT_INITIATED,2644,85299,176883,10,2,0.2124,0.0242,1,0,UNRESOLVED
288.98,UPI,ICICI,STRIPE,SUCCESS,SUCCESS,AUTHORIZED,CAPTURED,PAID,PROCESSING,DELIVERED,200,1,PENDING,NONE,NONE,490,578,2918,12,0,-0.312,0.033,1,0,NORMAL
1303.25,UPI,KOTAK,BILLDESK,SUCCESS,SUCCESS,AUTHORIZED,CAPTURED,PAID,PROCESSING,DELIVERED,200,1,PENDING,NONE,NONE,4203,4520,82970,18,0,0.1848,0.0528,1,0,NORMAL
5209.78,NET_BANKING,YES_BANK,CASHFREE,SUCCESS,SUCCESS,AUTHORIZED,CAPTURED,PAID,DELIVERED,DELIVERED,200,1,SETTLED,NONE,NONE,226,460,167801,9,0,0.0854,0.0616,1,0,NORMAL
1506.05,DEBIT_CARD,SBI,CASHFREE,SUCCESS,SUCCESS,AUTHORIZED,CAPTURED,PAID,DELIVERED,DELIVERED,200,1,ON_HOLD,INITIATED,AWAITING_ACK,713,981,255909,1,1,1.0917,0.0255,1,1,DUPLICATE_PAYMENT
4692.21,UPI,ICICI,RAZORPAY,SUCCESS,SUCCESS,AUTHORIZED,CAPTURED,PAID,PROCESSING,DELIVERED,200,1,PENDING,NONE,NONE,4033,4867,60328,5,0,0.6758,0.0134,1,0,NORMAL
17944.38,NET_BANKING,YES_BANK,STRIPE,SUCCESS,SUCCESS,AUTHORIZED,CAPTURED,PAID,DELIVERED,DELIVERED,200,1,DISCREPANCY,NONE,NONE,311,433,4094,16,0,0.4758,0.078,1,0,SETTLEMENT_MISMATCH
3802.31,CREDIT_CARD,HDFC,RAZORPAY,SUCCESS,FAILED,TIMEOUT,FAILED,CANCELLED,CANCELLED,DELIVERED,200,1,ON_HOLD,INITIATED,NOT_INITIATED,901,84170,247769,19,0,-0.2079,0.0558,1,0,BANK_DEBIT_GATEWAY_FAILURE
3973.89,EMI,INDUSIND,CASHFREE,PENDING,SUCCESS,AUTHORIZED,CAPTURED,PAID,PROCESSING,DELIVERED,200,1,SETTLED,NONE,NONE,104462,109496,200630,8,0,0.4192,0.0113,1,0,DELAYED_CONFIRMATION
1127.08,UPI,YES_BANK,CASHFREE,SUCCESS,SUCCESS,AUTHORIZED,CAPTURED,PAID,DELIVERED,DELIVERED,200,3,SETTLED,NONE,NONE,649,840,238692,16,0,-0.5975,0.0178,1,0,NORMAL
979.92,DEBIT_CARD,SBI,STRIPE,SUCCESS,SUCCESS,AUTHORIZED,CAPTURED,PAID,DELIVERED,DELIVERED,200,1,SETTLED,NONE,NONE,390,681,256205,4,0,1.0415,0.0408,1,0,NORMAL
5759.08,UPI,HDFC,CASHFREE,DEBITED,PENDING,FAILED,AUTO_REFUNDED,PAID,UNFULFILLED,DROPPED,200,1,ON_HOLD,NONE,REJECTED_BY_BANK,26082,56062,166169,19,1,1.0568,0.0156,1,0,UNRESOLVED
8266.54,UPI,ICICI,RAZORPAY,SUCCESS,SUCCESS,AUTHORIZED,CAPTURED,PAID,DELIVERED,DELIVERED,200,3,SETTLED,NONE,NONE,408,511,235222,11,0,-0.3387,0.0745,1,0,NORMAL
8135.74,UPI,AXIS,STRIPE,SUCCESS,SUCCESS,AUTHORIZED,CAPTURED,PAID,PROCESSING,RETRYING,200,2,SETTLED,NONE,NONE,35209,38678,120838,0,0,0.6949,0.0642,1,0,DELAYED_CONFIRMATION
1211.97,UPI,PNB,STRIPE,SUCCESS,SUCCESS,AUTHORIZED,CAPTURED,PAID,DELIVERED,DELIVERED,200,1,SETTLED,NONE,NONE,3575,3931,201505,14,0,0.8646,0.0356,1,0,NORMAL
1019.03,UPI,AXIS,STRIPE,SUCCESS,PENDING,AUTHORIZED,CAPTURED,FAILED,CANCELLED,DROPPED,500,1,FAILED,FAILED,REJECTED_BY_BANK,75023,69051,60715,20,3,0.4153,0.0335,1,0,UNRESOLVED
2106.88,NET_BANKING,HDFC,PAYU,SUCCESS,PENDING,FAILED,FAILED,CANCELLED,CANCELLED,DELIVERED,200,1,ON_HOLD,INITIATED,NOT_INITIATED,303,78892,3339,2,0,0.1089,0.05,1,0,BANK_DEBIT_GATEWAY_FAILURE
6849.22,UPI,ICICI,RAZORPAY,SUCCESS,SUCCESS,AUTHORIZED,CAPTURED,PAID,DELIVERED,DELIVERED,200,1,ON_HOLD,PROCESSED,CREDITED_TO_CUSTOMER,247,471,195886,16,2,0.4269,0.0602,1,1,DUPLICATE_PAYMENT
217.51,DEBIT_CARD,YES_BANK,RAZORPAY,SUCCESS,SUCCESS,AUTHORIZED,CAPTURED,PAID,DELIVERED,DELIVERED,200,1,SETTLED,NONE,NONE,508,778,136606,0,0,-0.5469,0.033,1,0,NORMAL
381.89,NET_BANKING,AXIS,RAZORPAY,SUCCESS,SUCCESS,AUTHORIZED,CAPTURED,PAID,DELIVERED,DELIVERED,200,3,SETTLED,NONE,NONE,256,526,246841,8,0,-0.0907,0.0361,1,0,NORMAL
125.85,UPI,INDUSIND,RAZORPAY,PENDING,SUCCESS,AUTHORIZED,CAPTURED,PAID,PROCESSING,DELIVERED,200,1,PENDING,NONE,NONE,42251,46005,49429,4,0,-0.8252,0.0258,1,0,DELAYED_CONFIRMATION
1916.61,DEBIT_CARD,PNB,RAZORPAY,SUCCESS,SUCCESS,AUTHORIZED,CAPTURED,PAID,DELIVERED,DELIVERED,200,1,ON_HOLD,PROCESSED,CREDITED_TO_CUSTOMER,393,550,132061,7,4,0.0087,0.0527,1,1,DUPLICATE_PAYMENT
448.16,CREDIT_CARD,YES_BANK,STRIPE,SUCCESS,SUCCESS,AUTHORIZED,CAPTURED,PAID,PROCESSING,DELIVERED,200,1,PENDING,NONE,NONE,739,1016,27532,20,0,-0.5926,0.0473,1,0,NORMAL
2752.17,DEBIT_CARD,SBI,PAYU,SUCCESS,SUCCESS,AUTHORIZED,CAPTURED,PAID,DELIVERED,DELIVERED,200,1,SETTLED,NONE,NONE,706,830,248539,8,0,1.502,0.047,1,0,NORMAL
778.93,UPI,YES_BANK,CASHFREE,SUCCESS,SUCCESS,AUTHORIZED,CAPTURED,REFUNDED,RETURNED,DELIVERED,200,1,REVERSED,FAILED,AWAITING_ACK,491,705,167795,22,0,0.8546,0.0387,1,0,REFUND_UNCERTAINTY
1096.74,DEBIT_CARD,KOTAK,STRIPE,SUCCESS,SUCCESS,AUTHORIZED,CAPTURED,CANCELLED,CANCELLED,DELIVERED,200,1,ON_HOLD,INITIATED,NONE,300498,301627,21614,9,0,1.2849,0.0394,1,0,ORDER_PAYMENT_CONFLICT
512.42,UPI,SBI,STRIPE,SUCCESS,SUCCESS,AUTHORIZED,CAPTURED,CANCELLED,CANCELLED,DELIVERED,200,1,ON_HOLD,INITIATED,NONE,302923,304390,61403,4,0,0.22,0.0401,1,0,ORDER_PAYMENT_CONFLICT
942.75,CREDIT_CARD,INDUSIND,RAZORPAY,SUCCESS,SUCCESS,AUTHORIZED,CAPTURED,PAID,DELIVERED,DELIVERED,200,1,SETTLED,NONE,NONE,551,689,179212,3,0,0.4504,0.0319,1,0,NORMAL
4161.73,WALLET,INDUSIND,RAZORPAY,SUCCESS,FAILED,AUTHORIZED,AUTO_REFUNDED,CANCELLED,UNFULFILLED,FAILED,0,1,FAILED,PENDING,NOT_INITIATED,79974,63010,258093,15,3,-0.133,0.0646,1,0,UNRESOLVED
31703.27,CREDIT_CARD,AXIS,STRIPE,SUCCESS,SUCCESS,AUTHORIZED,CAPTURED,PAID,PROCESSING,DELIVERED,200,1,PENDING,NONE,NONE,4394,5182,60562,7,0,1.5363,0.0723,1,0,NORMAL
4106.0,DEBIT_CARD,HDFC,CASHFREE,SUCCESS,SUCCESS,AUTHORIZED,CAPTURED,PAID,PROCESSING,DELIVERED,200,1,PENDING,NONE,NONE,405,553,35062,4,0,0.4664,0.0156,1,0,NORMAL
1386.47,CREDIT_CARD,INDUSIND,BILLDESK,DEBITED,FAILED,AUTHORIZED,CAPTURED,CANCELLED,UNFULFILLED,DROPPED,504,1,ON_HOLD,MANUAL_INTERVENTION_REQUIRED,AWAITING_ACK,94580,89437,220626,2,1,0.2604,0.0579,1,0,UNRESOLVED
568.4,UPI,ICICI,RAZORPAY,SUCCESS,SUCCESS,AUTHORIZED,CAPTURED,EXPIRED,CANCELLED,DELIVERED,200,1,ON_HOLD,INITIATED,NONE,260000,261529,56695,4,0,0.3533,0.0486,1,0,ORDER_PAYMENT_CONFLICT
366.72,DEBIT_CARD,AXIS,RAZORPAY,SUCCESS,SUCCESS,AUTHORIZED,CAPTURED,PAID,DELIVERED,DELIVERED,200,1,SETTLED,NONE,NONE,345,524,232302,7,0,-0.4358,0.03,1,0,NORMAL
1105.82,CREDIT_CARD,AXIS,CASHFREE,SUCCESS,PENDING,FAILED,PENDING,PAID,RETURNED,FAILED,504,1,FAILED,FAILED,NOT_INITIATED,58982,70912,241119,23,2,0.0053,0.0595,1,0,UNRESOLVED
14308.98,UPI,AXIS,STRIPE,SUCCESS,SUCCESS,AUTHORIZED,CAPTURED,PAID,DELIVERED,DELIVERED,200,1,SETTLED,NONE,NONE,553,662,202854,7,0,0.1447,0.0725,1,0,NORMAL
765.22,UPI,ICICI,STRIPE,SUCCESS,SUCCESS,AUTHORIZED,CAPTURED,PAID,DELIVERED,DELIVERED,200,1,SETTLED,NONE,NONE,2584,3315,245639,15,0,-0.5973,0.048,1,0,NORMAL
2753.8,DEBIT_CARD,AXIS,BILLDESK,SUCCESS,SUCCESS,AUTHORIZED,CAPTURED,PAID,DELIVERED,DELIVERED,200,1,SETTLED,NONE,NONE,401,498,200724,17,0,-0.2132,0.045,1,0,NORMAL
1226.37,CREDIT_CARD,AXIS,STRIPE,SUCCESS,FAILED,FAILED,NOT_REQUESTED,CANCELLED,CANCELLED,DELIVERED,200,1,ON_HOLD,NONE,NOT_INITIATED,1123,87222,12653,21,0,0.1149,0.0581,1,0,BANK_DEBIT_GATEWAY_FAILURE
267.17,UPI,AXIS,PAYU,SUCCESS,SUCCESS,AUTHORIZED,CAPTURED,PAID,DELIVERED,DELIVERED,200,1,SETTLED,NONE,NONE,446,648,239000,11,0,-0.3639,0.0318,1,0,NORMAL
1652.09,EMI,KOTAK,BILLDESK,SUCCESS,SUCCESS,AUTHORIZED,CAPTURED,CANCELLED,CANCELLED,DELIVERED,200,1,ON_HOLD,NONE,NONE,259471,261048,201562,2,0,-0.528,0.0425,1,0,ORDER_PAYMENT_CONFLICT
2632.23,CREDIT_CARD,YES_BANK,BILLDESK,SUCCESS,SUCCESS,AUTHORIZED,CAPTURED,PAID,DELIVERED,DELIVERED,200,1,SETTLED,NONE,NONE,496,746,208239,7,0,0.3854,0.0459,1,0,NORMAL
18001.1,DEBIT_CARD,YES_BANK,CASHFREE,SUCCESS,SUCCESS,AUTHORIZED,CAPTURED,CANCELLED,CANCELLED,DELIVERED,200,1,ON_HOLD,INITIATED,NONE,302896,304994,179170,20,0,0.4401,0.0799,1,0,ORDER_PAYMENT_CONFLICT
608.63,CREDIT_CARD,YES_BANK,RAZORPAY,SUCCESS,SUCCESS,AUTHORIZED,CAPTURED,PAID,DELIVERED,DELIVERED,200,1,SETTLED,NONE,NONE,317,605,201098,16,0,-0.0636,0.0231,1,0,NORMAL
11098.51,DEBIT_CARD,PNB,PAYU,SUCCESS,SUCCESS,AUTHORIZED,CAPTURED,PAID,DELIVERED,DELIVERED,200,1,ON_HOLD,PROCESSED,CREDITED_TO_CUSTOMER,718,958,216635,23,3,-0.1121,0.0796,1,1,DUPLICATE_PAYMENT
2246.84,UPI,INDUSIND,STRIPE,SUCCESS,SUCCESS,AUTHORIZED,CAPTURED,PAID,DELIVERED,DELIVERED,200,2,SETTLED,NONE,NONE,650,919,139472,21,0,-0.1976,0.0128,1,0,NORMAL
811.71,CREDIT_CARD,HDFC,PAYU,SUCCESS,SUCCESS,AUTHORIZED,CAPTURED,PAID,PROCESSING,DELIVERED,200,3,PENDING,NONE,NONE,652,855,20141,21,0,0.1274,0.0382,1,0,NORMAL
2887.42,CREDIT_CARD,PNB,RAZORPAY,SUCCESS,SUCCESS,AUTHORIZED,CAPTURED,PAID,PROCESSING,DELIVERED,200,1,PENDING,NONE,NONE,534,686,66956,20,0,-0.175,0.0454,1,0,NORMAL
6694.13,DEBIT_CARD,HDFC,PAYU,SUCCESS,SUCCESS,AUTHORIZED,CAPTURED,PAID,DELIVERED,DELIVERED,200,1,SETTLED,NONE,NONE,1293,2026,256553,13,0,0.9126,0.0498,1,0,NORMAL
1198.36,CREDIT_CARD,YES_BANK,STRIPE,SUCCESS,SUCCESS,AUTHORIZED,CAPTURED,PAID,DELIVERED,DELIVERED,200,1,SETTLED,NONE,NONE,1385,1910,175425,17,0,0.6644,0.0378,1,0,NORMAL
975.24,UPI,ICICI,RAZORPAY,SUCCESS,SUCCESS,AUTHORIZED,CAPTURED,REFUNDED,RETURNED,DELIVERED,200,1,REVERSED,MANUAL_INTERVENTION_REQUIRED,NOT_INITIATED,324,427,93477,1,0,-0.1134,0.0575,1,0,REFUND_UNCERTAINTY
8966.89,UPI,AXIS,STRIPE,SUCCESS,SUCCESS,AUTHORIZED,CAPTURED,PAID,DELIVERED,DELIVERED,200,1,SETTLED,NONE,NONE,739,966,107728,8,0,-0.2826,0.0601,1,0,NORMAL
410.56,UPI,YES_BANK,BILLDESK,SUCCESS,SUCCESS,AUTHORIZED,CAPTURED,PAID,DELIVERED,DELIVERED,200,1,ON_HOLD,NONE,AWAITING_ACK,258,417,135553,17,3,-0.0225,0.039,1,1,DUPLICATE_PAYMENT
1058.33,CREDIT_CARD,KOTAK,PAYU,REVERSED,SUCCESS,AUTHORIZED,CAPTURED,REFUNDED,RETURNED,DELIVERED,200,1,REVERSED,PENDING,REJECTED_BY_BANK,791,1007,95377,6,0,1.5198,0.0303,1,0,REFUND_UNCERTAINTY
711.68,CREDIT_CARD,ICICI,CASHFREE,REVERSED,SUCCESS,TIMEOUT,CAPTURED,PAID,RETURNED,DELIVERED,404,1,DISCREPANCY,MANUAL_INTERVENTION_REQUIRED,REJECTED_BY_BANK,4332,56430,52987,8,2,0.6945,0.034,1,0,UNRESOLVED
1699.69,DEBIT_CARD,PNB,BILLDESK,SUCCESS,TIMED_OUT,TIMEOUT,NOT_REQUESTED,CANCELLED,CANCELLED,DELIVERED,200,1,ON_HOLD,PROCESSED,CREDITED_TO_CUSTOMER,809,70387,46800,18,0,-0.393,0.0138,1,0,BANK_DEBIT_GATEWAY_FAILURE
631.72,CREDIT_CARD,KOTAK,RAZORPAY,SUCCESS,SUCCESS,AUTHORIZED,CAPTURED,PAID,DELIVERED,DELIVERED,200,1,SETTLED,NONE,NONE,349,626,223072,16,1,0.3161,0.0404,1,0,NORMAL
5482.44,DEBIT_CARD,INDUSIND,PAYU,SUCCESS,FAILED,FAILED,FAILED,EXPIRED,CANCELLED,DELIVERED,200,1,ON_HOLD,NONE,NOT_INITIATED,975,48981,50643,23,0,0.1422,0.0603,1,0,BANK_DEBIT_GATEWAY_FAILURE
482.23,NET_BANKING,ICICI,BILLDESK,SUCCESS,TIMED_OUT,NONE,FAILED,EXPIRED,CANCELLED,NONE,504,1,ON_HOLD,NONE,NOT_INITIATED,310,78958,51392,18,0,-0.2581,0.0352,1,0,BANK_DEBIT_GATEWAY_FAILURE
2092.24,CREDIT_CARD,AXIS,CASHFREE,SUCCESS,SUCCESS,AUTHORIZED,CAPTURED,PAID,DELIVERED,DELIVERED,200,1,SETTLED,NONE,NONE,584,783,242388,9,0,0.902,0.049,1,0,NORMAL
644.69,UPI,ICICI,RAZORPAY,SUCCESS,SUCCESS,AUTHORIZED,CAPTURED,PAID,DELIVERED,DELIVERED,200,1,ON_HOLD,PROCESSED,CREDITED_TO_CUSTOMER,308,513,230994,12,4,-0.1046,0.0312,1,1,DUPLICATE_PAYMENT
1988.14,UPI,AXIS,PAYU,SUCCESS,SUCCESS,AUTHORIZED,CAPTURED,REFUNDED,RETURNED,DELIVERED,200,1,REVERSED,PENDING,REJECTED_BY_BANK,454,597,155626,22,0,0.0464,0.0499,1,0,REFUND_UNCERTAINTY
629.68,NET_BANKING,SBI,BILLDESK,SUCCESS,SUCCESS,AUTHORIZED,CAPTURED,PAID,DELIVERED,DELIVERED,200,1,SETTLED,NONE,NONE,2940,3806,118915,3,0,0.3118,0.0408,1,0,NORMAL
1332.56,DEBIT_CARD,ICICI,PAYU,SUCCESS,SUCCESS,AUTHORIZED,CAPTURED,PAID,DELIVERED,DELIVERED,200,1,SETTLED,NONE,NONE,497,722,211204,5,0,0.2114,0.0499,1,0,NORMAL
1230.44,NET_BANKING,INDUSIND,RAZORPAY,SUCCESS,SUCCESS,AUTHORIZED,CAPTURED,PAID,PROCESSING,DELIVERED,200,1,PENDING,NONE,NONE,674,861,17779,13,0,0.1186,0.0595,1,0,NORMAL
889.2,UPI,PNB,CASHFREE,SUCCESS,SUCCESS,AUTHORIZED,CAPTURED,PAID,PROCESSING,DELIVERED,200,1,SETTLED,NONE,NONE,103757,109749,126344,10,0,0.368,0.0381,1,0,DELAYED_CONFIRMATION
6454.34,NET_BANKING,HDFC,STRIPE,SUCCESS,SUCCESS,AUTHORIZED,CAPTURED,PENDING_PAYMENT,UNFULFILLED,FAILED,0,2,PENDING,NONE,NONE,414,635,234763,4,0,0.3447,0.0694,1,0,MISSING_WEBHOOK
923.98,UPI,HDFC,BILLDESK,SUCCESS,SUCCESS,AUTHORIZED,CAPTURED,PAID,PROCESSING,DELIVERED,200,1,PENDING,NONE,NONE,525,815,3846,0,0,0.925,0.0482,1,0,NORMAL
440.92,CREDIT_CARD,KOTAK,CASHFREE,SUCCESS,SUCCESS,AUTHORIZED,CAPTURED,PAID,DELIVERED,DELIVERED,200,1,ON_HOLD,NONE,AWAITING_ACK,399,577,239840,4,3,-0.0814,0.034,1,1,DUPLICATE_PAYMENT
1785.86,UPI,KOTAK,BILLDESK,SUCCESS,SUCCESS,AUTHORIZED,CAPTURED,PAID,DELIVERED,DELIVERED,200,1,SETTLED,NONE,NONE,566,837,204733,16,0,-0.0601,0.0536,1,0,NORMAL
1228.29,UPI,HDFC,STRIPE,SUCCESS,SUCCESS,AUTHORIZED,CAPTURED,PAID,DELIVERED,DELIVERED,200,1,SETTLED,NONE,NONE,663,775,242213,18,0,0.1166,0.0493,1,0,NORMAL
341.49,UPI,PNB,STRIPE,SUCCESS,SUCCESS,AUTHORIZED,CAPTURED,PAID,PROCESSING,DELIVERED,200,1,PENDING,NONE,NONE,282,547,15699,1,0,-0.4746,0.0303,1,0,NORMAL
15217.12,EMI,SBI,RAZORPAY,SUCCESS,SUCCESS,AUTHORIZED,CAPTURED,PAID,DELIVERED,DELIVERED,200,1,SETTLED,NONE,NONE,578,666,93266,21,0,0.2174,0.0666,1,0,NORMAL
1407.5,UPI,AXIS,CASHFREE,SUCCESS,SUCCESS,AUTHORIZED,CAPTURED,PAID,PROCESSING,DELIVERED,200,1,PENDING,NONE,NONE,691,955,54124,10,0,-0.4973,0.0202,1,0,NORMAL
17540.14,UPI,INDUSIND,PAYU,SUCCESS,SUCCESS,AUTHORIZED,CAPTURED,PAID,PROCESSING,DELIVERED,200,1,PENDING,NONE,NONE,612,774,60340,20,0,0.4032,0.0758,1,0,NORMAL
219.56,CREDIT_CARD,ICICI,BILLDESK,SUCCESS,SUCCESS,AUTHORIZED,CAPTURED,PAID,DELIVERED,DELIVERED,200,1,SETTLED,NONE,NONE,213,463,152396,16,0,-0.4772,0.0321,1,0,NORMAL
924.26,UPI,YES_BANK,PAYU,SUCCESS,SUCCESS,AUTHORIZED,CAPTURED,PAID,DELIVERED,DELIVERED,200,1,SETTLED,NONE,NONE,544,665,193559,19,0,0.4219,0.023,1,0,NORMAL
4091.55,UPI,AXIS,BILLDESK,SUCCESS,SUCCESS,AUTHORIZED,CAPTURED,PAID,PROCESSING,DELIVERED,200,1,PENDING,NONE,NONE,655,816,46218,3,0,1.1534,0.0484,1,0,NORMAL
17816.44,NET_BANKING,AXIS,CASHFREE,SUCCESS,SUCCESS,AUTHORIZED,CAPTURED,PAID,PROCESSING,DELIVERED,200,1,PENDING,NONE,NONE,350,460,4096,14,0,0.4253,0.0699,1,0,NORMAL
4107.66,UPI,YES_BANK,PAYU,SUCCESS,FAILED,TIMEOUT,FAILED,CANCELLED,CANCELLED,DELIVERED,200,1,ON_HOLD,INITIATED,NOT_INITIATED,803,57593,164039,11,0,0.1736,0.0325,1,0,BANK_DEBIT_GATEWAY_FAILURE
1856.03,UPI,KOTAK,PAYU,PENDING,SUCCESS,AUTHORIZED,PENDING,PAID,PROCESSING,RETRYING,200,3,PENDING,NONE,NONE,36999,40915,80924,10,0,-0.0231,0.0515,1,0,DELAYED_CONFIRMATION
2668.08,UPI,PNB,RAZORPAY,SUCCESS,SUCCESS,AUTHORIZED,CAPTURED,PAID,PROCESSING,DELIVERED,200,1,PENDING,NONE,NONE,190,453,38194,14,0,-0.4441,0.069,1,0,NORMAL
3354.93,CREDIT_CARD,KOTAK,BILLDESK,SUCCESS,TIMED_OUT,TIMEOUT,FAILED,CANCELLED,CANCELLED,DELIVERED,200,1,ON_HOLD,NONE,NOT_INITIATED,1478,79189,103558,6,0,-0.3011,0.0647,1,0,BANK_DEBIT_GATEWAY_FAILURE
373.54,UPI,INDUSIND,BILLDESK,DEBITED,FAILED,NONE,FAILED,FAILED,CANCELLED,DELIVERED,200,1,ON_HOLD,INITIATED,NOT_INITIATED,810,51405,165810,6,0,-0.1106,0.0452,1,0,BANK_DEBIT_GATEWAY_FAILURE
495.85,UPI,SBI,STRIPE,SUCCESS,SUCCESS,AUTHORIZED,CAPTURED,PAID,PROCESSING,DELIVERED,200,1,PENDING,NONE,NONE,410,566,63198,15,0,0.1806,0.0382,1,0,NORMAL
934.13,UPI,HDFC,CASHFREE,REVERSED,SUCCESS,AUTHORIZED,CAPTURED,REFUNDED,RETURNED,DELIVERED,200,1,REVERSED,MANUAL_INTERVENTION_REQUIRED,REJECTED_BY_BANK,539,702,13821,0,0,-0.1508,0.049,1,0,REFUND_UNCERTAINTY
663.18,UPI,SBI,STRIPE,SUCCESS,SUCCESS,AUTHORIZED,CAPTURED,PAID,DELIVERED,DELIVERED,200,1,SETTLED,NONE,NONE,222,443,191290,12,0,0.3816,0.0432,1,0,NORMAL
4932.02,UPI,AXIS,CASHFREE,SUCCESS,PENDING,AUTHORIZED,CAPTURED,PROCESSING,PROCESSING,RETRYING,200,3,SETTLED,NONE,NONE,51717,55067,159059,11,0,0.0275,0.0587,1,0,DELAYED_CONFIRMATION
2250.82,UPI,PNB,BILLDESK,SUCCESS,SUCCESS,AUTHORIZED,CAPTURED,REFUNDED,RETURNED,DELIVERED,200,1,REVERSED,PENDING,AWAITING_ACK,693,775,58158,21,0,1.0462,0.0577,1,0,REFUND_UNCERTAINTY
8996.85,DEBIT_CARD,SBI,PAYU,SUCCESS,SUCCESS,AUTHORIZED,CAPTURED,PAID,PROCESSING,DELIVERED,200,1,PENDING,NONE,NONE,374,602,29253,0,0,0.8743,0.0679,1,0,NORMAL
4320.58,UPI,AXIS,BILLDESK,SUCCESS,SUCCESS,AUTHORIZED,CAPTURED,CANCELLED,UNFULFILLED,FAILED,500,2,PENDING,NONE,NONE,484,687,165629,6,0,-0.0999,0.0568,1,0,MISSING_WEBHOOK
972.54,CREDIT_CARD,KOTAK,CASHFREE,SUCCESS,SUCCESS,AUTHORIZED,CAPTURED,PAID,DELIVERED,DELIVERED,200,1,SETTLED,NONE,NONE,230,442,220575,21,0,0.3507,0.022,1,0,NORMAL
1466.64,UPI,HDFC,CASHFREE,SUCCESS,SUCCESS,AUTHORIZED,CAPTURED,PAID,DELIVERED,DELIVERED,200,1,SETTLED,NONE,NONE,295,436,101187,15,0,-0.4762,0.025,1,0,NORMAL
1429.82,CREDIT_CARD,INDUSIND,RAZORPAY,SUCCESS,SUCCESS,AUTHORIZED,CAPTURED,PAID,DELIVERED,DELIVERED,200,1,SETTLED,NONE,NONE,745,896,232963,21,0,-0.2475,0.0575,1,0,NORMAL
857.25,UPI,KOTAK,BILLDESK,SUCCESS,SUCCESS,AUTHORIZED,CAPTURED,PAID,DELIVERED,DELIVERED,200,3,SETTLED,NONE,NONE,659,856,125479,10,0,-0.5488,0.0403,1,0,NORMAL
427.23,WALLET,KOTAK,PAYU,SUCCESS,FAILED,FAILED,FAILED,EXPIRED,CANCELLED,NONE,504,1,ON_HOLD,PROCESSED,CREDITED_TO_CUSTOMER,776,50599,25423,19,0,0.0172,0.0425,1,0,BANK_DEBIT_GATEWAY_FAILURE
698.66,NET_BANKING,INDUSIND,BILLDESK,SUCCESS,SUCCESS,AUTHORIZED,CAPTURED,PAID,DELIVERED,DELIVERED,200,1,SETTLED,NONE,NONE,235,458,133454,13,0,0.4555,0.0459,1,0,NORMAL
238.0,NET_BANKING,AXIS,BILLDESK,SUCCESS,SUCCESS,AUTHORIZED,CAPTURED,PAID,DELIVERED,DELIVERED,200,1,DISCREPANCY,NONE,NONE,253,439,245574,12,0,-0.6028,0.0243,1,0,SETTLEMENT_MISMATCH
688.87,UPI,YES_BANK,CASHFREE,SUCCESS,SUCCESS,AUTHORIZED,CAPTURED,PAID,PROCESSING,DELIVERED,200,1,PENDING,NONE,NONE,192,377,50531,5,0,0.4351,0.0345,1,0,NORMAL
332.95,DEBIT_CARD,KOTAK,RAZORPAY,SUCCESS,SUCCESS,AUTHORIZED,CAPTURED,PAID,DELIVERED,DELIVERED,200,2,SETTLED,NONE,NONE,434,685,199844,19,1,-0.2073,0.0426,1,0,NORMAL
12165.16,CREDIT_CARD,SBI,RAZORPAY,SUCCESS,SUCCESS,AUTHORIZED,CAPTURED,PAID,DELIVERED,DELIVERED,200,1,DISCREPANCY,NONE,NONE,589,811,136472,8,0,0.0254,0.0779,1,0,SETTLEMENT_MISMATCH
2619.24,UPI,YES_BANK,STRIPE,SUCCESS,SUCCESS,AUTHORIZED,CAPTURED,PAID,PROCESSING,DELIVERED,200,1,PENDING,NONE,NONE,354,567,77402,21,0,-0.0646,0.0131,1,0,NORMAL
1657.52,CREDIT_CARD,PNB,BILLDESK,SUCCESS,SUCCESS,AUTHORIZED,CAPTURED,PAID,PROCESSING,DELIVERED,200,1,PENDING,NONE,NONE,603,782,76536,0,0,-0.5264,0.0318,1,0,NORMAL
836.71,CREDIT_CARD,AXIS,CASHFREE,SUCCESS,SUCCESS,AUTHORIZED,CAPTURED,PAID,DELIVERED,DELIVERED,200,1,SETTLED,NONE,NONE,552,811,171293,10,0,-0.5596,0.0447,1,0,NORMAL
1979.21,UPI,YES_BANK,BILLDESK,SUCCESS,SUCCESS,AUTHORIZED,CAPTURED,PAID,DELIVERED,DELIVERED,200,1,ON_HOLD,PROCESSED,CREDITED_TO_CUSTOMER,193,389,95625,8,1,0.0417,0.0491,1,1,DUPLICATE_PAYMENT
285.03,UPI,ICICI,RAZORPAY,SUCCESS,SUCCESS,AUTHORIZED,CAPTURED,PAID,DELIVERED,DELIVERED,200,1,DISCREPANCY,NONE,NONE,541,834,75883,19,0,-0.5277,0.025,1,0,SETTLEMENT_MISMATCH
3005.74,UPI,ICICI,BILLDESK,SUCCESS,SUCCESS,AUTHORIZED,CAPTURED,REFUNDED,RETURNED,DELIVERED,200,1,REVERSED,MANUAL_INTERVENTION_REQUIRED,AWAITING_ACK,277,515,175382,9,0,3.1746,0.0223,1,0,REFUND_UNCERTAINTY
706.92,UPI,HDFC,BILLDESK,SUCCESS,SUCCESS,AUTHORIZED,CAPTURED,PAID,DELIVERED,DELIVERED,200,1,SETTLED,NONE,NONE,223,324,173919,0,0,0.4727,0.0305,1,0,NORMAL
376.28,NET_BANKING,HDFC,PAYU,SUCCESS,SUCCESS,AUTHORIZED,CAPTURED,PAID,PROCESSING,DELIVERED,200,1,PENDING,NONE,NONE,625,769,54972,9,0,-0.4774,0.0232,1,0,NORMAL
4517.49,UPI,YES_BANK,PAYU,SUCCESS,SUCCESS,AUTHORIZED,CAPTURED,CANCELLED,UNFULFILLED,DROPPED,502,2,ON_HOLD,NONE,NONE,416,639,150067,4,0,0.2907,0.0378,1,0,MISSING_WEBHOOK
6623.39,WALLET,ICICI,STRIPE,SUCCESS,SUCCESS,AUTHORIZED,CAPTURED,PAID,DELIVERED,DELIVERED,200,1,SETTLED,NONE,NONE,444,676,183581,4,0,0.3799,0.0679,1,0,NORMAL
621.79,DEBIT_CARD,AXIS,STRIPE,SUCCESS,SUCCESS,AUTHORIZED,CAPTURED,PAID,DELIVERED,DELIVERED,200,1,SETTLED,NONE,NONE,624,896,127273,5,0,-0.0434,0.0287,1,0,NORMAL
416.49,CREDIT_CARD,PNB,RAZORPAY,SUCCESS,SUCCESS,AUTHORIZED,CAPTURED,PAID,PROCESSING,DELIVERED,200,1,PENDING,NONE,NONE,518,807,44734,5,0,-0.1323,0.0445,1,0,NORMAL
3122.83,CREDIT_CARD,AXIS,RAZORPAY,SUCCESS,SUCCESS,AUTHORIZED,CAPTURED,PAID,DELIVERED,DELIVERED,200,2,SETTLED,NONE,NONE,654,771,201807,9,0,0.1153,0.0187,1,0,NORMAL
951.19,CREDIT_CARD,HDFC,CASHFREE,SUCCESS,SUCCESS,AUTHORIZED,CAPTURED,PAID,PROCESSING,DELIVERED,200,1,PENDING,NONE,NONE,399,629,47500,10,0,0.9816,0.0329,1,0,NORMAL
762.99,CREDIT_CARD,AXIS,STRIPE,SUCCESS,SUCCESS,AUTHORIZED,CAPTURED,PAID,PROCESSING,DELIVERED,200,1,PENDING,NONE,NONE,1218,1586,40598,2,1,0.1738,0.0265,1,0,NORMAL
442.11,CREDIT_CARD,YES_BANK,BILLDESK,SUCCESS,SUCCESS,AUTHORIZED,CAPTURED,PAID,DELIVERED,DELIVERED,200,1,ON_HOLD,PROCESSED,CREDITED_TO_CUSTOMER,316,483,118547,4,1,-0.386,0.0208,1,1,DUPLICATE_PAYMENT
14787.11,UPI,KOTAK,PAYU,SUCCESS,FAILED,TIMEOUT,FAILED,PENDING_PAYMENT,UNFULFILLED,RETRYING,404,1,ON_HOLD,NONE,NOT_INITIATED,10604,56972,195224,15,2,0.183,0.0775,1,0,UNRESOLVED
5172.34,WALLET,KOTAK,PAYU,SUCCESS,SUCCESS,AUTHORIZED,CAPTURED,PAID,DELIVERED,DELIVERED,200,1,DISCREPANCY,NONE,NONE,583,1025,51404,1,0,0.8813,0.0242,1,0,SETTLEMENT_MISMATCH
657.7,CREDIT_CARD,AXIS,STRIPE,SUCCESS,SUCCESS,AUTHORIZED,CAPTURED,PAID,PROCESSING,DELIVERED,200,1,PENDING,NONE,NONE,416,696,4287,21,0,0.0118,0.0367,1,0,NORMAL
11415.42,UPI,HDFC,PAYU,SUCCESS,SUCCESS,AUTHORIZED,CAPTURED,PAID,PROCESSING,DELIVERED,200,1,PENDING,NONE,NONE,747,895,10257,2,0,-0.0868,0.0718,1,0,NORMAL
35182.42,UPI,KOTAK,STRIPE,SUCCESS,SUCCESS,AUTHORIZED,CAPTURED,PAID,DELIVERED,DELIVERED,200,1,SETTLED,NONE,NONE,199,472,233205,8,0,1.8146,0.0793,1,0,NORMAL
816.52,UPI,AXIS,PAYU,SUCCESS,SUCCESS,AUTHORIZED,CAPTURED,PAID,PROCESSING,DELIVERED,200,1,PENDING,NONE,NONE,680,815,76121,21,0,0.1341,0.0343,1,0,NORMAL
16243.04,CREDIT_CARD,ICICI,CASHFREE,SUCCESS,SUCCESS,AUTHORIZED,CAPTURED,PAID,DELIVERED,DELIVERED,200,1,SETTLED,NONE,NONE,389,547,117527,10,0,0.2994,0.0774,1,0,NORMAL
2519.81,UPI,HDFC,PAYU,SUCCESS,SUCCESS,AUTHORIZED,CAPTURED,PAID,DELIVERED,DELIVERED,200,1,SETTLED,NONE,NONE,433,629,153089,5,0,1.2907,0.0456,1,0,NORMAL
3049.96,CREDIT_CARD,YES_BANK,STRIPE,SUCCESS,SUCCESS,AUTHORIZED,CAPTURED,PAID,PROCESSING,DELIVERED,200,1,PENDING,NONE,NONE,386,485,2802,16,0,-0.1286,0.0367,1,0,NORMAL
24472.29,UPI,ICICI,RAZORPAY,PENDING,SUCCESS,FAILED,FAILED,CANCELLED,CANCELLED,DELIVERED,404,1,FAILED,NONE,NOT_INITIATED,35246,48962,158136,19,0,0.9578,0.07,1,0,UNRESOLVED
6754.96,UPI,YES_BANK,CASHFREE,SUCCESS,SUCCESS,AUTHORIZED,CAPTURED,PROCESSING,PROCESSING,DELIVERED,200,3,SETTLED,NONE,NONE,71856,74827,255812,7,0,-0.4596,0.071,1,0,DELAYED_CONFIRMATION
1317.8,UPI,SBI,RAZORPAY,SUCCESS,SUCCESS,AUTHORIZED,CAPTURED,PAID,PROCESSING,SCHEDULED,200,1,SETTLED,NONE,NONE,37974,41602,90622,19,0,0.8303,0.0205,1,0,DELAYED_CONFIRMATION
941.8,NET_BANKING,AXIS,CASHFREE,SUCCESS,SUCCESS,AUTHORIZED,CAPTURED,PAID,DELIVERED,DELIVERED,200,1,SETTLED,NONE,NONE,636,719,92911,10,0,-0.1438,0.0523,1,0,NORMAL
373.45,CREDIT_CARD,ICICI,RAZORPAY,SUCCESS,SUCCESS,AUTHORIZED,CAPTURED,PAID,DELIVERED,DELIVERED,200,1,DISCREPANCY,NONE,NONE,701,849,237733,23,0,-0.0581,0.0347,1,0,SETTLEMENT_MISMATCH
607.75,NET_BANKING,PNB,BILLDESK,SUCCESS,FAILED,FAILED,FAILED,FAILED,CANCELLED,DELIVERED,200,1,ON_HOLD,NONE,NOT_INITIATED,1016,88554,48166,2,0,0.2661,0.0422,1,0,BANK_DEBIT_GATEWAY_FAILURE
6565.98,UPI,AXIS,CASHFREE,SUCCESS,SUCCESS,AUTHORIZED,CAPTURED,PENDING_PAYMENT,PROCESSING,DELIVERED,200,2,SETTLED,NONE,NONE,55270,59933,123201,13,0,0.3679,0.0606,1,0,DELAYED_CONFIRMATION
7920.94,UPI,SBI,CASHFREE,REVERSED,FAILED,NONE,AUTO_REFUNDED,PAID,CANCELLED,DELIVERED,504,1,DISCREPANCY,PENDING,REJECTED_BY_BANK,76185,85431,29631,11,3,-0.3663,0.0792,1,0,UNRESOLVED
2194.46,UPI,YES_BANK,RAZORPAY,SUCCESS,SUCCESS,AUTHORIZED,CAPTURED,PAID,DELIVERED,DELIVERED,200,1,SETTLED,NONE,NONE,581,706,111825,2,0,-0.5428,0.0681,1,0,NORMAL
3235.24,CREDIT_CARD,ICICI,BILLDESK,SUCCESS,SUCCESS,AUTHORIZED,CAPTURED,PAID,DELIVERED,DELIVERED,200,1,ON_HOLD,PROCESSED,CREDITED_TO_CUSTOMER,246,543,172330,17,3,0.7028,0.058,1,1,DUPLICATE_PAYMENT
4165.56,UPI,INDUSIND,RAZORPAY,SUCCESS,SUCCESS,AUTHORIZED,CAPTURED,EXPIRED,UNFULFILLED,FAILED,0,4,PENDING,NONE,NONE,706,827,224133,7,0,0.4877,0.0139,1,0,MISSING_WEBHOOK
3848.16,CREDIT_CARD,SBI,CASHFREE,PENDING,SUCCESS,AUTHORIZED,CAPTURED,PAID,PROCESSING,DELIVERED,200,3,SETTLED,NONE,NONE,109800,113949,125218,20,0,0.0995,0.049,1,0,DELAYED_CONFIRMATION
3341.77,EMI,AXIS,STRIPE,SUCCESS,SUCCESS,AUTHORIZED,CAPTURED,PAID,DELIVERED,DELIVERED,200,1,SETTLED,NONE,NONE,508,648,151411,10,0,-0.0452,0.0328,1,0,NORMAL
373.73,CREDIT_CARD,AXIS,BILLDESK,SUCCESS,SUCCESS,AUTHORIZED,CAPTURED,PAID,DELIVERED,DELIVERED,200,1,SETTLED,NONE,NONE,278,491,243710,2,0,-0.425,0.0378,1,0,NORMAL
1274.22,CREDIT_CARD,KOTAK,BILLDESK,SUCCESS,SUCCESS,AUTHORIZED,CAPTURED,PAID,DELIVERED,DELIVERED,200,1,ON_HOLD,INITIATED,AWAITING_ACK,213,315,96808,23,2,0.9603,0.0342,1,1,DUPLICATE_PAYMENT
625.69,UPI,SBI,STRIPE,SUCCESS,SUCCESS,AUTHORIZED,CAPTURED,PAID,DELIVERED,DELIVERED,200,1,SETTLED,NONE,NONE,444,714,240263,8,0,-0.0374,0.0201,1,0,NORMAL
37854.62,UPI,AXIS,PAYU,SUCCESS,SUCCESS,AUTHORIZED,CAPTURED,PAID,DELIVERED,DELIVERED,200,1,SETTLED,NONE,NONE,502,773,119520,7,0,2.0284,0.0659,1,0,NORMAL
2247.1,DEBIT_CARD,ICICI,RAZORPAY,SUCCESS,PENDING,AUTHORIZED,CAPTURED,PAID,PROCESSING,DELIVERED,200,2,SETTLED,NONE,NONE,57861,62139,120718,0,0,1.0428,0.0587,1,0,DELAYED_CONFIRMATION
3135.75,WALLET,YES_BANK,STRIPE,SUCCESS,SUCCESS,AUTHORIZED,CAPTURED,PAID,DELIVERED,DELIVERED,200,1,SETTLED,NONE,NONE,389,536,95099,16,0,-0.3467,0.054,1,0,NORMAL
4742.46,DEBIT_CARD,HDFC,RAZORPAY,REVERSED,SUCCESS,AUTHORIZED,CAPTURED,REFUNDED,RETURNED,DELIVERED,200,1,REVERSED,MANUAL_INTERVENTION_REQUIRED,AWAITING_ACK,509,636,79191,3,0,-0.012,0.0649,1,0,REFUND_UNCERTAINTY
1049.7,CREDIT_CARD,HDFC,STRIPE,SUCCESS,SUCCESS,AUTHORIZED,CAPTURED,PAID,DELIVERED,DELIVERED,200,2,SETTLED,NONE,NONE,742,840,169027,14,0,0.4579,0.0334,1,0,NORMAL
27322.09,NET_BANKING,HDFC,PAYU,SUCCESS,FAILED,FAILED,FAILED,EXPIRED,CANCELLED,FAILED,504,1,ON_HOLD,NONE,NOT_INITIATED,1495,78311,74580,17,0,1.1858,0.0767,1,0,BANK_DEBIT_GATEWAY_FAILURE
1274.34,NET_BANKING,YES_BANK,STRIPE,SUCCESS,SUCCESS,AUTHORIZED,CAPTURED,PAID,PROCESSING,DELIVERED,200,3,SETTLED,NONE,NONE,106970,111887,243941,19,0,0.7699,0.0339,1,0,DELAYED_CONFIRMATION
5962.67,CREDIT_CARD,PNB,CASHFREE,SUCCESS,SUCCESS,AUTHORIZED,CAPTURED,PAID,DELIVERED,DELIVERED,200,1,SETTLED,NONE,NONE,3752,4598,150625,3,0,0.2422,0.0651,1,0,NORMAL
2411.56,CREDIT_CARD,AXIS,RAZORPAY,SUCCESS,SUCCESS,AUTHORIZED,CAPTURED,PAID,DELIVERED,DELIVERED,200,1,ON_HOLD,INITIATED,AWAITING_ACK,331,614,7924,20,2,2.7101,0.0352,1,1,DUPLICATE_PAYMENT
5613.91,CREDIT_CARD,YES_BANK,BILLDESK,SUCCESS,SUCCESS,AUTHORIZED,CAPTURED,PENDING_PAYMENT,UNFULFILLED,FAILED,404,5,PENDING,NONE,NONE,370,652,57382,14,0,1.005,0.0186,1,0,MISSING_WEBHOOK
450.37,DEBIT_CARD,YES_BANK,STRIPE,SUCCESS,SUCCESS,AUTHORIZED,CAPTURED,PAID,DELIVERED,DELIVERED,200,1,SETTLED,NONE,NONE,458,590,105110,12,0,-0.3071,0.0233,1,0,NORMAL
3993.66,UPI,INDUSIND,PAYU,SUCCESS,SUCCESS,AUTHORIZED,CAPTURED,PAID,DELIVERED,DELIVERED,200,1,SETTLED,NONE,NONE,719,896,246201,3,0,0.4263,0.029,1,0,NORMAL
716.07,UPI,SBI,BILLDESK,SUCCESS,SUCCESS,AUTHORIZED,CAPTURED,PAID,DELIVERED,DELIVERED,200,1,SETTLED,NONE,NONE,2328,2919,133793,9,0,-0.0055,0.0373,1,0,NORMAL
4472.77,DEBIT_CARD,KOTAK,CASHFREE,SUCCESS,SUCCESS,AUTHORIZED,CAPTURED,CANCELLED,CANCELLED,DELIVERED,200,1,ON_HOLD,PROCESSED,NONE,342389,343945,148782,9,0,3.0662,0.0436,1,0,ORDER_PAYMENT_CONFLICT
2868.83,UPI,INDUSIND,RAZORPAY,SUCCESS,SUCCESS,AUTHORIZED,CAPTURED,PAID,DELIVERED,DELIVERED,200,1,DISCREPANCY,NONE,NONE,387,656,173973,14,0,-0.1598,0.0323,1,0,SETTLEMENT_MISMATCH
2153.59,CREDIT_CARD,INDUSIND,PAYU,DEBITED,FAILED,FAILED,FAILED,CANCELLED,CANCELLED,NONE,0,1,ON_HOLD,PROCESSED,CREDITED_TO_CUSTOMER,525,71591,73603,18,0,-0.3847,0.0493,1,0,BANK_DEBIT_GATEWAY_FAILURE
1406.81,UPI,AXIS,BILLDESK,SUCCESS,SUCCESS,AUTHORIZED,CAPTURED,EXPIRED,CANCELLED,DELIVERED,200,1,ON_HOLD,PROCESSED,NONE,306107,307642,209233,2,0,-0.4976,0.0137,1,0,ORDER_PAYMENT_CONFLICT
268.21,UPI,HDFC,CASHFREE,SUCCESS,PENDING,FAILED,CAPTURED,FAILED,RETURNED,RETRYING,404,1,DISCREPANCY,NONE,NOT_INITIATED,14817,27326,27262,6,1,-0.3614,0.0381,1,0,UNRESOLVED
263.74,WALLET,YES_BANK,BILLDESK,SUCCESS,SUCCESS,AUTHORIZED,CAPTURED,PAID,PROCESSING,DELIVERED,200,1,PENDING,NONE,NONE,777,909,45558,7,0,-0.4505,0.0372,1,0,NORMAL
2604.0,NET_BANKING,ICICI,RAZORPAY,SUCCESS,SUCCESS,AUTHORIZED,CAPTURED,PAID,DELIVERED,DELIVERED,200,1,SETTLED,NONE,NONE,634,770,102943,12,1,-0.07,0.0103,1,0,NORMAL
901.16,UPI,ICICI,STRIPE,SUCCESS,SUCCESS,AUTHORIZED,CAPTURED,PAID,DELIVERED,DELIVERED,200,1,SETTLED,NONE,NONE,318,411,103473,15,0,0.2516,0.038,1,0,NORMAL
18104.03,UPI,YES_BANK,RAZORPAY,SUCCESS,FAILED,TIMEOUT,NOT_REQUESTED,CANCELLED,CANCELLED,NONE,500,1,ON_HOLD,INITIATED,NOT_INITIATED,854,56763,137134,10,0,2.7717,0.0618,1,0,BANK_DEBIT_GATEWAY_FAILURE
8327.85,WALLET,PNB,STRIPE,SUCCESS,SUCCESS,AUTHORIZED,CAPTURED,PAID,DELIVERED,DELIVERED,200,1,SETTLED,NONE,NONE,594,866,188342,18,0,0.735,0.0692,1,0,NORMAL
6614.31,UPI,HDFC,BILLDESK,SUCCESS,SUCCESS,AUTHORIZED,CAPTURED,REFUNDED,RETURNED,DELIVERED,200,1,REVERSED,PENDING,AWAITING_ACK,414,544,163707,1,0,0.378,0.0609,1,0,REFUND_UNCERTAINTY
1350.27,CREDIT_CARD,AXIS,CASHFREE,SUCCESS,SUCCESS,AUTHORIZED,CAPTURED,PAID,DELIVERED,DELIVERED,200,1,ON_HOLD,NONE,AWAITING_ACK,579,731,115072,0,3,0.2275,0.0583,1,1,DUPLICATE_PAYMENT
1796.35,CREDIT_CARD,SBI,PAYU,SUCCESS,SUCCESS,AUTHORIZED,CAPTURED,PAID,DELIVERED,DELIVERED,200,1,ON_HOLD,PROCESSED,CREDITED_TO_CUSTOMER,661,811,100332,17,3,-0.3584,0.0173,1,1,DUPLICATE_PAYMENT
5886.42,UPI,SBI,STRIPE,SUCCESS,SUCCESS,AUTHORIZED,CAPTURED,PENDING_PAYMENT,PROCESSING,DELIVERED,200,1,PENDING,NONE,NONE,46844,48859,72713,15,0,-0.5291,0.0667,1,0,DELAYED_CONFIRMATION
1011.71,DEBIT_CARD,YES_BANK,BILLDESK,SUCCESS,SUCCESS,AUTHORIZED,CAPTURED,PAID,DELIVERED,DELIVERED,200,1,SETTLED,NONE,NONE,282,406,177422,7,0,-0.0803,0.0429,1,0,NORMAL
8114.08,NET_BANKING,AXIS,BILLDESK,SUCCESS,FAILED,TIMEOUT,PENDING,PAID,RETURNED,DELIVERED,200,1,FAILED,NONE,NOT_INITIATED,36712,18201,113417,2,1,-0.3509,0.0621,1,0,UNRESOLVED
3034.72,UPI,ICICI,RAZORPAY,SUCCESS,SUCCESS,AUTHORIZED,CAPTURED,REFUNDED,RETURNED,DELIVERED,200,1,REVERSED,PENDING,AWAITING_ACK,332,498,39784,14,0,0.0838,0.0225,1,0,REFUND_UNCERTAINTY
366.46,UPI,YES_BANK,STRIPE,SUCCESS,SUCCESS,AUTHORIZED,CAPTURED,PAID,DELIVERED,DELIVERED,200,1,SETTLED,NONE,NONE,317,611,173051,1,0,-0.4362,0.022,1,0,NORMAL
490.93,DEBIT_CARD,HDFC,STRIPE,SUCCESS,SUCCESS,AUTHORIZED,CAPTURED,PAID,DELIVERED,DELIVERED,200,1,DISCREPANCY,NONE,NONE,395,497,174245,6,0,0.074,0.05,1,0,SETTLEMENT_MISMATCH
2392.15,UPI,PNB,PAYU,DEBITED,FAILED,FAILED,FAILED,CANCELLED,CANCELLED,FAILED,500,1,ON_HOLD,NONE,NOT_INITIATED,576,51785,172303,23,0,-0.3165,0.0307,1,0,BANK_DEBIT_GATEWAY_FAILURE
5319.6,UPI,INDUSIND,RAZORPAY,SUCCESS,SUCCESS,AUTHORIZED,CAPTURED,PAID,DELIVERED,DELIVERED,200,1,DISCREPANCY,NONE,NONE,655,740,78989,7,0,1.8218,0.0404,1,0,SETTLEMENT_MISMATCH
4497.72,UPI,AXIS,CASHFREE,SUCCESS,SUCCESS,AUTHORIZED,CAPTURED,PAID,DELIVERED,DELIVERED,200,1,ON_HOLD,NONE,AWAITING_ACK,238,522,79662,1,4,0.6063,0.0294,1,1,DUPLICATE_PAYMENT
230.74,UPI,PNB,CASHFREE,SUCCESS,SUCCESS,AUTHORIZED,CAPTURED,PAID,DELIVERED,DELIVERED,200,1,DISCREPANCY,NONE,NONE,504,621,5478,9,0,-0.3846,0.0419,1,0,SETTLEMENT_MISMATCH
2175.44,UPI,SBI,PAYU,SUCCESS,SUCCESS,AUTHORIZED,CAPTURED,PAID,PROCESSING,DELIVERED,200,1,PENDING,NONE,NONE,302,383,86045,9,0,-0.2231,0.016,1,0,NORMAL
6298.24,CREDIT_CARD,INDUSIND,BILLDESK,SUCCESS,SUCCESS,AUTHORIZED,CAPTURED,CANCELLED,CANCELLED,DELIVERED,200,1,ON_HOLD,PROCESSED,NONE,288558,290122,183012,17,0,0.3121,0.0601,1,0,ORDER_PAYMENT_CONFLICT
493.3,CREDIT_CARD,ICICI,CASHFREE,SUCCESS,SUCCESS,AUTHORIZED,CAPTURED,PAID,DELIVERED,DELIVERED,200,1,ON_HOLD,PROCESSED,CREDITED_TO_CUSTOMER,314,552,91701,11,1,-0.2411,0.0255,1,1,DUPLICATE_PAYMENT
4530.79,DEBIT_CARD,SBI,RAZORPAY,SUCCESS,FAILED,FAILED,FAILED,EXPIRED,CANCELLED,DELIVERED,200,1,ON_HOLD,INITIATED,NOT_INITIATED,1270,78712,224250,17,0,0.6181,0.0101,1,0,BANK_DEBIT_GATEWAY_FAILURE
1124.24,DEBIT_CARD,INDUSIND,RAZORPAY,SUCCESS,SUCCESS,AUTHORIZED,CAPTURED,PAID,DELIVERED,DELIVERED,200,1,SETTLED,NONE,NONE,347,628,185938,9,0,0.5614,0.031,1,0,NORMAL
600.89,CREDIT_CARD,KOTAK,STRIPE,SUCCESS,SUCCESS,AUTHORIZED,CAPTURED,PAID,DELIVERED,DELIVERED,200,1,DISCREPANCY,NONE,NONE,288,529,73469,7,0,0.0021,0.0351,1,0,SETTLEMENT_MISMATCH
428.05,UPI,AXIS,PAYU,SUCCESS,SUCCESS,AUTHORIZED,CAPTURED,PAID,DELIVERED,DELIVERED,200,1,SETTLED,NONE,NONE,589,860,104660,16,0,-0.1082,0.0474,1,0,NORMAL
2014.05,CREDIT_CARD,YES_BANK,PAYU,DEBITED,PENDING,TIMEOUT,AUTO_REFUNDED,CANCELLED,RETURNED,RETRYING,500,1,DISCREPANCY,NONE,NOT_INITIATED,15562,83085,233754,6,0,0.06,0.0506,1,0,UNRESOLVED
508.97,WALLET,KOTAK,PAYU,SUCCESS,SUCCESS,AUTHORIZED,CAPTURED,PAID,DELIVERED,DELIVERED,200,1,SETTLED,NONE,NONE,304,473,107970,0,0,0.0604,0.0412,1,0,NORMAL
3711.45,UPI,PNB,BILLDESK,REVERSED,SUCCESS,AUTHORIZED,CAPTURED,REFUNDED,RETURNED,DELIVERED,200,1,REVERSED,MANUAL_INTERVENTION_REQUIRED,REJECTED_BY_BANK,213,480,136512,17,0,-0.2268,0.064,1,0,REFUND_UNCERTAINTY
2345.85,UPI,PNB,CASHFREE,SUCCESS,SUCCESS,AUTHORIZED,CAPTURED,PAID,DELIVERED,DELIVERED,200,2,SETTLED,NONE,NONE,301,500,172023,17,0,-0.1622,0.0285,1,0,NORMAL
8068.47,UPI,HDFC,PAYU,SUCCESS,SUCCESS,AUTHORIZED,CAPTURED,PAID,DELIVERED,DELIVERED,200,1,SETTLED,NONE,NONE,681,934,138676,14,0,1.3053,0.0313,1,0,NORMAL
4863.48,UPI,HDFC,CASHFREE,SUCCESS,FAILED,FAILED,FAILED,CANCELLED,CANCELLED,DELIVERED,200,1,ON_HOLD,NONE,NOT_INITIATED,1480,90792,97467,7,0,0.3896,0.0393,1,0,BANK_DEBIT_GATEWAY_FAILURE
802.06,CREDIT_CARD,PNB,STRIPE,SUCCESS,SUCCESS,AUTHORIZED,CAPTURED,PAID,DELIVERED,DELIVERED,200,1,SETTLED,NONE,NONE,431,627,121246,8,0,0.114,0.0248,1,0,NORMAL
575.47,UPI,HDFC,PAYU,SUCCESS,SUCCESS,AUTHORIZED,CAPTURED,PAID,PROCESSING,DELIVERED,200,1,PENDING,NONE,NONE,548,815,2193,4,0,-0.1147,0.0291,1,0,NORMAL
813.08,UPI,SBI,CASHFREE,SUCCESS,SUCCESS,AUTHORIZED,CAPTURED,PAID,DELIVERED,DELIVERED,200,1,SETTLED,NONE,NONE,2508,3045,223607,4,0,0.9359,0.0385,1,0,NORMAL
834.5,UPI,AXIS,STRIPE,SUCCESS,SUCCESS,AUTHORIZED,CAPTURED,PENDING_PAYMENT,UNFULFILLED,DROPPED,404,3,ON_HOLD,NONE,NONE,578,664,174725,7,0,0.9869,0.0409,1,0,MISSING_WEBHOOK
9382.89,UPI,PNB,CASHFREE,SUCCESS,SUCCESS,AUTHORIZED,CAPTURED,REFUNDED,RETURNED,DELIVERED,200,1,REVERSED,FAILED,NOT_INITIATED,460,561,55648,19,0,1.6808,0.0389,1,0,REFUND_UNCERTAINTY
9074.23,UPI,SBI,BILLDESK,SUCCESS,SUCCESS,AUTHORIZED,PENDING,PAID,PROCESSING,DELIVERED,200,1,SETTLED,NONE,NONE,101353,104012,193550,1,0,0.8905,0.0508,1,0,DELAYED_CONFIRMATION
664.97,CREDIT_CARD,AXIS,CASHFREE,SUCCESS,SUCCESS,AUTHORIZED,CAPTURED,PAID,DELIVERED,DELIVERED,200,1,SETTLED,NONE,NONE,4154,4970,134156,18,0,0.023,0.0226,1,0,NORMAL
388.91,EMI,HDFC,PAYU,SUCCESS,SUCCESS,AUTHORIZED,CAPTURED,PAID,PROCESSING,DELIVERED,200,1,PENDING,NONE,NONE,3078,3716,49227,22,0,-0.4598,0.0294,1,0,NORMAL
2543.3,DEBIT_CARD,KOTAK,RAZORPAY,PENDING,SUCCESS,AUTHORIZED,PENDING,PAID,PROCESSING,DELIVERED,200,2,SETTLED,NONE,NONE,52020,54532,179280,16,0,-0.2733,0.0478,1,0,DELAYED_CONFIRMATION
721.32,UPI,ICICI,STRIPE,SUCCESS,SUCCESS,AUTHORIZED,CAPTURED,PAID,DELIVERED,DELIVERED,200,1,SETTLED,NONE,NONE,357,618,211156,6,0,0.0018,0.0384,1,0,NORMAL
581.49,DEBIT_CARD,PNB,PAYU,SUCCESS,SUCCESS,AUTHORIZED,CAPTURED,CANCELLED,CANCELLED,DELIVERED,200,1,ON_HOLD,NONE,NONE,313061,314151,158391,18,0,-0.1924,0.0328,1,0,ORDER_PAYMENT_CONFLICT
12257.18,UPI,HDFC,RAZORPAY,SUCCESS,SUCCESS,AUTHORIZED,CAPTURED,PAID,DELIVERED,DELIVERED,200,1,SETTLED,NONE,NONE,499,584,200879,16,0,-0.0194,0.0774,1,0,NORMAL
2838.0,UPI,HDFC,RAZORPAY,SUCCESS,SUCCESS,AUTHORIZED,CAPTURED,PAID,PROCESSING,DELIVERED,200,1,PENDING,NONE,NONE,497,651,26212,17,0,0.0136,0.0187,1,0,NORMAL
8475.37,UPI,INDUSIND,RAZORPAY,SUCCESS,SUCCESS,AUTHORIZED,CAPTURED,CANCELLED,CANCELLED,DELIVERED,200,1,ON_HOLD,PROCESSED,NONE,262421,264536,251082,19,0,3.4607,0.0495,1,0,ORDER_PAYMENT_CONFLICT
731.41,WALLET,HDFC,BILLDESK,SUCCESS,SUCCESS,AUTHORIZED,CAPTURED,PAID,DELIVERED,DELIVERED,200,1,ON_HOLD,NONE,AWAITING_ACK,538,684,242118,13,3,0.0158,0.0368,1,1,DUPLICATE_PAYMENT
360.92,UPI,INDUSIND,STRIPE,SUCCESS,SUCCESS,AUTHORIZED,CAPTURED,PAID,DELIVERED,DELIVERED,200,1,SETTLED,NONE,NONE,4030,4482,112145,22,0,-0.4987,0.0327,1,0,NORMAL
5569.9,DEBIT_CARD,YES_BANK,PAYU,SUCCESS,PENDING,AUTHORIZED,CAPTURED,FAILED,RETURNED,DELIVERED,504,1,DISCREPANCY,PENDING,AWAITING_ACK,80285,89727,43213,14,3,-0.5544,0.0719,1,0,UNRESOLVED
8550.59,UPI,SBI,CASHFREE,DEBITED,TIMED_OUT,TIMEOUT,FAILED,CANCELLED,CANCELLED,DELIVERED,200,1,ON_HOLD,NONE,NOT_INITIATED,674,59055,202541,14,0,-0.316,0.0672,1,0,BANK_DEBIT_GATEWAY_FAILURE
296.36,UPI,ICICI,PAYU,SUCCESS,SUCCESS,AUTHORIZED,CAPTURED,PAID,DELIVERED,DELIVERED,200,1,SETTLED,NONE,NONE,600,776,256210,10,0,-0.3826,0.0341,1,0,NORMAL
435.75,DEBIT_CARD,PNB,CASHFREE,SUCCESS,SUCCESS,AUTHORIZED,CAPTURED,CANCELLED,CANCELLED,DELIVERED,200,1,ON_HOLD,NONE,NONE,242448,243492,130731,1,0,-0.3948,0.0211,1,0,ORDER_PAYMENT_CONFLICT
7310.89,CREDIT_CARD,ICICI,CASHFREE,SUCCESS,SUCCESS,AUTHORIZED,CAPTURED,PAID,DELIVERED,DELIVERED,200,1,SETTLED,NONE,NONE,265,431,144806,17,0,1.0888,0.0402,1,0,NORMAL
735.36,UPI,AXIS,BILLDESK,SUCCESS,SUCCESS,AUTHORIZED,CAPTURED,PAID,PROCESSING,DELIVERED,200,2,PENDING,NONE,NONE,186,309,80796,22,0,0.532,0.0463,1,0,NORMAL
482.96,UPI,AXIS,BILLDESK,SUCCESS,PENDING,AUTHORIZED,CAPTURED,PAID,PROCESSING,RETRYING,200,3,PENDING,NONE,NONE,61031,65554,44732,8,0,0.1499,0.036,1,0,DELAYED_CONFIRMATION
4157.5,UPI,KOTAK,RAZORPAY,SUCCESS,FAILED,TIMEOUT,FAILED,CANCELLED,CANCELLED,DELIVERED,200,1,ON_HOLD,NONE,NOT_INITIATED,799,74382,74648,8,0,-0.1339,0.0596,1,0,BANK_DEBIT_GATEWAY_FAILURE
536.21,UPI,YES_BANK,BILLDESK,SUCCESS,SUCCESS,AUTHORIZED,CAPTURED,PAID,DELIVERED,DELIVERED,200,1,SETTLED,NONE,NONE,419,678,100474,1,0,0.1171,0.0494,1,0,NORMAL
523.62,UPI,ICICI,STRIPE,SUCCESS,SUCCESS,AUTHORIZED,CAPTURED,REFUNDED,RETURNED,DELIVERED,200,1,REVERSED,MANUAL_INTERVENTION_REQUIRED,AWAITING_ACK,570,724,101975,17,0,0.2467,0.0396,1,0,REFUND_UNCERTAINTY
530.13,UPI,SBI,RAZORPAY,SUCCESS,SUCCESS,AUTHORIZED,CAPTURED,PAID,DELIVERED,DELIVERED,200,1,DISCREPANCY,NONE,NONE,367,584,143240,22,0,-0.1329,0.0372,1,0,SETTLEMENT_MISMATCH
286.84,NET_BANKING,KOTAK,PAYU,SUCCESS,SUCCESS,AUTHORIZED,CAPTURED,PAID,DELIVERED,DELIVERED,200,1,DISCREPANCY,NONE,NONE,333,441,172516,2,0,-0.2447,0.0408,1,0,SETTLEMENT_MISMATCH
4172.66,NET_BANKING,HDFC,PAYU,DEBITED,FAILED,NONE,FAILED,CANCELLED,CANCELLED,FAILED,504,1,ON_HOLD,INITIATED,NOT_INITIATED,1206,74022,48056,1,0,1.1961,0.0541,1,0,BANK_DEBIT_GATEWAY_FAILURE
348.44,UPI,AXIS,CASHFREE,SUCCESS,SUCCESS,AUTHORIZED,CAPTURED,PAID,DELIVERED,DELIVERED,200,1,SETTLED,NONE,NONE,271,483,183209,7,0,-0.5161,0.0209,1,0,NORMAL
702.57,UPI,SBI,CASHFREE,SUCCESS,SUCCESS,AUTHORIZED,CAPTURED,PAID,PROCESSING,DELIVERED,200,1,PENDING,NONE,NONE,372,567,65331,15,0,-0.3613,0.0456,1,0,NORMAL
7185.39,UPI,AXIS,STRIPE,SUCCESS,SUCCESS,AUTHORIZED,CAPTURED,PAID,DELIVERED,DELIVERED,200,1,DISCREPANCY,NONE,NONE,719,801,249621,16,0,0.5427,0.0501,1,0,SETTLEMENT_MISMATCH
543.9,EMI,KOTAK,RAZORPAY,SUCCESS,SUCCESS,AUTHORIZED,CAPTURED,REFUNDED,RETURNED,DELIVERED,200,1,REVERSED,MANUAL_INTERVENTION_REQUIRED,AWAITING_ACK,261,392,256395,11,0,0.295,0.044,1,0,REFUND_UNCERTAINTY
942.15,UPI,PNB,CASHFREE,SUCCESS,SUCCESS,AUTHORIZED,CAPTURED,PAID,DELIVERED,DELIVERED,200,1,DISCREPANCY,NONE,NONE,713,989,93826,7,0,-0.0662,0.0519,1,0,SETTLEMENT_MISMATCH
724.86,CREDIT_CARD,HDFC,RAZORPAY,REVERSED,PENDING,TIMEOUT,AUTO_REFUNDED,FAILED,DELIVERED,DELIVERED,504,1,ON_HOLD,MANUAL_INTERVENTION_REQUIRED,NOT_INITIATED,94611,40199,89043,3,0,-0.341,0.0486,1,0,UNRESOLVED
1841.74,UPI,SBI,PAYU,SUCCESS,SUCCESS,AUTHORIZED,CAPTURED,PAID,DELIVERED,DELIVERED,200,1,SETTLED,NONE,NONE,1804,2309,103837,14,0,-0.4738,0.0494,1,0,NORMAL
362.8,UPI,PNB,PAYU,SUCCESS,SUCCESS,AUTHORIZED,CAPTURED,EXPIRED,CANCELLED,DELIVERED,200,1,ON_HOLD,PROCESSED,NONE,268038,268896,87676,8,0,-0.2442,0.0414,1,0,ORDER_PAYMENT_CONFLICT
5834.16,CREDIT_CARD,HDFC,CASHFREE,SUCCESS,SUCCESS,AUTHORIZED,CAPTURED,PAID,DELIVERED,DELIVERED,200,1,ON_HOLD,INITIATED,AWAITING_ACK,337,630,81823,13,1,-0.5333,0.0681,1,1,DUPLICATE_PAYMENT
1531.94,WALLET,INDUSIND,CASHFREE,SUCCESS,FAILED,TIMEOUT,NOT_REQUESTED,EXPIRED,CANCELLED,DELIVERED,200,1,ON_HOLD,INITIATED,NOT_INITIATED,765,77633,98643,3,0,1.3568,0.0336,1,0,BANK_DEBIT_GATEWAY_FAILURE
2552.47,UPI,KOTAK,CASHFREE,DEBITED,PENDING,NONE,CAPTURED,PENDING_PAYMENT,CANCELLED,DROPPED,0,1,DISCREPANCY,NONE,REJECTED_BY_BANK,19249,53023,184515,16,2,0.3434,0.0461,1,0,UNRESOLVED
937.6,UPI,INDUSIND,RAZORPAY,SUCCESS,SUCCESS,AUTHORIZED,CAPTURED,PAID,PROCESSING,DELIVERED,200,1,PENDING,NONE,NONE,290,471,47287,2,0,0.4425,0.027,1,0,NORMAL
577.72,UPI,PNB,STRIPE,SUCCESS,SUCCESS,AUTHORIZED,CAPTURED,PAID,DELIVERED,DELIVERED,200,1,SETTLED,NONE,NONE,2722,3023,183010,20,0,0.2036,0.0301,1,0,NORMAL
29796.96,DEBIT_CARD,AXIS,BILLDESK,SUCCESS,SUCCESS,AUTHORIZED,CAPTURED,PAID,DELIVERED,DELIVERED,200,1,DISCREPANCY,NONE,NONE,293,466,142437,3,0,1.4301,0.0633,1,0,SETTLEMENT_MISMATCH
743.61,UPI,ICICI,BILLDESK,SUCCESS,PENDING,NONE,NOT_REQUESTED,CANCELLED,CANCELLED,DELIVERED,200,1,ON_HOLD,NONE,NOT_INITIATED,991,63321,107564,18,0,0.144,0.0316,1,0,BANK_DEBIT_GATEWAY_FAILURE
1297.98,UPI,ICICI,RAZORPAY,SUCCESS,SUCCESS,AUTHORIZED,CAPTURED,PAID,DELIVERED,DELIVERED,200,1,DISCREPANCY,NONE,NONE,676,948,93452,11,0,1.0552,0.0201,1,0,SETTLEMENT_MISMATCH
317.46,UPI,HDFC,RAZORPAY,SUCCESS,SUCCESS,AUTHORIZED,CAPTURED,PAID,DELIVERED,DELIVERED,200,1,SETTLED,NONE,NONE,605,688,165679,8,0,-0.2441,0.0488,1,0,NORMAL
199.38,UPI,KOTAK,BILLDESK,SUCCESS,SUCCESS,AUTHORIZED,CAPTURED,PAID,DELIVERED,DELIVERED,200,1,SETTLED,NONE,NONE,255,501,132968,5,0,-0.5253,0.0379,1,0,NORMAL
2007.02,NET_BANKING,PNB,RAZORPAY,REVERSED,FAILED,TIMEOUT,CAPTURED,PENDING_PAYMENT,CANCELLED,DELIVERED,504,1,ON_HOLD,PENDING,NOT_INITIATED,66586,92751,198898,0,2,0.8246,0.0578,1,0,UNRESOLVED
438.4,UPI,SBI,STRIPE,SUCCESS,SUCCESS,AUTHORIZED,CAPTURED,PAID,PROCESSING,DELIVERED,200,1,PENDING,NONE,NONE,319,403,2472,7,0,-0.3911,0.024,1,0,NORMAL
608.0,NET_BANKING,PNB,BILLDESK,SUCCESS,SUCCESS,AUTHORIZED,CAPTURED,PAID,PROCESSING,DELIVERED,200,2,PENDING,NONE,NONE,680,823,293,18,0,-0.1556,0.0336,1,0,NORMAL
5942.76,DEBIT_CARD,INDUSIND,PAYU,SUCCESS,SUCCESS,AUTHORIZED,CAPTURED,PAID,DELIVERED,DELIVERED,200,1,SETTLED,NONE,NONE,713,844,192926,18,0,-0.5246,0.0694,1,0,NORMAL
6620.73,UPI,ICICI,PAYU,DEBITED,FAILED,FAILED,PENDING,PENDING_PAYMENT,CANCELLED,DELIVERED,200,1,FAILED,PENDING,AWAITING_ACK,94584,94584,10775,13,3,1.3645,0.0276,1,0,UNRESOLVED
3446.95,WALLET,ICICI,CASHFREE,SUCCESS,SUCCESS,AUTHORIZED,CAPTURED,PAID,DELIVERED,DELIVERED,200,1,SETTLED,NONE,NONE,501,688,115645,0,0,0.2311,0.0106,1,0,NORMAL
1675.66,UPI,PNB,PAYU,SUCCESS,SUCCESS,AUTHORIZED,CAPTURED,PAID,DELIVERED,DELIVERED,200,1,ON_HOLD,PROCESSED,CREDITED_TO_CUSTOMER,523,779,7077,9,3,0.5233,0.0494,1,1,DUPLICATE_PAYMENT
23456.18,UPI,YES_BANK,STRIPE,SUCCESS,SUCCESS,AUTHORIZED,CAPTURED,PAID,DELIVERED,DELIVERED,200,1,SETTLED,NONE,NONE,418,555,211959,13,0,0.8765,0.0613,1,0,NORMAL
591.18,CREDIT_CARD,PNB,PAYU,SUCCESS,SUCCESS,AUTHORIZED,CAPTURED,PAID,DELIVERED,DELIVERED,200,1,SETTLED,NONE,NONE,202,329,105081,13,0,0.4076,0.0403,1,0,NORMAL
11770.97,CREDIT_CARD,YES_BANK,STRIPE,SUCCESS,SUCCESS,AUTHORIZED,CAPTURED,PAID,PROCESSING,DELIVERED,200,1,PENDING,NONE,NONE,745,1027,8594,0,0,-0.0583,0.0683,1,0,NORMAL
489.86,DEBIT_CARD,KOTAK,RAZORPAY,SUCCESS,SUCCESS,AUTHORIZED,CAPTURED,REFUNDED,RETURNED,DELIVERED,200,1,REVERSED,PENDING,AWAITING_ACK,195,339,148927,21,0,0.0205,0.0464,1,0,REFUND_UNCERTAINTY
628.52,WALLET,YES_BANK,RAZORPAY,SUCCESS,SUCCESS,AUTHORIZED,CAPTURED,PAID,PROCESSING,DELIVERED,200,3,PENDING,NONE,NONE,525,659,48012,12,0,-0.1271,0.0236,1,0,NORMAL
487.14,UPI,ICICI,PAYU,SUCCESS,SUCCESS,AUTHORIZED,CAPTURED,PENDING_PAYMENT,UNFULFILLED,DROPPED,502,2,PENDING,NONE,NONE,305,599,59370,22,0,-0.5571,0.0441,1,0,MISSING_WEBHOOK
32121.98,UPI,YES_BANK,BILLDESK,SUCCESS,SUCCESS,AUTHORIZED,CAPTURED,PAID,PROCESSING,DELIVERED,200,1,PENDING,NONE,NONE,233,451,79298,15,0,1.5698,0.075,1,0,NORMAL
8620.18,UPI,AXIS,CASHFREE,SUCCESS,SUCCESS,AUTHORIZED,CAPTURED,PAID,PROCESSING,DELIVERED,200,1,PENDING,NONE,NONE,730,1017,32480,21,0,0.7959,0.0502,1,0,NORMAL
451.46,NET_BANKING,SBI,STRIPE,SUCCESS,SUCCESS,AUTHORIZED,CAPTURED,PENDING_PAYMENT,UNFULFILLED,FAILED,504,2,PENDING,NONE,NONE,428,510,157511,2,0,-0.3054,0.0279,1,0,MISSING_WEBHOOK
5221.49,UPI,PNB,BILLDESK,SUCCESS,SUCCESS,AUTHORIZED,CAPTURED,PAID,DELIVERED,DELIVERED,200,1,DISCREPANCY,NONE,NONE,638,860,153773,4,0,0.9174,0.0182,1,0,SETTLEMENT_MISMATCH
3218.8,DEBIT_CARD,SBI,CASHFREE,SUCCESS,SUCCESS,AUTHORIZED,CAPTURED,PAID,DELIVERED,DELIVERED,200,1,SETTLED,NONE,NONE,2852,3566,248029,18,0,-0.0803,0.0387,1,0,NORMAL
808.87,UPI,ICICI,PAYU,SUCCESS,SUCCESS,AUTHORIZED,CAPTURED,PENDING_PAYMENT,UNFULFILLED,DROPPED,502,3,PENDING,NONE,NONE,285,563,231928,23,0,-0.2647,0.0538,1,0,MISSING_WEBHOOK
717.53,DEBIT_CARD,KOTAK,BILLDESK,SUCCESS,SUCCESS,AUTHORIZED,CAPTURED,PAID,PROCESSING,DELIVERED,200,2,PENDING,NONE,NONE,571,822,68232,2,0,0.7084,0.0403,1,0,NORMAL
514.29,UPI,PNB,CASHFREE,SUCCESS,SUCCESS,AUTHORIZED,CAPTURED,PENDING_PAYMENT,UNFULFILLED,FAILED,404,5,ON_HOLD,NONE,NONE,675,883,6933,16,0,-0.2857,0.0205,1,0,MISSING_WEBHOOK
1141.32,UPI,SBI,BILLDESK,SUCCESS,SUCCESS,AUTHORIZED,CAPTURED,PAID,DELIVERED,DELIVERED,200,1,SETTLED,NONE,NONE,546,673,165574,20,0,0.7559,0.0314,1,0,NORMAL
400.07,NET_BANKING,PNB,RAZORPAY,SUCCESS,SUCCESS,AUTHORIZED,CAPTURED,PAID,DELIVERED,DELIVERED,200,1,ON_HOLD,PROCESSED,CREDITED_TO_CUSTOMER,588,882,168216,6,2,-0.0475,0.0425,1,1,DUPLICATE_PAYMENT
444.77,UPI,KOTAK,STRIPE,SUCCESS,SUCCESS,AUTHORIZED,CAPTURED,PAID,PROCESSING,DELIVERED,200,1,SETTLED,NONE,NONE,82655,86497,99085,8,0,-0.3823,0.0265,1,0,DELAYED_CONFIRMATION
37853.02,UPI,SBI,PAYU,SUCCESS,SUCCESS,AUTHORIZED,CAPTURED,PAID,DELIVERED,DELIVERED,200,1,SETTLED,NONE,NONE,716,846,253060,19,0,2.0282,0.068,1,0,NORMAL
364.79,CREDIT_CARD,SBI,CASHFREE,SUCCESS,SUCCESS,AUTHORIZED,CAPTURED,PAID,DELIVERED,DELIVERED,200,1,SETTLED,NONE,NONE,180,455,133835,4,0,-0.4388,0.0354,1,0,NORMAL
1902.25,DEBIT_CARD,KOTAK,BILLDESK,SUCCESS,SUCCESS,AUTHORIZED,CAPTURED,EXPIRED,CANCELLED,DELIVERED,200,1,ON_HOLD,INITIATED,NONE,352848,354165,75371,21,0,0.0012,0.0549,1,0,ORDER_PAYMENT_CONFLICT
505.2,NET_BANKING,SBI,PAYU,SUCCESS,SUCCESS,AUTHORIZED,CAPTURED,PAID,DELIVERED,DELIVERED,200,1,DISCREPANCY,NONE,NONE,543,796,155904,4,0,-0.149,0.0375,1,0,SETTLEMENT_MISMATCH
1139.1,CREDIT_CARD,AXIS,BILLDESK,SUCCESS,SUCCESS,AUTHORIZED,CAPTURED,PAID,DELIVERED,DELIVERED,200,1,SETTLED,NONE,NONE,250,539,217945,9,0,0.0355,0.0405,1,0,NORMAL
33354.99,UPI,HDFC,PAYU,SUCCESS,SUCCESS,AUTHORIZED,CAPTURED,PAID,DELIVERED,DELIVERED,200,1,ON_HOLD,INITIATED,AWAITING_ACK,233,442,141546,1,4,1.6684,0.0659,1,1,DUPLICATE_PAYMENT
139.09,UPI,SBI,STRIPE,SUCCESS,SUCCESS,AUTHORIZED,CAPTURED,PENDING_PAYMENT,UNFULFILLED,FAILED,502,2,ON_HOLD,NONE,NONE,200,357,32886,13,0,-0.6688,0.0427,1,0,MISSING_WEBHOOK
8158.32,DEBIT_CARD,INDUSIND,CASHFREE,SUCCESS,SUCCESS,AUTHORIZED,CAPTURED,PAID,DELIVERED,DELIVERED,200,1,SETTLED,NONE,NONE,551,789,238888,8,0,1.3309,0.0373,1,0,NORMAL
9006.82,NET_BANKING,HDFC,CASHFREE,SUCCESS,SUCCESS,AUTHORIZED,CAPTURED,PAID,DELIVERED,DELIVERED,200,1,SETTLED,NONE,NONE,351,630,151336,20,0,-0.2795,0.078,1,0,NORMAL
16167.75,UPI,INDUSIND,BILLDESK,SUCCESS,SUCCESS,AUTHORIZED,CAPTURED,PAID,DELIVERED,DELIVERED,200,1,SETTLED,NONE,NONE,622,743,182877,17,0,0.2934,0.0753,1,0,NORMAL
3267.35,UPI,AXIS,STRIPE,SUCCESS,SUCCESS,AUTHORIZED,CAPTURED,PAID,DELIVERED,DELIVERED,200,1,ON_HOLD,INITIATED,AWAITING_ACK,635,910,114374,4,1,-0.0665,0.0302,1,1,DUPLICATE_PAYMENT
581.16,CREDIT_CARD,INDUSIND,STRIPE,SUCCESS,SUCCESS,AUTHORIZED,CAPTURED,PAID,DELIVERED,DELIVERED,200,2,SETTLED,NONE,NONE,235,431,207270,8,0,-0.1928,0.0292,1,0,NORMAL
584.59,UPI,HDFC,RAZORPAY,SUCCESS,SUCCESS,AUTHORIZED,CAPTURED,PAID,DELIVERED,DELIVERED,200,1,SETTLED,NONE,NONE,3776,4375,221136,9,0,-0.1006,0.0209,1,0,NORMAL
3267.22,CREDIT_CARD,HDFC,RAZORPAY,SUCCESS,TIMED_OUT,FAILED,NOT_REQUESTED,EXPIRED,CANCELLED,DELIVERED,200,1,ON_HOLD,NONE,NOT_INITIATED,1019,57012,176105,23,0,0.1669,0.0285,1,0,BANK_DEBIT_GATEWAY_FAILURE
662.01,UPI,PNB,PAYU,SUCCESS,SUCCESS,AUTHORIZED,CAPTURED,PAID,DELIVERED,DELIVERED,200,1,SETTLED,NONE,NONE,3608,4389,233490,15,0,-0.3982,0.0475,1,0,NORMAL
813.29,UPI,SBI,CASHFREE,REVERSED,SUCCESS,AUTHORIZED,CAPTURED,PAID,UNFULFILLED,DELIVERED,404,1,ON_HOLD,FAILED,AWAITING_ACK,30680,55023,171747,8,0,0.2512,0.0355,1,0,UNRESOLVED
730.03,UPI,AXIS,CASHFREE,SUCCESS,SUCCESS,AUTHORIZED,CAPTURED,PAID,DELIVERED,DELIVERED,200,1,SETTLED,NONE,NONE,1502,2254,116461,1,0,0.5209,0.0415,1,0,NORMAL
490.72,UPI,PNB,RAZORPAY,SUCCESS,SUCCESS,AUTHORIZED,CAPTURED,PAID,DELIVERED,DELIVERED,200,1,SETTLED,NONE,NONE,192,300,206622,16,0,-0.3184,0.0349,1,0,NORMAL
217.41,NET_BANKING,HDFC,PAYU,SUCCESS,SUCCESS,AUTHORIZED,CAPTURED,PAID,PROCESSING,DELIVERED,200,1,PENDING,NONE,NONE,433,626,59770,1,0,-0.5471,0.0382,1,0,NORMAL
499.44,EMI,SBI,PAYU,SUCCESS,SUCCESS,AUTHORIZED,CAPTURED,PENDING_PAYMENT,UNFULFILLED,DROPPED,502,2,ON_HOLD,NONE,NONE,559,833,152646,21,0,0.1891,0.0492,1,0,MISSING_WEBHOOK
1657.5,UPI,HDFC,PAYU,SUCCESS,SUCCESS,AUTHORIZED,CAPTURED,PAID,DELIVERED,DELIVERED,200,2,SETTLED,NONE,NONE,257,346,203207,17,0,0.5068,0.0445,1,0,NORMAL
293.18,UPI,HDFC,BILLDESK,SUCCESS,SUCCESS,AUTHORIZED,CAPTURED,REFUNDED,RETURNED,DELIVERED,200,1,REVERSED,FAILED,AWAITING_ACK,472,633,207225,23,0,-0.5928,0.0337,1,0,REFUND_UNCERTAINTY
1058.27,UPI,ICICI,STRIPE,DEBITED,FAILED,TIMEOUT,AUTO_REFUNDED,CANCELLED,CANCELLED,FAILED,504,1,ON_HOLD,NONE,NOT_INITIATED,732,70402,41373,15,0,-0.443,0.0561,1,0,BANK_DEBIT_GATEWAY_FAILURE
437.23,UPI,AXIS,RAZORPAY,SUCCESS,SUCCESS,AUTHORIZED,CAPTURED,PAID,DELIVERED,DELIVERED,200,1,SETTLED,NONE,NONE,380,511,141477,22,0,0.041,0.047,1,0,NORMAL
401.47,DEBIT_CARD,SBI,BILLDESK,SUCCESS,SUCCESS,AUTHORIZED,CAPTURED,PAID,DELIVERED,DELIVERED,200,1,SETTLED,NONE,NONE,553,683,186845,21,0,-0.4424,0.0387,1,0,NORMAL
1122.69,UPI,SBI,CASHFREE,DEBITED,FAILED,TIMEOUT,FAILED,CANCELLED,CANCELLED,FAILED,0,1,ON_HOLD,INITIATED,NOT_INITIATED,1430,51717,129538,8,0,0.0206,0.0428,1,0,BANK_DEBIT_GATEWAY_FAILURE
1325.89,CREDIT_CARD,PNB,PAYU,SUCCESS,SUCCESS,AUTHORIZED,CAPTURED,PAID,DELIVERED,DELIVERED,200,1,DISCREPANCY,NONE,NONE,379,530,506,9,0,-0.5874,0.0476,1,0,SETTLEMENT_MISMATCH
34576.09,UPI,AXIS,CASHFREE,PENDING,PENDING,AUTHORIZED,CAPTURED,PAID,PROCESSING,DELIVERED,200,2,SETTLED,NONE,NONE,75725,81242,217338,7,0,1.7661,0.0749,1,0,DELAYED_CONFIRMATION
14545.33,DEBIT_CARD,HDFC,STRIPE,SUCCESS,SUCCESS,AUTHORIZED,CAPTURED,PAID,PROCESSING,DELIVERED,200,2,SETTLED,NONE,NONE,102750,106603,253140,4,0,0.1636,0.0645,1,0,DELAYED_CONFIRMATION
1468.33,UPI,HDFC,PAYU,SUCCESS,SUCCESS,AUTHORIZED,CAPTURED,PAID,PROCESSING,DELIVERED,200,2,SETTLED,NONE,NONE,64172,69724,158847,20,0,2.496,0.045,1,0,DELAYED_CONFIRMATION
2516.55,CREDIT_CARD,ICICI,STRIPE,PENDING,PENDING,TIMEOUT,AUTO_REFUNDED,CANCELLED,CANCELLED,RETRYING,0,1,ON_HOLD,NONE,NOT_INITIATED,49898,20681,91944,0,1,-0.281,0.0336,1,0,UNRESOLVED
1674.57,DEBIT_CARD,INDUSIND,RAZORPAY,SUCCESS,SUCCESS,AUTHORIZED,CAPTURED,PAID,DELIVERED,DELIVERED,200,1,SETTLED,NONE,NONE,504,675,119326,8,0,-0.4019,0.0231,1,0,NORMAL
1901.32,UPI,SBI,RAZORPAY,SUCCESS,SUCCESS,AUTHORIZED,CAPTURED,PAID,DELIVERED,DELIVERED,200,1,SETTLED,NONE,NONE,604,771,202582,8,0,-0.321,0.0284,1,0,NORMAL
276.96,UPI,HDFC,CASHFREE,SUCCESS,SUCCESS,AUTHORIZED,CAPTURED,PAID,DELIVERED,DELIVERED,200,1,SETTLED,NONE,NONE,748,1034,141015,19,0,-0.5739,0.0214,1,0,NORMAL
566.08,UPI,INDUSIND,STRIPE,SUCCESS,SUCCESS,AUTHORIZED,CAPTURED,PAID,PROCESSING,DELIVERED,200,1,PENDING,NONE,NONE,198,459,58619,17,0,-0.1291,0.0221,1,0,NORMAL
1572.4,UPI,KOTAK,PAYU,SUCCESS,FAILED,FAILED,FAILED,EXPIRED,CANCELLED,FAILED,500,1,ON_HOLD,INITIATED,NOT_INITIATED,1159,92028,244706,0,0,0.4295,0.0409,1,0,BANK_DEBIT_GATEWAY_FAILURE
12355.2,CREDIT_CARD,SBI,BILLDESK,SUCCESS,SUCCESS,AUTHORIZED,CAPTURED,PAID,PROCESSING,DELIVERED,200,1,PENDING,NONE,NONE,685,811,41449,22,0,-0.0116,0.0644,1,0,NORMAL
918.65,NET_BANKING,PNB,RAZORPAY,SUCCESS,SUCCESS,AUTHORIZED,CAPTURED,PAID,DELIVERED,DELIVERED,200,1,SETTLED,NONE,NONE,476,721,199378,14,0,0.4133,0.0273,1,0,NORMAL
2306.55,CREDIT_CARD,YES_BANK,PAYU,SUCCESS,SUCCESS,AUTHORIZED,CAPTURED,PAID,PROCESSING,DELIVERED,200,1,PENDING,NONE,NONE,211,422,49411,9,0,0.214,0.0441,1,0,NORMAL
1757.41,UPI,INDUSIND,RAZORPAY,SUCCESS,SUCCESS,AUTHORIZED,CAPTURED,PAID,DELIVERED,DELIVERED,200,1,SETTLED,NONE,NONE,351,484,197853,23,0,1.4408,0.0363,1,0,NORMAL
16121.74,UPI,ICICI,RAZORPAY,SUCCESS,FAILED,TIMEOUT,AUTO_REFUNDED,EXPIRED,CANCELLED,DELIVERED,200,1,ON_HOLD,NONE,NOT_INITIATED,1364,59182,222892,12,0,0.2897,0.0648,1,0,BANK_DEBIT_GATEWAY_FAILURE
165.34,DEBIT_CARD,AXIS,STRIPE,SUCCESS,SUCCESS,AUTHORIZED,CAPTURED,PAID,DELIVERED,DELIVERED,200,1,SETTLED,NONE,NONE,289,403,105095,11,0,-0.6063,0.045,1,0,NORMAL
12753.24,UPI,HDFC,STRIPE,SUCCESS,SUCCESS,AUTHORIZED,CAPTURED,PAID,DELIVERED,DELIVERED,200,1,SETTLED,NONE,NONE,503,725,148126,9,0,1.6569,0.0657,1,0,NORMAL
2404.68,NET_BANKING,AXIS,RAZORPAY,SUCCESS,PENDING,TIMEOUT,PENDING,PAID,RETURNED,RETRYING,0,1,DISCREPANCY,PENDING,REJECTED_BY_BANK,5235,33177,241514,14,1,-0.499,0.0681,1,0,UNRESOLVED
818.01,UPI,AXIS,BILLDESK,SUCCESS,SUCCESS,AUTHORIZED,CAPTURED,PAID,DELIVERED,DELIVERED,200,1,ON_HOLD,NONE,AWAITING_ACK,427,704,38303,4,2,0.2585,0.0263,1,1,DUPLICATE_PAYMENT
2886.42,CREDIT_CARD,PNB,STRIPE,SUCCESS,SUCCESS,AUTHORIZED,CAPTURED,PAID,PROCESSING,DELIVERED,200,1,PENDING,NONE,NONE,718,981,44517,11,0,-0.1753,0.0395,1,0,NORMAL
16784.46,NET_BANKING,INDUSIND,STRIPE,SUCCESS,SUCCESS,AUTHORIZED,CAPTURED,PAID,PROCESSING,DELIVERED,200,1,SETTLED,NONE,NONE,55010,56260,185627,2,0,0.3428,0.0789,1,0,DELAYED_CONFIRMATION
5201.73,UPI,HDFC,RAZORPAY,SUCCESS,SUCCESS,AUTHORIZED,CAPTURED,CANCELLED,CANCELLED,DELIVERED,200,1,ON_HOLD,INITIATED,NONE,257446,258664,121093,0,0,0.0837,0.0603,1,0,ORDER_PAYMENT_CONFLICT
673.69,NET_BANKING,PNB,BILLDESK,SUCCESS,SUCCESS,AUTHORIZED,CAPTURED,PENDING_PAYMENT,UNFULFILLED,FAILED,504,4,ON_HOLD,NONE,NONE,512,783,5097,10,0,-0.0643,0.0319,1,0,MISSING_WEBHOOK
387.69,UPI,INDUSIND,STRIPE,SUCCESS,SUCCESS,AUTHORIZED,CAPTURED,PAID,DELIVERED,DELIVERED,200,1,DISCREPANCY,NONE,NONE,223,359,171851,12,0,-0.1487,0.0348,1,0,SETTLEMENT_MISMATCH
14005.93,UPI,SBI,BILLDESK,REVERSED,SUCCESS,AUTHORIZED,CAPTURED,REFUNDED,RETURNED,DELIVERED,200,1,REVERSED,PENDING,NOT_INITIATED,577,747,83175,14,0,1.9179,0.0545,1,0,REFUND_UNCERTAINTY
214.85,UPI,PNB,PAYU,SUCCESS,SUCCESS,AUTHORIZED,CAPTURED,PROCESSING,PROCESSING,DELIVERED,200,3,SETTLED,NONE,NONE,98625,100847,118899,4,0,-0.4885,0.0405,1,0,DELAYED_CONFIRMATION
1044.64,UPI,YES_BANK,CASHFREE,DEBITED,FAILED,TIMEOUT,FAILED,CANCELLED,CANCELLED,DELIVERED,200,1,ON_HOLD,NONE,NOT_INITIATED,683,77929,151099,16,0,1.1763,0.0326,1,0,BANK_DEBIT_GATEWAY_FAILURE
4694.51,CREDIT_CARD,ICICI,STRIPE,SUCCESS,SUCCESS,AUTHORIZED,CAPTURED,PAID,DELIVERED,DELIVERED,200,1,SETTLED,NONE,NONE,704,899,202168,0,0,-0.022,0.0682,1,0,NORMAL
3753.58,DEBIT_CARD,HDFC,STRIPE,SUCCESS,SUCCESS,AUTHORIZED,CAPTURED,CANCELLED,CANCELLED,DELIVERED,200,1,ON_HOLD,PROCESSED,NONE,248896,250323,204256,11,0,0.0725,0.0307,1,0,ORDER_PAYMENT_CONFLICT
890.19,UPI,SBI,STRIPE,SUCCESS,SUCCESS,AUTHORIZED,CAPTURED,PAID,DELIVERED,DELIVERED,200,1,ON_HOLD,INITIATED,AWAITING_ACK,519,614,203811,14,2,0.8546,0.0312,1,1,DUPLICATE_PAYMENT
1206.19,UPI,YES_BANK,PAYU,SUCCESS,SUCCESS,AUTHORIZED,CAPTURED,PAID,PROCESSING,DELIVERED,200,1,PENDING,NONE,NONE,255,405,42488,8,0,-0.7487,0.0685,1,0,NORMAL
3194.5,UPI,SBI,CASHFREE,SUCCESS,FAILED,NONE,FAILED,CANCELLED,CANCELLED,FAILED,504,1,ON_HOLD,PROCESSED,CREDITED_TO_CUSTOMER,1186,59079,251164,4,0,-0.3345,0.0676,1,0,BANK_DEBIT_GATEWAY_FAILURE
3111.03,NET_BANKING,HDFC,CASHFREE,SUCCESS,SUCCESS,AUTHORIZED,CAPTURED,PAID,PROCESSING,DELIVERED,200,1,PENDING,NONE,NONE,449,643,80412,22,0,-0.1111,0.0398,1,0,NORMAL
1078.89,DEBIT_CARD,AXIS,PAYU,SUCCESS,SUCCESS,AUTHORIZED,CAPTURED,PAID,PROCESSING,SCHEDULED,200,1,SETTLED,NONE,NONE,92280,97501,197862,3,0,-0.7752,0.0682,1,0,DELAYED_CONFIRMATION
400.03,UPI,PNB,RAZORPAY,SUCCESS,SUCCESS,AUTHORIZED,CAPTURED,PAID,DELIVERED,DELIVERED,200,1,SETTLED,NONE,NONE,477,588,240797,2,0,-0.1666,0.0492,1,0,NORMAL
4144.08,CREDIT_CARD,PNB,RAZORPAY,DEBITED,SUCCESS,AUTHORIZED,PENDING,PAID,PROCESSING,RETRYING,200,2,SETTLED,NONE,NONE,59795,63075,108815,8,0,-0.6685,0.0644,1,0,DELAYED_CONFIRMATION
810.16,CREDIT_CARD,SBI,STRIPE,SUCCESS,SUCCESS,AUTHORIZED,CAPTURED,PAID,DELIVERED,DELIVERED,200,3,SETTLED,NONE,NONE,654,776,105121,8,0,-0.7685,0.0372,1,0,NORMAL
3668.33,UPI,YES_BANK,BILLDESK,SUCCESS,SUCCESS,AUTHORIZED,CAPTURED,PAID,PROCESSING,DELIVERED,200,1,PENDING,NONE,NONE,307,488,12081,20,0,0.9307,0.0562,1,0,NORMAL
341.22,UPI,HDFC,CASHFREE,SUCCESS,SUCCESS,AUTHORIZED,CAPTURED,PAID,DELIVERED,DELIVERED,200,1,ON_HOLD,PROCESSED,CREDITED_TO_CUSTOMER,343,544,250092,17,4,-0.5261,0.0384,1,1,DUPLICATE_PAYMENT
798.91,UPI,SBI,PAYU,SUCCESS,SUCCESS,AUTHORIZED,CAPTURED,PAID,DELIVERED,DELIVERED,200,1,SETTLED,NONE,NONE,625,918,132817,10,0,0.2291,0.0223,1,0,NORMAL
20003.0,UPI,SBI,PAYU,DEBITED,FAILED,TIMEOUT,FAILED,CANCELLED,CANCELLED,FAILED,0,1,ON_HOLD,INITIATED,NOT_INITIATED,498,45256,101261,9,0,0.6002,0.0708,1,0,BANK_DEBIT_GATEWAY_FAILURE
240.93,WALLET,PNB,PAYU,SUCCESS,SUCCESS,AUTHORIZED,CAPTURED,PAID,PROCESSING,DELIVERED,200,1,PENDING,NONE,NONE,619,914,20300,3,0,-0.4981,0.0407,1,0,NORMAL
578.5,UPI,PNB,CASHFREE,SUCCESS,SUCCESS,AUTHORIZED,CAPTURED,PAID,PROCESSING,DELIVERED,200,1,PENDING,NONE,NONE,1882,2552,30556,3,0,-0.4741,0.0467,1,0,NORMAL
7917.92,DEBIT_CARD,HDFC,CASHFREE,SUCCESS,SUCCESS,AUTHORIZED,CAPTURED,PAID,DELIVERED,DELIVERED,200,1,SETTLED,NONE,NONE,4173,5072,252145,13,0,1.8278,0.0294,1,0,NORMAL
1924.41,UPI,SBI,CASHFREE,SUCCESS,SUCCESS,AUTHORIZED,CAPTURED,PAID,PROCESSING,DELIVERED,200,1,PENDING,NONE,NONE,2919,3293,68663,22,0,0.0128,0.0401,1,0,NORMAL
1306.53,WALLET,PNB,STRIPE,SUCCESS,SUCCESS,AUTHORIZED,CAPTURED,PAID,DELIVERED,DELIVERED,200,1,ON_HOLD,PROCESSED,CREDITED_TO_CUSTOMER,485,669,27120,12,2,0.1878,0.0522,1,1,DUPLICATE_PAYMENT
680.19,WALLET,KOTAK,PAYU,SUCCESS,SUCCESS,AUTHORIZED,CAPTURED,CANCELLED,CANCELLED,DELIVERED,200,1,ON_HOLD,INITIATED,NONE,270241,272071,81688,3,0,0.0464,0.04,1,0,ORDER_PAYMENT_CONFLICT
1877.57,NET_BANKING,AXIS,BILLDESK,SUCCESS,SUCCESS,AUTHORIZED,CAPTURED,REFUNDED,RETURNED,DELIVERED,200,1,REVERSED,PENDING,AWAITING_ACK,368,593,112684,8,0,-0.0118,0.0528,1,0,REFUND_UNCERTAINTY
180.86,UPI,INDUSIND,RAZORPAY,SUCCESS,SUCCESS,AUTHORIZED,CAPTURED,PAID,DELIVERED,DELIVERED,200,1,ON_HOLD,NONE,AWAITING_ACK,323,538,218844,9,1,-0.5694,0.0359,1,1,DUPLICATE_PAYMENT
1104.36,UPI,PNB,BILLDESK,SUCCESS,SUCCESS,AUTHORIZED,CAPTURED,PAID,DELIVERED,DELIVERED,200,1,SETTLED,NONE,NONE,470,666,100898,3,0,-0.4188,0.0511,1,0,NORMAL
1196.69,UPI,INDUSIND,RAZORPAY,SUCCESS,SUCCESS,AUTHORIZED,PENDING,PAID,PROCESSING,DELIVERED,200,3,SETTLED,NONE,NONE,88731,93094,190398,11,0,0.6621,0.0309,1,0,DELAYED_CONFIRMATION
586.04,UPI,INDUSIND,CASHFREE,SUCCESS,SUCCESS,AUTHORIZED,CAPTURED,REFUNDED,RETURNED,DELIVERED,200,1,REVERSED,PENDING,AWAITING_ACK,369,477,120243,19,0,-0.0984,0.0297,1,0,REFUND_UNCERTAINTY
438.89,NET_BANKING,PNB,BILLDESK,SUCCESS,SUCCESS,AUTHORIZED,CAPTURED,CANCELLED,CANCELLED,DELIVERED,200,1,ON_HOLD,PROCESSED,NONE,306407,307578,48340,14,0,0.045,0.0361,1,0,ORDER_PAYMENT_CONFLICT
18337.84,CREDIT_CARD,YES_BANK,CASHFREE,SUCCESS,SUCCESS,AUTHORIZED,CAPTURED,PAID,DELIVERED,DELIVERED,200,1,SETTLED,NONE,NONE,442,607,197731,6,0,0.467,0.0656,1,0,NORMAL
874.07,EMI,INDUSIND,STRIPE,SUCCESS,SUCCESS,AUTHORIZED,CAPTURED,EXPIRED,UNFULFILLED,DROPPED,0,5,ON_HOLD,NONE,NONE,289,547,181754,12,0,0.214,0.0204,1,0,MISSING_WEBHOOK
2442.99,NET_BANKING,ICICI,RAZORPAY,REVERSED,PENDING,NONE,PENDING,FAILED,DELIVERED,DROPPED,500,1,ON_HOLD,FAILED,REJECTED_BY_BANK,96191,32246,64604,17,0,-0.491,0.063,1,0,UNRESOLVED
406.03,UPI,YES_BANK,PAYU,SUCCESS,SUCCESS,AUTHORIZED,CAPTURED,EXPIRED,UNFULFILLED,FAILED,500,3,PENDING,NONE,NONE,209,419,87546,5,0,-0.6309,0.0556,1,0,MISSING_WEBHOOK
6879.69,UPI,AXIS,STRIPE,SUCCESS,SUCCESS,AUTHORIZED,CAPTURED,PAID,DELIVERED,DELIVERED,200,1,SETTLED,NONE,NONE,421,569,87485,22,0,0.4333,0.062,1,0,NORMAL
5001.0,UPI,HDFC,CASHFREE,SUCCESS,SUCCESS,AUTHORIZED,CAPTURED,PAID,DELIVERED,DELIVERED,200,1,DISCREPANCY,NONE,NONE,232,507,49852,21,0,0.1109,0.0503,1,0,SETTLEMENT_MISMATCH
3717.54,NET_BANKING,INDUSIND,BILLDESK,SUCCESS,SUCCESS,AUTHORIZED,CAPTURED,PAID,DELIVERED,DELIVERED,200,1,SETTLED,NONE,NONE,507,727,229340,10,0,0.3277,0.0211,1,0,NORMAL
343.31,UPI,SBI,STRIPE,SUCCESS,SUCCESS,AUTHORIZED,CAPTURED,PAID,DELIVERED,DELIVERED,200,1,SETTLED,NONE,NONE,712,893,206260,10,0,-0.5232,0.024,1,0,NORMAL
5119.0,UPI,SBI,CASHFREE,SUCCESS,FAILED,FAILED,FAILED,FAILED,CANCELLED,DELIVERED,200,1,ON_HOLD,PROCESSED,CREDITED_TO_CUSTOMER,1311,65989,19439,3,0,0.4626,0.0342,1,0,BANK_DEBIT_GATEWAY_FAILURE
1865.98,CREDIT_CARD,SBI,CASHFREE,SUCCESS,SUCCESS,AUTHORIZED,CAPTURED,PAID,DELIVERED,DELIVERED,200,1,SETTLED,NONE,NONE,590,810,256641,23,0,-0.3336,0.0298,1,0,NORMAL
1331.34,UPI,AXIS,PAYU,SUCCESS,SUCCESS,AUTHORIZED,PENDING,PAID,PROCESSING,DELIVERED,200,1,SETTLED,NONE,NONE,65925,69610,240874,18,0,-0.5245,0.019,1,0,DELAYED_CONFIRMATION
1502.0,DEBIT_CARD,ICICI,STRIPE,SUCCESS,SUCCESS,AUTHORIZED,CAPTURED,PAID,DELIVERED,DELIVERED,200,3,SETTLED,NONE,NONE,444,623,125866,13,0,-0.2095,0.0509,1,0,NORMAL
233.27,EMI,SBI,CASHFREE,SUCCESS,SUCCESS,AUTHORIZED,CAPTURED,PAID,DELIVERED,DELIVERED,200,1,DISCREPANCY,NONE,NONE,642,748,32248,19,0,-0.4148,0.0398,1,0,SETTLEMENT_MISMATCH
17177.68,UPI,AXIS,PAYU,SUCCESS,SUCCESS,AUTHORIZED,CAPTURED,PAID,DELIVERED,DELIVERED,200,1,SETTLED,NONE,NONE,527,649,131827,15,0,0.3742,0.062,1,0,NORMAL
5431.14,UPI,SBI,BILLDESK,SUCCESS,SUCCESS,AUTHORIZED,CAPTURED,PAID,DELIVERED,DELIVERED,200,1,ON_HOLD,INITIATED,AWAITING_ACK,276,549,128393,12,3,-0.5655,0.0688,1,1,DUPLICATE_PAYMENT
5379.6,UPI,HDFC,STRIPE,SUCCESS,SUCCESS,AUTHORIZED,CAPTURED,PAID,DELIVERED,DELIVERED,200,3,SETTLED,NONE,NONE,238,521,141175,16,0,-0.5696,0.0606,1,0,NORMAL
12011.44,DEBIT_CARD,AXIS,BILLDESK,SUCCESS,SUCCESS,AUTHORIZED,CAPTURED,CANCELLED,CANCELLED,DELIVERED,200,1,ON_HOLD,NONE,NONE,357032,359255,9037,5,0,-0.0391,0.0704,1,0,ORDER_PAYMENT_CONFLICT
9167.1,UPI,KOTAK,BILLDESK,SUCCESS,SUCCESS,AUTHORIZED,CAPTURED,CANCELLED,CANCELLED,DELIVERED,200,1,ON_HOLD,INITIATED,NONE,282293,283002,99384,20,0,-0.2666,0.0711,1,0,ORDER_PAYMENT_CONFLICT
633.51,UPI,YES_BANK,STRIPE,DEBITED,FAILED,FAILED,FAILED,CANCELLED,CANCELLED,NONE,500,1,ON_HOLD,PROCESSED,CREDITED_TO_CUSTOMER,398,67059,133788,5,0,0.3198,0.035,1,0,BANK_DEBIT_GATEWAY_FAILURE
147.19,UPI,INDUSIND,CASHFREE,SUCCESS,SUCCESS,AUTHORIZED,CAPTURED,PAID,DELIVERED,DELIVERED,200,2,SETTLED,NONE,NONE,198,453,253358,16,0,-0.6934,0.0317,1,0,NORMAL
808.68,CREDIT_CARD,YES_BANK,CASHFREE,SUCCESS,SUCCESS,AUTHORIZED,CAPTURED,PAID,DELIVERED,DELIVERED,200,1,SETTLED,NONE,NONE,642,815,183989,8,0,0.1232,0.0381,1,0,NORMAL
461.96,UPI,ICICI,RAZORPAY,SUCCESS,SUCCESS,AUTHORIZED,CAPTURED,PAID,DELIVERED,DELIVERED,200,1,DISCREPANCY,NONE,NONE,207,398,225458,5,0,-0.2623,0.0308,1,0,SETTLEMENT_MISMATCH
22446.99,EMI,AXIS,PAYU,SUCCESS,SUCCESS,AUTHORIZED,CAPTURED,PAID,DELIVERED,DELIVERED,200,1,DISCREPANCY,NONE,NONE,335,626,2789,3,0,0.8298,0.0728,1,0,SETTLEMENT_MISMATCH
32887.6,UPI,AXIS,STRIPE,SUCCESS,SUCCESS,AUTHORIZED,CAPTURED,PAID,PROCESSING,DELIVERED,200,1,PENDING,NONE,NONE,317,438,46596,19,0,1.631,0.0644,1,0,NORMAL
903.41,CREDIT_CARD,ICICI,PAYU,SUCCESS,TIMED_OUT,TIMEOUT,FAILED,CANCELLED,CANCELLED,FAILED,500,1,ON_HOLD,NONE,NOT_INITIATED,715,80066,99496,4,0,0.8821,0.0393,1,0,BANK_DEBIT_GATEWAY_FAILURE
823.2,UPI,KOTAK,PAYU,SUCCESS,SUCCESS,AUTHORIZED,CAPTURED,PAID,PROCESSING,DELIVERED,200,1,PENDING,NONE,NONE,510,634,43865,10,0,0.1433,0.0278,1,0,NORMAL
671.01,UPI,YES_BANK,BILLDESK,SUCCESS,SUCCESS,AUTHORIZED,CAPTURED,PAID,PROCESSING,DELIVERED,200,1,PENDING,NONE,NONE,230,310,11602,0,0,0.3979,0.0376,1,0,NORMAL
1396.64,UPI,HDFC,BILLDESK,SUCCESS,SUCCESS,AUTHORIZED,CAPTURED,PAID,PROCESSING,DELIVERED,200,1,PENDING,NONE,NONE,437,572,69127,2,0,0.2697,0.0439,1,0,NORMAL
1394.63,UPI,INDUSIND,PAYU,SUCCESS,SUCCESS,AUTHORIZED,CAPTURED,PAID,DELIVERED,DELIVERED,200,1,SETTLED,NONE,NONE,533,686,127902,5,0,1.1456,0.0277,1,0,NORMAL
2611.17,UPI,ICICI,PAYU,SUCCESS,FAILED,TIMEOUT,NOT_REQUESTED,CANCELLED,CANCELLED,FAILED,500,1,ON_HOLD,NONE,NOT_INITIATED,461,74761,73964,23,0,-0.254,0.0383,1,0,BANK_DEBIT_GATEWAY_FAILURE
334.66,DEBIT_CARD,INDUSIND,CASHFREE,SUCCESS,SUCCESS,AUTHORIZED,CAPTURED,PAID,DELIVERED,DELIVERED,200,1,DISCREPANCY,NONE,NONE,505,721,21896,13,0,-0.2401,0.0429,1,0,SETTLEMENT_MISMATCH
650.08,UPI,AXIS,CASHFREE,SUCCESS,SUCCESS,AUTHORIZED,CAPTURED,PAID,DELIVERED,DELIVERED,200,1,SETTLED,NONE,NONE,623,830,226002,0,0,0.0001,0.0207,1,0,NORMAL
16804.4,UPI,YES_BANK,BILLDESK,SUCCESS,SUCCESS,AUTHORIZED,CAPTURED,PAID,DELIVERED,DELIVERED,200,1,SETTLED,NONE,NONE,322,603,228976,0,0,2.5009,0.059,1,0,NORMAL
192.55,UPI,PNB,PAYU,SUCCESS,SUCCESS,AUTHORIZED,CAPTURED,PAID,DELIVERED,DELIVERED,200,1,SETTLED,NONE,NONE,237,514,91182,22,0,-0.5989,0.0412,1,0,NORMAL
1881.87,UPI,KOTAK,STRIPE,SUCCESS,SUCCESS,AUTHORIZED,CAPTURED,PAID,PROCESSING,DELIVERED,200,1,PENDING,NONE,NONE,688,916,13450,21,0,0.7108,0.0588,1,0,NORMAL
241.74,CREDIT_CARD,INDUSIND,STRIPE,SUCCESS,SUCCESS,AUTHORIZED,CAPTURED,PAID,DELIVERED,DELIVERED,200,1,SETTLED,NONE,NONE,197,474,206212,11,0,-0.4244,0.042,1,0,NORMAL
3323.25,CREDIT_CARD,YES_BANK,BILLDESK,SUCCESS,SUCCESS,AUTHORIZED,CAPTURED,PAID,DELIVERED,DELIVERED,200,2,SETTLED,NONE,NONE,413,498,204906,9,0,-0.3077,0.0602,1,0,NORMAL
390.51,UPI,KOTAK,CASHFREE,SUCCESS,SUCCESS,AUTHORIZED,CAPTURED,PAID,PROCESSING,DELIVERED,200,1,PENDING,NONE,NONE,265,448,73766,1,0,-0.4576,0.0269,1,0,NORMAL
410.78,UPI,PNB,RAZORPAY,SUCCESS,SUCCESS,AUTHORIZED,CAPTURED,PAID,DELIVERED,DELIVERED,200,1,SETTLED,NONE,NONE,328,529,137610,21,0,-0.1442,0.0455,1,0,NORMAL
180.09,UPI,KOTAK,CASHFREE,SUCCESS,SUCCESS,AUTHORIZED,CAPTURED,CANCELLED,CANCELLED,DELIVERED,200,1,ON_HOLD,NONE,NONE,308632,309690,149894,1,0,-0.6248,0.0412,1,0,ORDER_PAYMENT_CONFLICT
118.8,UPI,INDUSIND,PAYU,SUCCESS,SUCCESS,AUTHORIZED,CAPTURED,PAID,DELIVERED,DELIVERED,200,1,ON_HOLD,INITIATED,AWAITING_ACK,247,353,205966,5,3,-0.7171,0.0488,1,1,DUPLICATE_PAYMENT
857.46,WALLET,AXIS,STRIPE,SUCCESS,SUCCESS,AUTHORIZED,CAPTURED,EXPIRED,CANCELLED,DELIVERED,200,1,ON_HOLD,INITIATED,NONE,247125,247997,127505,9,0,0.1909,0.033,1,0,ORDER_PAYMENT_CONFLICT
231.57,CREDIT_CARD,SBI,STRIPE,SUCCESS,SUCCESS,AUTHORIZED,CAPTURED,PAID,DELIVERED,DELIVERED,200,1,DISCREPANCY,NONE,NONE,593,834,77546,2,0,-0.4916,0.0429,1,0,SETTLEMENT_MISMATCH
19769.62,UPI,YES_BANK,BILLDESK,DEBITED,FAILED,NONE,AUTO_REFUNDED,CANCELLED,CANCELLED,NONE,500,1,ON_HOLD,NONE,NOT_INITIATED,1037,66775,180181,14,0,0.5816,0.0615,1,0,BANK_DEBIT_GATEWAY_FAILURE
2650.81,UPI,SBI,STRIPE,SUCCESS,SUCCESS,AUTHORIZED,CAPTURED,PAID,DELIVERED,DELIVERED,200,2,SETTLED,NONE,NONE,2027,2644,245899,18,0,-0.2426,0.0499,1,0,NORMAL
626.29,DEBIT_CARD,AXIS,BILLDESK,SUCCESS,SUCCESS,AUTHORIZED,CAPTURED,PAID,DELIVERED,DELIVERED,200,1,SETTLED,NONE,NONE,673,956,125024,22,0,0.4912,0.0366,1,0,NORMAL
33918.76,NET_BANKING,KOTAK,BILLDESK,SUCCESS,SUCCESS,AUTHORIZED,CAPTURED,PAID,DELIVERED,DELIVERED,200,1,ON_HOLD,PROCESSED,CREDITED_TO_CUSTOMER,659,841,163853,17,1,1.7135,0.0629,1,1,DUPLICATE_PAYMENT
1663.07,UPI,SBI,PAYU,SUCCESS,SUCCESS,AUTHORIZED,CAPTURED,PAID,DELIVERED,DELIVERED,200,1,ON_HOLD,INITIATED,AWAITING_ACK,186,350,18181,12,2,-0.406,0.0281,1,1,DUPLICATE_PAYMENT
1640.83,UPI,PNB,PAYU,SUCCESS,SUCCESS,AUTHORIZED,CAPTURED,PAID,PROCESSING,DELIVERED,200,1,PENDING,NONE,NONE,641,926,69102,15,0,1.2789,0.0252,1,0,NORMAL
8283.98,UPI,INDUSIND,BILLDESK,REVERSED,SUCCESS,NONE,AUTO_REFUNDED,PAID,UNFULFILLED,DROPPED,0,1,FAILED,FAILED,NOT_INITIATED,57302,56293,9022,21,0,-0.3373,0.0653,1,0,UNRESOLVED
317.31,NET_BANKING,SBI,PAYU,SUCCESS,SUCCESS,AUTHORIZED,CAPTURED,PENDING_PAYMENT,UNFULFILLED,DROPPED,500,5,ON_HOLD,NONE,NONE,206,433,213164,8,0,-0.5593,0.0348,1,0,MISSING_WEBHOOK
1273.94,CREDIT_CARD,AXIS,RAZORPAY,SUCCESS,SUCCESS,AUTHORIZED,CAPTURED,PENDING_PAYMENT,UNFULFILLED,FAILED,504,2,ON_HOLD,NONE,NONE,252,531,3821,2,0,2.0332,0.047,1,0,MISSING_WEBHOOK
434.88,UPI,YES_BANK,CASHFREE,SUCCESS,SUCCESS,AUTHORIZED,CAPTURED,PAID,DELIVERED,DELIVERED,200,1,SETTLED,NONE,NONE,550,759,87191,21,0,0.0354,0.0369,1,0,NORMAL
3297.97,UPI,YES_BANK,PAYU,SUCCESS,SUCCESS,AUTHORIZED,CAPTURED,PAID,PROCESSING,DELIVERED,200,3,SETTLED,NONE,NONE,106163,111502,196681,11,0,-0.0577,0.0487,1,0,DELAYED_CONFIRMATION
477.17,DEBIT_CARD,YES_BANK,BILLDESK,SUCCESS,SUCCESS,AUTHORIZED,CAPTURED,CANCELLED,CANCELLED,DELIVERED,200,1,ON_HOLD,PROCESSED,NONE,266696,268615,26935,15,0,-0.2659,0.0245,1,0,ORDER_PAYMENT_CONFLICT
305.65,UPI,SBI,PAYU,SUCCESS,SUCCESS,AUTHORIZED,CAPTURED,PAID,DELIVERED,DELIVERED,200,1,SETTLED,NONE,NONE,380,528,98042,16,0,-0.5298,0.0301,1,0,NORMAL
23589.07,NET_BANKING,HDFC,RAZORPAY,SUCCESS,SUCCESS,AUTHORIZED,CAPTURED,PAID,PROCESSING,DELIVERED,200,1,PENDING,NONE,NONE,345,597,46756,13,0,0.8871,0.066,1,0,NORMAL
556.43,EMI,INDUSIND,RAZORPAY,SUCCESS,SUCCESS,AUTHORIZED,CAPTURED,PAID,DELIVERED,DELIVERED,200,1,SETTLED,NONE,NONE,607,730,233612,19,0,-0.144,0.0271,1,0,NORMAL
670.14,WALLET,HDFC,PAYU,SUCCESS,SUCCESS,AUTHORIZED,CAPTURED,PAID,DELIVERED,DELIVERED,200,1,DISCREPANCY,NONE,NONE,312,711,7551,15,0,-0.0379,0.0295,1,0,SETTLEMENT_MISMATCH
27310.82,DEBIT_CARD,AXIS,RAZORPAY,SUCCESS,SUCCESS,AUTHORIZED,CAPTURED,EXPIRED,CANCELLED,DELIVERED,200,1,ON_HOLD,INITIATED,NONE,253961,255579,36035,16,0,1.1849,0.0677,1,0,ORDER_PAYMENT_CONFLICT
574.02,UPI,ICICI,RAZORPAY,PENDING,FAILED,FAILED,AUTO_REFUNDED,FAILED,DELIVERED,DROPPED,404,1,FAILED,FAILED,NOT_INITIATED,17431,129373,235564,5,1,0.3667,0.0412,1,0,UNRESOLVED
1529.69,DEBIT_CARD,HDFC,RAZORPAY,SUCCESS,SUCCESS,AUTHORIZED,CAPTURED,PROCESSING,PROCESSING,DELIVERED,200,2,PENDING,NONE,NONE,86210,90720,24941,20,0,-0.1949,0.0494,1,0,DELAYED_CONFIRMATION
900.47,UPI,INDUSIND,STRIPE,DEBITED,PENDING,FAILED,AUTO_REFUNDED,FAILED,UNFULFILLED,DROPPED,200,1,DISCREPANCY,MANUAL_INTERVENTION_REQUIRED,NOT_INITIATED,80377,86123,249554,9,0,-0.5261,0.0467,1,0,UNRESOLVED
637.14,UPI,YES_BANK,CASHFREE,SUCCESS,SUCCESS,AUTHORIZED,CAPTURED,PAID,DELIVERED,DELIVERED,200,1,SETTLED,NONE,NONE,312,611,250125,6,0,0.3274,0.0396,1,0,NORMAL
21871.61,CREDIT_CARD,YES_BANK,PAYU,SUCCESS,FAILED,TIMEOUT,FAILED,CANCELLED,CANCELLED,NONE,500,1,ON_HOLD,NONE,NOT_INITIATED,525,69217,135268,0,0,0.7497,0.0713,1,0,BANK_DEBIT_GATEWAY_FAILURE
954.81,UPI,YES_BANK,BILLDESK,SUCCESS,FAILED,FAILED,AUTO_REFUNDED,CANCELLED,CANCELLED,FAILED,504,1,ON_HOLD,NONE,NOT_INITIATED,494,81613,127692,21,0,-0.659,0.0278,1,0,BANK_DEBIT_GATEWAY_FAILURE
1317.57,UPI,HDFC,RAZORPAY,SUCCESS,SUCCESS,AUTHORIZED,CAPTURED,PAID,DELIVERED,DELIVERED,200,1,ON_HOLD,NONE,AWAITING_ACK,228,404,150729,3,2,0.83,0.0335,1,1,DUPLICATE_PAYMENT
710.71,CREDIT_CARD,AXIS,RAZORPAY,SUCCESS,SUCCESS,AUTHORIZED,CAPTURED,PAID,DELIVERED,DELIVERED,200,1,SETTLED,NONE,NONE,492,742,126505,10,0,-0.3539,0.0575,1,0,NORMAL
516.92,UPI,ICICI,CASHFREE,SUCCESS,SUCCESS,AUTHORIZED,CAPTURED,CANCELLED,CANCELLED,DELIVERED,200,1,ON_HOLD,NONE,NONE,311097,313559,165045,22,0,-0.2821,0.0264,1,0,ORDER_PAYMENT_CONFLICT
4801.97,UPI,PNB,PAYU,SUCCESS,FAILED,NONE,NOT_REQUESTED,CANCELLED,CANCELLED,FAILED,0,1,ON_HOLD,PROCESSED,CREDITED_TO_CUSTOMER,924,82513,176770,10,0,0.0004,0.0572,1,0,BANK_DEBIT_GATEWAY_FAILURE
447.49,DEBIT_CARD,INDUSIND,STRIPE,SUCCESS,TIMED_OUT,FAILED,FAILED,CANCELLED,CANCELLED,DELIVERED,200,1,ON_HOLD,INITIATED,NOT_INITIATED,473,49583,186333,10,0,-0.5932,0.0576,1,0,BANK_DEBIT_GATEWAY_FAILURE
10303.79,UPI,KOTAK,STRIPE,SUCCESS,FAILED,TIMEOUT,NOT_REQUESTED,CANCELLED,CANCELLED,NONE,504,1,ON_HOLD,NONE,NOT_INITIATED,1185,46154,78970,22,0,-0.1757,0.0683,1,0,BANK_DEBIT_GATEWAY_FAILURE
2471.94,UPI,AXIS,CASHFREE,SUCCESS,SUCCESS,AUTHORIZED,CAPTURED,CANCELLED,CANCELLED,DELIVERED,200,1,ON_HOLD,INITIATED,NONE,302089,304346,240384,4,0,0.301,0.0467,1,0,ORDER_PAYMENT_CONFLICT
916.76,UPI,PNB,STRIPE,SUCCESS,SUCCESS,AUTHORIZED,CAPTURED,PAID,DELIVERED,DELIVERED,200,1,SETTLED,NONE,NONE,498,647,187573,18,0,0.4104,0.0225,1,0,NORMAL
1749.55,UPI,INDUSIND,RAZORPAY,SUCCESS,SUCCESS,AUTHORIZED,CAPTURED,PAID,DELIVERED,DELIVERED,200,3,SETTLED,NONE,NONE,523,760,109838,21,0,-0.3752,0.0274,1,0,NORMAL
26038.56,UPI,YES_BANK,RAZORPAY,SUCCESS,SUCCESS,AUTHORIZED,CAPTURED,PAID,PROCESSING,DELIVERED,200,1,PENDING,NONE,NONE,416,511,53070,7,0,1.0831,0.0613,1,0,NORMAL
1624.9,UPI,ICICI,BILLDESK,SUCCESS,TIMED_OUT,FAILED,AUTO_REFUNDED,CANCELLED,CANCELLED,DELIVERED,200,1,ON_HOLD,PROCESSED,CREDITED_TO_CUSTOMER,1274,49170,64372,22,0,1.2568,0.0351,1,0,BANK_DEBIT_GATEWAY_FAILURE
518.16,UPI,KOTAK,STRIPE,SUCCESS,SUCCESS,AUTHORIZED,CAPTURED,PAID,DELIVERED,DELIVERED,200,1,SETTLED,NONE,NONE,711,917,140876,19,0,-0.2803,0.0214,1,0,NORMAL
611.03,UPI,PNB,PAYU,SUCCESS,SUCCESS,AUTHORIZED,CAPTURED,CANCELLED,CANCELLED,DELIVERED,200,1,ON_HOLD,PROCESSED,NONE,278641,280981,205984,15,0,0.273,0.0348,1,0,ORDER_PAYMENT_CONFLICT
11650.54,UPI,PNB,RAZORPAY,SUCCESS,SUCCESS,AUTHORIZED,CAPTURED,PAID,DELIVERED,DELIVERED,200,1,SETTLED,NONE,NONE,257,373,252446,14,0,1.4272,0.0693,1,0,NORMAL
2956.79,UPI,INDUSIND,CASHFREE,SUCCESS,SUCCESS,AUTHORIZED,CAPTURED,PAID,DELIVERED,DELIVERED,200,1,SETTLED,NONE,NONE,3819,4469,258747,8,0,-0.1552,0.0456,1,0,NORMAL
242.54,UPI,AXIS,PAYU,SUCCESS,SUCCESS,AUTHORIZED,CAPTURED,PAID,DELIVERED,DELIVERED,200,1,SETTLED,NONE,NONE,450,582,239667,20,0,-0.4947,0.0498,1,0,NORMAL
349.14,EMI,YES_BANK,PAYU,SUCCESS,SUCCESS,AUTHORIZED,CAPTURED,PAID,DELIVERED,DELIVERED,200,1,SETTLED,NONE,NONE,3953,4308,139970,12,0,-0.1687,0.0416,1,0,NORMAL
8693.71,UPI,ICICI,STRIPE,SUCCESS,SUCCESS,AUTHORIZED,CAPTURED,PAID,DELIVERED,DELIVERED,200,1,SETTLED,NONE,NONE,812,1079,149627,2,0,1.4839,0.0322,1,0,NORMAL
929.63,UPI,ICICI,RAZORPAY,SUCCESS,SUCCESS,AUTHORIZED,CAPTURED,PAID,DELIVERED,DELIVERED,200,1,SETTLED,NONE,NONE,684,872,162249,19,0,0.2912,0.0286,1,0,NORMAL
1202.43,DEBIT_CARD,YES_BANK,RAZORPAY,SUCCESS,SUCCESS,AUTHORIZED,CAPTURED,EXPIRED,UNFULFILLED,DROPPED,502,4,ON_HOLD,NONE,NONE,577,805,206700,4,0,-0.3671,0.0553,1,0,MISSING_WEBHOOK
13968.91,CREDIT_CARD,HDFC,RAZORPAY,SUCCESS,SUCCESS,AUTHORIZED,CAPTURED,PAID,PROCESSING,DELIVERED,200,2,SETTLED,NONE,NONE,81938,84788,108313,10,0,0.1175,0.0672,1,0,DELAYED_CONFIRMATION
5430.04,UPI,YES_BANK,PAYU,SUCCESS,SUCCESS,AUTHORIZED,CAPTURED,PROCESSING,PROCESSING,DELIVERED,200,1,SETTLED,NONE,NONE,42748,47057,149334,12,0,0.9393,0.0132,1,0,DELAYED_CONFIRMATION
8762.6,DEBIT_CARD,PNB,PAYU,SUCCESS,SUCCESS,AUTHORIZED,CAPTURED,PAID,PROCESSING,DELIVERED,200,1,PENDING,NONE,NONE,664,805,28299,7,0,1.5036,0.0396,1,0,NORMAL
435.96,UPI,PNB,BILLDESK,SUCCESS,FAILED,FAILED,CAPTURED,PAID,RETURNED,DROPPED,0,1,ON_HOLD,MANUAL_INTERVENTION_REQUIRED,REJECTED_BY_BANK,97735,67313,158740,17,1,-0.3293,0.0204,1,0,UNRESOLVED
325.37,WALLET,HDFC,BILLDESK,SUCCESS,SUCCESS,AUTHORIZED,CAPTURED,PENDING_PAYMENT,PROCESSING,DELIVERED,200,1,SETTLED,NONE,NONE,83979,89924,165691,8,0,-0.4994,0.0225,1,0,DELAYED_CONFIRMATION
3451.79,NET_BANKING,SBI,BILLDESK,SUCCESS,SUCCESS,AUTHORIZED,CAPTURED,PAID,PROCESSING,DELIVERED,200,1,PENDING,NONE,NONE,291,497,50635,23,0,-0.2809,0.0647,1,0,NORMAL
1279.23,CREDIT_CARD,HDFC,PAYU,SUCCESS,SUCCESS,AUTHORIZED,CAPTURED,REFUNDED,RETURNED,DELIVERED,200,1,REVERSED,MANUAL_INTERVENTION_REQUIRED,AWAITING_ACK,604,830,175730,5,0,0.7767,0.0208,1,0,REFUND_UNCERTAINTY
8030.93,UPI,INDUSIND,PAYU,SUCCESS,SUCCESS,AUTHORIZED,CAPTURED,PAID,DELIVERED,DELIVERED,200,1,DISCREPANCY,NONE,NONE,694,988,246188,19,0,-0.2983,0.0653,1,0,SETTLEMENT_MISMATCH
9412.11,CREDIT_CARD,PNB,STRIPE,REVERSED,SUCCESS,TIMEOUT,AUTO_REFUNDED,PENDING_PAYMENT,CANCELLED,RETRYING,500,1,FAILED,NONE,REJECTED_BY_BANK,82298,117618,134113,10,0,3.9537,0.0436,1,0,UNRESOLVED
400.46,CREDIT_CARD,KOTAK,PAYU,SUCCESS,SUCCESS,AUTHORIZED,CAPTURED,PAID,PROCESSING,DELIVERED,200,1,PENDING,NONE,NONE,278,370,62301,9,0,-0.857,0.0182,1,0,NORMAL
2981.35,CREDIT_CARD,AXIS,STRIPE,SUCCESS,SUCCESS,AUTHORIZED,CAPTURED,REFUNDED,RETURNED,DELIVERED,200,1,REVERSED,PENDING,AWAITING_ACK,694,899,23204,17,0,0.5691,0.0473,1,0,REFUND_UNCERTAINTY
8656.12,UPI,AXIS,RAZORPAY,SUCCESS,SUCCESS,AUTHORIZED,CAPTURED,PAID,DELIVERED,DELIVERED,200,1,SETTLED,NONE,NONE,318,403,95669,4,0,-0.3075,0.0624,1,0,NORMAL
11579.07,UPI,AXIS,RAZORPAY,SUCCESS,SUCCESS,AUTHORIZED,CAPTURED,PAID,DELIVERED,DELIVERED,200,1,SETTLED,NONE,NONE,663,937,199930,20,0,-0.0737,0.076,1,0,NORMAL
1705.66,UPI,INDUSIND,PAYU,SUCCESS,SUCCESS,AUTHORIZED,CAPTURED,PAID,DELIVERED,DELIVERED,200,1,ON_HOLD,PROCESSED,CREDITED_TO_CUSTOMER,459,618,152484,1,3,-0.3908,0.0146,1,1,DUPLICATE_PAYMENT
4636.71,EMI,ICICI,STRIPE,SUCCESS,SUCCESS,AUTHORIZED,CAPTURED,PAID,DELIVERED,DELIVERED,200,1,SETTLED,NONE,NONE,401,651,228641,10,1,0.656,0.0259,1,0,NORMAL
1937.29,CREDIT_CARD,HDFC,PAYU,DEBITED,FAILED,NONE,PENDING,PENDING_PAYMENT,RETURNED,FAILED,504,1,FAILED,MANUAL_INTERVENTION_REQUIRED,REJECTED_BY_BANK,55143,35213,114537,0,3,0.0196,0.0464,1,0,UNRESOLVED
4858.06,CREDIT_CARD,ICICI,PAYU,SUCCESS,SUCCESS,AUTHORIZED,CAPTURED,PAID,DELIVERED,DELIVERED,200,1,SETTLED,NONE,NONE,726,903,225301,21,0,1.5569,0.0468,1,0,NORMAL
16830.82,UPI,ICICI,RAZORPAY,SUCCESS,SUCCESS,AUTHORIZED,CAPTURED,PAID,DELIVERED,DELIVERED,200,1,ON_HOLD,PROCESSED,CREDITED_TO_CUSTOMER,280,480,123166,22,4,0.3465,0.079,1,1,DUPLICATE_PAYMENT
346.34,UPI,HDFC,RAZORPAY,SUCCESS,SUCCESS,AUTHORIZED,CAPTURED,PAID,PROCESSING,DELIVERED,200,1,PENDING,NONE,NONE,285,545,84983,20,0,-0.1754,0.0394,1,0,NORMAL
4538.63,UPI,HDFC,STRIPE,SUCCESS,SUCCESS,AUTHORIZED,CAPTURED,PAID,DELIVERED,DELIVERED,200,1,ON_HOLD,INITIATED,AWAITING_ACK,532,724,36513,3,1,-0.6369,0.0796,1,1,DUPLICATE_PAYMENT
396.37,CREDIT_CARD,ICICI,CASHFREE,SUCCESS,SUCCESS,AUTHORIZED,CAPTURED,PAID,DELIVERED,DELIVERED,200,1,SETTLED,NONE,NONE,3458,4030,120230,7,0,-0.1742,0.0343,1,0,NORMAL
2621.19,UPI,HDFC,BILLDESK,SUCCESS,PENDING,TIMEOUT,FAILED,CANCELLED,CANCELLED,DELIVERED,200,1,ON_HOLD,NONE,NOT_INITIATED,467,51817,189758,17,0,0.3796,0.0558,1,0,BANK_DEBIT_GATEWAY_FAILURE
3889.65,UPI,HDFC,CASHFREE,SUCCESS,SUCCESS,AUTHORIZED,CAPTURED,PAID,DELIVERED,DELIVERED,200,1,SETTLED,NONE,NONE,229,467,240098,19,0,1.0472,0.0445,1,0,NORMAL
3344.94,CREDIT_CARD,KOTAK,STRIPE,SUCCESS,SUCCESS,AUTHORIZED,CAPTURED,REFUNDED,RETURNED,DELIVERED,200,1,REVERSED,FAILED,AWAITING_ACK,290,380,51838,2,0,-0.3031,0.0522,1,0,REFUND_UNCERTAINTY
3315.51,NET_BANKING,PNB,BILLDESK,SUCCESS,SUCCESS,AUTHORIZED,CAPTURED,PAID,DELIVERED,DELIVERED,200,1,SETTLED,NONE,NONE,2793,3430,252458,12,0,-0.7348,0.0605,1,0,NORMAL
5414.73,CREDIT_CARD,PNB,BILLDESK,SUCCESS,SUCCESS,AUTHORIZED,CAPTURED,PAID,DELIVERED,DELIVERED,200,1,ON_HOLD,PROCESSED,CREDITED_TO_CUSTOMER,614,732,125269,0,1,0.1281,0.0583,1,1,DUPLICATE_PAYMENT
985.08,DEBIT_CARD,AXIS,PAYU,SUCCESS,SUCCESS,AUTHORIZED,CAPTURED,PAID,DELIVERED,DELIVERED,200,1,SETTLED,NONE,NONE,418,565,252535,23,0,0.5155,0.0391,1,0,NORMAL
10359.39,UPI,ICICI,BILLDESK,SUCCESS,SUCCESS,AUTHORIZED,CAPTURED,PAID,DELIVERED,DELIVERED,200,1,SETTLED,NONE,NONE,734,859,162536,8,0,-0.1712,0.0756,1,0,NORMAL
474.52,UPI,SBI,BILLDESK,PENDING,SUCCESS,AUTHORIZED,CAPTURED,PAID,PROCESSING,DELIVERED,200,2,SETTLED,NONE,NONE,57577,59299,132498,12,0,-0.27,0.0306,1,0,DELAYED_CONFIRMATION
5687.17,EMI,SBI,STRIPE,SUCCESS,SUCCESS,AUTHORIZED,CAPTURED,PAID,DELIVERED,DELIVERED,200,1,DISCREPANCY,NONE,NONE,288,459,141068,23,0,1.1047,0.0288,1,0,SETTLEMENT_MISMATCH
1703.53,UPI,INDUSIND,RAZORPAY,SUCCESS,TIMED_OUT,TIMEOUT,FAILED,CANCELLED,CANCELLED,NONE,0,1,ON_HOLD,INITIATED,NOT_INITIATED,1293,78416,122008,21,0,-0.3916,0.0133,1,0,BANK_DEBIT_GATEWAY_FAILURE
3573.82,UPI,YES_BANK,RAZORPAY,SUCCESS,SUCCESS,AUTHORIZED,CAPTURED,PAID,DELIVERED,DELIVERED,200,1,SETTLED,NONE,NONE,666,773,151974,21,0,-0.2555,0.0697,1,0,NORMAL
960.02,CREDIT_CARD,SBI,RAZORPAY,SUCCESS,SUCCESS,AUTHORIZED,CAPTURED,PAID,DELIVERED,DELIVERED,200,1,ON_HOLD,NONE,AWAITING_ACK,626,873,128316,18,3,0.3334,0.0318,1,1,DUPLICATE_PAYMENT
5866.62,UPI,INDUSIND,STRIPE,SUCCESS,SUCCESS,AUTHORIZED,CAPTURED,PAID,DELIVERED,DELIVERED,200,1,ON_HOLD,PROCESSED,CREDITED_TO_CUSTOMER,420,705,215514,16,2,0.2222,0.05,1,1,DUPLICATE_PAYMENT
1877.83,UPI,INDUSIND,STRIPE,SUCCESS,SUCCESS,AUTHORIZED,CAPTURED,REFUNDED,RETURNED,DELIVERED,200,1,REVERSED,PENDING,AWAITING_ACK,670,860,35375,10,0,1.889,0.0312,1,0,REFUND_UNCERTAINTY
1556.56,UPI,SBI,RAZORPAY,PENDING,FAILED,FAILED,CAPTURED,FAILED,DELIVERED,DROPPED,404,1,ON_HOLD,FAILED,NOT_INITIATED,15480,36478,11307,18,3,1.3947,0.0245,1,0,UNRESOLVED
333.95,UPI,AXIS,RAZORPAY,SUCCESS,SUCCESS,AUTHORIZED,CAPTURED,PAID,DELIVERED,DELIVERED,200,1,SETTLED,NONE,NONE,679,945,224629,5,0,-0.5362,0.0366,1,0,NORMAL
3149.03,NET_BANKING,INDUSIND,PAYU,SUCCESS,SUCCESS,AUTHORIZED,CAPTURED,PAID,DELIVERED,DELIVERED,200,1,DISCREPANCY,NONE,NONE,381,654,41070,11,0,-0.0334,0.0428,1,0,SETTLEMENT_MISMATCH
1430.1,UPI,ICICI,BILLDESK,SUCCESS,PENDING,TIMEOUT,FAILED,CANCELLED,CANCELLED,NONE,0,1,ON_HOLD,INITIATED,NOT_INITIATED,1028,54359,168854,9,0,2.405,0.0482,1,0,BANK_DEBIT_GATEWAY_FAILURE
1403.93,EMI,YES_BANK,CASHFREE,SUCCESS,PENDING,AUTHORIZED,AUTO_REFUNDED,CANCELLED,RETURNED,DELIVERED,0,1,ON_HOLD,PENDING,AWAITING_ACK,113379,14556,35008,13,3,-0.2611,0.0587,1,0,UNRESOLVED
1205.1,UPI,PNB,CASHFREE,SUCCESS,SUCCESS,AUTHORIZED,CAPTURED,PAID,PROCESSING,DELIVERED,200,1,PENDING,NONE,NONE,451,541,11063,4,0,0.6737,0.0215,1,0,NORMAL
4099.52,UPI,ICICI,RAZORPAY,SUCCESS,SUCCESS,AUTHORIZED,CAPTURED,PAID,DELIVERED,DELIVERED,200,1,SETTLED,NONE,NONE,578,766,135285,11,0,0.4641,0.0197,1,0,NORMAL
2617.69,UPI,SBI,CASHFREE,SUCCESS,SUCCESS,AUTHORIZED,CAPTURED,PAID,DELIVERED,DELIVERED,200,1,ON_HOLD,PROCESSED,CREDITED_TO_CUSTOMER,701,786,180962,7,3,-0.2521,0.0375,1,1,DUPLICATE_PAYMENT
778.15,DEBIT_CARD,SBI,STRIPE,SUCCESS,SUCCESS,AUTHORIZED,CAPTURED,PAID,PROCESSING,DELIVERED,200,1,PENDING,NONE,NONE,599,843,84597,9,0,-0.2926,0.0537,1,0,NORMAL
4119.08,UPI,AXIS,BILLDESK,SUCCESS,SUCCESS,AUTHORIZED,CAPTURED,PAID,DELIVERED,DELIVERED,200,1,SETTLED,NONE,NONE,465,760,123444,4,0,-0.1419,0.0514,1,0,NORMAL
2952.88,UPI,YES_BANK,CASHFREE,SUCCESS,SUCCESS,AUTHORIZED,CAPTURED,PAID,DELIVERED,DELIVERED,200,1,SETTLED,NONE,NONE,2158,3010,159133,12,0,0.5541,0.0511,1,0,NORMAL
2326.62,UPI,PNB,RAZORPAY,SUCCESS,SUCCESS,AUTHORIZED,CAPTURED,PAID,DELIVERED,DELIVERED,200,3,SETTLED,NONE,NONE,422,721,227296,17,0,0.2245,0.0511,1,0,NORMAL
4603.98,WALLET,INDUSIND,BILLDESK,DEBITED,FAILED,NONE,PENDING,FAILED,DELIVERED,RETRYING,0,1,ON_HOLD,FAILED,NOT_INITIATED,28177,12257,1718,2,0,1.4231,0.0506,1,0,UNRESOLVED
950.48,UPI,SBI,PAYU,SUCCESS,FAILED,TIMEOUT,NOT_REQUESTED,EXPIRED,CANCELLED,NONE,500,1,ON_HOLD,INITIATED,NOT_INITIATED,790,92464,138555,19,0,0.4623,0.0222,1,0,BANK_DEBIT_GATEWAY_FAILURE
353.23,UPI,YES_BANK,CASHFREE,SUCCESS,SUCCESS,AUTHORIZED,CAPTURED,CANCELLED,CANCELLED,DELIVERED,200,1,ON_HOLD,INITIATED,NONE,332929,335068,158449,21,0,-0.159,0.039,1,0,ORDER_PAYMENT_CONFLICT
6058.82,DEBIT_CARD,YES_BANK,PAYU,SUCCESS,SUCCESS,AUTHORIZED,CAPTURED,PROCESSING,PROCESSING,DELIVERED,200,3,PENDING,NONE,NONE,41260,42669,29804,11,0,-0.5153,0.0605,1,0,DELAYED_CONFIRMATION
1272.92,CREDIT_CARD,YES_BANK,RAZORPAY,SUCCESS,SUCCESS,AUTHORIZED,CAPTURED,PAID,PROCESSING,DELIVERED,200,1,PENDING,NONE,NONE,321,528,60342,20,0,0.1572,0.0565,1,0,NORMAL
384.98,UPI,KOTAK,CASHFREE,SUCCESS,SUCCESS,AUTHORIZED,CAPTURED,CANCELLED,CANCELLED,DELIVERED,200,1,ON_HOLD,INITIATED,NONE,291359,292465,122744,19,0,-0.4077,0.0208,1,0,ORDER_PAYMENT_CONFLICT
362.11,CREDIT_CARD,KOTAK,PAYU,SUCCESS,FAILED,TIMEOUT,NOT_REQUESTED,CANCELLED,CANCELLED,NONE,500,1,ON_HOLD,NONE,NOT_INITIATED,357,88589,217341,22,0,-0.6708,0.0572,1,0,BANK_DEBIT_GATEWAY_FAILURE
5067.75,DEBIT_CARD,ICICI,STRIPE,SUCCESS,SUCCESS,AUTHORIZED,CAPTURED,PAID,DELIVERED,DELIVERED,200,1,SETTLED,NONE,NONE,1830,2558,243952,17,0,-0.5946,0.0716,1,0,NORMAL
1363.75,NET_BANKING,KOTAK,PAYU,SUCCESS,SUCCESS,AUTHORIZED,CAPTURED,PAID,DELIVERED,DELIVERED,200,1,SETTLED,NONE,NONE,662,923,221950,12,0,-0.6104,0.0489,1,0,NORMAL
1310.78,UPI,HDFC,STRIPE,SUCCESS,SUCCESS,AUTHORIZED,CAPTURED,PAID,DELIVERED,DELIVERED,200,1,SETTLED,NONE,NONE,738,899,241658,14,0,0.1916,0.0448,1,0,NORMAL
1213.46,UPI,KOTAK,BILLDESK,SUCCESS,SUCCESS,AUTHORIZED,CAPTURED,REFUNDED,RETURNED,DELIVERED,200,1,REVERSED,MANUAL_INTERVENTION_REQUIRED,AWAITING_ACK,377,479,6617,12,0,0.8669,0.0209,1,0,REFUND_UNCERTAINTY
2397.14,UPI,HDFC,PAYU,SUCCESS,SUCCESS,AUTHORIZED,CAPTURED,PENDING_PAYMENT,UNFULFILLED,FAILED,0,2,ON_HOLD,NONE,NONE,190,277,224350,8,0,0.2617,0.0576,1,0,MISSING_WEBHOOK
8168.75,UPI,INDUSIND,CASHFREE,SUCCESS,SUCCESS,AUTHORIZED,CAPTURED,PROCESSING,PROCESSING,DELIVERED,200,2,PENDING,NONE,NONE,45946,51205,1802,9,0,-0.3465,0.0795,1,0,DELAYED_CONFIRMATION
534.61,NET_BANKING,ICICI,RAZORPAY,SUCCESS,SUCCESS,AUTHORIZED,CAPTURED,PAID,DELIVERED,DELIVERED,200,1,SETTLED,NONE,NONE,563,980,251217,6,0,0.1138,0.0473,1,0,NORMAL
3843.54,UPI,ICICI,PAYU,SUCCESS,SUCCESS,AUTHORIZED,CAPTURED,CANCELLED,CANCELLED,DELIVERED,200,1,ON_HOLD,PROCESSED,NONE,282738,283244,179314,15,0,-0.6925,0.0667,1,0,ORDER_PAYMENT_CONFLICT
16906.19,CREDIT_CARD,KOTAK,BILLDESK,SUCCESS,SUCCESS,AUTHORIZED,CAPTURED,CANCELLED,UNFULFILLED,DROPPED,500,4,PENDING,NONE,NONE,682,816,215361,21,0,0.3525,0.0682,1,0,MISSING_WEBHOOK
435.33,UPI,YES_BANK,RAZORPAY,SUCCESS,SUCCESS,AUTHORIZED,CAPTURED,PAID,DELIVERED,DELIVERED,200,1,SETTLED,NONE,NONE,492,727,156446,13,0,-0.0931,0.039,1,0,NORMAL
5375.59,UPI,KOTAK,RAZORPAY,DEBITED,FAILED,TIMEOUT,CAPTURED,PENDING_PAYMENT,DELIVERED,DROPPED,504,1,FAILED,MANUAL_INTERVENTION_REQUIRED,NOT_INITIATED,62159,116288,250288,16,0,0.5359,0.0305,1,0,UNRESOLVED
1620.15,CREDIT_CARD,INDUSIND,PAYU,SUCCESS,SUCCESS,AUTHORIZED,CAPTURED,CANCELLED,CANCELLED,DELIVERED,200,1,ON_HOLD,INITIATED,NONE,356079,357958,39801,0,0,-0.1473,0.0537,1,0,ORDER_PAYMENT_CONFLICT
3906.7,UPI,HDFC,RAZORPAY,SUCCESS,SUCCESS,AUTHORIZED,CAPTURED,PAID,DELIVERED,DELIVERED,200,1,DISCREPANCY,NONE,NONE,374,618,256529,15,0,-0.1525,0.0503,1,0,SETTLEMENT_MISMATCH
1393.55,UPI,KOTAK,CASHFREE,SUCCESS,SUCCESS,AUTHORIZED,CAPTURED,PAID,DELIVERED,DELIVERED,200,1,DISCREPANCY,NONE,NONE,382,563,233528,22,0,1.1643,0.0237,1,0,SETTLEMENT_MISMATCH
598.86,UPI,PNB,PAYU,SUCCESS,SUCCESS,AUTHORIZED,CAPTURED,PAID,PROCESSING,DELIVERED,200,2,PENDING,NONE,NONE,294,380,65205,15,0,0.2476,0.0343,1,0,NORMAL
396.88,UPI,PNB,RAZORPAY,SUCCESS,SUCCESS,AUTHORIZED,CAPTURED,PAID,DELIVERED,DELIVERED,200,1,SETTLED,NONE,NONE,542,837,177037,15,0,-0.3894,0.0332,1,0,NORMAL
5023.03,UPI,INDUSIND,RAZORPAY,SUCCESS,SUCCESS,AUTHORIZED,CAPTURED,PAID,DELIVERED,DELIVERED,200,1,ON_HOLD,NONE,AWAITING_ACK,268,514,163104,11,2,0.0465,0.0507,1,1,DUPLICATE_PAYMENT
1127.82,CREDIT_CARD,HDFC,PAYU,SUCCESS,SUCCESS,AUTHORIZED,CAPTURED,PAID,PROCESSING,DELIVERED,200,1,PENDING,NONE,NONE,630,735,57471,14,0,0.7351,0.0226,1,0,NORMAL
727.57,EMI,ICICI,STRIPE,SUCCESS,SUCCESS,AUTHORIZED,CAPTURED,CANCELLED,CANCELLED,DELIVERED,200,1,ON_HOLD,INITIATED,NONE,263805,264838,243592,4,0,0.5158,0.0382,1,0,ORDER_PAYMENT_CONFLICT
658.25,CREDIT_CARD,SBI,CASHFREE,SUCCESS,SUCCESS,AUTHORIZED,CAPTURED,CANCELLED,CANCELLED,DELIVERED,200,1,ON_HOLD,INITIATED,NONE,274139,276352,21419,20,0,-0.0858,0.0251,1,0,ORDER_PAYMENT_CONFLICT
855.41,UPI,ICICI,BILLDESK,SUCCESS,SUCCESS,AUTHORIZED,CAPTURED,PAID,DELIVERED,DELIVERED,200,1,SETTLED,NONE,NONE,575,746,149158,12,0,0.316,0.0364,1,0,NORMAL
4154.6,UPI,SBI,PAYU,DEBITED,TIMED_OUT,TIMEOUT,AUTO_REFUNDED,EXPIRED,CANCELLED,DELIVERED,200,1,ON_HOLD,PROCESSED,CREDITED_TO_CUSTOMER,1302,93371,81676,5,0,-0.1345,0.0634,1,0,BANK_DEBIT_GATEWAY_FAILURE
323.38,UPI,KOTAK,BILLDESK,SUCCESS,SUCCESS,AUTHORIZED,CAPTURED,PAID,PROCESSING,DELIVERED,200,1,PENDING,NONE,NONE,557,652,9749,15,0,-0.3263,0.0315,1,0,NORMAL
1204.61,DEBIT_CARD,INDUSIND,STRIPE,DEBITED,PENDING,NONE,CAPTURED,PAID,RETURNED,RETRYING,200,1,DISCREPANCY,FAILED,NOT_INITIATED,98759,129430,227256,21,2,0.0951,0.0452,1,0,UNRESOLVED
649.03,UPI,ICICI,CASHFREE,SUCCESS,SUCCESS,AUTHORIZED,CAPTURED,PAID,DELIVERED,DELIVERED,200,1,SETTLED,NONE,NONE,3473,3833,121073,8,0,-0.0986,0.0389,1,0,NORMAL
282.13,EMI,PNB,BILLDESK,SUCCESS,SUCCESS,AUTHORIZED,CAPTURED,PAID,PROCESSING,DELIVERED,200,3,PENDING,NONE,NONE,98333,102838,26938,13,0,-0.6082,0.0301,1,0,DELAYED_CONFIRMATION
601.56,CREDIT_CARD,PNB,STRIPE,SUCCESS,SUCCESS,AUTHORIZED,CAPTURED,PAID,DELIVERED,DELIVERED,200,1,SETTLED,NONE,NONE,561,787,186086,20,0,0.4323,0.0445,1,0,NORMAL
533.33,CREDIT_CARD,ICICI,CASHFREE,SUCCESS,SUCCESS,AUTHORIZED,CAPTURED,PAID,DELIVERED,DELIVERED,200,1,ON_HOLD,NONE,AWAITING_ACK,663,834,2536,7,4,0.2698,0.0339,1,1,DUPLICATE_PAYMENT
1161.19,CREDIT_CARD,KOTAK,RAZORPAY,SUCCESS,SUCCESS,AUTHORIZED,CAPTURED,PAID,DELIVERED,DELIVERED,200,1,SETTLED,NONE,NONE,482,656,240188,20,0,-0.3888,0.0432,1,0,NORMAL
504.97,UPI,SBI,CASHFREE,SUCCESS,SUCCESS,AUTHORIZED,CAPTURED,CANCELLED,CANCELLED,DELIVERED,200,1,ON_HOLD,PROCESSED,NONE,314490,316223,7642,1,0,0.052,0.0429,1,0,ORDER_PAYMENT_CONFLICT
1197.1,CREDIT_CARD,YES_BANK,STRIPE,SUCCESS,SUCCESS,AUTHORIZED,CAPTURED,PAID,PROCESSING,DELIVERED,200,2,SETTLED,NONE,NONE,50114,55353,98901,12,0,0.0883,0.0431,1,0,DELAYED_CONFIRMATION
698.08,UPI,YES_BANK,BILLDESK,SUCCESS,SUCCESS,AUTHORIZED,CAPTURED,PAID,DELIVERED,DELIVERED,200,1,ON_HOLD,PROCESSED,CREDITED_TO_CUSTOMER,438,663,218017,6,2,-0.0304,0.0292,1,1,DUPLICATE_PAYMENT
1017.57,NET_BANKING,PNB,RAZORPAY,SUCCESS,SUCCESS,AUTHORIZED,CAPTURED,PAID,DELIVERED,DELIVERED,200,1,SETTLED,NONE,NONE,450,726,255525,3,0,-0.0749,0.0521,1,0,NORMAL
25555.9,NET_BANKING,KOTAK,BILLDESK,SUCCESS,FAILED,TIMEOUT,FAILED,CANCELLED,CANCELLED,FAILED,504,1,ON_HOLD,NONE,NOT_INITIATED,314,92429,65760,8,0,1.0445,0.0606,1,0,BANK_DEBIT_GATEWAY_FAILURE
489.13,CREDIT_CARD,HDFC,CASHFREE,SUCCESS,SUCCESS,AUTHORIZED,CAPTURED,PAID,DELIVERED,DELIVERED,200,1,ON_HOLD,NONE,AWAITING_ACK,353,596,160997,11,1,0.019,0.0329,1,1,DUPLICATE_PAYMENT
4345.39,DEBIT_CARD,YES_BANK,BILLDESK,SUCCESS,SUCCESS,AUTHORIZED,CAPTURED,PAID,DELIVERED,DELIVERED,200,1,SETTLED,NONE,NONE,694,860,235727,21,0,0.5519,0.0274,1,0,NORMAL
433.1,CREDIT_CARD,PNB,CASHFREE,SUCCESS,SUCCESS,AUTHORIZED,CAPTURED,PAID,PROCESSING,DELIVERED,200,3,PENDING,NONE,NONE,81248,84394,28311,9,0,0.0312,0.0475,1,0,DELAYED_CONFIRMATION
22308.49,CREDIT_CARD,AXIS,CASHFREE,SUCCESS,SUCCESS,AUTHORIZED,CAPTURED,PAID,DELIVERED,DELIVERED,200,1,SETTLED,NONE,NONE,4155,4557,162674,15,0,0.7847,0.0653,1,0,NORMAL
20847.0,WALLET,ICICI,RAZORPAY,SUCCESS,SUCCESS,AUTHORIZED,CAPTURED,PENDING_PAYMENT,UNFULFILLED,TIMED_OUT,504,5,ON_HOLD,NONE,NONE,696,812,253889,16,0,0.6678,0.0763,1,0,MISSING_WEBHOOK
1327.57,CREDIT_CARD,AXIS,PAYU,SUCCESS,SUCCESS,AUTHORIZED,CAPTURED,PAID,DELIVERED,DELIVERED,200,1,SETTLED,NONE,NONE,605,862,109411,19,0,-0.3013,0.0433,1,0,NORMAL
3278.54,UPI,INDUSIND,RAZORPAY,SUCCESS,SUCCESS,AUTHORIZED,CAPTURED,PAID,PROCESSING,DELIVERED,200,1,PENDING,NONE,NONE,226,497,6623,2,0,-0.317,0.0533,1,0,NORMAL
1148.56,UPI,HDFC,STRIPE,SUCCESS,SUCCESS,AUTHORIZED,CAPTURED,PAID,DELIVERED,DELIVERED,200,1,ON_HOLD,PROCESSED,CREDITED_TO_CUSTOMER,707,864,211802,15,4,0.767,0.0201,1,1,DUPLICATE_PAYMENT
770.95,EMI,SBI,CASHFREE,SUCCESS,SUCCESS,AUTHORIZED,CAPTURED,PAID,PROCESSING,DELIVERED,200,1,PENDING,NONE,NONE,222,383,30679,7,0,-0.2991,0.0457,1,0,NORMAL
729.18,DEBIT_CARD,YES_BANK,STRIPE,SUCCESS,FAILED,FAILED,FAILED,EXPIRED,CANCELLED,NONE,0,1,ON_HOLD,NONE,NOT_INITIATED,911,92527,55313,15,0,0.1218,0.0275,1,0,BANK_DEBIT_GATEWAY_FAILURE
5469.98,CREDIT_CARD,ICICI,PAYU,SUCCESS,FAILED,TIMEOUT,NOT_REQUESTED,FAILED,CANCELLED,DELIVERED,200,1,ON_HOLD,NONE,NOT_INITIATED,1240,78833,154383,4,0,0.5629,0.0422,1,0,BANK_DEBIT_GATEWAY_FAILURE
8496.03,UPI,ICICI,STRIPE,SUCCESS,SUCCESS,AUTHORIZED,CAPTURED,PAID,PROCESSING,DELIVERED,200,1,PENDING,NONE,NONE,223,375,32278,22,0,-0.3203,0.0612,1,0,NORMAL
4738.16,CREDIT_CARD,ICICI,PAYU,SUCCESS,SUCCESS,AUTHORIZED,CAPTURED,CANCELLED,CANCELLED,DELIVERED,200,1,ON_HOLD,PROCESSED,NONE,272876,275370,41937,9,0,0.6922,0.0195,1,0,ORDER_PAYMENT_CONFLICT
865.78,NET_BANKING,KOTAK,RAZORPAY,SUCCESS,SUCCESS,AUTHORIZED,CAPTURED,PAID,DELIVERED,DELIVERED,200,1,SETTLED,NONE,NONE,2839,3606,213667,11,0,0.2025,0.0266,1,0,NORMAL
22725.52,UPI,INDUSIND,STRIPE,SUCCESS,SUCCESS,AUTHORIZED,CAPTURED,PAID,DELIVERED,DELIVERED,200,1,SETTLED,NONE,NONE,469,724,101231,20,0,0.818,0.0709,1,0,NORMAL
711.96,UPI,AXIS,CASHFREE,SUCCESS,SUCCESS,AUTHORIZED,CAPTURED,PAID,DELIVERED,DELIVERED,200,2,SETTLED,NONE,NONE,424,773,87150,2,0,0.0953,0.0259,1,0,NORMAL
2239.2,WALLET,KOTAK,CASHFREE,SUCCESS,SUCCESS,AUTHORIZED,CAPTURED,PAID,DELIVERED,DELIVERED,200,1,SETTLED,NONE,NONE,320,612,174477,13,0,2.4449,0.0218,1,0,NORMAL
999.74,UPI,YES_BANK,BILLDESK,SUCCESS,SUCCESS,AUTHORIZED,CAPTURED,PAID,DELIVERED,DELIVERED,200,1,SETTLED,NONE,NONE,538,761,87531,1,0,0.5381,0.0347,1,0,NORMAL
451.17,WALLET,SBI,BILLDESK,SUCCESS,SUCCESS,AUTHORIZED,CAPTURED,PAID,PROCESSING,DELIVERED,200,1,PENDING,NONE,NONE,709,946,56609,15,0,-0.0601,0.0431,1,0,NORMAL
17190.28,UPI,INDUSIND,STRIPE,SUCCESS,SUCCESS,AUTHORIZED,CAPTURED,PAID,DELIVERED,DELIVERED,200,1,ON_HOLD,INITIATED,AWAITING_ACK,199,292,113415,4,1,0.3752,0.0683,1,1,DUPLICATE_PAYMENT
1774.94,UPI,HDFC,CASHFREE,SUCCESS,FAILED,FAILED,FAILED,CANCELLED,CANCELLED,DELIVERED,200,1,ON_HOLD,PROCESSED,CREDITED_TO_CUSTOMER,1403,45573,17787,23,0,-0.0658,0.0577,1,0,BANK_DEBIT_GATEWAY_FAILURE
13631.03,UPI,KOTAK,CASHFREE,SUCCESS,SUCCESS,AUTHORIZED,CAPTURED,CANCELLED,CANCELLED,DELIVERED,200,1,ON_HOLD,INITIATED,NONE,252401,254034,142314,5,0,3.8682,0.0231,1,0,ORDER_PAYMENT_CONFLICT
2228.9,UPI,INDUSIND,RAZORPAY,SUCCESS,SUCCESS,AUTHORIZED,CAPTURED,PAID,DELIVERED,DELIVERED,200,1,DISCREPANCY,NONE,NONE,563,676,158489,18,0,2.5008,0.0261,1,0,SETTLEMENT_MISMATCH
16916.7,CREDIT_CARD,AXIS,PAYU,SUCCESS,SUCCESS,AUTHORIZED,CAPTURED,REFUNDED,RETURNED,DELIVERED,200,1,REVERSED,MANUAL_INTERVENTION_REQUIRED,AWAITING_ACK,220,397,146553,13,0,0.3533,0.0719,1,0,REFUND_UNCERTAINTY
6500.1,CREDIT_CARD,YES_BANK,CASHFREE,SUCCESS,SUCCESS,AUTHORIZED,CAPTURED,EXPIRED,CANCELLED,DELIVERED,200,1,ON_HOLD,NONE,NONE,254684,256896,174977,10,0,0.3542,0.0526,1,0,ORDER_PAYMENT_CONFLICT
3976.0,DEBIT_CARD,PNB,STRIPE,DEBITED,PENDING,AUTHORIZED,PENDING,PENDING_PAYMENT,CANCELLED,DROPPED,500,1,ON_HOLD,PENDING,REJECTED_BY_BANK,72793,116656,122437,17,0,1.0926,0.043,1,0,UNRESOLVED
10375.99,DEBIT_CARD,INDUSIND,PAYU,SUCCESS,SUCCESS,AUTHORIZED,CAPTURED,EXPIRED,CANCELLED,DELIVERED,200,1,ON_HOLD,INITIATED,NONE,296605,297510,213584,13,0,-0.1699,0.0639,1,0,ORDER_PAYMENT_CONFLICT
23448.77,CREDIT_CARD,INDUSIND,RAZORPAY,SUCCESS,SUCCESS,AUTHORIZED,CAPTURED,PAID,DELIVERED,DELIVERED,200,1,ON_HOLD,PROCESSED,CREDITED_TO_CUSTOMER,480,582,246285,13,1,0.8759,0.0749,1,1,DUPLICATE_PAYMENT
1885.9,UPI,SBI,STRIPE,SUCCESS,SUCCESS,AUTHORIZED,CAPTURED,PAID,PROCESSING,DELIVERED,200,1,PENDING,NONE,NONE,321,455,76926,8,0,1.9014,0.0285,1,0,NORMAL
16746.88,NET_BANKING,ICICI,RAZORPAY,SUCCESS,SUCCESS,AUTHORIZED,CAPTURED,REFUNDED,RETURNED,DELIVERED,200,1,REVERSED,PENDING,AWAITING_ACK,721,920,98177,18,0,2.4889,0.061,1,0,REFUND_UNCERTAINTY
38409.61,CREDIT_CARD,INDUSIND,RAZORPAY,SUCCESS,SUCCESS,AUTHORIZED,CAPTURED,PAID,PROCESSING,DELIVERED,200,1,PENDING,NONE,NONE,554,797,76742,13,0,2.0728,0.0734,1,0,NORMAL
501.59,NET_BANKING,SBI,CASHFREE,SUCCESS,SUCCESS,AUTHORIZED,CAPTURED,PAID,PROCESSING,DELIVERED,200,2,PENDING,NONE,NONE,531,685,80947,15,0,0.045,0.0362,1,0,NORMAL
398.62,UPI,AXIS,BILLDESK,SUCCESS,SUCCESS,AUTHORIZED,CAPTURED,PENDING_PAYMENT,UNFULFILLED,FAILED,404,3,ON_HOLD,NONE,NONE,651,759,87293,9,0,-0.1695,0.0498,1,0,MISSING_WEBHOOK
3312.1,CREDIT_CARD,ICICI,STRIPE,SUCCESS,SUCCESS,AUTHORIZED,CAPTURED,EXPIRED,CANCELLED,DELIVERED,200,1,ON_HOLD,NONE,NONE,246526,247070,158406,7,0,-0.0537,0.0333,1,0,ORDER_PAYMENT_CONFLICT
990.23,UPI,INDUSIND,PAYU,SUCCESS,SUCCESS,AUTHORIZED,CAPTURED,PAID,DELIVERED,DELIVERED,200,1,ON_HOLD,PROCESSED,CREDITED_TO_CUSTOMER,581,874,150692,17,4,-0.4788,0.0407,1,1,DUPLICATE_PAYMENT
803.82,UPI,PNB,RAZORPAY,DEBITED,FAILED,FAILED,AUTO_REFUNDED,PENDING_PAYMENT,CANCELLED,DELIVERED,504,1,ON_HOLD,FAILED,NOT_INITIATED,68602,42973,176440,9,2,-0.5769,0.0436,1,0,UNRESOLVED
4494.73,CREDIT_CARD,KOTAK,RAZORPAY,SUCCESS,SUCCESS,AUTHORIZED,CAPTURED,PENDING_PAYMENT,UNFULFILLED,FAILED,504,3,ON_HOLD,NONE,NONE,519,739,131408,15,0,1.3656,0.0428,1,0,MISSING_WEBHOOK
357.07,NET_BANKING,PNB,BILLDESK,SUCCESS,SUCCESS,AUTHORIZED,CAPTURED,PAID,DELIVERED,DELIVERED,200,1,SETTLED,NONE,NONE,581,709,138642,11,0,-0.4507,0.0241,1,0,NORMAL
1169.88,UPI,YES_BANK,CASHFREE,SUCCESS,SUCCESS,AUTHORIZED,CAPTURED,CANCELLED,CANCELLED,DELIVERED,200,1,ON_HOLD,INITIATED,NONE,330738,332282,115299,10,0,1.7854,0.0386,1,0,ORDER_PAYMENT_CONFLICT
1304.36,UPI,INDUSIND,RAZORPAY,SUCCESS,SUCCESS,AUTHORIZED,CAPTURED,PAID,DELIVERED,DELIVERED,200,1,SETTLED,NONE,NONE,515,637,140785,5,0,1.0067,0.0328,1,0,NORMAL
4386.72,CREDIT_CARD,INDUSIND,RAZORPAY,SUCCESS,SUCCESS,AUTHORIZED,CAPTURED,PAID,PROCESSING,DELIVERED,200,1,PENDING,NONE,NONE,539,626,83819,15,0,-0.0861,0.0627,1,0,NORMAL
309.1,UPI,AXIS,PAYU,SUCCESS,SUCCESS,AUTHORIZED,CAPTURED,PAID,DELIVERED,DELIVERED,200,1,DISCREPANCY,NONE,NONE,471,676,52278,12,0,-0.2381,0.042,1,0,SETTLEMENT_MISMATCH
554.49,UPI,SBI,CASHFREE,SUCCESS,SUCCESS,AUTHORIZED,CAPTURED,PAID,DELIVERED,DELIVERED,200,1,SETTLED,NONE,NONE,643,756,121350,14,0,-0.4959,0.0482,1,0,NORMAL
460.12,UPI,KOTAK,PAYU,SUCCESS,SUCCESS,AUTHORIZED,CAPTURED,PAID,PROCESSING,DELIVERED,200,1,PENDING,NONE,NONE,3633,4155,8953,6,0,-0.2921,0.0337,1,0,NORMAL
7682.52,UPI,HDFC,STRIPE,SUCCESS,SUCCESS,AUTHORIZED,CAPTURED,PAID,DELIVERED,DELIVERED,200,1,SETTLED,NONE,NONE,454,573,212337,9,0,1.195,0.0492,1,0,NORMAL
839.71,NET_BANKING,AXIS,PAYU,SUCCESS,SUCCESS,AUTHORIZED,CAPTURED,PAID,DELIVERED,DELIVERED,200,1,SETTLED,NONE,NONE,296,421,187042,20,0,-0.2366,0.0402,1,0,NORMAL
5637.53,UPI,INDUSIND,RAZORPAY,PENDING,PENDING,FAILED,CAPTURED,CANCELLED,UNFULFILLED,FAILED,0,1,DISCREPANCY,NONE,REJECTED_BY_BANK,85835,68156,161761,5,1,0.1745,0.0638,1,0,UNRESOLVED
9514.83,UPI,KOTAK,STRIPE,SUCCESS,TIMED_OUT,TIMEOUT,FAILED,CANCELLED,CANCELLED,NONE,500,1,ON_HOLD,NONE,NOT_INITIATED,894,53246,204841,13,0,-0.2388,0.0676,1,0,BANK_DEBIT_GATEWAY_FAILURE
330.14,UPI,AXIS,RAZORPAY,SUCCESS,SUCCESS,AUTHORIZED,CAPTURED,PAID,DELIVERED,DELIVERED,200,1,SETTLED,NONE,NONE,464,724,101270,11,0,-0.5415,0.0381,1,0,NORMAL
2515.35,DEBIT_CARD,SBI,PAYU,SUCCESS,SUCCESS,AUTHORIZED,CAPTURED,CANCELLED,CANCELLED,DELIVERED,200,1,ON_HOLD,PROCESSED,NONE,258500,259336,174763,15,0,-0.2813,0.0447,1,0,ORDER_PAYMENT_CONFLICT
1207.35,UPI,AXIS,BILLDESK,SUCCESS,SUCCESS,AUTHORIZED,CAPTURED,PAID,DELIVERED,DELIVERED,200,1,SETTLED,NONE,NONE,3881,4587,137908,17,0,0.0976,0.0562,1,0,NORMAL
1026.52,UPI,ICICI,BILLDESK,SUCCESS,SUCCESS,AUTHORIZED,CAPTURED,PAID,DELIVERED,DELIVERED,200,1,DISCREPANCY,NONE,NONE,373,516,16693,3,0,0.4714,0.0212,1,0,SETTLEMENT_MISMATCH
3342.36,UPI,KOTAK,CASHFREE,SUCCESS,SUCCESS,AUTHORIZED,CAPTURED,PAID,DELIVERED,DELIVERED,200,1,SETTLED,NONE,NONE,2979,3632,252352,18,0,2.0385,0.0466,1,0,NORMAL
1305.21,UPI,PNB,PAYU,DEBITED,PENDING,AUTHORIZED,CAPTURED,PROCESSING,PROCESSING,DELIVERED,200,1,PENDING,NONE,NONE,48661,52041,25229,3,0,1.7192,0.0302,1,0,DELAYED_CONFIRMATION
296.24,UPI,INDUSIND,STRIPE,PENDING,SUCCESS,AUTHORIZED,CAPTURED,PAID,PROCESSING,DELIVERED,200,2,SETTLED,NONE,NONE,101866,103286,172479,5,0,-0.2947,0.0452,1,0,DELAYED_CONFIRMATION
2447.05,UPI,ICICI,BILLDESK,DEBITED,PENDING,TIMEOUT,CAPTURED,FAILED,UNFULFILLED,DELIVERED,404,1,DISCREPANCY,FAILED,NOT_INITIATED,18010,122943,155305,16,2,0.2879,0.0466,1,0,UNRESOLVED
1615.88,WALLET,INDUSIND,BILLDESK,REVERSED,FAILED,FAILED,FAILED,PENDING_PAYMENT,CANCELLED,FAILED,200,1,FAILED,NONE,NOT_INITIATED,31080,122737,225959,5,0,-0.1495,0.0545,1,0,UNRESOLVED
1147.05,CREDIT_CARD,ICICI,CASHFREE,SUCCESS,SUCCESS,AUTHORIZED,CAPTURED,PAID,DELIVERED,DELIVERED,200,1,SETTLED,NONE,NONE,310,514,151841,6,0,1.7311,0.0386,1,0,NORMAL
1860.53,DEBIT_CARD,YES_BANK,CASHFREE,SUCCESS,SUCCESS,AUTHORIZED,CAPTURED,PAID,DELIVERED,DELIVERED,200,1,SETTLED,NONE,NONE,409,503,217038,6,0,-0.0208,0.0492,1,0,NORMAL
5968.71,NET_BANKING,ICICI,PAYU,SUCCESS,SUCCESS,AUTHORIZED,CAPTURED,EXPIRED,UNFULFILLED,FAILED,504,2,ON_HOLD,NONE,NONE,471,600,223060,5,0,1.1317,0.0232,1,0,MISSING_WEBHOOK
2718.12,UPI,AXIS,PAYU,SUCCESS,SUCCESS,AUTHORIZED,CAPTURED,PAID,PROCESSING,DELIVERED,200,1,PENDING,NONE,NONE,484,709,22468,9,0,-0.0292,0.015,1,0,NORMAL
1679.97,CREDIT_CARD,PNB,PAYU,SUCCESS,SUCCESS,AUTHORIZED,CAPTURED,PAID,DELIVERED,DELIVERED,200,1,SETTLED,NONE,NONE,489,694,191776,5,0,-0.4,0.0112,1,0,NORMAL
4088.21,UPI,AXIS,BILLDESK,SUCCESS,SUCCESS,AUTHORIZED,CAPTURED,PAID,PROCESSING,DELIVERED,200,1,PENDING,NONE,NONE,699,868,22864,13,0,0.4601,0.0256,1,0,NORMAL
318.14,UPI,HDFC,PAYU,DEBITED,FAILED,FAILED,FAILED,CANCELLED,CANCELLED,NONE,504,1,ON_HOLD,NONE,NOT_INITIATED,1072,73497,66128,3,0,-0.2425,0.0439,1,0,BANK_DEBIT_GATEWAY_FAILURE
279.11,DEBIT_CARD,YES_BANK,CASHFREE,PENDING,PENDING,FAILED,FAILED,PENDING_PAYMENT,UNFULFILLED,DROPPED,504,1,FAILED,FAILED,NOT_INITIATED,83214,91364,242149,5,3,-0.6123,0.0286,1,0,UNRESOLVED
1944.92,CREDIT_CARD,INDUSIND,CASHFREE,DEBITED,FAILED,NONE,FAILED,EXPIRED,CANCELLED,NONE,0,1,ON_HOLD,INITIATED,NOT_INITIATED,957,61285,226452,4,0,1.7013,0.031,1,0,BANK_DEBIT_GATEWAY_FAILURE
340.29,DEBIT_CARD,KOTAK,CASHFREE,SUCCESS,SUCCESS,AUTHORIZED,CAPTURED,PAID,DELIVERED,DELIVERED,200,1,DISCREPANCY,NONE,NONE,379,591,97093,0,0,-0.1206,0.0334,1,0,SETTLEMENT_MISMATCH
2912.92,CREDIT_CARD,YES_BANK,STRIPE,SUCCESS,SUCCESS,FAILED,AUTO_REFUNDED,PAID,DELIVERED,DROPPED,0,1,DISCREPANCY,MANUAL_INTERVENTION_REQUIRED,AWAITING_ACK,77410,92135,40887,11,3,-0.1677,0.0489,1,0,UNRESOLVED
1071.87,UPI,SBI,CASHFREE,SUCCESS,SUCCESS,AUTHORIZED,CAPTURED,PAID,DELIVERED,DELIVERED,200,1,SETTLED,NONE,NONE,544,757,118333,3,0,1.5521,0.0479,1,0,NORMAL
671.11,UPI,KOTAK,RAZORPAY,SUCCESS,SUCCESS,AUTHORIZED,CAPTURED,CANCELLED,CANCELLED,DELIVERED,200,1,ON_HOLD,NONE,NONE,254637,255502,196155,5,0,-0.7603,0.0295,1,0,ORDER_PAYMENT_CONFLICT
14942.45,DEBIT_CARD,KOTAK,STRIPE,SUCCESS,SUCCESS,AUTHORIZED,CAPTURED,PAID,DELIVERED,DELIVERED,200,1,DISCREPANCY,NONE,NONE,464,569,46333,16,0,0.2675,0.0735,1,0,SETTLEMENT_MISMATCH
1325.99,UPI,INDUSIND,RAZORPAY,DEBITED,FAILED,AUTHORIZED,FAILED,FAILED,CANCELLED,RETRYING,500,1,ON_HOLD,PENDING,NOT_INITIATED,105869,119320,78758,22,3,1.7625,0.0436,1,0,UNRESOLVED
6697.54,WALLET,ICICI,BILLDESK,SUCCESS,SUCCESS,AUTHORIZED,CAPTURED,PAID,DELIVERED,DELIVERED,200,1,SETTLED,NONE,NONE,389,570,182384,7,0,1.392,0.0287,1,0,NORMAL
468.62,UPI,YES_BANK,BILLDESK,SUCCESS,SUCCESS,AUTHORIZED,CAPTURED,PAID,PROCESSING,DELIVERED,200,1,PENDING,NONE,NONE,503,796,10909,18,0,-0.3491,0.0383,1,0,NORMAL
4133.97,UPI,SBI,STRIPE,SUCCESS,SUCCESS,AUTHORIZED,CAPTURED,PAID,DELIVERED,DELIVERED,200,1,SETTLED,NONE,NONE,318,498,143267,22,0,-0.1388,0.0518,1,0,NORMAL
506.97,UPI,ICICI,PAYU,REVERSED,SUCCESS,AUTHORIZED,CAPTURED,REFUNDED,RETURNED,DELIVERED,200,1,REVERSED,PENDING,REJECTED_BY_BANK,446,663,84595,12,0,0.0562,0.0314,1,0,REFUND_UNCERTAINTY
4773.65,UPI,ICICI,STRIPE,SUCCESS,SUCCESS,AUTHORIZED,CAPTURED,PAID,DELIVERED,DELIVERED,200,1,ON_HOLD,INITIATED,AWAITING_ACK,602,797,128236,15,1,0.7049,0.0268,1,1,DUPLICATE_PAYMENT
6416.77,UPI,PNB,RAZORPAY,SUCCESS,SUCCESS,AUTHORIZED,CAPTURED,PAID,PROCESSING,DELIVERED,200,1,PENDING,NONE,NONE,349,459,74686,11,0,1.2917,0.0186,1,0,NORMAL
836.05,NET_BANKING,HDFC,CASHFREE,SUCCESS,SUCCESS,AUTHORIZED,CAPTURED,PAID,DELIVERED,DELIVERED,200,1,SETTLED,NONE,NONE,297,486,243291,3,0,-0.24,0.043,1,0,NORMAL
718.54,UPI,HDFC,STRIPE,SUCCESS,SUCCESS,AUTHORIZED,CAPTURED,PAID,DELIVERED,DELIVERED,200,1,SETTLED,NONE,NONE,2599,3088,242590,10,0,-0.002,0.0269,1,0,NORMAL
315.36,UPI,KOTAK,STRIPE,SUCCESS,SUCCESS,AUTHORIZED,CAPTURED,PAID,DELIVERED,DELIVERED,200,1,SETTLED,NONE,NONE,387,486,168221,17,0,-0.343,0.0425,1,0,NORMAL
864.36,UPI,KOTAK,BILLDESK,SUCCESS,SUCCESS,AUTHORIZED,CAPTURED,EXPIRED,UNFULFILLED,DROPPED,0,2,PENDING,NONE,NONE,198,451,19214,22,0,-0.2142,0.0551,1,0,MISSING_WEBHOOK
360.98,WALLET,ICICI,STRIPE,SUCCESS,SUCCESS,AUTHORIZED,CAPTURED,PAID,PROCESSING,DELIVERED,200,1,PENDING,NONE,NONE,256,341,67878,18,0,-0.248,0.0437,1,0,NORMAL
3261.78,NET_BANKING,SBI,PAYU,SUCCESS,SUCCESS,AUTHORIZED,CAPTURED,PAID,DELIVERED,DELIVERED,200,1,SETTLED,NONE,NONE,433,868,187638,15,0,0.1649,0.0293,1,0,NORMAL
1319.33,UPI,PNB,BILLDESK,DEBITED,FAILED,TIMEOUT,PENDING,FAILED,UNFULFILLED,DROPPED,200,1,ON_HOLD,MANUAL_INTERVENTION_REQUIRED,NOT_INITIATED,99717,28558,22850,21,3,-0.5288,0.0238,1,0,UNRESOLVED
1084.04,UPI,SBI,BILLDESK,SUCCESS,SUCCESS,AUTHORIZED,CAPTURED,PAID,PROCESSING,DELIVERED,200,1,PENDING,NONE,NONE,325,620,51116,16,0,-0.0145,0.0597,1,0,NORMAL
1549.01,NET_BANKING,KOTAK,BILLDESK,SUCCESS,SUCCESS,AUTHORIZED,CAPTURED,PENDING_PAYMENT,UNFULFILLED,DROPPED,500,5,ON_HOLD,NONE,NONE,401,570,60942,3,0,-0.5574,0.0381,1,0,MISSING_WEBHOOK
3530.98,CREDIT_CARD,HDFC,RAZORPAY,SUCCESS,SUCCESS,AUTHORIZED,CAPTURED,PAID,PROCESSING,DELIVERED,200,1,PENDING,NONE,NONE,568,728,55739,15,0,0.0089,0.0344,1,0,NORMAL
6586.66,CREDIT_CARD,SBI,CASHFREE,SUCCESS,SUCCESS,AUTHORIZED,CAPTURED,PAID,DELIVERED,DELIVERED,200,2,SETTLED,NONE,NONE,377,520,250932,11,0,-0.4731,0.0783,1,0,NORMAL
5675.96,UPI,KOTAK,STRIPE,DEBITED,FAILED,FAILED,FAILED,CANCELLED,CANCELLED,FAILED,0,1,ON_HOLD,NONE,NOT_INITIATED,727,48423,63233,16,0,-0.5459,0.0722,1,0,BANK_DEBIT_GATEWAY_FAILURE
467.18,UPI,PNB,STRIPE,SUCCESS,SUCCESS,AUTHORIZED,CAPTURED,CANCELLED,CANCELLED,DELIVERED,200,1,ON_HOLD,INITIATED,NONE,346072,346693,164383,14,0,-0.0267,0.0481,1,0,ORDER_PAYMENT_CONFLICT
7891.09,UPI,SBI,RAZORPAY,SUCCESS,SUCCESS,AUTHORIZED,CAPTURED,PAID,PROCESSING,DELIVERED,200,1,PENDING,NONE,NONE,376,538,56904,21,0,-0.3687,0.0774,1,0,NORMAL
12067.26,UPI,HDFC,PAYU,SUCCESS,SUCCESS,AUTHORIZED,CAPTURED,PAID,DELIVERED,DELIVERED,200,1,DISCREPANCY,NONE,NONE,214,478,257706,4,0,0.0402,0.0785,1,0,SETTLEMENT_MISMATCH
807.49,DEBIT_CARD,HDFC,RAZORPAY,SUCCESS,SUCCESS,AUTHORIZED,CAPTURED,PROCESSING,PROCESSING,DELIVERED,200,1,PENDING,NONE,NONE,79243,83799,40377,0,0,-0.2659,0.0435,1,0,DELAYED_CONFIRMATION
431.86,UPI,YES_BANK,STRIPE,SUCCESS,SUCCESS,AUTHORIZED,CAPTURED,PAID,DELIVERED,DELIVERED,200,1,DISCREPANCY,NONE,NONE,444,695,27973,12,0,-0.0519,0.0416,1,0,SETTLEMENT_MISMATCH
4676.41,CREDIT_CARD,PNB,RAZORPAY,SUCCESS,SUCCESS,AUTHORIZED,CAPTURED,PAID,DELIVERED,DELIVERED,200,1,SETTLED,NONE,NONE,716,844,122244,4,0,-0.0257,0.0694,1,0,NORMAL
3332.92,UPI,PNB,RAZORPAY,SUCCESS,SUCCESS,AUTHORIZED,CAPTURED,PAID,DELIVERED,DELIVERED,200,1,SETTLED,NONE,NONE,301,402,246182,4,0,-0.0477,0.0336,1,0,NORMAL
10299.76,UPI,YES_BANK,BILLDESK,SUCCESS,SUCCESS,AUTHORIZED,CAPTURED,PAID,DELIVERED,DELIVERED,200,1,SETTLED,NONE,NONE,460,741,226832,21,0,-0.176,0.065,1,0,NORMAL
402.69,CREDIT_CARD,AXIS,CASHFREE,DEBITED,FAILED,AUTHORIZED,FAILED,CANCELLED,RETURNED,RETRYING,500,1,DISCREPANCY,FAILED,REJECTED_BY_BANK,96813,39645,183535,11,1,-0.1611,0.0443,1,0,UNRESOLVED
545.62,DEBIT_CARD,AXIS,STRIPE,SUCCESS,SUCCESS,AUTHORIZED,CAPTURED,PENDING_PAYMENT,UNFULFILLED,DROPPED,502,5,ON_HOLD,NONE,NONE,298,542,18440,2,0,-0.1606,0.0358,1,0,MISSING_WEBHOOK
2763.23,NET_BANKING,AXIS,BILLDESK,SUCCESS,SUCCESS,AUTHORIZED,CAPTURED,PAID,DELIVERED,DELIVERED,200,1,ON_HOLD,PROCESSED,CREDITED_TO_CUSTOMER,653,921,214185,18,2,-0.0131,0.0275,1,1,DUPLICATE_PAYMENT
3676.48,CREDIT_CARD,KOTAK,CASHFREE,SUCCESS,SUCCESS,AUTHORIZED,CAPTURED,PAID,DELIVERED,DELIVERED,200,1,DISCREPANCY,NONE,NONE,329,605,67790,18,0,0.0736,0.0498,1,0,SETTLEMENT_MISMATCH
1575.13,DEBIT_CARD,HDFC,RAZORPAY,SUCCESS,SUCCESS,AUTHORIZED,CAPTURED,REFUNDED,RETURNED,DELIVERED,200,1,REVERSED,PENDING,AWAITING_ACK,427,653,243987,19,0,-0.55,0.0352,1,0,REFUND_UNCERTAINTY
2395.3,UPI,INDUSIND,BILLDESK,SUCCESS,SUCCESS,AUTHORIZED,CAPTURED,PAID,DELIVERED,DELIVERED,200,1,SETTLED,NONE,NONE,189,397,238018,1,0,1.1775,0.0535,1,0,NORMAL
2156.8,UPI,YES_BANK,BILLDESK,SUCCESS,SUCCESS,AUTHORIZED,CAPTURED,PAID,PROCESSING,DELIVERED,200,1,PENDING,NONE,NONE,725,837,11632,22,0,0.1352,0.0488,1,0,NORMAL
19400.77,CREDIT_CARD,AXIS,RAZORPAY,SUCCESS,SUCCESS,AUTHORIZED,CAPTURED,PAID,PROCESSING,DELIVERED,200,1,PENDING,NONE,NONE,273,353,24069,5,0,0.5521,0.0624,1,0,NORMAL
1330.2,UPI,AXIS,STRIPE,SUCCESS,SUCCESS,AUTHORIZED,CAPTURED,REFUNDED,RETURNED,DELIVERED,200,1,REVERSED,FAILED,AWAITING_ACK,437,638,239140,18,0,0.8475,0.0373,1,0,REFUND_UNCERTAINTY
446.18,UPI,SBI,RAZORPAY,SUCCESS,SUCCESS,AUTHORIZED,CAPTURED,PAID,DELIVERED,DELIVERED,200,1,ON_HOLD,PROCESSED,CREDITED_TO_CUSTOMER,264,349,49118,9,4,0.0623,0.0344,1,1,DUPLICATE_PAYMENT
5230.99,UPI,HDFC,RAZORPAY,PENDING,PENDING,NONE,AUTO_REFUNDED,CANCELLED,RETURNED,DELIVERED,0,1,DISCREPANCY,NONE,AWAITING_ACK,50275,52150,175856,22,0,0.0898,0.0566,1,0,UNRESOLVED
4238.2,UPI,SBI,STRIPE,SUCCESS,SUCCESS,AUTHORIZED,CAPTURED,PAID,DELIVERED,DELIVERED,200,1,SETTLED,NONE,NONE,475,590,128386,5,0,9.091,0.0385,1,0,NORMAL
871.73,CREDIT_CARD,ICICI,STRIPE,SUCCESS,SUCCESS,AUTHORIZED,CAPTURED,PAID,DELIVERED,DELIVERED,200,1,SETTLED,NONE,NONE,338,451,255868,15,0,0.3411,0.0285,1,0,NORMAL
396.57,WALLET,INDUSIND,STRIPE,SUCCESS,FAILED,FAILED,FAILED,CANCELLED,CANCELLED,DELIVERED,200,1,ON_HOLD,INITIATED,NOT_INITIATED,828,65459,125024,8,0,-0.1738,0.05,1,0,BANK_DEBIT_GATEWAY_FAILURE
1191.13,UPI,SBI,BILLDESK,DEBITED,FAILED,FAILED,FAILED,CANCELLED,CANCELLED,FAILED,504,1,ON_HOLD,INITIATED,NOT_INITIATED,1226,76716,203160,19,0,0.8325,0.0338,1,0,BANK_DEBIT_GATEWAY_FAILURE
5725.09,UPI,ICICI,STRIPE,SUCCESS,TIMED_OUT,FAILED,FAILED,EXPIRED,CANCELLED,DELIVERED,200,1,ON_HOLD,NONE,NOT_INITIATED,1152,78172,160388,11,0,0.6357,0.0436,1,0,BANK_DEBIT_GATEWAY_FAILURE
1397.22,UPI,YES_BANK,BILLDESK,DEBITED,FAILED,TIMEOUT,FAILED,EXPIRED,CANCELLED,FAILED,500,1,ON_HOLD,INITIATED,NOT_INITIATED,1411,82449,108752,17,0,-0.6008,0.0384,1,0,BANK_DEBIT_GATEWAY_FAILURE
358.32,UPI,YES_BANK,PAYU,DEBITED,SUCCESS,NONE,PENDING,CANCELLED,CANCELLED,FAILED,200,1,FAILED,PENDING,REJECTED_BY_BANK,87339,83946,137124,4,1,-0.5023,0.0203,1,0,UNRESOLVED
805.22,UPI,KOTAK,CASHFREE,SUCCESS,FAILED,TIMEOUT,FAILED,CANCELLED,CANCELLED,NONE,0,1,ON_HOLD,INITIATED,NOT_INITIATED,1456,83079,166547,6,0,0.6775,0.0335,1,0,BANK_DEBIT_GATEWAY_FAILURE
344.13,UPI,INDUSIND,BILLDESK,SUCCESS,SUCCESS,AUTHORIZED,CAPTURED,EXPIRED,UNFULFILLED,FAILED,0,5,PENDING,NONE,NONE,708,812,157681,17,0,-0.6872,0.0405,1,0,MISSING_WEBHOOK
2128.89,EMI,PNB,PAYU,SUCCESS,SUCCESS,AUTHORIZED,CAPTURED,PAID,PROCESSING,DELIVERED,200,1,PENDING,NONE,NONE,275,483,40223,4,0,0.1205,0.0493,1,0,NORMAL
1726.08,UPI,ICICI,BILLDESK,SUCCESS,SUCCESS,AUTHORIZED,CAPTURED,PAID,DELIVERED,DELIVERED,200,1,SETTLED,NONE,NONE,252,452,227149,1,0,2.596,0.0352,1,0,NORMAL
2773.59,UPI,YES_BANK,CASHFREE,SUCCESS,SUCCESS,AUTHORIZED,CAPTURED,PAID,DELIVERED,DELIVERED,200,1,SETTLED,NONE,NONE,617,837,183881,13,0,-0.2075,0.041,1,0,NORMAL
670.81,CREDIT_CARD,YES_BANK,RAZORPAY,SUCCESS,SUCCESS,AUTHORIZED,CAPTURED,CANCELLED,CANCELLED,DELIVERED,200,1,ON_HOLD,INITIATED,NONE,268038,269392,47469,12,0,0.032,0.034,1,0,ORDER_PAYMENT_CONFLICT
6688.34,UPI,AXIS,STRIPE,SUCCESS,SUCCESS,AUTHORIZED,CAPTURED,PAID,DELIVERED,DELIVERED,200,1,DISCREPANCY,NONE,NONE,331,475,230931,3,0,-0.4437,0.0729,1,0,SETTLEMENT_MISMATCH
7457.91,UPI,PNB,PAYU,SUCCESS,SUCCESS,AUTHORIZED,CAPTURED,CANCELLED,CANCELLED,DELIVERED,200,1,ON_HOLD,PROCESSED,NONE,321058,323546,115417,23,0,-0.4034,0.0659,1,0,ORDER_PAYMENT_CONFLICT
4548.54,UPI,AXIS,PAYU,SUCCESS,SUCCESS,AUTHORIZED,CAPTURED,PAID,DELIVERED,DELIVERED,200,1,SETTLED,NONE,NONE,203,484,99404,8,1,0.2996,0.0458,1,0,NORMAL
2746.29,UPI,PNB,STRIPE,SUCCESS,SUCCESS,AUTHORIZED,CAPTURED,PAID,PROCESSING,DELIVERED,200,2,SETTLED,NONE,NONE,39229,43016,191752,2,0,-0.0192,0.0141,1,0,DELAYED_CONFIRMATION
22617.28,CREDIT_CARD,INDUSIND,STRIPE,SUCCESS,SUCCESS,AUTHORIZED,CAPTURED,PAID,DELIVERED,DELIVERED,200,1,SETTLED,NONE,NONE,750,855,131321,16,0,5.4621,0.0447,1,0,NORMAL
1474.36,EMI,HDFC,CASHFREE,REVERSED,SUCCESS,AUTHORIZED,CAPTURED,REFUNDED,RETURNED,DELIVERED,200,1,REVERSED,MANUAL_INTERVENTION_REQUIRED,AWAITING_ACK,416,658,50932,22,0,-0.6928,0.0656,1,0,REFUND_UNCERTAINTY
6092.47,UPI,HDFC,PAYU,DEBITED,SUCCESS,FAILED,AUTO_REFUNDED,FAILED,DELIVERED,RETRYING,504,1,ON_HOLD,FAILED,REJECTED_BY_BANK,21417,61562,37506,18,3,0.2693,0.0638,1,0,UNRESOLVED
2353.93,UPI,SBI,PAYU,SUCCESS,SUCCESS,AUTHORIZED,CAPTURED,CANCELLED,CANCELLED,DELIVERED,200,1,ON_HOLD,INITIATED,NONE,247893,249595,249075,20,0,1.1399,0.0588,1,0,ORDER_PAYMENT_CONFLICT
719.26,UPI,HDFC,STRIPE,DEBITED,FAILED,TIMEOUT,FAILED,CANCELLED,UNFULFILLED,DROPPED,0,1,DISCREPANCY,FAILED,NOT_INITIATED,19608,34674,145210,17,0,-0.001,0.0306,1,0,UNRESOLVED
5753.7,UPI,AXIS,STRIPE,SUCCESS,SUCCESS,AUTHORIZED,CAPTURED,PAID,PROCESSING,DELIVERED,200,3,SETTLED,NONE,NONE,87158,91316,177085,18,0,-0.5397,0.0669,1,0,DELAYED_CONFIRMATION
4277.79,UPI,AXIS,RAZORPAY,SUCCESS,SUCCESS,AUTHORIZED,CAPTURED,PAID,PROCESSING,DELIVERED,200,3,PENDING,NONE,NONE,309,501,14881,2,0,0.2222,0.0498,1,0,NORMAL
650.26,UPI,INDUSIND,RAZORPAY,SUCCESS,SUCCESS,AUTHORIZED,CAPTURED,REFUNDED,RETURNED,DELIVERED,200,1,REVERSED,MANUAL_INTERVENTION_REQUIRED,NOT_INITIATED,419,645,199998,19,0,0.5482,0.0333,1,0,REFUND_UNCERTAINTY
290.52,CREDIT_CARD,AXIS,STRIPE,DEBITED,FAILED,FAILED,FAILED,CANCELLED,CANCELLED,NONE,0,1,ON_HOLD,INITIATED,NOT_INITIATED,352,73341,19752,15,0,-0.3083,0.0492,1,0,BANK_DEBIT_GATEWAY_FAILURE
16409.32,DEBIT_CARD,SBI,PAYU,SUCCESS,SUCCESS,AUTHORIZED,CAPTURED,PAID,DELIVERED,DELIVERED,200,1,SETTLED,NONE,NONE,560,825,236436,21,0,0.3127,0.0673,1,0,NORMAL
2728.37,UPI,INDUSIND,PAYU,SUCCESS,FAILED,TIMEOUT,FAILED,CANCELLED,CANCELLED,FAILED,500,1,ON_HOLD,INITIATED,NOT_INITIATED,1391,92894,71211,18,0,-0.2205,0.0408,1,0,BANK_DEBIT_GATEWAY_FAILURE
1945.51,UPI,SBI,CASHFREE,DEBITED,FAILED,TIMEOUT,AUTO_REFUNDED,CANCELLED,CANCELLED,NONE,0,1,ON_HOLD,PROCESSED,CREDITED_TO_CUSTOMER,673,86580,94976,17,0,0.024,0.0515,1,0,BANK_DEBIT_GATEWAY_FAILURE
6174.22,UPI,ICICI,CASHFREE,SUCCESS,SUCCESS,AUTHORIZED,CAPTURED,PROCESSING,PROCESSING,DELIVERED,200,3,PENDING,NONE,NONE,50170,54803,8424,16,0,0.2863,0.061,1,0,DELAYED_CONFIRMATION
2186.43,UPI,YES_BANK,BILLDESK,SUCCESS,SUCCESS,AUTHORIZED,CAPTURED,PAID,DELIVERED,DELIVERED,200,1,SETTLED,NONE,NONE,328,506,246678,3,0,0.1508,0.0508,1,0,NORMAL
227.94,NET_BANKING,HDFC,BILLDESK,SUCCESS,SUCCESS,AUTHORIZED,CAPTURED,PAID,DELIVERED,DELIVERED,200,1,DISCREPANCY,NONE,NONE,577,792,11381,22,0,-0.6193,0.0301,1,0,SETTLEMENT_MISMATCH
2996.68,UPI,KOTAK,BILLDESK,SUCCESS,FAILED,FAILED,FAILED,CANCELLED,CANCELLED,DELIVERED,200,1,ON_HOLD,NONE,NOT_INITIATED,964,87954,55717,23,0,0.0702,0.023,1,0,BANK_DEBIT_GATEWAY_FAILURE
2360.07,CREDIT_CARD,INDUSIND,CASHFREE,SUCCESS,SUCCESS,AUTHORIZED,CAPTURED,PAID,DELIVERED,DELIVERED,200,1,SETTLED,NONE,NONE,675,843,141215,14,0,0.2421,0.0567,1,0,NORMAL
4374.58,UPI,AXIS,RAZORPAY,SUCCESS,SUCCESS,AUTHORIZED,CAPTURED,PAID,DELIVERED,DELIVERED,200,1,ON_HOLD,INITIATED,AWAITING_ACK,363,591,130777,12,1,0.5624,0.0281,1,1,DUPLICATE_PAYMENT
1328.75,EMI,PNB,PAYU,SUCCESS,FAILED,NONE,FAILED,CANCELLED,CANCELLED,FAILED,500,1,ON_HOLD,NONE,NOT_INITIATED,1341,69786,203264,1,0,1.0442,0.0307,1,0,BANK_DEBIT_GATEWAY_FAILURE
2699.19,UPI,ICICI,STRIPE,SUCCESS,SUCCESS,AUTHORIZED,CAPTURED,PAID,PROCESSING,DELIVERED,200,1,PENDING,NONE,NONE,597,858,71216,1,0,-0.4377,0.0673,1,0,NORMAL
10161.74,UPI,HDFC,STRIPE,SUCCESS,SUCCESS,AUTHORIZED,CAPTURED,EXPIRED,UNFULFILLED,DROPPED,404,4,PENDING,NONE,NONE,667,806,172690,18,0,-0.1871,0.074,1,0,MISSING_WEBHOOK
3293.31,UPI,HDFC,STRIPE,SUCCESS,SUCCESS,AUTHORIZED,CAPTURED,PAID,PROCESSING,DELIVERED,200,1,PENDING,NONE,NONE,719,855,51187,20,0,0.1762,0.0189,1,0,NORMAL
939.44,UPI,KOTAK,BILLDESK,SUCCESS,SUCCESS,AUTHORIZED,CAPTURED,PROCESSING,PROCESSING,DELIVERED,200,2,SETTLED,NONE,NONE,101679,105027,133648,19,0,-0.5056,0.0468,1,0,DELAYED_CONFIRMATION
294.39,CREDIT_CARD,SBI,STRIPE,SUCCESS,SUCCESS,AUTHORIZED,CAPTURED,PAID,DELIVERED,DELIVERED,200,1,DISCREPANCY,NONE,NONE,205,353,163568,10,0,-0.2766,0.0376,1,0,SETTLEMENT_MISMATCH
3051.56,UPI,YES_BANK,PAYU,SUCCESS,SUCCESS,AUTHORIZED,CAPTURED,PAID,DELIVERED,DELIVERED,200,1,SETTLED,NONE,NONE,626,861,180982,3,0,0.0898,0.0266,1,0,NORMAL
2812.4,CREDIT_CARD,AXIS,CASHFREE,SUCCESS,SUCCESS,AUTHORIZED,CAPTURED,PAID,DELIVERED,DELIVERED,200,1,DISCREPANCY,NONE,NONE,729,976,2323,10,0,0.0832,0.0268,1,0,SETTLEMENT_MISMATCH
2288.29,DEBIT_CARD,SBI,CASHFREE,PENDING,SUCCESS,AUTHORIZED,CAPTURED,PAID,PROCESSING,SCHEDULED,200,1,SETTLED,NONE,NONE,86326,87892,228907,6,0,1.0803,0.0413,1,0,DELAYED_CONFIRMATION
1290.5,UPI,HDFC,PAYU,SUCCESS,SUCCESS,AUTHORIZED,CAPTURED,PAID,DELIVERED,DELIVERED,200,1,SETTLED,NONE,NONE,386,629,144652,6,0,0.7924,0.0308,1,0,NORMAL
2652.22,UPI,ICICI,CASHFREE,SUCCESS,SUCCESS,AUTHORIZED,CAPTURED,PAID,DELIVERED,DELIVERED,200,1,SETTLED,NONE,NONE,564,724,110106,21,0,-0.2422,0.0383,1,0,NORMAL
1417.32,CREDIT_CARD,INDUSIND,RAZORPAY,SUCCESS,FAILED,AUTHORIZED,PENDING,PAID,UNFULFILLED,DROPPED,404,1,FAILED,MANUAL_INTERVENTION_REQUIRED,AWAITING_ACK,12006,18278,246763,11,1,0.2885,0.0466,1,0,UNRESOLVED
868.96,UPI,INDUSIND,RAZORPAY,SUCCESS,SUCCESS,AUTHORIZED,CAPTURED,PAID,DELIVERED,DELIVERED,200,1,SETTLED,NONE,NONE,239,492,198997,19,0,0.3369,0.0363,1,0,NORMAL
752.74,NET_BANKING,YES_BANK,BILLDESK,SUCCESS,FAILED,TIMEOUT,FAILED,CANCELLED,CANCELLED,DELIVERED,200,1,ON_HOLD,NONE,NOT_INITIATED,1141,94138,198003,18,0,0.5682,0.0426,1,0,BANK_DEBIT_GATEWAY_FAILURE
1114.84,CREDIT_CARD,SBI,RAZORPAY,PENDING,SUCCESS,TIMEOUT,FAILED,FAILED,CANCELLED,DROPPED,200,1,FAILED,PENDING,REJECTED_BY_BANK,115319,78068,257009,0,3,0.0135,0.0595,1,0,UNRESOLVED
2347.87,DEBIT_CARD,AXIS,CASHFREE,SUCCESS,SUCCESS,AUTHORIZED,CAPTURED,PAID,DELIVERED,DELIVERED,200,1,ON_HOLD,INITIATED,AWAITING_ACK,597,751,5730,5,4,-0.3292,0.0307,1,1,DUPLICATE_PAYMENT
104.64,UPI,INDUSIND,CASHFREE,SUCCESS,FAILED,TIMEOUT,FAILED,CANCELLED,CANCELLED,DELIVERED,200,1,ON_HOLD,NONE,NOT_INITIATED,1166,78548,68428,22,0,-0.7509,0.0417,1,0,BANK_DEBIT_GATEWAY_FAILURE
293.06,NET_BANKING,PNB,STRIPE,SUCCESS,SUCCESS,AUTHORIZED,CAPTURED,PAID,DELIVERED,DELIVERED,200,1,DISCREPANCY,NONE,NONE,290,454,212688,18,0,-0.2715,0.0414,1,0,SETTLEMENT_MISMATCH
237.25,DEBIT_CARD,SBI,CASHFREE,SUCCESS,SUCCESS,AUTHORIZED,CAPTURED,PAID,DELIVERED,DELIVERED,200,2,SETTLED,NONE,NONE,3308,3762,219982,10,0,-0.4351,0.0341,1,0,NORMAL
7529.01,UPI,ICICI,PAYU,DEBITED,TIMED_OUT,FAILED,FAILED,EXPIRED,CANCELLED,NONE,504,1,ON_HOLD,PROCESSED,CREDITED_TO_CUSTOMER,1151,83218,120527,23,0,-0.3977,0.0619,1,0,BANK_DEBIT_GATEWAY_FAILURE
271.44,CREDIT_CARD,KOTAK,CASHFREE,SUCCESS,SUCCESS,AUTHORIZED,CAPTURED,EXPIRED,UNFULFILLED,TIMED_OUT,504,5,ON_HOLD,NONE,NONE,747,911,234041,9,0,-0.4345,0.0446,1,0,MISSING_WEBHOOK
318.82,DEBIT_CARD,KOTAK,RAZORPAY,SUCCESS,SUCCESS,AUTHORIZED,CAPTURED,PAID,DELIVERED,DELIVERED,200,1,SETTLED,NONE,NONE,677,888,104803,15,0,-0.2409,0.0496,1,0,NORMAL
344.28,UPI,INDUSIND,PAYU,SUCCESS,SUCCESS,AUTHORIZED,CAPTURED,CANCELLED,CANCELLED,DELIVERED,200,1,ON_HOLD,NONE,NONE,249528,251402,122845,7,0,-0.1803,0.0357,1,0,ORDER_PAYMENT_CONFLICT
1862.8,UPI,ICICI,PAYU,SUCCESS,SUCCESS,AUTHORIZED,CAPTURED,PENDING_PAYMENT,UNFULFILLED,FAILED,504,4,ON_HOLD,NONE,NONE,581,878,22264,19,0,-0.3347,0.0163,1,0,MISSING_WEBHOOK
1311.22,WALLET,KOTAK,BILLDESK,SUCCESS,PENDING,TIMEOUT,FAILED,FAILED,CANCELLED,DROPPED,200,1,ON_HOLD,NONE,AWAITING_ACK,18799,10025,48257,19,3,-0.3099,0.0598,1,0,UNRESOLVED
2656.96,CREDIT_CARD,KOTAK,STRIPE,SUCCESS,FAILED,AUTHORIZED,PENDING,CANCELLED,UNFULFILLED,DELIVERED,500,1,DISCREPANCY,NONE,REJECTED_BY_BANK,88542,22220,30868,11,1,1.4154,0.0461,1,0,UNRESOLVED
352.38,UPI,INDUSIND,PAYU,SUCCESS,SUCCESS,AUTHORIZED,CAPTURED,EXPIRED,CANCELLED,DELIVERED,200,1,ON_HOLD,NONE,NONE,269375,270719,208100,20,0,-0.5106,0.0309,1,0,ORDER_PAYMENT_CONFLICT
4399.06,UPI,ICICI,PAYU,REVERSED,PENDING,AUTHORIZED,PENDING,PENDING_PAYMENT,CANCELLED,RETRYING,0,1,DISCREPANCY,NONE,NOT_INITIATED,12023,56872,135131,9,3,1.3153,0.0419,1,0,UNRESOLVED
1984.18,EMI,HDFC,RAZORPAY,SUCCESS,SUCCESS,AUTHORIZED,CAPTURED,EXPIRED,CANCELLED,DELIVERED,200,1,ON_HOLD,INITIATED,NONE,271696,273522,252076,1,0,0.0443,0.0595,1,0,ORDER_PAYMENT_CONFLICT
773.56,NET_BANKING,PNB,CASHFREE,SUCCESS,SUCCESS,AUTHORIZED,CAPTURED,PAID,DELIVERED,DELIVERED,200,1,SETTLED,NONE,NONE,473,649,156352,4,0,0.0744,0.0384,1,0,NORMAL
151.78,UPI,INDUSIND,STRIPE,SUCCESS,SUCCESS,AUTHORIZED,CAPTURED,PAID,PROCESSING,DELIVERED,200,1,PENDING,NONE,NONE,534,790,61818,1,0,-0.7665,0.0217,1,0,NORMAL
267.41,DEBIT_CARD,KOTAK,PAYU,SUCCESS,SUCCESS,AUTHORIZED,CAPTURED,PAID,PROCESSING,DELIVERED,200,2,PENDING,NONE,NONE,69722,72240,22984,14,0,-0.3633,0.0488,1,0,DELAYED_CONFIRMATION
1329.87,CREDIT_CARD,HDFC,CASHFREE,SUCCESS,SUCCESS,AUTHORIZED,CAPTURED,EXPIRED,UNFULFILLED,DROPPED,504,4,ON_HOLD,NONE,NONE,387,565,78886,14,0,1.046,0.0312,1,0,MISSING_WEBHOOK
8508.09,UPI,ICICI,PAYU,SUCCESS,SUCCESS,AUTHORIZED,CAPTURED,PAID,DELIVERED,DELIVERED,200,3,SETTLED,NONE,NONE,555,773,215848,17,0,0.7725,0.061,1,0,NORMAL
611.34,UPI,PNB,PAYU,SUCCESS,SUCCESS,AUTHORIZED,CAPTURED,PAID,DELIVERED,DELIVERED,200,1,SETTLED,NONE,NONE,682,879,253394,15,0,0.4556,0.0414,1,0,NORMAL
1084.84,NET_BANKING,INDUSIND,RAZORPAY,SUCCESS,SUCCESS,AUTHORIZED,CAPTURED,PAID,DELIVERED,DELIVERED,200,1,ON_HOLD,NONE,AWAITING_ACK,246,339,71585,20,3,0.5067,0.0293,1,1,DUPLICATE_PAYMENT
982.58,NET_BANKING,KOTAK,STRIPE,SUCCESS,FAILED,FAILED,PENDING,PENDING_PAYMENT,RETURNED,DELIVERED,0,1,FAILED,FAILED,NOT_INITIATED,94084,87184,138007,19,1,0.3647,0.0247,1,0,UNRESOLVED
370.26,NET_BANKING,YES_BANK,STRIPE,SUCCESS,SUCCESS,AUTHORIZED,CAPTURED,PROCESSING,PROCESSING,RETRYING,200,2,SETTLED,NONE,NONE,91036,92724,227999,9,0,-0.4304,0.0313,1,0,DELAYED_CONFIRMATION
318.91,WALLET,KOTAK,STRIPE,SUCCESS,SUCCESS,AUTHORIZED,CAPTURED,PAID,DELIVERED,DELIVERED,200,1,SETTLED,NONE,NONE,264,426,254505,18,1,-0.2407,0.0321,1,0,NORMAL
297.76,UPI,SBI,PAYU,SUCCESS,SUCCESS,AUTHORIZED,CAPTURED,REFUNDED,RETURNED,DELIVERED,200,1,REVERSED,PENDING,AWAITING_ACK,550,757,233273,9,0,-0.7293,0.0546,1,0,REFUND_UNCERTAINTY
13136.94,UPI,INDUSIND,STRIPE,SUCCESS,SUCCESS,AUTHORIZED,CAPTURED,PAID,DELIVERED,DELIVERED,200,1,ON_HOLD,INITIATED,AWAITING_ACK,604,720,121474,14,4,0.051,0.0645,1,1,DUPLICATE_PAYMENT
233.48,UPI,PNB,PAYU,SUCCESS,SUCCESS,AUTHORIZED,CAPTURED,PAID,DELIVERED,DELIVERED,200,1,DISCREPANCY,NONE,NONE,433,693,7721,17,0,-0.4173,0.0438,1,0,SETTLEMENT_MISMATCH
1684.03,UPI,YES_BANK,CASHFREE,SUCCESS,SUCCESS,AUTHORIZED,CAPTURED,PAID,DELIVERED,DELIVERED,200,1,ON_HOLD,NONE,AWAITING_ACK,270,531,3491,8,4,-0.5188,0.0387,1,1,DUPLICATE_PAYMENT
1047.09,CREDIT_CARD,INDUSIND,BILLDESK,SUCCESS,SUCCESS,AUTHORIZED,CAPTURED,PAID,DELIVERED,DELIVERED,200,1,SETTLED,NONE,NONE,468,558,121864,1,0,-0.0481,0.0563,1,0,NORMAL
